date,symbol,open,high,low,close,volume,daily_return_pct,intraday_range_pct,relative_day,earnings_date,market_date,event_was_trading_day,t0_date,event_id,earnings_period_end,earnings_eps_actual,earnings_eps_forecast,earnings_revenue_actual,earnings_revenue_forecast,earnings_eps_surprise,earnings_revenue_surprise,earnings_reaction
2023-01-11,HDFCBANK,742.1718091980973,756.3956682495882,738.4087875277582,753.0349731445312,15195798,1.4410408289968313,2.423546744690348,-3,2023-01-14,2023-01-11,False,2023-01-16,HDFCBANK_2023-01-14,2022-12-01,,21.99,,314.79,,,
2023-01-12,HDFCBANK,751.5676897826115,759.1884361515325,749.8399908708047,757.0584106445312,9250070,0.5342962337059776,1.2438593898883272,-2,2023-01-14,2023-01-12,False,2023-01-16,HDFCBANK_2023-01-14,2022-12-01,,21.99,,314.79,,,
2023-01-13,HDFCBANK,756.7506688261795,762.0284098318215,750.7155970341335,757.6500244140625,9244546,0.0781463835832108,1.4949194316849028,-1,2023-01-14,2023-01-13,False,2023-01-16,HDFCBANK_2023-01-14,2022-12-01,,21.99,,314.79,,,
2023-01-16,HDFCBANK,764.4425457184223,767.4246047675382,748.0177042260798,750.3843994140625,14748094,-0.9589684901837092,2.5386996904024786,0,2023-01-14,2023-01-16,False,2023-01-16,HDFCBANK_2023-01-14,2022-12-01,11.0,21.99,314.88,314.79,-49.98,0.03,-0.96
2023-01-17,HDFCBANK,752.5143515673539,762.5491150718101,746.6922588614403,761.5551147460938,10786354,1.4886657212961563,2.10718322877733,1,2023-01-14,2023-01-17,False,2023-01-16,HDFCBANK_2023-01-14,2022-12-01,11.0,21.99,314.88,314.79,-49.98,0.03,-0.96
2023-01-18,HDFCBANK,759.709052840869,777.033247723356,757.2003331678316,774.9979248046875,19090642,1.7651788817774072,2.610593421436917,2,2023-01-14,2023-01-18,False,2023-01-16,HDFCBANK_2023-01-14,2022-12-01,11.0,21.99,314.88,314.79,-49.98,0.03,-0.96
2023-01-19,HDFCBANK,774.8559185317824,781.0093253374716,772.9625625915704,778.2166137695312,11172162,0.41531581722040745,1.0384850335980447,3,2023-01-14,2023-01-19,False,2023-01-16,HDFCBANK_2023-01-14,2022-12-01,11.0,21.99,314.88,314.79,-49.98,0.03,-0.96
2023-01-11,FEDERALBNK,132.68397196439608,132.68397196439608,130.28931025984048,131.6088104248047,10832347,-0.44361732629634165,1.8047859655559428,-3,2023-01-15,2023-01-11,False,2023-01-16,FEDERALBNK_2023-01-15,2022-12-01,,3.75,,24.91,,,
2023-01-12,FEDERALBNK,132.19525094634432,133.12379131581667,130.58252372116362,131.99977111816406,9268341,0.29706270583058636,1.9223592197608557,-2,2023-01-15,2023-01-12,False,2023-01-16,FEDERALBNK_2023-01-15,2022-12-01,,3.75,,24.91,,,
2023-01-13,FEDERALBNK,132.43959916499318,135.6650684005508,131.02235182465623,135.32296752929688,22395780,2.5175774040986365,3.5055350553505433,-1,2023-01-15,2023-01-13,False,2023-01-16,FEDERALBNK_2023-01-15,2022-12-01,,3.75,,24.91,,,
2023-01-16,FEDERALBNK,136.1049073265134,140.1611696941012,134.05233184282142,137.13119506835938,58289006,1.3362310715444803,4.488330341113115,0,2023-01-15,2023-01-16,False,2023-01-16,FEDERALBNK_2023-01-15,2022-12-01,3.75,3.75,24.91,24.91,0.0,0.0,1.34
2023-01-17,FEDERALBNK,139.2815117214037,139.67247140267864,131.9509058413298,134.88314819335938,46001364,-1.639340249225829,5.543855365953955,1,2023-01-15,2023-01-17,False,2023-01-16,FEDERALBNK_2023-01-15,2022-12-01,3.75,3.75,24.91,24.91,0.0,0.0,1.34
2023-01-18,FEDERALBNK,135.5673312307569,135.61620491806298,131.70654856006476,133.6125030517578,19124929,-0.942034018793847,2.8839221975561107,2,2023-01-15,2023-01-18,False,2023-01-16,FEDERALBNK_2023-01-15,2022-12-01,3.75,3.75,24.91,24.91,0.0,0.0,1.34
2023-01-19,FEDERALBNK,133.36814755993308,134.68766252693433,131.9509001339183,132.92831420898438,12287029,-0.5120694748966703,2.052035994416263,3,2023-01-15,2023-01-19,False,2023-01-16,FEDERALBNK_2023-01-15,2022-12-01,3.75,3.75,24.91,24.91,0.0,0.0,1.34
2023-01-13,INDUSINDBK,1184.7442224519775,1208.478222826604,1181.9117515784983,1205.645751953125,2184432,2.0882473936960855,2.2423803167508205,-3,2023-01-18,2023-01-13,True,2023-01-18,INDUSINDBK_2023-01-18,2022-12-01,,25.29,,65.72,,,
2023-01-16,INDUSINDBK,1211.1152197964998,1220.8822780206651,1203.8875728652606,1210.3826904296875,2398823,0.39289637680792744,1.40322777532761,-2,2023-01-18,2023-01-16,True,2023-01-18,INDUSINDBK_2023-01-18,2022-12-01,,25.29,,65.72,,,
2023-01-17,INDUSINDBK,1211.1151760978514,1211.1151760978514,1184.451060417243,1201.68994140625,1803413,-0.7181818686081476,2.201616840977809,-1,2023-01-18,2023-01-17,True,2023-01-18,INDUSINDBK_2023-01-18,2022-12-01,,25.29,,65.72,,,
2023-01-18,INDUSINDBK,1203.3015829415372,1209.1618179233951,1189.6277013172016,1194.51123046875,1865108,-0.5973846239487712,1.623376623376599,0,2023-01-18,2023-01-18,True,2023-01-18,INDUSINDBK_2023-01-18,2022-12-01,25.29,25.29,65.72,65.72,0.0,0.0,-2.42
2023-01-19,INDUSINDBK,1186.6977035672735,1215.998881433132,1155.6872903259066,1172.5843505859375,9691261,-1.8356361433460866,5.082304526748958,1,2023-01-18,2023-01-19,True,2023-01-18,INDUSINDBK_2023-01-18,2022-12-01,25.29,25.29,65.72,65.72,0.0,0.0,-2.42
2023-01-20,INDUSINDBK,1180.446706432486,1199.3948244093936,1170.582000858842,1174.43994140625,4144033,0.158247960531388,2.4408406913708784,2,2023-01-18,2023-01-20,True,2023-01-18,INDUSINDBK_2023-01-18,2022-12-01,25.29,25.29,65.72,65.72,0.0,0.0,-2.42
2023-01-23,INDUSINDBK,1184.4510977153304,1191.727627594994,1172.5353344272746,1176.637451171875,1848813,0.18711129348971678,1.6203533607034533,3,2023-01-18,2023-01-23,True,2023-01-18,INDUSINDBK_2023-01-18,2022-12-01,25.29,25.29,65.72,65.72,0.0,0.0,-2.42
2023-01-17,BANDHANBNK,233.6654601749725,233.6654601749725,230.22706391917336,232.6000366210937,2816426,-0.2077783156791746,1.471503855650904,-3,2023-01-20,2023-01-17,True,2023-01-20,BANDHANBNK_2023-01-20,2022-12-01,,1.8,,31.13,,,
2023-01-18,BANDHANBNK,233.3749027405408,233.6654741616348,230.51764912111537,232.35791015625,2670278,-0.10409562627804458,1.3488275746681635,-2,2023-01-20,2023-01-18,True,2023-01-20,BANDHANBNK_2023-01-20,2022-12-01,,1.8,,31.13,,,
2023-01-19,BANDHANBNK,232.16419668921205,234.3918911727017,227.2729579878508,228.8226623535156,5855828,-1.5214665170456665,3.0663355014988394,-1,2023-01-20,2023-01-19,True,2023-01-20,BANDHANBNK_2023-01-20,2022-12-01,,1.8,,31.13,,,
2023-01-20,BANDHANBNK,228.91951382837783,234.19817098741905,225.19054618423456,229.69435119628903,7048865,0.3809451536870734,3.934843584342726,0,2023-01-20,2023-01-20,True,2023-01-20,BANDHANBNK_2023-01-20,2022-12-01,1.8,1.8,31.14,31.13,0.0,0.03,4.95
2023-01-23,BANDHANBNK,235.3604393103581,241.99509135069584,232.4547548744277,240.15481567382807,23551552,4.554079986320558,4.053500454121683,1,2023-01-20,2023-01-23,True,2023-01-20,BANDHANBNK_2023-01-20,2022-12-01,1.8,1.8,31.14,31.13,0.0,0.03,4.95
2023-01-24,BANDHANBNK,241.9466627894608,242.86679324774485,237.00699328635108,240.5422515869141,7580417,0.16132756363804734,2.421938742132148,2,2023-01-20,2023-01-24,True,2023-01-20,BANDHANBNK_2023-01-20,2022-12-01,1.8,1.8,31.14,31.13,0.0,0.03,4.95
2023-01-25,BANDHANBNK,239.2346996142725,240.54226360071783,235.9900125540274,237.2491455078125,4870562,-1.3690343618953382,1.9028389502150826,3,2023-01-20,2023-01-25,True,2023-01-20,BANDHANBNK_2023-01-20,2022-12-01,1.8,1.8,31.14,31.13,0.0,0.03,4.95
2023-01-17,UNIONBANK,73.93832474975679,74.20397412780214,70.66201845116709,72.1230697631836,22262142,-1.8083060362664605,4.790419161676646,-3,2023-01-20,2023-01-17,True,2023-01-20,UNIONBANK_2023-01-20,2022-12-01,,3.3,,114.8,,,
2023-01-18,UNIONBANK,72.16734083909255,72.83145747258112,71.41467667228757,71.94596862792969,8064214,-0.24555407283053388,1.9631883118050142,-2,2023-01-20,2023-01-18,True,2023-01-20,UNIONBANK_2023-01-20,2022-12-01,,3.3,,114.8,,,
2023-01-19,UNIONBANK,71.636050390579,72.83145900485954,71.28185349411784,72.25588989257812,8762013,0.4307694656961347,2.163164359694363,-1,2023-01-20,2023-01-19,True,2023-01-20,UNIONBANK_2023-01-20,2022-12-01,,3.3,,114.8,,,
2023-01-20,UNIONBANK,72.56580811688819,73.93831852839543,71.41467667228757,71.94596862792969,25750876,-0.42892180154336934,3.477728590912684,0,2023-01-20,2023-01-20,True,2023-01-20,UNIONBANK_2023-01-20,2022-12-01,3.1,3.3,118.99,114.8,-6.06,3.65,-0.12
2023-01-23,UNIONBANK,73.14137954866668,73.89404373946513,71.63605116706975,72.16734313964844,11880967,0.30769550530842515,3.0871615853143184,1,2023-01-20,2023-01-23,True,2023-01-20,UNIONBANK_2023-01-20,2022-12-01,3.1,3.3,118.99,114.8,-6.06,3.65,-0.12
2023-01-24,UNIONBANK,72.43299405776338,72.92000889484878,71.06048357305777,71.41468048095703,9090900,-1.0429407900398369,2.5672352026592873,2,2023-01-20,2023-01-24,True,2023-01-20,UNIONBANK_2023-01-20,2022-12-01,3.1,3.3,118.99,114.8,-6.06,3.65,-0.12
2023-01-25,UNIONBANK,71.2375731695482,71.2375731695482,68.62538384174067,69.42232513427734,11152007,-2.789840034656399,3.6668701804178747,3,2023-01-20,2023-01-25,True,2023-01-20,UNIONBANK_2023-01-20,2022-12-01,3.1,3.3,118.99,114.8,-6.06,3.65,-0.12
2023-01-18,ICICIBANK,836.5131783943544,843.8191697140958,830.9006315092457,841.3999633789062,11313898,0.5028020935323951,1.5443317019400156,-3,2023-01-21,2023-01-18,False,2023-01-23,ICICIBANK_2023-01-21,2022-12-01,,11.9,,214.89,,,
2023-01-19,ICICIBANK,839.9484532522791,842.416031941814,834.1423579533002,838.1582641601562,6694679,-0.3852744663467744,0.9850216351346488,-2,2023-01-21,2023-01-19,False,2023-01-23,ICICIBANK_2023-01-21,2022-12-01,,11.9,,214.89,,,
2023-01-20,ICICIBANK,845.2706967636465,848.1737443770304,837.5776087756478,842.2224731445312,8127162,0.48489756149423524,1.253578959019024,-1,2023-01-21,2023-01-20,False,2023-01-23,ICICIBANK_2023-01-21,2022-12-01,,11.9,,214.89,,,
2023-01-23,ICICIBANK,853.4959260766733,854.7539014567733,836.6582277194884,843.52880859375,16882379,0.15510574591310888,2.120182789912843,0,2023-01-21,2023-01-23,False,2023-01-23,ICICIBANK_2023-01-21,2022-12-01,11.9,11.9,214.89,214.89,0.0,0.0,0.16
2023-01-24,ICICIBANK,850.5929389316187,853.2056935599804,839.9484311634187,842.6095581054688,11504090,-0.10897677458269195,1.5585906947703334,1,2023-01-21,2023-01-24,False,2023-01-23,ICICIBANK_2023-01-21,2022-12-01,11.9,11.9,214.89,214.89,0.0,0.0,0.16
2023-01-25,ICICIBANK,845.077098119616,848.4639868002098,820.5947431838545,827.6588134765625,14918485,-1.7743383617106923,3.2978344435516336,2,2023-01-21,2023-01-25,False,2023-01-23,ICICIBANK_2023-01-21,2022-12-01,11.9,11.9,214.89,214.89,0.0,0.0,0.16
2023-01-27,ICICIBANK,812.0309294466701,815.7564840703249,786.8227488513064,790.790283203125,39718683,-4.454556596645432,3.563132162802508,3,2023-01-21,2023-01-27,False,2023-01-23,ICICIBANK_2023-01-21,2022-12-01,11.9,11.9,214.89,214.89,0.0,0.0,0.16
2023-01-18,IDFCFIRSTB,59.08248487110228,59.48000982343327,58.63526598250424,58.93341064453125,15547909,0.16891668462686305,1.4297703334109517,-3,2023-01-21,2023-01-18,False,2023-01-23,IDFCFIRSTB_2023-01-21,2022-12-01,,0.97,,44.39,,,
2023-01-19,IDFCFIRSTB,58.585576062079056,59.231555533762965,58.3868116895936,59.03279495239258,13131866,0.1686383102121658,1.4418973080920952,-2,2023-01-21,2023-01-19,False,2023-01-23,IDFCFIRSTB_2023-01-21,2022-12-01,,0.97,,44.39,,,
2023-01-20,IDFCFIRSTB,58.98310089111328,59.87753866984748,58.83403045540096,58.98310089111328,19902180,-0.08418043109660323,1.7691647246096878,-1,2023-01-21,2023-01-20,False,2023-01-23,IDFCFIRSTB_2023-01-21,2022-12-01,,0.97,,44.39,,,
2023-01-23,IDFCFIRSTB,61.11981115125442,61.467645958433415,58.63526598250424,58.93341064453125,58550580,-0.08424488680878195,4.634143860359502,0,2023-01-21,2023-01-23,False,2023-01-23,IDFCFIRSTB_2023-01-21,2022-12-01,0.965,0.97,44.38,44.39,-0.52,-0.02,-0.08
2023-01-24,IDFCFIRSTB,58.93340957404038,59.28124816601616,58.237736181203815,58.436500549316406,17770730,-0.8431721323784558,1.7706628419340682,1,2023-01-21,2023-01-24,False,2023-01-23,IDFCFIRSTB_2023-01-21,2022-12-01,0.965,0.97,44.38,44.39,-0.52,-0.02,-0.08
2023-01-25,IDFCFIRSTB,58.436500302316446,58.436500302316446,56.34948392374317,56.548248291015625,29346045,-3.2312890754079726,3.571426022736245,2,2023-01-21,2023-01-25,False,2023-01-23,IDFCFIRSTB_2023-01-21,2022-12-01,0.965,0.97,44.38,44.39,-0.52,-0.02,-0.08
2023-01-27,IDFCFIRSTB,57.14453887741474,57.29361310397576,53.86494001310786,55.35566711425781,40692202,-2.1089621921096535,6.000001326851221,3,2023-01-21,2023-01-27,False,2023-01-23,IDFCFIRSTB_2023-01-21,2022-12-01,0.965,0.97,44.38,44.39,-0.52,-0.02,-0.08
2023-01-18,KOTAKBANK,358.8648464595026,363.65183182478114,357.4815123493833,358.0985412597656,14176160,0.08065867011193273,1.7193992491248775,-3,2023-01-21,2023-01-18,False,2023-01-23,KOTAKBANK_2023-01-21,2022-12-01,,13.98,,77.43,,,
2023-01-19,KOTAKBANK,358.9743341176344,358.9743341176344,351.31116067385256,351.7689514160156,22128220,-1.7675553275036893,2.134741321442396,-2,2023-01-21,2023-01-19,False,2023-01-23,KOTAKBANK_2023-01-21,2022-12-01,,13.98,,77.43,,,
2023-01-20,KOTAKBANK,354.07782973291233,354.07782973291233,349.7187802403976,350.89312744140625,21351470,-0.24897705470702247,1.2310992461185237,-1,2023-01-21,2023-01-20,False,2023-01-23,KOTAKBANK_2023-01-21,2022-12-01,,13.98,,77.43,,,
2023-01-23,KOTAKBANK,356.2872631818829,358.2080224232661,352.3063999061077,355.0432434082031,38823135,1.1827293390036298,1.65642253513442,0,2023-01-21,2023-01-23,False,2023-01-23,KOTAKBANK_2023-01-21,2022-12-01,2.81,13.98,77.53,77.43,-79.9,0.13,1.18
2023-01-24,KOTAKBANK,356.8246629996213,356.8246629996213,348.0767080655695,350.3656921386719,20795940,-1.3174595929863475,2.451611629227847,1,2023-01-21,2023-01-24,False,2023-01-23,KOTAKBANK_2023-01-21,2022-12-01,2.81,13.98,77.53,77.43,-79.9,0.13,1.18
2023-01-25,KOTAKBANK,349.7188187181046,350.39555815874684,344.9417951268269,348.28570556640625,21401665,-0.5936615995616346,1.5594708491555396,2,2023-01-21,2023-01-25,False,2023-01-23,KOTAKBANK_2023-01-21,2022-12-01,2.81,13.98,77.53,77.43,-79.9,0.13,1.18
2023-01-27,KOTAKBANK,348.7435364790762,348.7435364790762,339.16953490288086,340.9808349609375,37584895,-2.0973788153576534,2.745284306299907,3,2023-01-21,2023-01-27,False,2023-01-23,KOTAKBANK_2023-01-21,2022-12-01,2.81,13.98,77.53,77.43,-79.9,0.13,1.18
2023-01-18,YESBANK,20.14999961853028,20.450000762939453,20.0,20.350000381469727,97888455,1.2437810709221564,2.233254448926266,-3,2023-01-22,2023-01-18,False,2023-01-23,YESBANK_2023-01-22,2022-12-01,,0.02,,31.14,,,
2023-01-19,YESBANK,20.25,20.350000381469727,20.049999237060547,20.14999961853028,84048843,-0.9828047134660567,1.481487132884838,-2,2023-01-22,2023-01-19,False,2023-01-23,YESBANK_2023-01-22,2022-12-01,,0.02,,31.14,,,
2023-01-20,YESBANK,20.14999961853028,20.14999961853028,19.64999961853028,19.75,132306803,-1.9851098069621487,2.481389625140199,-1,2023-01-22,2023-01-20,False,2023-01-23,YESBANK_2023-01-22,2022-12-01,,0.02,,31.14,,,
2023-01-23,YESBANK,17.75,18.600000381469727,17.450000762939453,18.14999961853028,461080397,-8.101267754277064,6.4788710903114,0,2023-01-22,2023-01-23,False,2023-01-23,YESBANK_2023-01-22,2022-12-01,0.02,0.02,31.14,31.14,0.0,0.0,-8.1
2023-01-24,YESBANK,18.200000762939453,18.5,18.100000381469727,18.200000762939453,158031026,0.2754884047387218,2.1978000096834616,1,2023-01-22,2023-01-24,False,2023-01-23,YESBANK_2023-01-22,2022-12-01,0.02,0.02,31.14,31.14,0.0,0.0,-8.1
2023-01-25,YESBANK,18.200000762939453,18.200000762939453,17.549999237060547,17.899999618530273,169888903,-1.648357867215422,3.5714368056648667,2,2023-01-22,2023-01-25,False,2023-01-23,YESBANK_2023-01-22,2022-12-01,0.02,0.02,31.14,31.14,0.0,0.0,-8.1
2023-01-27,YESBANK,18.200000762939453,18.200000762939453,17.299999237060547,17.5,186338397,-2.234634788015244,4.945063121709168,3,2023-01-22,2023-01-27,False,2023-01-23,YESBANK_2023-01-22,2022-12-01,0.02,0.02,31.14,31.14,0.0,0.0,-8.1
2023-01-18,AXISBANK,918.7555757556836,922.4429070054516,910.13505514566,920.848388671875,5730939,0.6864912200852391,1.3396220044344587,-3,2023-01-23,2023-01-18,True,2023-01-23,AXISBANK_2023-01-23,2022-12-01,,18.92,,158.79,,,
2023-01-19,AXISBANK,920.4498289107772,934.8007387836648,917.6095738113638,925.532470703125,7721730,0.5086702750282113,1.8676916907730077,-2,2023-01-23,2023-01-19,True,2023-01-23,AXISBANK_2023-01-23,2022-12-01,,18.92,,158.79,,,
2023-01-20,AXISBANK,928.0737843424014,931.6614814866496,921.4963193022847,927.3761596679688,4511360,0.19920305588447818,1.0952967701342273,-1,2023-01-23,2023-01-20,True,2023-01-23,AXISBANK_2023-01-23,2022-12-01,,18.92,,158.79,,,
2023-01-23,AXISBANK,932.8075924147312,936.494985020229,921.2969980711642,929.5188598632812,5236124,0.23104973887615454,1.629273504273503,0,2023-01-23,2023-01-23,True,2023-01-23,AXISBANK_2023-01-23,2022-12-01,19.0,18.92,161.25,158.79,0.42,1.55,-2.19
2023-01-24,AXISBANK,931.8109205049624,931.8109205049624,900.667507386481,907.0955200195312,18527897,-2.4123598575555683,3.342245989304813,1,2023-01-23,2023-01-24,True,2023-01-23,AXISBANK_2023-01-23,2022-12-01,19.0,18.92,161.25,158.79,0.42,1.55,-2.19
2023-01-25,AXISBANK,901.9132748783844,904.3549307161034,881.184230560388,889.306396484375,11921748,-1.961108079860563,2.569060773480662,2,2023-01-23,2023-01-25,True,2023-01-23,AXISBANK_2023-01-23,2022-12-01,19.0,18.92,161.25,158.79,0.42,1.55,-2.19
2023-01-27,AXISBANK,889.3063717030234,889.4558844177508,848.0974315288581,870.7698364257812,17300736,-2.0843839796804375,4.650641691646844,3,2023-01-23,2023-01-27,True,2023-01-23,AXISBANK_2023-01-23,2022-12-01,19.0,18.92,161.25,158.79,0.42,1.55,-2.19
2023-01-18,CANBK,55.99679675955634,56.3643923501302,55.27911378702587,55.55918502807617,27292015,-0.6883522279598875,1.9381082953090878,-3,2023-01-23,2023-01-18,True,2023-01-23,CANBK_2023-01-23,2022-12-01,,3.23,,123.22,,,
2023-01-19,CANBK,55.43664732021664,56.25060196700378,55.03404537907201,56.0405502319336,22833170,0.8664007645435623,2.1944988500199503,-2,2023-01-23,2023-01-19,True,2023-01-23,CANBK_2023-01-23,2022-12-01,,3.23,,123.22,,,
2023-01-20,CANBK,56.15434045549394,57.12583235384431,55.67296488103759,55.83050537109375,33990715,-0.37480870542945244,2.587275464410824,-1,2023-01-23,2023-01-20,True,2023-01-23,CANBK_2023-01-23,2022-12-01,,3.23,,123.22,,,
2023-01-23,CANBK,56.29437165578672,57.16084099574167,55.92677941185734,56.548187255859375,65416825,1.285465499542493,2.192158021462665,0,2023-01-23,2023-01-23,True,2023-01-23,CANBK_2023-01-23,2022-12-01,3.18,3.23,125.86,123.22,-1.55,2.14,0.38
2023-01-24,CANBK,56.77574132081564,57.4146506292362,55.672958026204704,56.0405502319336,42215215,-0.8977069797638348,3.067670386177662,1,2023-01-23,2023-01-24,True,2023-01-23,CANBK_2023-01-23,2022-12-01,3.18,3.23,125.86,123.22,-1.55,2.14,0.38
2023-01-25,CANBK,56.17184052170763,56.17184052170763,52.89850339433442,53.57242584228516,69401075,-4.404175868069949,5.827363135997348,2,2023-01-23,2023-01-25,True,2023-01-23,CANBK_2023-01-23,2022-12-01,3.18,3.23,125.86,123.22,-1.55,2.14,0.38
2023-01-27,CANBK,53.87875879044751,53.87875879044751,50.080288742439336,50.93800735473633,77590380,-4.917489634134631,7.05003257922421,3,2023-01-23,2023-01-27,True,2023-01-23,CANBK_2023-01-23,2022-12-01,3.18,3.23,125.86,123.22,-1.55,2.14,0.38
2023-01-24,AUBANK,639.231931906423,639.231931906423,627.2432362233908,631.4716186523438,878065,-0.9673980214214506,1.8754844813959097,-3,2023-01-30,2023-01-24,True,2023-01-30,AUBANK_2023-01-30,2022-12-01,,5.92,,14.48,,,
2023-01-25,AUBANK,630.2776641661313,631.7203007989017,610.3793953684634,612.7672119140625,1557125,-2.962034426535165,3.3859529924279776,-2,2023-01-30,2023-01-25,True,2023-01-30,AUBANK_2023-01-30,2022-12-01,,5.92,,14.48,,,
2023-01-27,AUBANK,615.7022272448905,623.4626015287358,597.9430446350457,600.8780517578125,1776308,-1.940240914508562,4.144788789847914,-1,2023-01-30,2023-01-27,True,2023-01-30,AUBANK_2023-01-30,2022-12-01,,5.92,,14.48,,,
2023-01-30,AUBANK,600.9278261920103,610.5287669102925,595.4558012846328,603.1663818359375,1447773,0.3808310307608531,2.5082821877586845,0,2023-01-30,2023-01-30,True,2023-01-30,AUBANK_2023-01-30,2022-12-01,5.9,5.92,14.48,14.48,-0.34,0.0,2.48
2023-01-31,AUBANK,606.3003355307046,620.8260489239806,601.9226916650773,615.7520141601562,926518,2.0865937995267814,3.117820682443933,1,2023-01-30,2023-01-31,True,2023-01-30,AUBANK_2023-01-30,2022-12-01,5.9,5.92,14.48,14.48,-0.34,0.0,2.48
2023-02-01,AUBANK,618.836189155623,629.780237516896,597.2465543343533,608.73779296875,1069083,-1.1391308562706315,5.257236689233324,2,2023-01-30,2023-02-01,True,2023-01-30,AUBANK_2023-01-30,2022-12-01,5.9,5.92,14.48,14.48,-0.34,0.0,2.48
2023-02-02,AUBANK,606.8972305937281,624.3579502470174,603.9124901153983,622.1691284179688,894783,2.206423784486189,3.3688504578637173,3,2023-01-30,2023-02-02,True,2023-01-30,AUBANK_2023-01-30,2022-12-01,5.9,5.92,14.48,14.48,-0.34,0.0,2.48
2023-01-24,PNB,52.52310572443781,52.845614616712446,50.95662642963968,51.14091873168945,51548951,-2.2887317527757745,3.5964898895799027,-3,2023-01-30,2023-01-24,True,2023-01-30,PNB_2023-01-30,2022-12-01,,0.59,,117.89,,,
2023-01-25,PNB,51.094843573365296,51.18698796150762,48.975491010344,49.48229217529297,83514024,-3.2432474768364195,4.3282194376193885,-2,2023-01-30,2023-01-25,True,2023-01-30,PNB_2023-01-30,2022-12-01,,0.59,,117.89,,,
2023-01-27,PNB,49.52836402049574,50.081237375621534,46.118968956998486,46.81006240844727,111244364,-5.400375870582586,7.999998580577765,-1,2023-01-30,2023-01-27,True,2023-01-30,PNB_2023-01-30,2022-12-01,,0.59,,117.89,,,
2023-01-30,PNB,47.08649946401116,49.06763544676839,45.24358357868653,46.717918395996094,148179904,-0.19684659175875918,8.121333952643122,0,2023-01-30,2023-01-30,True,2023-01-30,PNB_2023-01-30,2022-12-01,0.6,0.59,125.17,117.89,1.69,6.18,5.41
2023-01-31,PNB,46.99435346436848,49.75872719756663,46.57969670137216,49.34407043457031,114490184,5.621295059240672,6.764707378312671,1,2023-01-30,2023-01-31,True,2023-01-30,PNB_2023-01-30,2022-12-01,0.6,0.59,125.17,117.89,1.69,6.18,5.41
2023-02-01,PNB,49.98909436431179,50.12731446443992,44.50641879553193,46.34933471679688,159606635,-6.069089338189915,11.24424385035641,2,2023-01-30,2023-02-01,True,2023-01-30,PNB_2023-01-30,2022-12-01,0.6,0.59,125.17,117.89,1.69,6.18,5.41
2023-02-02,PNB,46.07289676325185,48.14617711759818,44.78285424784757,46.81006240844727,121217105,0.9940330200325809,7.3000030517578125,3,2023-01-30,2023-02-02,True,2023-01-30,PNB_2023-01-30,2022-12-01,0.6,0.59,125.17,117.89,1.69,6.18,5.41
2023-01-31,BANKBARODA,141.97801048124683,149.40862992970457,141.00494706632858,148.4798126220703,40527508,5.63248914747676,5.919003115264805,-3,2023-02-03,2023-01-31,True,2023-02-03,BANKBARODA_2023-02-03,2022-12-01,,7.41,,141.21,,,
2023-02-01,BANKBARODA,149.9393877692421,150.29322163325568,133.66278706247715,136.75888061523438,70595394,-7.893956626056331,11.091438225940273,-2,2023-02-03,2023-02-01,True,2023-02-03,BANKBARODA_2023-02-03,2022-12-01,,7.41,,141.21,,,
2023-02-02,BANKBARODA,133.57432694181088,138.35115177765715,129.59363507930658,136.27235412597656,58831062,-0.35575495139261726,6.556287348665149,-1,2023-02-03,2023-02-02,True,2023-02-03,BANKBARODA_2023-02-03,2022-12-01,,7.41,,141.21,,,
2023-02-03,BANKBARODA,138.88189287323175,145.38369389416204,134.23775314339437,144.72024536132812,72557245,6.1992700496990905,8.02548159459594,0,2023-02-03,2023-02-03,True,2023-02-03,BANKBARODA_2023-02-03,2022-12-01,7.45,7.41,143.7,141.21,0.54,1.76,8.99
2023-02-06,BANKBARODA,146.4009872682259,149.32016373206577,144.7202562576584,148.52401733398438,39343917,2.62836202575476,3.1419921137415034,1,2023-02-03,2023-02-06,True,2023-02-03,BANKBARODA_2023-02-03,2022-12-01,7.45,7.41,143.7,141.21,0.54,1.76,8.99
2023-02-07,BANKBARODA,148.52401741144078,150.8239778987919,147.32981806053985,149.09901428222656,26650769,0.38714071876280176,2.3525890957908406,2,2023-02-03,2023-02-07,True,2023-02-03,BANKBARODA_2023-02-03,2022-12-01,7.45,7.41,143.7,141.21,0.54,1.76,8.99
2023-02-08,BANKBARODA,149.05478686378115,149.89515239874544,146.88752411637964,148.61248779296875,21655466,-0.3263110031947458,2.017800532038213,3,2023-02-03,2023-02-08,True,2023-02-03,BANKBARODA_2023-02-03,2022-12-01,7.45,7.41,143.7,141.21,0.54,1.76,8.99
2023-01-31,SBIN,506.3174777560764,517.4657524956598,499.6749413758516,514.2141723632812,21911943,2.8428156415742922,3.513765947534427,-3,2023-02-03,2023-01-31,True,2023-02-03,SBIN_2023-02-03,2022-12-01,,15.92,,495.35,,,
2023-02-01,SBIN,521.5534386941342,524.8978981961093,463.9075551645127,489.920166015625,38218810,-4.724491788315211,11.693977741629743,-2,2023-02-03,2023-02-01,True,2023-02-03,SBIN_2023-02-03,2022-12-01,,15.92,,495.35,,,
2023-02-02,SBIN,483.2776668207723,494.8440118998063,466.8339520930055,490.6169128417969,39287056,0.14221640065121832,5.795852308066316,-1,2023-02-03,2023-02-02,True,2023-02-03,SBIN_2023-02-03,2022-12-01,,15.92,,495.35,,,
2023-02-03,SBIN,497.95625051241154,507.2000392645869,482.30223807957736,505.5742492675781,32317232,3.0486793329532746,4.999997722568795,0,2023-02-03,2023-02-03,True,2023-02-03,SBIN_2023-02-03,2022-12-01,15.9,15.92,495.36,495.35,-0.13,0.0,3.28
2023-02-06,SBIN,519.1379591275065,519.1379591275065,498.4672006398264,506.6890869140625,25338586,0.22050918299327815,3.98174668683843,1,2023-02-03,2023-02-06,True,2023-02-03,SBIN_2023-02-03,2022-12-01,15.9,15.92,495.36,495.35,-0.13,0.0,3.28
2023-02-07,SBIN,509.1045148167841,512.2632151446792,502.64779475723776,508.2683715820313,16195947,0.3116871290019807,1.8886928140682082,2,2023-02-03,2023-02-07,True,2023-02-03,SBIN_2023-02-03,2022-12-01,15.9,15.92,495.36,495.35,-0.13,0.0,3.28
2023-02-08,SBIN,510.9625718765987,515.1431747374072,506.7819690157902,510.7303161621094,15502847,0.4843788670963356,1.6363636363636251,3,2023-02-03,2023-02-08,True,2023-02-03,SBIN_2023-02-03,2022-12-01,15.9,15.92,495.36,495.35,-0.13,0.0,3.28
2023-04-11,HDFCBANK,785.2694286862951,790.1921660159843,781.5300388983272,787.3048095703125,42361542,0.2924522228514803,1.1030770842751694,-3,2023-04-15,2023-04-11,False,2023-04-17,HDFCBANK_2023-04-15,2023-03-01,,21.63,,320.83,,,
2023-04-12,HDFCBANK,789.5294896267043,799.0909147701184,789.4348449344496,797.5289306640625,26955504,1.298622969079788,1.22301572804256,-2,2023-04-15,2023-04-12,False,2023-04-17,HDFCBANK_2023-04-15,2023-03-01,,21.63,,320.83,,,
2023-04-13,HDFCBANK,799.1381676210906,803.279883408837,794.333765751178,801.1024780273438,35330086,0.448077458494911,1.1194707023305095,-1,2023-04-15,2023-04-13,False,2023-04-17,HDFCBANK_2023-04-15,2023-03-01,,21.63,,320.83,,,
2023-04-17,HDFCBANK,814.1430655398879,814.1430655398879,782.571377912893,788.8904418945312,32405148,-1.5244037395669707,3.8779041378997086,0,2023-04-15,2023-04-17,False,2023-04-17,HDFCBANK_2023-04-15,2023-03-01,10.8,21.63,320.83,320.83,-50.07,0.0,-1.52
2023-04-18,HDFCBANK,790.4761429987975,793.9078508052294,784.0387440490672,785.5534057617188,29637226,-0.4230037474910464,1.2485015320920565,1,2023-04-15,2023-04-18,False,2023-04-17,HDFCBANK_2023-04-15,2023-03-01,10.8,21.63,320.83,320.83,-50.07,0.0,-1.52
2023-04-19,HDFCBANK,788.1094206815565,790.6181404482337,784.3937211551915,788.4407348632812,24741168,0.3675535081873571,0.7897912560998557,2,2023-04-15,2023-04-19,False,2023-04-17,HDFCBANK_2023-04-15,2023-03-01,10.8,21.63,320.83,320.83,-50.07,0.0,-1.52
2023-04-20,HDFCBANK,791.280785812552,794.0024850715804,788.7721237726142,791.37548828125,32922716,0.3722224497289206,0.6609994066259545,3,2023-04-15,2023-04-20,False,2023-04-17,HDFCBANK_2023-04-15,2023-03-01,10.8,21.63,320.83,320.83,-50.07,0.0,-1.52
2023-04-17,INDUSINDBK,1081.6040635058598,1110.221472881882,1079.2599456608773,1098.1591796875,5360050,1.3567038013777566,2.862556481218037,-3,2023-04-20,2023-04-17,True,2023-04-20,INDUSINDBK_2023-04-20,2023-03-01,,26.24,,68.78,,,
2023-04-18,INDUSINDBK,1103.6776072984612,1122.7233713182134,1100.7963727400345,1120.1839599609375,4455007,2.0056090848054486,1.9867213426437935,-2,2023-04-20,2023-04-18,True,2023-04-20,INDUSINDBK_2023-04-20,2023-03-01,,26.24,,68.78,,,
2023-04-19,INDUSINDBK,1116.3747981247543,1119.2072689644797,1092.4943875353736,1094.30126953125,2207739,-2.310574990789016,2.3928237607994594,-1,2023-04-20,2023-04-19,True,2023-04-20,INDUSINDBK_2023-04-20,2023-03-01,,26.24,,68.78,,,
2023-04-20,INDUSINDBK,1092.8849471444385,1105.1915360554472,1086.4875954568004,1099.966064453125,2530597,0.5176631956482547,1.7114281468985075,0,2023-04-20,2023-04-20,True,2023-04-20,INDUSINDBK_2023-04-20,2023-03-01,26.3,26.24,68.2,68.78,0.23,-0.84,-0.36
2023-04-21,INDUSINDBK,1099.966110089936,1109.2936988983984,1082.5319340450576,1090.3455810546875,1894300,-0.874616382208171,2.432962671109263,1,2023-04-20,2023-04-21,True,2023-04-20,INDUSINDBK_2023-04-20,2023-03-01,26.3,26.24,68.2,68.78,0.23,-0.84,-0.36
2023-04-24,INDUSINDBK,1104.4102520951342,1114.4214880747718,1066.5628965623582,1076.3299560546875,7711772,-1.2854296145670352,4.333407030731821,2,2023-04-20,2023-04-24,True,2023-04-20,INDUSINDBK_2023-04-20,2023-03-01,26.3,26.24,68.2,68.78,0.23,-0.84,-0.36
2023-04-25,INDUSINDBK,1093.8617546884632,1101.333578871517,1087.171342937325,1095.619873046875,5268567,1.7921936376178893,1.2947007127262882,3,2023-04-20,2023-04-25,True,2023-04-20,INDUSINDBK_2023-04-20,2023-03-01,26.3,26.24,68.2,68.78,0.23,-0.84,-0.36
2023-04-19,ICICIBANK,866.9467798245536,867.9144623295201,858.5763025315322,863.0760498046875,24377956,-0.5519259740249693,1.0771318396127767,-3,2023-04-22,2023-04-19,False,2023-04-24,ICICIBANK_2023-04-22,2023-03-01,,13.01,,225.42,,,
2023-04-20,ICICIBANK,863.4147591759163,870.236909372004,860.4633391974846,865.4953002929688,16999919,0.2803055986582814,1.1319670031871727,-2,2023-04-22,2023-04-20,False,2023-04-24,ICICIBANK_2023-04-22,2023-03-01,,13.01,,225.42,,,
2023-04-21,ICICIBANK,865.6404154507798,871.5916867731976,853.8831078765245,857.028076171875,29578071,-0.9783096590157858,2.0457199757073954,-1,2023-04-22,2023-04-21,False,2023-04-24,ICICIBANK_2023-04-22,2023-03-01,,13.01,,225.42,,,
2023-04-24,ICICIBANK,875.7526628125863,877.2041865631045,866.0758378091324,875.5107421875,30881665,2.156599827882233,1.2707182320441988,0,2023-04-22,2023-04-24,False,2023-04-24,ICICIBANK_2023-04-22,2023-03-01,13.06,13.01,227.55,225.42,0.38,0.94,2.16
2023-04-25,ICICIBANK,877.0107332480105,886.3972663306375,873.9141370989526,883.9296875,41383839,0.9616038852321651,1.4233724581059226,1,2023-04-22,2023-04-25,False,2023-04-24,ICICIBANK_2023-04-22,2023-03-01,13.06,13.01,227.55,225.42,0.38,0.94,2.16
2023-04-26,ICICIBANK,881.9943364136254,887.3165908272587,876.4785336633281,885.3812255859375,30371555,0.16421420238106332,1.2288125576860707,2,2023-04-22,2023-04-26,False,2023-04-24,ICICIBANK_2023-04-22,2023-03-01,13.06,13.01,227.55,225.42,0.38,0.94,2.16
2023-04-27,ICICIBANK,880.1072975279017,890.1712198822554,879.1879872737524,888.6712646484375,25835108,0.37159575642939924,1.2479424542159132,3,2023-04-22,2023-04-27,False,2023-04-24,ICICIBANK_2023-04-22,2023-03-01,13.06,13.01,227.55,225.42,0.38,0.94,2.16
2023-04-24,AXISBANK,865.0394958965046,881.3835844354804,857.5650762891039,879.2907104492188,18201632,2.0944229793434133,2.7534590338781753,-3,2023-04-27,2023-04-24,True,2023-04-27,AXISBANK_2023-04-27,2023-03-01,,-18.64,,166.27,,,
2023-04-25,AXISBANK,881.9815301851463,892.7446824559073,871.4177079397109,875.3541870117188,36394389,-0.44769305426743955,2.4180749580685013,-2,2023-04-27,2023-04-25,True,2023-04-27,AXISBANK_2023-04-27,2023-03-01,,-18.64,,166.27,,,
2023-04-26,AXISBANK,874.4073971216748,886.4162849359124,872.2148886944374,884.6224365234375,19468723,1.0587999291302497,1.6241166632650115,-1,2023-04-27,2023-04-26,True,2023-04-27,AXISBANK_2023-04-27,2023-03-01,,-18.64,,166.27,,,
2023-04-27,AXISBANK,884.9712636188237,886.9644421404878,874.5070763800876,878.393798828125,15992383,-0.7041012570053073,1.4076576576576671,0,2023-04-27,2023-04-27,True,2023-04-27,AXISBANK_2023-04-27,2023-03-01,-18.6,-18.64,166.38,166.27,0.21,0.07,-3.11
2023-04-28,AXISBANK,882.0811388147605,887.0142678681588,850.7384549253036,857.0667724609375,23004117,-2.427957300659467,4.11252563359403,1,2023-04-27,2023-04-28,True,2023-04-27,AXISBANK_2023-04-27,2023-03-01,-18.6,-18.64,166.38,166.27,0.21,0.07,-3.11
2023-05-02,AXISBANK,867.0326735942426,873.4108693169933,861.3022852342807,867.6804809570312,12947953,1.2383759162215568,1.3965545303520135,2,2023-04-27,2023-05-02,True,2023-04-27,AXISBANK_2023-04-27,2023-03-01,-18.6,-18.64,166.38,166.27,0.21,0.07,-3.11
2023-05-03,AXISBANK,860.9036546195193,863.8934225616979,851.1370915071329,856.9172973632812,15103015,-1.240454733046259,1.4817373565689735,3,2023-04-27,2023-05-03,True,2023-04-27,AXISBANK_2023-04-27,2023-03-01,-18.6,-18.64,166.38,166.27,0.21,0.07,-3.11
2023-04-25,YESBANK,15.75,15.800000190734863,15.449999809265137,15.550000190734863,99104709,-0.9554115946023956,2.222224644252232,-3,2023-04-28,2023-04-25,True,2023-04-28,YESBANK_2023-04-28,2023-03-01,,0.09,,31.88,,,
2023-04-26,YESBANK,15.5,15.949999809265137,15.399999618530272,15.5,128851297,-0.3215446310068537,3.5483883273217103,-2,2023-04-28,2023-04-26,True,2023-04-28,YESBANK_2023-04-28,2023-03-01,,0.09,,31.88,,,
2023-04-27,YESBANK,15.5,15.699999809265137,15.5,15.600000381469728,41936192,0.6451637514176101,1.2903213500976562,-1,2023-04-28,2023-04-27,True,2023-04-28,YESBANK_2023-04-28,2023-03-01,,0.09,,31.88,,,
2023-04-28,YESBANK,15.649999618530272,15.850000381469728,15.600000381469728,15.699999809265137,79514507,0.6410219573724563,1.5974441283946694,0,2023-04-28,2023-04-28,True,2023-04-28,YESBANK_2023-04-28,2023-03-01,0.1,0.09,31.88,31.88,11.11,0.0,2.24
2023-05-02,YESBANK,15.75,16.100000381469727,15.699999809265137,15.949999809265137,117555064,1.592356707243181,2.5396861727275546,1,2023-04-28,2023-05-02,True,2023-04-28,YESBANK_2023-04-28,2023-03-01,0.1,0.09,31.88,31.88,11.11,0.0,2.24
2023-05-03,YESBANK,15.949999809265137,16.399999618530273,15.850000381469728,16.149999618530273,83692417,1.2539173144626492,3.4482711199849545,2,2023-04-28,2023-05-03,True,2023-04-28,YESBANK_2023-04-28,2023-03-01,0.1,0.09,31.88,31.88,11.11,0.0,2.24
2023-05-04,YESBANK,16.200000762939453,16.299999237060547,16.0,16.049999237060547,85512962,-0.6191974231069763,1.851847055136266,3,2023-04-28,2023-05-04,True,2023-04-28,YESBANK_2023-04-28,2023-03-01,0.1,0.09,31.88,31.88,11.11,0.0,2.24
2023-04-26,IDFCFIRSTB,58.28743414235281,58.78434320139719,57.79052508330842,58.535888671875,21479662,0.426264913578156,1.7050297936629317,-3,2023-04-29,2023-04-26,False,2023-05-02,IDFCFIRSTB_2023-04-29,2023-03-01,,1.23,,49.93,,,
2023-04-27,IDFCFIRSTB,58.337121644213234,59.48001015351162,58.337121644213234,59.08248519897461,26335870,0.9337801808452451,1.9591102150507915,-2,2023-04-29,2023-04-27,False,2023-05-02,IDFCFIRSTB_2023-04-29,2023-03-01,,1.23,,49.93,,,
2023-04-28,IDFCFIRSTB,59.6290847911281,61.61672095083237,58.38681219131293,61.07012176513672,67480695,3.3641722406704044,5.416666666666668,-1,2023-04-29,2023-04-28,False,2023-05-02,IDFCFIRSTB_2023-04-29,2023-03-01,,1.23,,49.93,,,
2023-05-02,IDFCFIRSTB,63.10744550658524,64.84662707566436,62.610536486848346,63.45528030395508,113585859,3.905606325776123,3.543307086614172,0,2023-04-29,2023-05-02,False,2023-05-02,IDFCFIRSTB_2023-04-29,2023-03-01,1.23,1.23,49.94,49.93,0.0,0.02,3.91
2023-05-03,IDFCFIRSTB,63.40559461461767,64.54848316563454,62.95837570721314,63.75343322753906,39815830,0.46986306286225243,2.507834628925325,1,2023-04-29,2023-05-03,False,2023-05-02,IDFCFIRSTB_2023-04-29,2023-03-01,1.23,1.23,49.94,49.93,0.0,0.02,3.91
2023-05-04,IDFCFIRSTB,63.80311499784888,64.1509573768845,62.61053638530643,63.40559005737305,33370552,-0.5456069619412474,2.4143350863512056,2,2023-04-29,2023-05-04,False,2023-05-02,IDFCFIRSTB_2023-04-29,2023-03-01,1.23,1.23,49.94,49.93,0.0,0.02,3.91
2023-05-05,IDFCFIRSTB,63.20682450585673,64.15095617345224,62.61053521077152,62.85898971557617,35788410,-0.8620696397624861,2.437111775071037,3,2023-04-29,2023-05-05,False,2023-05-02,IDFCFIRSTB_2023-04-29,2023-03-01,1.23,1.23,49.94,49.93,0.0,0.02,3.91
2023-04-26,KOTAKBANK,373.7035061587887,377.067340181534,370.8870590098194,373.9224548339844,15797590,-0.5663470799990855,1.6537926644682295,-3,2023-04-29,2023-04-26,False,2023-05-02,KOTAKBANK_2023-04-29,2023-03-01,,17.44,,82.89,,,
2023-04-27,KOTAKBANK,373.5841039173421,380.7695630553709,373.57414204064975,379.8937683105469,25306465,1.5969389907898535,1.9260511727536411,-2,2023-04-29,2023-04-27,False,2023-05-02,KOTAKBANK_2023-04-29,2023-03-01,,17.44,,82.89,,,
2023-04-28,KOTAKBANK,379.3762481023233,386.8005489377752,377.40571002483085,385.7555541992188,21838060,1.543006592274554,2.4763909074271897,-1,2023-04-29,2023-04-28,False,2023-05-02,KOTAKBANK_2023-04-29,2023-03-01,,17.44,,82.89,,,
2023-05-02,KOTAKBANK,381.7647633756628,385.6361368053386,376.1915491655619,382.3917541503906,23028855,-0.8720030112880695,2.473928593164331,0,2023-04-29,2023-05-02,False,2023-05-02,KOTAKBANK_2023-04-29,2023-03-01,3.48,17.44,82.89,82.89,-80.05,0.0,-0.87
2023-05-03,KOTAKBANK,381.96379646469353,384.91958848617867,380.7098452600095,384.3423767089844,17245035,0.5101110412089493,1.102131475582998,1,2023-04-29,2023-05-03,False,2023-05-02,KOTAKBANK_2023-04-29,2023-03-01,3.48,17.44,82.89,82.89,-80.05,0.0,-0.87
2023-05-04,KOTAKBANK,384.1433226766202,388.3530962882624,382.5111846183698,387.6564331054688,17257895,0.8622667177275112,1.5207635601180205,2,2023-04-29,2023-05-04,False,2023-05-02,KOTAKBANK_2023-04-29,2023-03-01,3.48,17.44,82.89,82.89,-80.05,0.0,-0.87
2023-05-05,KOTAKBANK,388.5620957607759,392.9111839278031,381.2671773430122,383.89453125,17421090,-0.9704216244607822,2.996691316993446,3,2023-04-29,2023-05-05,False,2023-05-02,KOTAKBANK_2023-04-29,2023-03-01,3.48,17.44,82.89,82.89,-80.05,0.0,-0.87
2023-05-03,UNIONBANK,67.69561459075524,67.69561459075524,66.23456350701059,67.07577514648438,8091935,-0.9804023154469932,2.158265483779471,-3,2023-05-06,2023-05-03,False,2023-05-08,UNIONBANK_2023-05-06,2023-03-01,,4.1,,135.2,,,
2023-05-04,UNIONBANK,67.69562383608739,68.84676211065323,67.38570407162558,68.5368423461914,9015582,2.1782337908376803,2.1582754633672243,-2,2023-05-06,2023-05-04,False,2023-05-08,UNIONBANK_2023-05-06,2023-03-01,,4.1,,135.2,,,
2023-05-05,UNIONBANK,68.49256366422333,69.77652659643238,67.38570256184175,67.65135192871094,11070348,-1.2919918501755667,3.4906330069806613,-1,2023-05-06,2023-05-05,False,2023-05-08,UNIONBANK_2023-05-06,2023-03-01,,4.1,,135.2,,,
2023-05-08,UNIONBANK,68.53683279449481,68.93530004244954,64.90633015445846,65.4376220703125,23789710,-3.272262556897909,5.87854694142608,0,2023-05-06,2023-05-08,False,2023-05-08,UNIONBANK_2023-05-06,2023-03-01,4.1,4.1,135.2,135.2,0.0,0.0,-3.27
2023-05-09,UNIONBANK,65.96891688308857,66.4116612916999,63.57809977888479,63.84374237060547,12031576,-2.4357237461875014,4.295297917103601,1,2023-05-06,2023-05-09,False,2023-05-08,UNIONBANK_2023-05-06,2023-03-01,4.1,4.1,135.2,135.2,0.0,0.0,-3.27
2023-05-10,UNIONBANK,64.06512154712368,64.24222338328835,61.85139926314744,62.33842086791992,12785182,-2.3578215292382687,3.7318654244374034,2,2023-05-06,2023-05-10,False,2023-05-08,UNIONBANK_2023-05-06,2023-03-01,4.1,4.1,135.2,135.2,0.0,0.0,-3.27
2023-05-11,UNIONBANK,63.046799395423456,63.31244873577299,62.02849268748473,62.38268280029297,8268739,0.0710026525484686,2.0365126550444086,3,2023-05-06,2023-05-11,False,2023-05-08,UNIONBANK_2023-05-06,2023-03-01,4.1,4.1,135.2,135.2,0.0,0.0,-3.27
2023-05-03,CANBK,55.4016446189096,56.08432119134454,55.31412360797021,55.9267807006836,17864585,-0.15624688219605387,1.3902070753896911,-3,2023-05-08,2023-05-03,True,2023-05-08,CANBK_2023-05-08,2023-03-01,,3.52,,133.92,,,
2023-05-04,CANBK,56.101819082669984,56.79324637585396,55.48916536841819,56.68821716308594,29678925,1.3614880972275145,2.324489702400049,-2,2023-05-08,2023-05-04,True,2023-05-08,CANBK_2023-05-08,2023-03-01,,3.52,,133.92,,,
2023-05-05,CANBK,56.355634975458806,57.21335685745269,55.445401825510615,55.76048278808594,33018590,-1.6365559218964432,3.1371397602244464,-1,2023-05-08,2023-05-05,True,2023-05-08,CANBK_2023-05-08,2023-03-01,,3.52,,133.92,,,
2023-05-08,CANBK,55.69922096549845,56.13683269946838,52.924764174711136,54.823997497558594,139314980,-1.6794784472838886,5.766810503053322,0,2023-05-08,2023-05-08,True,2023-05-08,CANBK_2023-05-08,2023-03-01,3.5,3.52,133.92,133.92,-0.57,0.0,-4.93
2023-05-09,CANBK,55.40163892152229,55.43664865778274,52.74971316596909,53.01227951049805,118015345,-3.3046075984175083,4.84992058740312,1,2023-05-08,2023-05-09,True,2023-05-08,CANBK_2023-05-08,2023-03-01,3.5,3.52,133.92,133.92,-0.57,0.0,-4.93
2023-05-10,CANBK,52.478397025853376,52.98602822716359,51.288092604986325,52.6534423828125,72950675,-0.6768943554190776,3.235494448012155,2,2023-05-08,2023-05-10,True,2023-05-08,CANBK_2023-05-08,2023-03-01,3.5,3.52,133.92,133.92,-0.57,0.0,-4.93
2023-05-11,CANBK,52.86349981442047,53.4936584531163,52.51340908503519,52.70595932006836,36430215,0.09974074795344734,1.854302820513809,3,2023-05-08,2023-05-11,True,2023-05-08,CANBK_2023-05-08,2023-03-01,3.5,3.52,133.92,133.92,-0.57,0.0,-4.93
2023-05-03,FEDERALBNK,132.83057166207135,135.1763744759552,132.488485671862,134.5899200439453,8477131,0.916089224596317,2.023546816414635,-3,2023-05-08,2023-05-03,True,2023-05-08,FEDERALBNK_2023-05-08,2023-03-01,,4.21,,26.43,,,
2023-05-04,FEDERALBNK,134.58990974214592,136.88683869185783,134.2478237781206,136.2515106201172,9125430,1.2345579636493964,1.9607821409444428,-2,2023-05-08,2023-05-04,True,2023-05-08,FEDERALBNK_2023-05-08,2023-03-01,,4.21,,26.43,,,
2023-05-05,FEDERALBNK,136.8379692182149,137.13119642079923,124.1315863622378,124.8646469116211,52169855,-8.357238504491749,9.50000217982701,-1,2023-05-08,2023-05-05,True,2023-05-08,FEDERALBNK_2023-05-08,2023-03-01,,4.21,,26.43,,,
2023-05-08,FEDERALBNK,126.0864093464209,127.89463126007398,123.49626068626117,125.74430847167967,25677860,0.704492089487263,3.488378007282563,0,2023-05-08,2023-05-08,True,2023-05-08,FEDERALBNK_2023-05-08,2023-03-01,4.21,4.21,26.43,26.43,0.0,0.0,0.63
2023-05-09,FEDERALBNK,126.08641691236424,128.1389924556695,125.2067502018936,125.6465835571289,12857628,-0.07771716727265066,2.3255813953488245,1,2023-05-08,2023-05-09,True,2023-05-08,FEDERALBNK_2023-05-08,2023-03-01,4.21,4.21,26.43,26.43,0.0,0.0,0.63
2023-05-10,FEDERALBNK,125.64659310094436,126.52625987823238,124.22933809638808,126.33078002929688,10100422,0.5445404505223905,1.82808122779657,2,2023-05-08,2023-05-10,True,2023-05-08,FEDERALBNK_2023-05-08,2023-03-01,4.21,4.21,26.43,26.43,0.0,0.0,0.63
2023-05-11,FEDERALBNK,126.81948300764336,127.21044269287158,124.62030122138364,124.9135284423828,11009514,-1.1218577029172172,2.0423845059609906,3,2023-05-08,2023-05-11,True,2023-05-08,FEDERALBNK_2023-05-08,2023-03-01,4.21,4.21,26.43,26.43,0.0,0.0,0.63
2023-05-11,BANKBARODA,158.69690504226395,160.02380228675747,157.45847301322874,157.90077209472656,15838880,0.02802242489960971,1.6164960953999306,-3,2023-05-16,2023-05-11,True,2023-05-16,BANKBARODA_2023-05-16,2023-03-01,,9.35,,148.73,,,
2023-05-12,BANKBARODA,157.9007681893302,159.7141970781987,157.19308697685756,158.12191772460938,16182905,0.14005354562176553,1.5966420747986643,-2,2023-05-16,2023-05-12,True,2023-05-16,BANKBARODA_2023-05-16,2023-03-01,,9.35,,148.73,,,
2023-05-15,BANKBARODA,158.2546053859539,163.20836047989533,156.83925642903975,162.6333770751953,20342506,2.853152438008788,4.024593177129037,-1,2023-05-16,2023-05-15,True,2023-05-16,BANKBARODA_2023-05-16,2023-03-01,,9.35,,148.73,,,
2023-05-16,BANKBARODA,164.00449096098612,166.74675061427874,162.67759374124384,164.97755432128906,47421816,1.4413875480245864,2.4811252723578665,0,2023-05-16,2023-05-16,True,2023-05-16,BANKBARODA_2023-05-16,2023-03-01,9.22,9.35,149.91,148.73,-1.39,0.79,1.12
2023-05-17,BANKBARODA,166.92367015098745,168.07365045897026,162.54491195703045,164.44679260253906,40572322,-0.3217175335963329,3.312135718642481,1,2023-05-16,2023-05-17,True,2023-05-16,BANKBARODA_2023-05-16,2023-03-01,9.22,9.35,149.91,148.73,-1.39,0.79,1.12
2023-05-18,BANKBARODA,165.81791580960623,165.9506136270763,159.0507455534152,159.5372772216797,31727394,-2.985473479391887,4.16111132501726,2,2023-05-16,2023-05-18,True,2023-05-16,BANKBARODA_2023-05-16,2023-03-01,9.22,9.35,149.91,148.73,-1.39,0.79,1.12
2023-05-19,BANKBARODA,160.11226853657723,161.30648146349498,157.45847403044613,160.9084014892578,18643969,0.8594381773689985,2.403318289235145,3,2023-05-16,2023-05-19,True,2023-05-16,BANKBARODA_2023-05-16,2023-03-01,9.22,9.35,149.91,148.73,-1.39,0.79,1.12
2023-05-12,SBIN,533.9094836079651,539.5300609348624,530.9830387279558,537.1146240234375,11319335,0.819609589042658,1.6008373084420515,-3,2023-05-17,2023-05-12,True,2023-05-17,SBIN_2023-05-17,2023-03-01,,18.71,,1070.0,,,
2023-05-15,SBIN,537.6720048826024,542.5493751212783,533.8630336631455,540.5984497070312,11410243,0.6486186612267186,1.6155465375269844,-2,2023-05-17,2023-05-15,True,2023-05-17,SBIN_2023-05-17,2023-03-01,,18.71,,1070.0,,,
2023-05-16,SBIN,542.5493549355248,548.495123972205,540.6913091994442,544.6860961914062,22178229,0.7561335935369895,1.438360344873728,-1,2023-05-17,2023-05-16,True,2023-05-17,SBIN_2023-05-17,2023-03-01,,18.71,,1070.0,,,
2023-05-17,SBIN,544.4074006716053,548.5880035777866,538.3687520293435,544.6860961914062,23739774,0.0,1.8771331058020546,0,2023-05-17,2023-05-17,True,2023-05-17,SBIN_2023-05-17,2023-03-01,18.7,18.71,543.54,1070.0,-0.05,-49.16,-2.06
2023-05-18,SBIN,548.4022546453205,551.7467714005976,530.8437543166006,533.4450073242188,45656620,-2.0637737856332827,3.811621288376373,1,2023-05-17,2023-05-18,True,2023-05-17,SBIN_2023-05-17,2023-03-01,18.7,18.71,543.54,1070.0,-0.05,-49.16,-2.06
2023-05-19,SBIN,537.9042299383079,544.6396455981572,529.450144687857,534.3275146484375,42293962,0.16543548296485966,2.823829980300084,2,2023-05-17,2023-05-19,True,2023-05-17,SBIN_2023-05-17,2023-03-01,18.7,18.71,543.54,1070.0,-0.05,-49.16,-2.06
2023-05-22,SBIN,536.5106821829805,539.1119347559843,532.7481510771131,536.185546875,21484049,0.3477328371878752,1.1861429586039025,3,2023-05-17,2023-05-22,True,2023-05-17,SBIN_2023-05-17,2023-03-01,18.7,18.71,543.54,1070.0,-0.05,-49.16,-2.06
2023-05-16,BANDHANBNK,237.2975732404689,238.89569384249887,234.87616943189275,236.6195831298828,6185472,-0.2857081678057094,1.6938750597895416,-3,2023-05-19,2023-05-16,True,2023-05-19,BANDHANBNK_2023-05-19,2023-03-01,,5.01,,30.59,,,
2023-05-17,BANDHANBNK,237.2975849020675,237.8302967219487,233.52020068668568,235.9416046142578,6646566,-0.2865267982713249,1.816325284996812,-2,2023-05-19,2023-05-17,True,2023-05-19,BANDHANBNK_2023-05-19,2023-03-01,,5.01,,30.59,,,
2023-05-18,BANDHANBNK,237.24914049456223,240.4938274862447,235.55415784080367,236.3290100097656,7280219,0.1641954568127879,2.082060080447055,-1,2023-05-19,2023-05-18,True,2023-05-19,BANDHANBNK_2023-05-19,2023-03-01,,5.01,,30.59,,,
2023-05-19,BANDHANBNK,237.6849880390405,238.31456188638788,228.7257940942821,230.46920776367188,7503798,-2.4795103427427634,4.034233659944396,0,2023-05-19,2023-05-19,True,2023-05-19,BANDHANBNK_2023-05-19,2023-03-01,5.0,5.01,31.01,30.59,-0.2,1.37,-0.68
2023-05-22,BANDHANBNK,226.6434159287021,236.8617438334398,226.6434159287021,234.7309112548828,12099282,1.8491422487905584,4.508548312717009,1,2023-05-19,2023-05-22,True,2023-05-19,BANDHANBNK_2023-05-19,2023-03-01,5.0,5.01,31.01,30.59,-0.2,1.37,-0.68
2023-05-23,BANDHANBNK,234.82772883784352,247.515890189758,233.9560294138816,245.82090759277344,16102004,4.724557272241214,5.774386544120587,2,2023-05-19,2023-05-23,True,2023-05-19,BANDHANBNK_2023-05-19,2023-03-01,5.0,5.01,31.01,30.59,-0.2,1.37,-0.68
2023-05-24,BANDHANBNK,245.7240395245125,253.76310260089005,244.56176872795703,252.8914031982422,17792110,2.8762791882542826,3.7445802578933796,3,2023-05-19,2023-05-24,True,2023-05-19,BANDHANBNK_2023-05-19,2023-03-01,5.0,5.01,31.01,30.59,-0.2,1.37,-0.68
2023-05-16,PNB,45.4278763494462,45.934677520240015,44.967147373254896,45.15143966674805,34288935,0.1021473006700413,2.129815929634391,-3,2023-05-19,2023-05-16,True,2023-05-19,PNB_2023-05-19,2023-03-01,,1.09,,126.31,,,
2023-05-17,PNB,45.2896589375186,45.612167808922194,44.690709873388414,45.42787551879883,31020370,0.6122415012479898,2.0345879327663283,-2,2023-05-19,2023-05-17,True,2023-05-19,PNB_2023-05-19,2023-03-01,,1.09,,126.31,,,
2023-05-18,PNB,45.70430868216,45.796456577677816,44.55248635130836,44.64463424682617,32314683,-1.7241424192256938,2.721778891833498,-1,2023-05-19,2023-05-18,True,2023-05-19,PNB_2023-05-19,2023-03-01,,1.09,,126.31,,,
2023-05-19,PNB,45.01322082266079,45.7043143062129,44.55249183362605,45.38180541992188,46965076,1.6511976982947596,2.558853713500533,0,2023-05-19,2023-05-19,True,2023-05-19,PNB_2023-05-19,2023-03-01,1.1,1.09,129.19,126.31,0.92,2.28,4.33
2023-05-22,PNB,45.93467541514897,46.76398894032086,45.79645883767564,46.57969665527344,59690876,2.6395847945390516,2.1063174908734306,1,2023-05-19,2023-05-22,True,2023-05-19,PNB_2023-05-19,2023-03-01,1.1,1.09,129.19,126.31,0.92,2.28,4.33
2023-05-23,PNB,46.76399066650604,46.94828295835618,46.34933388861399,46.625770568847656,30905073,0.09891415548539673,1.280791183997857,2,2023-05-19,2023-05-23,True,2023-05-19,PNB_2023-05-19,2023-03-01,1.1,1.09,129.19,126.31,0.92,2.28,4.33
2023-05-24,PNB,46.30326374097488,46.81006492965049,45.888606944755466,45.98075485229492,25931404,-1.3833888613171585,1.9900497512437776,3,2023-05-19,2023-05-24,True,2023-05-19,PNB_2023-05-19,2023-03-01,1.1,1.09,129.19,126.31,0.92,2.28,4.33
2023-05-26,AUBANK,763.7951074502137,776.0325313769874,762.1534758824204,774.24169921875,1075483,1.0780580309885046,1.8171176221460341,-3,2023-05-31,2023-05-26,True,2023-05-31,AUBANK_2023-05-31,2023-03-01,,6.32,,15.46,,,
2023-05-29,AUBANK,776.3310363469642,790.9562777791419,772.6001105083833,786.3796997070312,2625329,1.5677275585297412,2.3644768032376797,-2,2023-05-31,2023-05-29,True,2023-05-31,AUBANK_2023-05-31,2023-03-01,,6.32,,15.46,,,
2023-05-30,AUBANK,785.43442395211,785.43442395211,767.0782589186504,772.2020874023438,1145487,-1.8028965282254172,2.3370716222362677,-1,2023-05-31,2023-05-30,True,2023-05-31,AUBANK_2023-05-31,2023-03-01,,6.32,,15.46,,,
2023-05-31,AUBANK,769.068116379246,781.0070780824167,754.1444142502827,772.9483032226562,3839806,0.09663478414345672,3.492884864165577,0,2023-05-31,2023-05-31,True,2023-05-31,AUBANK_2023-05-31,2023-03-01,6.4,6.32,15.46,15.46,1.27,0.0,-0.82
2023-06-01,AUBANK,774.0427537096054,778.171669294982,761.4073392868855,765.834716796875,1386561,-0.9203185253298996,2.1658144757189897,1,2023-05-31,2023-06-01,True,2023-05-31,AUBANK_2023-05-31,2023-03-01,6.4,6.32,15.46,15.46,1.27,0.0,-0.82
2023-06-02,AUBANK,770.0630594280948,775.9828069781995,765.0387583299965,769.515869140625,1927608,0.480671907790553,1.4211886304909649,2,2023-05-31,2023-06-02,True,2023-05-31,AUBANK_2023-05-31,2023-03-01,6.4,6.32,15.46,15.46,1.27,0.0,-0.82
2023-06-05,AUBANK,761.3575610605544,768.620417515081,745.1902165754396,747.1303100585938,2901296,-2.9090445018412514,3.0774240827139927,3,2023-05-31,2023-06-05,True,2023-05-31,AUBANK_2023-05-31,2023-03-01,6.4,6.32,15.46,15.46,1.27,0.0,-0.82
2023-07-07,FEDERALBNK,132.87943788949983,133.12379140342472,130.28929660755847,132.09750366210938,13848264,-0.1846501798595357,2.1331327411419094,-3,2023-07-12,2023-07-07,True,2023-07-12,FEDERALBNK_2023-07-12,2023-06-01,,3.98,,26.51,,,
2023-07-10,FEDERALBNK,132.09751535846772,132.43961627391522,129.50737384718647,130.87574768066406,12720773,-0.9248895305171145,2.219755927105548,-2,2023-07-12,2023-07-10,True,2023-07-12,FEDERALBNK_2023-07-12,2023-06-01,,3.98,,26.51,,,
2023-07-11,FEDERALBNK,132.04862931771206,132.43958892822266,130.6313671727665,131.9508819580078,8025060,0.8214923669181751,1.3693604884800057,-1,2023-07-12,2023-07-11,True,2023-07-12,FEDERALBNK_2023-07-12,2023-06-01,,3.98,,26.51,,,
2023-07-12,FEDERALBNK,131.95089500043645,133.31926868663098,130.8757335940303,131.21783447265625,15485814,-0.5555457261625985,1.8518518518518583,0,2023-07-12,2023-07-12,True,2023-07-12,FEDERALBNK_2023-07-12,2023-06-01,3.98,3.98,26.51,26.51,0.0,0.0,-6.11
2023-07-13,FEDERALBNK,131.9509038981601,132.0975100479403,123.5940103351122,123.88723754882812,72729803,-5.58658581227821,6.4444421838831065,1,2023-07-12,2023-07-13,True,2023-07-12,FEDERALBNK_2023-07-12,2023-06-01,3.98,3.98,26.51,26.51,0.0,0.0,-6.11
2023-07-14,FEDERALBNK,125.15787867444782,127.06383318945856,123.74062375308796,126.37964630126952,30563704,2.0118365715104725,2.655213935843952,2,2023-07-12,2023-07-14,True,2023-07-12,FEDERALBNK_2023-07-12,2023-06-01,3.98,3.98,26.51,26.51,0.0,0.0,-6.11
2023-07-17,FEDERALBNK,128.04123417130856,130.68024899200853,126.86834035257012,129.6051025390625,29948533,2.5521959684109197,2.977094577469002,3,2023-07-12,2023-07-17,True,2023-07-12,FEDERALBNK_2023-07-12,2023-06-01,3.98,3.98,26.51,26.51,0.0,0.0,-6.11
2023-07-12,HDFCBANK,792.5272531476065,797.7697889233564,779.0260418202364,781.8028564453125,70958358,-0.9372826559979397,2.3650602586443785,-3,2023-07-17,2023-07-12,True,2023-07-17,HDFCBANK_2023-07-17,2023-06-01,,21.14,,327.68,,,
2023-07-13,HDFCBANK,793.1735289409957,793.532604310247,784.2445681802172,785.7047729492188,41913546,0.49909212683711957,1.1709967354093014,-2,2023-07-17,2023-07-13,True,2023-07-17,HDFCBANK_2023-07-17,2023-06-01,,21.14,,327.68,,,
2023-07-14,HDFCBANK,791.6894113288874,791.6894113288874,782.7843533101579,787.3326416015625,24727214,0.207185791456177,1.1248171178368993,-1,2023-07-17,2023-07-14,True,2023-07-17,HDFCBANK_2023-07-17,2023-06-01,,21.14,,327.68,,,
2023-07-17,HDFCBANK,789.9658626293475,805.2864126924621,781.8268204083179,803.80224609375,49252928,2.091822899490814,2.9696969696969706,0,2023-07-17,2023-07-17,True,2023-07-17,HDFCBANK_2023-07-17,2023-06-01,10.5,21.14,328.29,327.68,-50.33,0.19,2.01
2023-07-18,HDFCBANK,812.9466853634967,815.8192884919896,799.5412040971963,803.1319580078125,81076818,-0.0833896756565311,2.002355712603068,1,2023-07-17,2023-07-18,True,2023-07-17,HDFCBANK_2023-07-17,2023-06-01,10.5,21.14,328.29,327.68,-50.33,0.19,2.01
2023-07-19,HDFCBANK,804.8555610048314,808.5181419226229,801.9350926545632,806.7706298828125,32935134,0.4530602771711134,0.8179168520425057,2,2023-07-17,2023-07-19,True,2023-07-17,HDFCBANK_2023-07-17,2023-06-01,10.5,21.14,328.29,327.68,-50.33,0.19,2.01
2023-07-20,HDFCBANK,804.8795083270657,810.0741208768967,804.3289143458549,808.5181274414062,56210948,0.216604012821775,0.7137970928074938,3,2023-07-17,2023-07-20,True,2023-07-17,HDFCBANK_2023-07-17,2023-06-01,10.5,21.14,328.29,327.68,-50.33,0.19,2.01
2023-07-12,INDUSINDBK,1354.6919525999838,1367.3804066286284,1334.0055345308265,1354.1982421875,4921224,-0.6879230139271164,2.463650281065553,-3,2023-07-17,2023-07-12,True,2023-07-17,INDUSINDBK_2023-07-17,2023-06-01,,27.33,,70.77,,,
2023-07-13,INDUSINDBK,1366.5903966863716,1373.996052737779,1349.211814592689,1358.9873046875,5174896,0.35364560009056856,1.8135820510070482,-2,2023-07-17,2023-07-13,True,2023-07-17,INDUSINDBK_2023-07-17,2023-06-01,,27.33,,70.77,,,
2023-07-14,INDUSINDBK,1358.8884819283292,1366.5409932701416,1349.804258613891,1359.678466796875,3885754,0.0508586141306111,1.2316488717676284,-1,2023-07-17,2023-07-14,True,2023-07-17,INDUSINDBK_2023-07-17,2023-06-01,,27.33,,70.77,,,
2023-07-17,INDUSINDBK,1362.6406271069309,1387.0792905278704,1352.3714272594632,1373.008544921875,4003275,0.980384587276939,2.5471032184103204,0,2023-07-17,2023-07-17,True,2023-07-17,INDUSINDBK_2023-07-17,2023-06-01,27.33,27.33,70.77,70.77,0.0,0.0,0.96
2023-07-18,INDUSINDBK,1380.4142296799137,1391.473294035691,1365.1092078200863,1372.76171875,4106331,-0.017977031008864497,1.909867751922396,1,2023-07-17,2023-07-18,True,2023-07-17,INDUSINDBK_2023-07-17,2023-06-01,27.33,27.33,70.77,70.77,0.0,0.0,0.96
2023-07-19,INDUSINDBK,1412.011736395208,1425.2431991508993,1392.2633205015688,1401.6932373046875,8850582,2.1075411820947076,2.335666042941423,2,2023-07-17,2023-07-19,True,2023-07-17,INDUSINDBK_2023-07-17,2023-06-01,27.33,27.33,70.77,70.77,0.0,0.0,0.96
2023-07-20,INDUSINDBK,1408.0620618940115,1415.4677178997654,1400.360131434121,1407.2227783203125,4491531,0.39449009729530804,1.072934700429526,3,2023-07-17,2023-07-20,True,2023-07-17,INDUSINDBK_2023-07-17,2023-06-01,27.33,27.33,70.77,70.77,0.0,0.0,0.96
2023-07-17,UNIONBANK,72.0345095118223,73.84976417809116,71.63604227080872,73.49556732177734,13874597,2.4059067343191964,3.0731408074891267,-3,2023-07-20,2023-07-17,True,2023-07-20,UNIONBANK_2023-07-20,2023-06-01,,4.7,,125.01,,,
2023-07-18,UNIONBANK,74.11540675351918,74.29250855954766,72.74290322444993,73.49556732177734,14187072,0.0,2.090800554129246,-2,2023-07-20,2023-07-18,True,2023-07-20,UNIONBANK_2023-07-20,2023-06-01,,4.7,,125.01,,,
2023-07-19,UNIONBANK,73.76122367987543,75.48792422975411,73.2299249669185,75.31082916259766,16700982,2.4698929567721573,3.061228041220349,-1,2023-07-20,2023-07-19,True,2023-07-20,UNIONBANK_2023-07-20,2023-06-01,,4.7,,125.01,,,
2023-07-20,UNIONBANK,75.7093040069597,77.83447880391797,75.44365462393574,76.94898986816406,26873883,2.175199401973904,3.157900090803175,0,2023-07-20,2023-07-20,True,2023-07-20,UNIONBANK_2023-07-20,2023-06-01,4.7,4.7,127.43,125.01,0.0,1.94,6.23
2023-07-21,UNIONBANK,79.9153739691134,80.88941041703409,78.76423568609718,80.00392150878906,48387543,3.9700737408755904,2.659281469117903,1,2023-07-20,2023-07-21,True,2023-07-20,UNIONBANK_2023-07-20,2023-06-01,4.7,4.7,127.43,125.01,0.0,1.94,6.23
2023-07-24,UNIONBANK,80.57948602581533,83.50160195762045,77.48027502482243,78.49858856201172,43369893,-1.881573950861859,7.472530826107479,2,2023-07-20,2023-07-24,True,2023-07-20,UNIONBANK_2023-07-20,2023-06-01,4.7,4.7,127.43,125.01,0.0,1.94,6.23
2023-07-25,UNIONBANK,78.8527776908185,80.00390903866487,76.81615081700411,77.92301177978516,15738771,-0.733232014448093,4.04267080376033,3,2023-07-20,2023-07-25,True,2023-07-20,UNIONBANK_2023-07-20,2023-06-01,4.7,4.7,127.43,125.01,0.0,1.94,6.23
2023-07-18,YESBANK,17.700000762939453,17.899999618530273,17.350000381469727,17.5,165941309,-1.1299477645120626,3.107340188437416,-3,2023-07-21,2023-07-18,True,2023-07-21,YESBANK_2023-07-21,2023-06-01,,0.12,,75.84,,,
2023-07-19,YESBANK,17.5,17.600000381469727,17.299999237060547,17.450000762939453,107842846,-0.28570992606026246,1.714292253766741,-2,2023-07-21,2023-07-19,True,2023-07-21,YESBANK_2023-07-21,2023-06-01,,0.12,,75.84,,,
2023-07-20,YESBANK,17.399999618530273,18.100000381469727,17.350000381469727,17.700000762939453,214353303,1.432664693808805,4.3103449220842585,-1,2023-07-21,2023-07-20,True,2023-07-21,YESBANK_2023-07-21,2023-06-01,,0.12,,75.84,,,
2023-07-21,YESBANK,17.700000762939453,18.200000762939453,17.600000381469727,18.049999237060547,242664132,1.9773924239253393,3.3898325175556887,0,2023-07-21,2023-07-21,True,2023-07-21,YESBANK_2023-07-21,2023-06-01,0.12,0.12,75.84,75.84,0.0,0.0,-1.69
2023-07-24,YESBANK,18.39999961853028,18.450000762939453,17.299999237060547,17.399999618530273,274651589,-3.6011060720472665,6.25000842239563,1,2023-07-21,2023-07-24,True,2023-07-21,YESBANK_2023-07-21,2023-06-01,0.12,0.12,75.84,75.84,0.0,0.0,-1.69
2023-07-25,YESBANK,17.399999618530273,17.600000381469727,16.950000762939453,17.049999237060547,112478211,-2.011496489327458,3.735630073451559,2,2023-07-21,2023-07-25,True,2023-07-21,YESBANK_2023-07-21,2023-06-01,0.12,0.12,75.84,75.84,0.0,0.0,-1.69
2023-07-26,YESBANK,17.049999237060547,17.149999618530273,16.649999618530273,17.0,113833184,-0.29325067036874986,2.9325514508715074,3,2023-07-21,2023-07-26,True,2023-07-21,YESBANK_2023-07-21,2023-06-01,0.12,0.12,75.84,75.84,0.0,0.0,-1.69
2023-07-19,ICICIBANK,948.3288481005554,948.3288481005554,936.2811891871556,941.9905395507812,15994261,-0.20503989484059737,1.2704094088807403,-3,2023-07-22,2023-07-19,False,2023-07-24,ICICIBANK_2023-07-22,2023-06-01,,13.76,,236.4,,,
2023-07-20,ICICIBANK,944.5065612098798,965.8923814574688,940.684203243526,963.4247436523438,26487838,2.275416068592806,2.668925685561359,-2,2023-07-22,2023-07-20,False,2023-07-24,ICICIBANK_2023-07-22,2023-06-01,,13.76,,236.4,,,
2023-07-21,ICICIBANK,963.1344078710804,969.0856790406556,956.84447144192,964.7794799804688,16903003,0.14061672559801952,1.2709760443294396,-1,2023-07-22,2023-07-21,False,2023-07-24,ICICIBANK_2023-07-22,2023-06-01,,13.76,,236.4,,,
2023-07-24,ICICIBANK,972.472540227103,976.1013496022506,958.1024196639266,959.9410400390624,21687719,-0.5015073435749584,1.850841971755895,0,2023-07-22,2023-07-24,False,2023-07-24,ICICIBANK_2023-07-22,2023-06-01,13.8,13.76,236.62,236.4,0.29,0.09,-0.5
2023-07-25,ICICIBANK,966.714794812472,966.714794812472,956.312208181607,962.5537719726562,29325327,0.2721762925655957,1.0760760760760724,1,2023-07-22,2023-07-25,False,2023-07-24,ICICIBANK_2023-07-22,2023-06-01,13.8,13.76,236.62,236.4,0.29,0.09,-0.5
2023-07-26,ICICIBANK,961.0055423866522,965.5052899891136,958.0057500267828,964.247314453125,12780537,0.17594263611870886,0.7803846732981093,2,2023-07-22,2023-07-26,False,2023-07-24,ICICIBANK_2023-07-22,2023-06-01,13.8,13.76,236.62,236.4,0.29,0.09,-0.5
2023-07-27,ICICIBANK,970.1501028645304,973.9724606478104,955.2961997425044,958.2476196289062,25932395,-0.6222153522534302,1.925089823745954,3,2023-07-22,2023-07-27,False,2023-07-24,ICICIBANK_2023-07-22,2023-06-01,13.8,13.76,236.62,236.4,0.29,0.09,-0.5
2023-07-19,KOTAKBANK,377.1469416061386,381.1676216281366,376.50005746098,379.4956665039063,16888935,0.8329556754060441,1.2375983077786823,-3,2023-07-22,2023-07-19,False,2023-07-24,KOTAKBANK_2023-07-22,2023-06-01,,17.33,,89.17,,,
2023-07-20,KOTAKBANK,378.38106289897706,390.6023118240779,376.76878777555487,389.507568359375,46527925,2.6382124327539946,3.655976845811759,-2,2023-07-22,2023-07-20,False,2023-07-24,KOTAKBANK_2023-07-22,2023-06-01,,17.33,,89.17,,,
2023-07-21,KOTAKBANK,388.51235268300695,395.6480330310769,388.25358685355866,392.1548461914063,19248750,0.6796473411753601,1.9032718333029428,-1,2023-07-22,2023-07-21,False,2023-07-24,KOTAKBANK_2023-07-22,2023-06-01,,17.33,,89.17,,,
2023-07-24,KOTAKBANK,388.1341579875144,388.1341579875144,375.8333054050356,377.6346435546875,35165465,-3.7026707122807423,3.169227013221159,0,2023-07-22,2023-07-24,False,2023-07-24,KOTAKBANK_2023-07-22,2023-06-01,3.48,17.33,89.17,89.17,-79.92,0.0,-3.7
2023-07-25,KOTAKBANK,378.38105706365417,378.58008199952775,369.5136806936762,373.3054504394531,39724580,-1.1463972358265462,2.396103382185528,1,2023-07-22,2023-07-25,False,2023-07-24,KOTAKBANK_2023-07-22,2023-06-01,3.48,17.33,89.17,89.17,-79.92,0.0,-3.7
2023-07-26,KOTAKBANK,374.2011023555359,377.7639611900034,373.33526955794144,377.2464599609375,12310365,1.0557063972264746,1.183505768471562,2,2023-07-22,2023-07-26,False,2023-07-24,KOTAKBANK_2023-07-22,2023-06-01,3.48,17.33,89.17,89.17,-79.92,0.0,-3.7
2023-07-27,KOTAKBANK,375.992518858369,378.69950706195374,370.7278491191621,372.9571228027344,31450005,-1.1370119042726778,2.1201639774631915,3,2023-07-22,2023-07-27,False,2023-07-24,KOTAKBANK_2023-07-22,2023-06-01,3.48,17.33,89.17,89.17,-79.92,0.0,-3.7
2023-07-19,BANDHANBNK,209.40299115210905,210.27470536042912,206.59416874314263,207.80487060546875,9756724,0.11665217948733098,1.7576332587403074,-3,2023-07-24,2023-07-19,True,2023-07-24,BANDHANBNK_2023-07-24,2023-06-01,,4.49,,28.8,,,
2023-07-20,BANDHANBNK,207.8048853611225,208.53130653009933,204.6086292618091,204.9960479736328,10656197,-1.3516635214814943,1.8876732669077543,-2,2023-07-24,2023-07-20,True,2023-07-24,BANDHANBNK_2023-07-24,2023-06-01,,4.49,,28.8,,,
2023-07-21,BANDHANBNK,205.09289867506115,211.96969127190007,203.39791604138296,211.1464080810547,27199429,3.0002335011906966,4.179459789145508,-1,2023-07-24,2023-07-21,True,2023-07-24,BANDHANBNK_2023-07-24,2023-06-01,,4.49,,28.8,,,
2023-07-24,BANDHANBNK,213.0835190697533,213.8099401574911,209.887263327892,211.7759552001953,12972450,0.2981566794633572,1.8409104780717538,0,2023-07-24,2023-07-24,True,2023-07-24,BANDHANBNK_2023-07-24,2023-06-01,4.48,4.49,28.8,28.8,-0.22,0.0,0.09
2023-07-25,BANDHANBNK,212.59925132631537,213.6162438670628,209.45142642057263,211.34011840820312,10474177,-0.2058008859316396,1.9589991124181556,1,2023-07-24,2023-07-25,True,2023-07-24,BANDHANBNK_2023-07-24,2023-06-01,4.48,4.49,28.8,28.8,-0.22,0.0,0.09
2023-07-26,BANDHANBNK,211.63070314533635,216.957791782862,209.98415143137103,213.76153564453125,16655239,1.1457442413518315,3.2951931113236648,2,2023-07-24,2023-07-26,True,2023-07-24,BANDHANBNK_2023-07-24,2023-06-01,4.48,4.49,28.8,28.8,-0.22,0.0,0.09
2023-07-27,BANDHANBNK,215.0206774733137,215.79552971732127,209.06402948196768,209.7420196533203,20508751,-1.8803738376463985,3.1306292559649487,3,2023-07-24,2023-07-27,True,2023-07-24,BANDHANBNK_2023-07-24,2023-06-01,4.48,4.49,28.8,28.8,-0.22,0.0,0.09
2023-07-19,CANBK,60.016813488539945,61.74561941318192,59.64375927738122,61.590938568115234,59625690,3.0446023833455405,3.502118845749856,-3,2023-07-24,2023-07-19,True,2023-07-24,CANBK_2023-07-24,2023-06-01,,3.9,,134.84,,,
2023-07-20,CANBK,61.873008728027344,62.78290591520422,61.39986524515981,61.873008728027344,54864325,0.45797347218561324,2.2352891809800037,-2,2023-07-24,2023-07-20,True,2023-07-24,CANBK_2023-07-24,2023-06-01,,3.9,,134.84,,,
2023-07-21,CANBK,61.87300707019167,62.7192117092714,61.33617107628441,61.53634262084961,31280540,-0.5441243509873628,2.2352891809800086,-1,2023-07-24,2023-07-21,True,2023-07-24,CANBK_2023-07-24,2023-06-01,,3.9,,134.84,,,
2023-07-24,CANBK,61.87301202286528,63.94757660938813,60.82662881349735,61.81842041015625,126452930,0.45839219117169705,5.044118095846742,0,2023-07-24,2023-07-24,True,2023-07-24,CANBK_2023-07-24,2023-06-01,3.9,3.9,134.85,134.84,0.0,0.01,-1.57
2023-07-25,CANBK,62.23696710585681,62.40074887226556,60.05321253439502,60.57185363769531,63249455,-2.016497290273911,3.771932417397026,1,2023-07-24,2023-07-25,True,2023-07-24,CANBK_2023-07-24,2023-06-01,3.9,3.9,134.85,134.84,0.0,0.01,-1.57
2023-07-26,CANBK,60.97221331292789,61.563647881293456,60.69924137615464,61.38166427612305,47384160,1.3369421435763584,1.4177056369963486,2,2023-07-24,2023-07-26,True,2023-07-24,CANBK_2023-07-24,2023-06-01,3.9,3.9,134.85,134.84,0.0,0.01,-1.57
2023-07-27,CANBK,61.654635697957694,63.62911093930398,61.600037145880215,62.74650955200195,66811855,2.2235390518888565,3.2910320050613415,3,2023-07-24,2023-07-27,True,2023-07-24,CANBK_2023-07-24,2023-06-01,3.9,3.9,134.85,134.84,0.0,0.01,-1.57
2023-07-21,AXISBANK,969.27418424059,982.6421320165374,965.68282618478,968.9749145507812,6230317,-0.6749246507130158,1.749691274924934,-3,2023-07-26,2023-07-21,True,2023-07-26,AXISBANK_2023-07-26,2023-06-01,,18.85,,170.44,,,
2023-07-24,AXISBANK,971.119721617168,982.5921923743232,966.4808286510472,969.1743774414062,9167788,0.020584938539669473,1.6590502040723007,-2,2023-07-26,2023-07-24,True,2023-07-26,AXISBANK_2023-07-26,2023-06-01,,18.85,,170.44,,,
2023-07-25,AXISBANK,975.3097424302704,975.3097424302704,951.5167976207896,960.1959838867188,13448045,-0.92639609173224,2.439527031709299,-1,2023-07-26,2023-07-25,True,2023-07-26,AXISBANK_2023-07-26,2023-06-01,,18.85,,170.44,,,
2023-07-26,AXISBANK,964.5354766047416,977.6540217625826,960.9939869690232,974.461669921875,8298226,1.4857056553612136,1.7272599295366824,0,2023-07-26,2023-07-26,True,2023-07-26,AXISBANK_2023-07-26,2023-06-01,18.8,18.85,170.46,170.44,-0.27,0.01,-0.27
2023-07-27,AXISBANK,986.9817512300872,987.6302196693304,953.4622044939016,957.602294921875,17858061,-1.7301219247907063,3.4618689892538295,1,2023-07-26,2023-07-27,True,2023-07-26,AXISBANK_2023-07-26,2023-06-01,18.8,18.85,170.46,170.44,-0.27,0.01,-0.27
2023-07-28,AXISBANK,957.6022192953338,967.4286160462416,939.9445773118848,947.676025390625,8504392,-1.0365753699514535,2.8700892897451014,2,2023-07-26,2023-07-28,True,2023-07-26,AXISBANK_2023-07-26,2023-06-01,18.8,18.85,170.46,170.44,-0.27,0.01,-0.27
2023-07-31,AXISBANK,952.414649929464,956.3052775703624,946.0299459031512,951.6165771484376,6601991,0.4158121185125818,1.0788716519608508,3,2023-07-26,2023-07-31,True,2023-07-26,AXISBANK_2023-07-26,2023-06-01,18.8,18.85,170.46,170.44,-0.27,0.01,-0.27
2023-07-21,PNB,59.54795774841287,60.014638099317054,58.14792737708438,58.42793273925781,56213660,-1.957711546126828,3.1348022548807366,-3,2023-07-26,2023-07-21,True,2023-07-26,PNB_2023-07-26,2023-06-01,,1.12,,129.38,,,
2023-07-24,PNB,58.89461154743271,59.547959788528686,57.77459006036702,57.96125793457031,56162634,-0.79871866555693,3.0110899479036837,-2,2023-07-26,2023-07-24,True,2023-07-26,PNB_2023-07-26,2023-06-01,,1.12,,129.38,,,
2023-07-25,PNB,58.28793269434407,58.801276459277226,56.51455944043527,56.654563903808594,61394039,-2.254426624482142,3.923139684560892,-1,2023-07-26,2023-07-25,True,2023-07-26,PNB_2023-07-26,2023-06-01,,1.12,,129.38,,,
2023-07-26,PNB,56.93456873141959,59.50129109226227,56.141219607707306,58.94128036499024,166000733,4.036244043929393,5.901636842821459,0,2023-07-26,2023-07-26,True,2023-07-26,PNB_2023-07-26,2023-06-01,1.1,1.12,129.38,129.38,-1.79,0.0,2.8
2023-07-27,PNB,59.54796110865776,59.6412986082901,57.91459224993813,58.24126815795898,95604140,-1.1876433675965026,2.8996901425411195,1,2023-07-26,2023-07-27,True,2023-07-26,PNB_2023-07-26,2023-06-01,1.1,1.12,129.38,129.38,-1.79,0.0,2.8
2023-07-28,PNB,58.33460233336316,58.66127468224536,57.40124869602935,57.82125854492188,51987753,-0.7211546491363574,2.1599975585937456,2,2023-07-26,2023-07-28,True,2023-07-26,PNB_2023-07-26,2023-06-01,1.1,1.12,129.38,129.38,-1.79,0.0,2.8
2023-07-31,PNB,57.86792500076788,58.3346018152902,57.58791962414679,57.72792053222656,37185529,-0.16142507970974274,1.2903213500976551,3,2023-07-26,2023-07-31,True,2023-07-26,PNB_2023-07-26,2023-06-01,1.1,1.12,129.38,129.38,-1.79,0.0,2.8
2023-07-26,IDFCFIRSTB,82.63597424620549,84.275775582304,82.5862803096876,84.12670135498047,35416467,1.926552535921755,2.0445033631269576,-3,2023-07-29,2023-07-26,False,2023-07-31,IDFCFIRSTB_2023-07-29,2023-06-01,,1.15,,51.59,,,
2023-07-27,IDFCFIRSTB,84.92175456697339,85.56773785568295,81.54277905476428,82.03968811035156,57037266,-2.4807976671075704,4.739608621421489,-2,2023-07-29,2023-07-27,False,2023-07-31,IDFCFIRSTB_2023-07-29,2023-06-01,,1.15,,51.59,,,
2023-07-28,IDFCFIRSTB,82.4868985251412,83.62979080428494,82.0396834334993,83.43102264404297,31513904,1.6959285996064777,1.9277090049651728,-1,2023-07-29,2023-07-28,False,2023-07-31,IDFCFIRSTB_2023-07-29,2023-06-01,,1.15,,51.59,,,
2023-07-31,IDFCFIRSTB,84.97143924683175,87.75413268780699,83.53040617553756,86.66092681884766,101482338,3.8713467394317025,4.9707602339181385,0,2023-07-29,2023-07-31,False,2023-07-31,IDFCFIRSTB_2023-07-29,2023-06-01,1.15,1.15,51.59,51.59,0.0,0.0,3.87
2023-08-01,IDFCFIRSTB,87.10815986077957,88.89702793003565,86.95908562611726,87.9529037475586,44063991,1.4908413470024806,2.224754037986456,1,2023-07-29,2023-08-01,False,2023-07-31,IDFCFIRSTB_2023-07-29,2023-06-01,1.15,1.15,51.59,51.59,0.0,0.0,3.87
2023-08-02,IDFCFIRSTB,87.75413247560179,87.75413247560179,85.02113297427165,86.5615463256836,38132375,-1.5819346065804263,3.1143826783200153,2,2023-07-29,2023-08-02,False,2023-07-31,IDFCFIRSTB_2023-07-29,2023-06-01,1.15,1.15,51.59,51.59,0.0,0.0,3.87
2023-08-03,IDFCFIRSTB,86.76031796588579,87.35660727372155,85.31927725786696,86.4124755859375,34558158,-0.1722135822126214,2.348227926799061,3,2023-07-29,2023-08-03,False,2023-07-31,IDFCFIRSTB_2023-07-29,2023-06-01,1.15,1.15,51.59,51.59,0.0,0.0,3.87
2023-08-01,SBIN,587.3766262120196,587.9921910123245,578.2846606992431,579.468505859375,13493453,-1.3463494194831283,1.6526926472517438,-3,2023-08-04,2023-08-01,True,2023-08-04,SBIN_2023-08-04,2023-06-01,,18.92,,509.71,,,
2023-08-02,SBIN,577.5743429390312,578.189965532909,562.6578941967817,566.7777099609375,14977497,-2.1900751758055503,2.689189976322553,-2,2023-08-04,2023-08-02,True,2023-08-04,SBIN_2023-08-04,2023-06-01,,18.92,,509.71,,,
2023-08-03,SBIN,567.0145102168711,569.0506892838814,554.0395552258084,559.2484741210938,27774877,-1.328428360452405,2.647398574038534,-1,2023-08-04,2023-08-03,True,2023-08-04,SBIN_2023-08-04,2023-06-01,,18.92,,509.71,,,
2023-08-04,SBIN,563.3208772718776,567.0144973448427,541.1593302489086,542.958740234375,52725616,-2.9127900460201417,4.589776118568286,0,2023-08-04,2023-08-04,True,2023-08-04,SBIN_2023-08-04,2023-06-01,18.9,18.92,509.68,509.71,-0.11,-0.01,-3.83
2023-08-07,SBIN,546.46297490863,546.46297490863,536.660759225921,537.8446044921875,32736325,-0.9419013569944457,1.7937566006824188,1,2023-08-04,2023-08-07,True,2023-08-04,SBIN_2023-08-04,2023-06-01,18.9,18.92,509.68,509.71,-0.11,-0.01,-3.83
2023-08-08,SBIN,540.7804504311654,543.858447740975,538.3654179490715,542.769287109375,25038671,0.9156329869362878,1.0157596835321787,2,2023-08-04,2023-08-08,True,2023-08-04,SBIN_2023-08-04,2023-06-01,18.9,18.92,509.68,509.71,-0.11,-0.01,-3.83
2023-08-09,SBIN,544.5687939346745,544.5687939346745,538.270714326323,543.3849487304688,15769111,0.11342970866545787,1.1565259850543521,3,2023-08-04,2023-08-09,True,2023-08-04,SBIN_2023-08-04,2023-06-01,18.9,18.92,509.68,509.71,-0.11,-0.01,-3.83
2023-08-02,BANKBARODA,182.922416895206,183.01350537482148,175.49801774309836,177.4110565185547,24788813,-3.1576435448693374,4.108565674609825,-3,2023-08-06,2023-08-02,False,2023-08-07,BANKBARODA_2023-08-06,2023-06-01,,7.87,,143.19,,,
2023-08-03,BANKBARODA,177.6388074179027,178.00318915506128,174.08603682965355,176.0901641845703,21237820,-0.7445377756635119,2.2051219451121753,-2,2023-08-06,2023-08-03,False,2023-08-07,BANKBARODA_2023-08-06,2023-06-01,,7.87,,143.19,,,
2023-08-04,BANKBARODA,177.36551706259058,178.6864182567109,172.71958728669097,174.31378173828125,32781495,-1.0087914078080629,3.364143757387917,-1,2023-08-06,2023-08-04,False,2023-08-07,BANKBARODA_2023-08-06,2023-06-01,,7.87,,143.19,,,
2023-08-07,BANKBARODA,172.1730022868849,176.68229242386784,170.98874076094174,172.53738403320312,36759947,-1.0190804693487987,3.3068783068783123,0,2023-08-06,2023-08-07,False,2023-08-07,BANKBARODA_2023-08-06,2023-06-01,7.87,7.87,143.19,143.19,0.0,0.0,-1.02
2023-08-08,BANKBARODA,173.53944935233352,178.95970758879554,172.67403230622148,177.50216674804688,27985916,2.8775112956901605,3.6220440401492726,1,2023-08-06,2023-08-08,False,2023-08-07,BANKBARODA_2023-08-06,2023-06-01,7.87,7.87,143.19,143.19,0.0,0.0,-1.02
2023-08-09,BANKBARODA,177.6388087812305,178.13984409887306,175.22474847841502,176.7733917236328,18258446,-0.4105724666721988,1.6410240760216381,2,2023-08-06,2023-08-09,False,2023-08-07,BANKBARODA_2023-08-06,2023-06-01,7.87,7.87,143.19,143.19,0.0,0.0,-1.02
2023-08-10,BANKBARODA,176.27235885778697,177.45662037952172,173.76719613500188,174.81480407714844,19638255,-1.107965190568061,2.093024832949785,3,2023-08-06,2023-08-10,False,2023-08-07,BANKBARODA_2023-08-06,2023-06-01,7.87,7.87,143.19,143.19,0.0,0.0,-1.02
2023-08-25,AUBANK,741.0412138208319,749.1604639151925,732.4737115606985,734.7650146484375,889001,-1.106189764978316,2.2517981514761676,-3,2023-08-30,2023-08-25,True,2023-08-30,AUBANK_2023-08-30,2023-06-01,,5.8,,15.61,,,
2023-08-28,AUBANK,736.1597118230213,740.1944067243097,731.1785919931135,736.01025390625,1116902,0.1694744895289091,1.2247090660353435,-2,2023-08-30,2023-08-28,True,2023-08-30,AUBANK_2023-08-30,2023-06-01,,5.8,,15.61,,,
2023-08-29,AUBANK,735.3128407740375,737.2056905175092,727.2434514564617,728.68798828125,453151,-0.9948591865586498,1.3548300136525047,-1,2023-08-30,2023-08-29,True,2023-08-30,AUBANK_2023-08-30,2023-06-01,,5.8,,15.61,,,
2023-08-30,AUBANK,729.2359195677309,739.6962708730057,722.7106649620438,726.1974487304688,1202305,-0.3417840819162743,2.329233305050369,0,2023-08-30,2023-08-30,True,2023-08-30,AUBANK_2023-08-30,2023-06-01,5.8,5.8,15.61,15.61,0.0,0.0,-1.08
2023-08-31,AUBANK,727.19366751184,732.1747871457252,704.878227230161,720.8178100585938,5250911,-0.7407955895851193,3.753685040872524,1,2023-08-30,2023-08-31,True,2023-08-30,AUBANK_2023-08-30,2023-06-01,5.8,5.8,15.61,15.61,0.0,0.0,-1.08
2023-09-01,AUBANK,721.9136881890449,731.4276144672604,716.6835126073122,722.909912109375,1524424,0.29024006088462784,2.0423635264396283,2,2023-08-30,2023-09-01,True,2023-08-30,AUBANK_2023-08-30,2023-06-01,5.8,5.8,15.61,15.61,0.0,0.0,-1.08
2023-09-04,AUBANK,723.2585839043475,726.247255738663,710.6065276448084,713.9937133789062,1565336,-1.2333761899117168,2.162536116670979,3,2023-08-30,2023-09-04,True,2023-08-30,AUBANK_2023-08-30,2023-06-01,5.8,5.8,15.61,15.61,0.0,0.0,-1.08
2023-10-11,FEDERALBNK,146.5803421439261,147.17118433201497,144.31540952427756,144.758544921875,11961227,-0.6421101513729432,1.9482658902060384,-3,2023-10-16,2023-10-11,True,2023-10-16,FEDERALBNK_2023-10-16,2023-09-01,,4.12,,27.87,,,
2023-10-12,FEDERALBNK,145.4478739944252,148.54985195085027,144.56160316466017,147.0234832763672,11378622,1.5646318880274457,2.7420468080151945,-2,2023-10-16,2023-10-12,True,2023-10-16,FEDERALBNK_2023-10-16,2023-09-01,,4.12,,27.87,,,
2023-10-13,FEDERALBNK,146.4326248218644,149.78079076162803,146.23567741978974,147.1219482421875,15602219,0.06697227111347459,2.420985996905352,-1,2023-10-16,2023-10-13,True,2023-10-16,FEDERALBNK_2023-10-16,2023-09-01,,4.12,,27.87,,,
2023-10-16,FEDERALBNK,149.23918366630488,150.27317637587907,144.46312997386073,146.28492736816406,32531561,-0.568929982252242,3.8931105486408075,0,2023-10-16,2023-10-16,True,2023-10-16,FEDERALBNK_2023-10-16,2023-09-01,4.12,4.12,27.87,27.87,0.0,0.0,-0.67
2023-10-17,FEDERALBNK,148.45136499847513,148.45136499847513,145.69405637470504,146.13719177246094,13265518,-0.10099167314162605,1.8573817922108087,1,2023-10-16,2023-10-17,True,2023-10-16,FEDERALBNK_2023-10-16,2023-09-01,4.12,4.12,27.87,27.87,0.0,0.0,-0.67
2023-10-18,FEDERALBNK,146.72805392084234,147.26967054792254,143.57685039890805,144.31541442871094,20284169,-1.2466212889779338,2.5167785234899367,2,2023-10-16,2023-10-18,True,2023-10-16,FEDERALBNK_2023-10-16,2023-09-01,4.12,4.12,27.87,27.87,0.0,0.0,-0.67
2023-10-19,FEDERALBNK,144.0692232286628,145.44787004331815,142.98598999848838,144.61083984375,8868032,0.2047081499980674,1.7088174626459527,3,2023-10-16,2023-10-19,True,2023-10-16,FEDERALBNK_2023-10-16,2023-09-01,4.12,4.12,27.87,27.87,0.0,0.0,-0.67
2023-10-11,HDFCBANK,732.5616968533279,738.330865115236,731.7956810054357,737.1099853515625,31333360,0.9673099710068689,0.8921001654702619,-3,2023-10-16,2023-10-11,True,2023-10-16,HDFCBANK_2023-10-16,2023-09-01,,21.07,,374.63,,,
2023-10-12,HDFCBANK,735.4342849776942,743.046695154072,733.2798325755078,742.017333984375,22025336,0.6657552780908293,1.3280401496185932,-2,2023-10-16,2023-10-12,True,2023-10-16,HDFCBANK_2023-10-16,2023-09-01,,21.07,,374.63,,,
2023-10-13,HDFCBANK,737.3014842223872,741.5146589381054,732.4898505097352,735.2667236328125,39745300,-0.9097645085073824,1.2240323153409116,-1,2023-10-16,2023-10-13,True,2023-10-16,HDFCBANK_2023-10-16,2023-09-01,,21.07,,374.63,,,
2023-10-16,HDFCBANK,733.2319960651158,734.6443359841811,727.965556654919,732.3223266601562,17856084,-0.40045290749846085,0.910868506162262,0,2023-10-16,2023-10-16,True,2023-10-16,HDFCBANK_2023-10-16,2023-09-01,10.51,21.07,380.93,374.63,-50.12,1.68,0.35
2023-10-17,HDFCBANK,744.8420626176685,744.8420626176685,734.9076433348039,737.8759765625,32902558,0.758361407287933,1.3337618511971714,1,2023-10-16,2023-10-17,True,2023-10-16,HDFCBANK_2023-10-16,2023-09-01,10.51,21.07,380.93,374.63,-50.12,1.68,0.35
2023-10-18,HDFCBANK,737.8759782779842,737.8759782779842,726.8164677513256,727.6064453125,31216200,-1.3917692913437918,1.4988305422909605,2,2023-10-16,2023-10-18,True,2023-10-16,HDFCBANK_2023-10-16,2023-09-01,10.51,21.07,380.93,374.63,-50.12,1.68,0.35
2023-10-19,HDFCBANK,720.7361578942352,730.7184423716426,719.682834983418,725.308349609375,30252364,-0.3158432306269665,1.5311577291289407,3,2023-10-16,2023-10-19,True,2023-10-16,HDFCBANK_2023-10-16,2023-09-01,10.51,21.07,380.93,374.63,-50.12,1.68,0.35
2023-10-12,INDUSINDBK,1415.270313102843,1425.835667689683,1403.1249887721883,1406.3341064453125,2069952,0.21461346134057369,1.6046884264606525,-3,2023-10-17,2023-10-12,True,2023-10-17,INDUSINDBK_2023-10-17,2023-09-01,,28.31,,73.59,,,
2023-10-13,INDUSINDBK,1403.3223373821818,1447.855110133086,1402.1374806828333,1445.2877197265625,4480890,2.7698690590467256,3.2578138487794965,-2,2023-10-17,2023-10-13,True,2023-10-17,INDUSINDBK_2023-10-17,2023-09-01,,28.31,,73.59,,,
2023-10-16,INDUSINDBK,1444.448467998945,1444.448467998945,1426.2799014886368,1428.2054443359375,1913782,-1.181929048276753,1.2578203316230372,-1,2023-10-17,2023-10-16,True,2023-10-17,INDUSINDBK_2023-10-17,2023-09-01,,28.31,,73.59,,,
2023-10-17,INDUSINDBK,1436.5985566619836,1440.103828207073,1407.6177800743942,1417.936279296875,1373704,-0.719025759199321,2.2613170521458703,0,2023-10-17,2023-10-17,True,2023-10-17,INDUSINDBK_2023-10-17,2023-09-01,28.31,28.31,73.59,73.59,0.0,0.0,-1.8
2023-10-18,INDUSINDBK,1418.923611751512,1425.835556972292,1397.7927836838903,1402.4830322265625,3067244,-1.089840728102076,1.9763412953418769,1,2023-10-17,2023-10-18,True,2023-10-17,INDUSINDBK_2023-10-17,2023-09-01,28.31,28.31,73.59,73.59,0.0,0.0,-1.8
2023-10-19,INDUSINDBK,1433.2412709014957,1446.2751770629948,1405.1491977532603,1432.105712890625,13948984,2.1121596470963233,2.869438673355157,2,2023-10-17,2023-10-19,True,2023-10-17,INDUSINDBK_2023-10-17,2023-09-01,28.31,28.31,73.59,73.59,0.0,0.0,-1.8
2023-10-20,INDUSINDBK,1429.7851979585648,1453.2858592328355,1424.946812339185,1450.6197509765625,5135316,1.292784318873208,1.9820492570571229,3,2023-10-17,2023-10-20,True,2023-10-17,INDUSINDBK_2023-10-17,2023-09-01,28.31,28.31,73.59,73.59,0.0,0.0,-1.8
2023-10-13,AUBANK,713.5952279397599,717.2812688433645,709.311476967327,714.2427978515625,410117,0.09075790937089767,1.1168505006749063,-3,2023-10-18,2023-10-13,True,2023-10-18,AUBANK_2023-10-18,2023-09-01,,6.09,,16.74,,,
2023-10-16,AUBANK,714.242724708443,714.242724708443,700.4948472910883,706.67138671875,1680941,-1.0600612502621343,1.9248186844278585,-2,2023-10-18,2023-10-16,True,2023-10-18,AUBANK_2023-10-18,2023-09-01,,6.09,,16.74,,,
2023-10-17,AUBANK,712.1008723392251,712.1008723392251,703.3341136781121,703.9318237304688,620122,-0.3876714183945862,1.2311119114788562,-1,2023-10-18,2023-10-17,True,2023-10-18,AUBANK_2023-10-18,2023-09-01,,6.09,,16.74,,,
2023-10-18,AUBANK,706.2231867928737,708.9129428305642,700.0465861041893,701.7899780273438,1479098,-0.30426891226118524,1.2554610061217628,0,2023-10-18,2023-10-18,True,2023-10-18,AUBANK_2023-10-18,2023-09-01,6.0,6.09,16.74,16.74,-1.48,0.0,-0.21
2023-10-19,AUBANK,702.6367628372494,704.479813688056,694.3681159417781,702.4873657226562,603325,0.09937270652864427,1.439107413828845,1,2023-10-18,2023-10-19,True,2023-10-18,AUBANK_2023-10-18,2023-09-01,6.0,6.09,16.74,16.74,-1.48,0.0,-0.21
2023-10-20,AUBANK,701.8397966233202,704.5296135406563,695.4639388047966,697.1575317382812,1167195,-0.758708874271663,1.2917014366350181,2,2023-10-18,2023-10-20,True,2023-10-18,AUBANK_2023-10-18,2023-09-01,6.0,6.09,16.74,16.74,-1.48,0.0,-0.21
2023-10-23,AUBANK,696.5598145104199,708.4148433135906,687.8926537790586,692.823974609375,2223975,-0.6216037167526611,2.9462207131423614,3,2023-10-18,2023-10-23,True,2023-10-18,AUBANK_2023-10-18,2023-09-01,6.0,6.09,16.74,16.74,-1.48,0.0,-0.21
2023-10-17,YESBANK,17.149999618530273,17.299999237060547,17.049999237060547,17.100000381469727,76798183,0.2932618571647616,1.4577259799462583,-3,2023-10-20,2023-10-17,True,2023-10-20,YESBANK_2023-10-20,2023-09-01,,0.08,,31.35,,,
2023-10-18,YESBANK,17.149999618530273,17.25,16.950000762939453,17.049999237060547,76543547,-0.29240434674705496,1.749266727308862,-2,2023-10-20,2023-10-18,True,2023-10-20,YESBANK_2023-10-20,2023-09-01,,0.08,,31.35,,,
2023-10-19,YESBANK,17.100000381469727,17.25,17.0,17.049999237060547,69004632,0.0,1.4619882714792827,-1,2023-10-20,2023-10-19,True,2023-10-20,YESBANK_2023-10-20,2023-09-01,,0.08,,31.35,,,
2023-10-20,YESBANK,17.100000381469727,17.850000381469727,17.049999237060547,17.299999237060547,242605105,1.4662757254357617,4.678369161184898,0,2023-10-20,2023-10-20,True,2023-10-20,YESBANK_2023-10-20,2023-09-01,0.08,0.08,31.35,31.35,0.0,0.0,-4.11
2023-10-23,YESBANK,17.399999618530273,17.450000762939453,16.200000762939453,16.350000381469727,239210207,-5.4913231068571715,7.183908203473764,1,2023-10-20,2023-10-23,True,2023-10-20,YESBANK_2023-10-20,2023-09-01,0.08,0.08,31.35,31.35,0.0,0.0,-4.11
2023-10-25,YESBANK,16.399999618530273,16.700000762939453,15.850000381469728,16.0,156556497,-2.1406750660776686,5.182929275859944,2,2023-10-20,2023-10-25,True,2023-10-20,YESBANK_2023-10-20,2023-09-01,0.08,0.08,31.35,31.35,0.0,0.0,-4.11
2023-10-26,YESBANK,16.0,16.049999237060547,15.699999809265137,15.899999618530272,153370332,-0.6250023841858021,2.1874964237213135,3,2023-10-20,2023-10-26,True,2023-10-20,YESBANK_2023-10-20,2023-09-01,0.08,0.08,31.35,31.35,0.0,0.0,-4.11
2023-10-18,ICICIBANK,926.0849931287212,927.4996944851432,916.2309136675368,920.7677001953124,12000153,-1.064046975017563,1.2168192877778439,-3,2023-10-21,2023-10-18,False,2023-10-23,ICICIBANK_2023-10-21,2023-09-01,,14.57,,240.84,,,
2023-10-19,ICICIBANK,913.2063753381312,921.9872058702284,911.2550796643318,912.9624633789062,8612676,-0.8476879472151921,1.1752136752136524,-2,2023-10-21,2023-10-19,False,2023-10-23,ICICIBANK_2023-10-21,2023-09-01,,14.57,,240.84,,,
2023-10-20,ICICIBANK,909.303786581178,917.108969298613,907.3524909018192,910.0355224609376,6586576,-0.3205981664499036,1.0729613733905625,-1,2023-10-21,2023-10-20,False,2023-10-23,ICICIBANK_2023-10-21,2023-09-01,,14.57,,240.84,,,
2023-10-23,ICICIBANK,919.060255373007,921.7920573857958,902.8645252231158,907.3037109375,11856890,-0.30018735049486267,2.0594440954252913,0,2023-10-21,2023-10-23,False,2023-10-23,ICICIBANK_2023-10-21,2023-09-01,14.6,14.57,240.85,240.84,0.21,0.0,-0.3
2023-10-25,ICICIBANK,903.4986624227306,911.0599331166206,889.2054574209906,893.7909545898438,12593434,-1.48933110101509,2.4188719479702736,1,2023-10-21,2023-10-25,False,2023-10-23,ICICIBANK_2023-10-21,2023-09-01,14.6,14.57,240.85,240.84,0.21,0.0,-0.3
2023-10-26,ICICIBANK,892.034835673972,894.2788138653154,877.1074351720209,886.5224609375,21693345,-0.8132207665582425,1.9249672777992772,2,2023-10-21,2023-10-26,False,2023-10-23,ICICIBANK_2023-10-21,2023-09-01,14.6,14.57,240.85,240.84,0.21,0.0,-0.3
2023-10-27,ICICIBANK,893.6934385485141,895.7911052641983,889.1078817029663,890.5225830078125,8645505,0.45121497159612556,0.7478205918224623,3,2023-10-21,2023-10-27,False,2023-10-23,ICICIBANK_2023-10-21,2023-09-01,14.6,14.57,240.85,240.84,0.21,0.0,-0.3
2023-10-18,KOTAKBANK,353.1940831209735,353.6323410346468,347.63618975965363,349.28961181640625,15258400,-1.0245245632176547,1.6976930139963324,-3,2023-10-21,2023-10-18,False,2023-10-23,KOTAKBANK_2023-10-21,2023-09-01,,16.06,,86.1,,,
2023-10-19,KOTAKBANK,347.0186694249752,349.28962854249244,345.7437455413968,346.3114929199219,9965895,-0.8526216628651828,1.0218133240414242,-2,2023-10-21,2023-10-19,False,2023-10-23,KOTAKBANK_2023-10-21,2023-09-01,,16.06,,86.1,,,
2023-10-20,KOTAKBANK,345.3254094445928,353.23393121422106,345.1560700893107,352.51678466796875,20361915,1.7918237987792462,2.339202648858792,-1,2023-10-21,2023-10-20,False,2023-10-23,KOTAKBANK_2023-10-21,2023-09-01,,16.06,,86.1,,,
2023-10-23,KOTAKBANK,352.39724619434344,352.39724619434344,343.12416079320906,346.7696533203125,37732210,-1.6303142425032058,2.6314295872846776,0,2023-10-21,2023-10-23,False,2023-10-23,KOTAKBANK_2023-10-21,2023-09-01,3.21,16.06,86.11,86.1,-80.01,0.01,-1.63
2023-10-25,KOTAKBANK,348.4131055528126,350.9530135853996,343.03452147877914,344.2397155761719,17563340,-0.7295729946137253,2.2727308417565215,1,2023-10-21,2023-10-25,False,2023-10-23,KOTAKBANK_2023-10-21,2023-09-01,3.21,16.06,86.11,86.1,-80.01,0.01,-1.63
2023-10-26,KOTAKBANK,344.1700269681595,344.1700269681595,336.4606935044269,337.6260681152344,31396400,-1.9212331296137308,2.2399781676647352,2,2023-10-21,2023-10-26,False,2023-10-23,KOTAKBANK_2023-10-21,2023-09-01,3.21,16.06,86.11,86.1,-80.01,0.01,-1.63
2023-10-27,KOTAKBANK,340.2456141658379,340.2456141658379,336.4606623484727,339.1898193359375,14874150,0.46316068822309653,1.112417518340262,3,2023-10-21,2023-10-27,False,2023-10-23,KOTAKBANK_2023-10-21,2023-09-01,3.21,16.06,86.11,86.1,-80.01,0.01,-1.63
2023-10-19,AXISBANK,977.3547899117126,996.6085770707042,977.3547899117126,989.0267944335938,4836625,-0.1460446397457682,1.9699895429714782,-3,2023-10-25,2023-10-19,True,2023-10-25,AXISBANK_2023-10-25,2023-09-01,,19.0,,173.44,,,
2023-10-20,AXISBANK,986.6326146083184,990.5233034704852,975.4095439163634,978.0032958984376,5664400,-1.1145803730695847,1.5318528224532448,-2,2023-10-25,2023-10-20,True,2023-10-25,AXISBANK_2023-10-25,2023-09-01,,19.0,,173.44,,,
2023-10-23,AXISBANK,977.6540675662924,982.5423622597436,958.7992861933224,961.9916381835938,5896695,-1.637178298068498,2.4285764110331716,-1,2023-10-25,2023-10-23,True,2023-10-25,AXISBANK_2023-10-25,2023-09-01,,19.0,,173.44,,,
2023-10-25,AXISBANK,957.7019990873952,971.6684865740864,949.122609701192,953.1629028320312,6957048,-0.9177559347847031,2.3541641235351496,0,2023-10-25,2023-10-25,True,2023-10-25,AXISBANK_2023-10-25,2023-09-01,19.0,19.0,173.49,173.44,0.0,0.03,0.8
2023-10-26,AXISBANK,953.711516346126,972.6660339304112,950.4692962330248,969.7230834960938,17540495,1.7373924871455948,2.3274058577405987,1,2023-10-25,2023-10-26,True,2023-10-25,AXISBANK_2023-10-25,2023-09-01,19.0,19.0,173.49,173.44,0.0,0.03,0.8
2023-10-27,AXISBANK,977.6540684991274,1002.3448217596922,970.970094832599,1000.349609375,13443016,3.1582754293617565,3.209184919084823,2,2023-10-25,2023-10-27,True,2023-10-25,AXISBANK_2023-10-25,2023-09-01,19.0,19.0,173.49,173.44,0.0,0.03,0.8
2023-10-30,AXISBANK,1000.3496444881126,1000.3496444881126,976.8560300115277,986.8320922851562,5270567,-1.3512792890766678,2.348540293489769,3,2023-10-25,2023-10-30,True,2023-10-25,AXISBANK_2023-10-25,2023-09-01,19.0,19.0,173.49,173.44,0.0,0.03,0.8
2023-10-20,CANBK,67.68725387802753,68.22409684953361,66.51348562707179,67.20500946044922,38109775,-1.243485000295419,2.527227985263435,-3,2023-10-26,2023-10-20,True,2023-10-26,CANBK_2023-10-26,2023-09-01,,3.98,,135.38,,,
2023-10-23,CANBK,67.2050065625263,67.59626262930699,64.4207234010422,64.70278930664062,47485035,-3.723264342788579,4.725152768656206,-2,2023-10-26,2023-10-23,True,2023-10-26,CANBK_2023-10-26,2023-09-01,,3.98,,135.38,,,
2023-10-25,CANBK,65.51259265266121,65.66727349701972,63.538117567951005,64.3752212524414,31390525,-0.5062657386326941,3.2499949137369804,-1,2023-10-26,2023-10-25,True,2023-10-26,CANBK_2023-10-26,2023-09-01,,3.98,,135.38,,,
2023-10-26,CANBK,63.86568997464281,65.76737188832116,62.25516796029825,65.39431762695312,61186460,1.5830568884811047,5.499359561319069,0,2023-10-26,2023-10-26,True,2023-10-26,CANBK_2023-10-26,2023-09-01,3.98,3.98,135.38,135.38,0.0,0.0,7.65
2023-10-27,CANBK,65.82196124086124,70.57162581675509,65.73097290769904,69.29777526855469,136009790,5.969108300615855,7.354160857259667,1,2023-10-26,2023-10-27,True,2023-10-26,CANBK_2023-10-26,2023-09-01,3.98,3.98,135.38,135.38,0.0,0.0,7.65
2023-10-30,CANBK,69.51615246437002,70.23497213706582,68.78823187527004,69.62533569335938,38097645,0.4726853402367892,2.0811569836769914,2,2023-10-26,2023-10-30,True,2023-10-26,CANBK_2023-10-26,2023-09-01,3.98,3.98,135.38,135.38,0.0,0.0,7.65
2023-10-31,CANBK,69.84372024868894,71.09027513461892,69.71633517920654,69.94380950927734,49438935,0.45741081568435593,1.9671631902199151,3,2023-10-26,2023-10-31,True,2023-10-26,CANBK_2023-10-26,2023-09-01,3.98,3.98,135.38,135.38,0.0,0.0,7.65
2023-10-20,PNB,68.97482629130099,69.62817090446094,67.06144873416905,67.4347915649414,47312964,-2.3648767693633777,3.721244848739268,-3,2023-10-26,2023-10-20,True,2023-10-26,PNB_2023-10-26,2023-09-01,,1.6,,129.51,,,
2023-10-23,PNB,67.66814380066523,68.78816540141023,64.4947397706562,65.00808715820312,64052095,-3.598594064610261,6.3448254815463425,-2,2023-10-26,2023-10-23,True,2023-10-26,PNB_2023-10-26,2023-09-01,,1.6,,129.51,,,
2023-10-25,PNB,65.33474929041142,66.64144570040416,63.98138947490764,64.86807250976562,56157100,-0.21538035428847468,4.0714263916015625,-1,2023-10-26,2023-10-25,True,2023-10-26,PNB_2023-10-26,2023-09-01,,1.6,,129.51,,,
2023-10-26,PNB,64.72807112202022,65.61476131986444,62.861363910882375,65.19474792480469,96629399,0.5035996945799148,4.253791842169345,0,2023-10-26,2023-10-26,True,2023-10-26,PNB_2023-10-26,2023-09-01,1.6,1.6,129.51,129.51,0.0,0.0,5.25
2023-10-27,PNB,67.01479246325634,69.20817203621638,66.17477278484614,68.27481842041016,97582651,4.724415069689369,4.52646220315228,1,2023-10-26,2023-10-27,True,2023-10-26,PNB_2023-10-26,2023-09-01,1.6,1.6,129.51,129.51,0.0,0.0,5.25
2023-10-30,PNB,68.64816129091724,68.74149522831327,67.52813267939598,68.27481842041016,45878932,0.0,1.7675091744632454,2,2023-10-26,2023-10-30,True,2023-10-26,PNB_2023-10-26,2023-09-01,1.6,1.6,129.51,129.51,0.0,0.0,5.25
2023-10-31,PNB,68.50816192908758,69.30151113745285,67.94815114206054,68.13481903076172,44305596,-0.20505274548864305,1.9754726404616805,3,2023-10-26,2023-10-31,True,2023-10-26,PNB_2023-10-26,2023-09-01,1.6,1.6,129.51,129.51,0.0,0.0,5.25
2023-10-23,BANDHANBNK,220.33943365415865,222.72806613216792,214.8796895244752,215.7571563720703,8870439,-1.8625273437700485,3.561948252990165,-3,2023-10-27,2023-10-23,True,2023-10-27,BANDHANBNK_2023-10-27,2023-09-01,,4.49,,29.84,,,
2023-10-25,BANDHANBNK,216.92708997518884,219.21823597725435,211.7110843330084,212.7835388183593,10799172,-1.3782242979616721,3.4606796436095646,-2,2023-10-27,2023-10-25,True,2023-10-27,BANDHANBNK_2023-10-27,2023-09-01,,4.49,,29.84,,,
2023-10-26,BANDHANBNK,212.10108221594845,212.3448205281073,206.00762441197733,207.1288146972656,10920565,-2.6575007411267837,2.987818850296023,-1,2023-10-27,2023-10-26,True,2023-10-27,BANDHANBNK_2023-10-27,2023-09-01,,4.49,,29.84,,,
2023-10-27,BANDHANBNK,208.63999291718875,211.12612664923344,207.71379031647567,209.02996826171875,5005707,0.9178604952825298,1.635514018691596,0,2023-10-27,2023-10-27,True,2023-10-27,BANDHANBNK_2023-10-27,2023-09-01,4.5,4.49,29.84,29.84,0.22,0.0,1.04
2023-10-30,BANDHANBNK,210.39491733772,210.4436679762392,205.91012637286505,209.27371215820312,5337538,0.11660715375472197,2.154777149914241,1,2023-10-27,2023-10-30,True,2023-10-27,BANDHANBNK_2023-10-27,2023-09-01,4.5,4.49,29.84,29.84,0.22,0.0,1.04
2023-10-31,BANDHANBNK,210.5898937577835,213.02727678738748,208.34749839522675,208.7862243652344,4547584,-0.23294267968075877,2.2222236350730675,2,2023-10-27,2023-10-31,True,2023-10-27,BANDHANBNK_2023-10-27,2023-09-01,4.5,4.49,29.84,29.84,0.22,0.0,1.04
2023-11-01,BANDHANBNK,210.1024334302272,210.58991007391683,207.66505021177912,208.15252685546875,4922710,-0.30351500042317126,1.3921113689095008,3,2023-10-27,2023-11-01,True,2023-10-27,BANDHANBNK_2023-10-27,2023-09-01,4.5,4.49,29.84,29.84,0.22,0.0,1.04
2023-10-23,UNIONBANK,92.9490509259294,93.36093460886104,85.12320508454975,86.95381164550781,29890296,-6.080083856405782,8.862628980338803,-3,2023-10-27,2023-10-23,True,2023-10-27,UNIONBANK_2023-10-27,2023-09-01,,4.82,,123.23,,,
2023-10-25,UNIONBANK,88.5098253592144,90.79808358445996,85.85545140449747,87.04534149169922,30434337,0.1052626037424842,5.584275146745536,-2,2023-10-27,2023-10-25,True,2023-10-27,UNIONBANK_2023-10-27,2023-09-01,,4.82,,123.23,,,
2023-10-26,UNIONBANK,87.09111357475004,87.41146834481675,83.52142917763904,86.72499084472656,20883382,-0.36802733090914863,4.466631562632288,-1,2023-10-27,2023-10-26,True,2023-10-27,UNIONBANK_2023-10-27,2023-09-01,,4.82,,123.23,,,
2023-10-27,UNIONBANK,88.00640977483201,93.04057770078153,87.86911288930054,91.43879699707033,32310058,5.4353492648773205,5.876236543124974,0,2023-10-27,2023-10-27,True,2023-10-27,UNIONBANK_2023-10-27,2023-09-01,4.7,4.82,128.21,123.23,-2.49,4.04,5.22
2023-10-30,UNIONBANK,92.72022818871548,95.6491959903513,90.7523246736117,91.2557373046875,32368940,-0.2001991478394971,5.281340881488016,1,2023-10-27,2023-10-30,True,2023-10-27,UNIONBANK_2023-10-27,2023-09-01,4.7,4.82,128.21,123.23,-2.49,4.04,5.22
2023-10-31,UNIONBANK,92.62868930244544,94.82541857487546,92.49139939677656,92.99481201171876,26692147,1.9057154743320925,2.519758398478472,2,2023-10-27,2023-10-31,True,2023-10-27,UNIONBANK_2023-10-27,2023-09-01,4.7,4.82,128.21,123.23,-2.49,4.04,5.22
2023-11-01,UNIONBANK,93.3609292536036,95.55765839738908,92.03374236632143,94.50505828857422,24198194,1.624011322981267,3.7745083079618387,3,2023-10-27,2023-11-01,True,2023-10-27,UNIONBANK_2023-10-27,2023-09-01,4.7,4.82,128.21,123.23,-2.49,4.04,5.22
2023-10-25,IDFCFIRSTB,85.91556702031242,87.1578395774727,85.21989742119466,86.61124420166016,37773182,0.8097237176569738,2.255635647285976,-3,2023-10-28,2023-10-25,False,2023-10-30,IDFCFIRSTB_2023-10-28,2023-09-01,,1.11,,53.8,,,
2023-10-26,IDFCFIRSTB,86.46217293067372,86.71062745058946,83.97762773151644,84.42484283447266,51415393,-2.524385127289963,3.160919540229887,-2,2023-10-28,2023-10-26,False,2023-10-30,IDFCFIRSTB_2023-10-28,2023-09-01,,1.11,,53.8,,,
2023-10-27,IDFCFIRSTB,84.97144057504265,86.3130933834658,84.67329213662428,85.5180435180664,29641971,1.2948803301146006,1.929826346057205,-1,2023-10-28,2023-10-27,False,2023-10-30,IDFCFIRSTB_2023-10-28,2023-09-01,,1.11,,53.8,,,
2023-10-30,IDFCFIRSTB,86.36279276538347,86.36279276538347,80.94647967396583,82.68566131591797,70055215,-3.3120287668298554,6.27158168232449,0,2023-10-28,2023-10-30,False,2023-10-30,IDFCFIRSTB_2023-10-28,2023-09-01,1.1,1.11,53.8,53.8,-0.9,0.0,-3.31
2023-10-31,IDFCFIRSTB,83.77886619586755,83.77886619586755,81.69184218652178,82.18875122070312,29493792,-0.6009628360064689,2.491110352897939,1,2023-10-28,2023-10-31,False,2023-10-30,IDFCFIRSTB_2023-10-28,2023-09-01,1.1,1.11,53.8,53.8,-0.9,0.0,-3.31
2023-11-01,IDFCFIRSTB,82.23844948686911,82.43721007811435,80.3005071844212,80.59864807128906,28786958,-1.9346968116648045,2.5981799353285524,2,2023-10-28,2023-11-01,False,2023-10-30,IDFCFIRSTB_2023-10-28,2023-09-01,1.1,1.11,53.8,53.8,-0.9,0.0,-3.31
2023-11-02,IDFCFIRSTB,81.49308079760264,82.63597308133211,81.1452459935711,81.79122924804688,18044601,1.4796540702555872,1.829268292682917,3,2023-10-28,2023-11-02,False,2023-10-30,IDFCFIRSTB_2023-10-28,2023-09-01,1.1,1.11,53.8,53.8,-0.9,0.0,-3.31
2023-10-31,BANKBARODA,181.7381465377286,181.9658885759964,178.23091358829566,178.73194885253906,9074535,-1.034060659867675,2.05514090401783,-3,2023-11-03,2023-10-31,True,2023-11-03,BANKBARODA_2023-11-03,2023-09-01,,8.22,,150.02,,,
2023-11-01,BANKBARODA,178.91414988191698,180.55389543078823,177.6843511454673,178.0942840576172,7915346,-0.3567715783415859,1.6038665959147564,-2,2023-11-03,2023-11-01,True,2023-11-03,BANKBARODA_2023-11-03,2023-09-01,,8.22,,150.02,,,
2023-11-02,BANKBARODA,179.4607518591068,182.7402432399915,179.2785609824516,182.10255432128903,14242502,2.2506450922226584,1.9289355592679365,-1,2023-11-03,2023-11-02,True,2023-11-03,BANKBARODA_2023-11-03,2023-09-01,,8.22,,150.02,,,
2023-11-03,BANKBARODA,183.4234650120489,186.06526741027432,183.10462056041683,185.65533447265625,19177688,1.9509776590497019,1.6141047437213123,0,2023-11-03,2023-11-03,True,2023-11-03,BANKBARODA_2023-11-03,2023-09-01,8.22,8.22,150.02,150.02,0.0,0.0,-2.15
2023-11-06,BANKBARODA,182.1936490051129,183.742292241602,177.41106571872874,178.18539428710938,37345564,-4.023552679897313,3.474998474121122,1,2023-11-03,2023-11-06,True,2023-11-03,BANKBARODA_2023-11-03,2023-09-01,8.22,8.22,150.02,150.02,0.0,0.0,-2.15
2023-11-07,BANKBARODA,179.0963570300587,179.0963570300587,173.67608501845666,174.22267150878906,51310933,-2.2239324351889356,3.0264557590595347,2,2023-11-03,2023-11-07,True,2023-11-03,BANKBARODA_2023-11-03,2023-09-01,8.22,8.22,150.02,150.02,0.0,0.0,-2.15
2023-11-08,BANKBARODA,176.04461535168934,176.77339273604576,174.4959720976022,175.36138916015625,22372624,0.6535990072392694,1.2936610608020613,3,2023-11-03,2023-11-08,True,2023-11-03,BANKBARODA_2023-11-03,2023-09-01,8.22,8.22,150.02,150.02,0.0,0.0,-2.15
2023-11-01,SBIN,536.2818656519717,539.5019476582157,534.0088597881594,536.4239501953125,13575575,0.1502920433416266,1.0242911837748334,-3,2023-11-04,2023-11-01,False,2023-11-06,SBIN_2023-11-04,2023-09-01,,16.08,,502.92,,,
2023-11-02,SBIN,540.875189434217,544.9950055470891,537.5604227664763,541.822265625,11148516,1.0063524247420297,1.3745468318466878,-2,2023-11-04,2023-11-02,False,2023-11-06,SBIN_2023-11-04,2023-09-01,,16.08,,502.92,,,
2023-11-03,SBIN,545.5158262786344,548.830592584147,543.1007938170342,547.5520629882812,11371371,1.057504965520728,1.0503451029459572,-1,2023-11-04,2023-11-03,False,2023-11-06,SBIN_2023-11-04,2023-09-01,,16.08,,502.92,,,
2023-11-06,SBIN,551.1983420030499,551.6718800975543,542.911425349224,543.9531860351562,16499138,-0.6572666229187507,1.5893470790378057,0,2023-11-04,2023-11-06,False,2023-11-06,SBIN_2023-11-04,2023-09-01,16.1,16.08,502.91,502.92,0.12,-0.0,-0.66
2023-11-07,SBIN,544.3793444383654,550.4406547530965,542.2957654048678,549.0673828125,17923281,0.9401906098980284,1.4961789846438405,1,2023-11-04,2023-11-07,False,2023-11-06,SBIN_2023-11-04,2023-09-01,16.1,16.08,502.91,502.92,0.12,-0.0,-0.66
2023-11-08,SBIN,551.1036132997641,551.766520334941,548.3570694499737,549.5882568359375,15434808,0.09486522779216244,0.6186587789822402,2,2023-11-04,2023-11-08,False,2023-11-06,SBIN_2023-11-04,2023-09-01,16.1,16.08,502.91,502.92,0.12,-0.0,-0.66
2023-11-09,SBIN,550.2512912521584,551.0562829280533,545.9894482045944,547.7415161132812,12434363,-0.3360225950401863,0.9208219597138514,3,2023-11-04,2023-11-09,False,2023-11-06,SBIN_2023-11-04,2023-09-01,16.1,16.08,502.91,502.92,0.12,-0.0,-0.66
2024-01-10,FEDERALBNK,149.09145747383525,149.92850274426934,147.41738195909124,149.43612670898438,8429097,0.1980850381391175,1.6842821364321168,-3,2024-01-15,2024-01-10,True,2024-01-15,FEDERALBNK_2024-01-15,2023-12-01,,4.11,,29.86,,,
2024-01-11,FEDERALBNK,149.87926217374294,150.27317201774585,147.31891580528264,148.05747985839844,10176583,-0.9225659691185273,1.971090709693097,-2,2024-01-15,2024-01-11,True,2024-01-15,FEDERALBNK_2024-01-15,2023-12-01,,4.11,,29.86,,,
2024-01-12,FEDERALBNK,148.64831394839004,149.58382535923647,147.8112837496846,148.79603576660156,7828235,0.4988305277852101,1.192439767710573,-1,2024-01-15,2024-01-12,True,2024-01-15,FEDERALBNK_2024-01-15,2023-12-01,,4.11,,29.86,,,
2024-01-15,FEDERALBNK,150.61781311035156,150.96248231557317,148.99297834544467,150.61781311035156,13760399,1.2243453492320144,1.3076168943480304,0,2024-01-15,2024-01-15,True,2024-01-15,FEDERALBNK_2024-01-15,2023-12-01,4.11,4.11,29.86,29.86,0.0,0.0,-0.93
2024-01-16,FEDERALBNK,151.40563799526214,152.88276617082568,145.497125293008,147.41738891601562,36969953,-2.12486433592759,4.878048780487814,1,2024-01-15,2024-01-16,True,2024-01-15,FEDERALBNK_2024-01-15,2023-12-01,4.11,4.11,29.86,29.86,0.0,0.0,-0.93
2024-01-17,FEDERALBNK,147.22042137477197,147.22042137477197,141.6565786844354,143.67530822753906,48678947,-2.5384255656627053,3.7792601314276664,2,2024-01-15,2024-01-17,True,2024-01-15,FEDERALBNK_2024-01-15,2023-12-01,4.11,4.11,29.86,29.86,0.0,0.0,-0.93
2024-01-18,FEDERALBNK,143.1829373968501,146.97423867633725,140.13021515693515,144.61083984375,21044204,0.6511429331540697,4.779915570828806,3,2024-01-15,2024-01-18,True,2024-01-15,FEDERALBNK_2024-01-15,2023-12-01,4.11,4.11,29.86,29.86,0.0,0.0,-0.93
2024-01-11,HDFCBANK,794.7535608406137,796.1419974247106,786.6145183500772,789.4871215820312,18314010,-0.4196937011994306,1.1987966514495494,-3,2024-01-16,2024-01-11,True,2024-01-16,HDFCBANK_2024-01-16,2023-12-01,,21.66,,390.78,,,
2024-01-12,HDFCBANK,790.9233331176351,792.8384017208256,782.1140058543082,785.7526245117188,19773552,-0.4730282443149991,1.355933681238652,-2,2024-01-16,2024-01-12,True,2024-01-16,HDFCBANK_2024-01-16,2023-12-01,,21.66,,390.78,,,
2024-01-15,HDFCBANK,788.8646717373587,804.7597774337735,786.9017379565865,800.8817749023438,28320356,1.9254342802897506,2.2637646375844445,-1,2024-01-16,2024-01-15,True,2024-01-16,HDFCBANK_2024-01-16,2023-12-01,,21.66,,390.78,,,
2024-01-16,HDFCBANK,800.9775061380469,806.0763883828079,793.8438633427261,803.9219360351562,25322500,0.37960173749529424,1.527199571316492,0,2024-01-16,2024-01-16,True,2024-01-16,HDFCBANK_2024-01-16,2023-12-01,10.8,21.66,396.08,390.78,-50.14,1.36,-8.09
2024-01-17,HDFCBANK,751.6644868680132,764.4954709128732,731.7477834906084,736.1045532226562,170145236,-8.435816933540464,4.356689453124988,1,2024-01-16,2024-01-17,True,2024-01-16,HDFCBANK_2024-01-16,2023-12-01,10.8,21.66,396.08,390.78,-50.14,1.36,-8.09
2024-01-18,HDFCBANK,715.2781469954391,725.332257495375,708.5993683977847,711.5198364257812,161070930,-3.339840337794875,2.3393541614374183,2,2024-01-16,2024-01-18,True,2024-01-16,HDFCBANK_2024-01-16,2023-12-01,10.8,21.66,396.08,390.78,-50.14,1.36,-8.09
2024-01-19,HDFCBANK,720.999446229209,723.0581685801238,703.0217728163159,704.0989990234375,109600538,-1.0429558000267791,2.778975194585418,3,2024-01-16,2024-01-19,True,2024-01-16,HDFCBANK_2024-01-16,2023-12-01,10.8,21.66,396.08,390.78,-50.14,1.36,-8.09
2024-01-12,INDUSINDBK,1636.9955131365978,1656.7439287018606,1626.677014217653,1652.9423828125,2161848,0.9741565921096207,1.8367133106307154,-3,2024-01-17,2024-01-12,True,2024-01-17,INDUSINDBK_2024-01-17,2023-12-01,,29.5,,76.91,,,
2024-01-15,INDUSINDBK,1663.6066089087324,1673.1845424367182,1647.067310540001,1667.6055908203125,2930339,0.8870973459379039,1.5699163345984268,-2,2024-01-17,2024-01-15,True,2024-01-17,INDUSINDBK_2024-01-17,2023-12-01,,29.5,,76.91,,,
2024-01-16,INDUSINDBK,1667.6055343336818,1670.4690786582246,1642.130150925629,1646.079833984375,1316138,-1.2908182219123376,1.6993783691128588,-1,2024-01-17,2024-01-16,True,2024-01-17,INDUSINDBK_2024-01-17,2023-12-01,,29.5,,76.91,,,
2024-01-17,INDUSINDBK,1629.2443120797034,1655.9540928037643,1611.3226005398735,1623.2210693359375,6683398,-1.3886789799925636,2.7393983783143865,0,2024-01-17,2024-01-17,True,2024-01-17,INDUSINDBK_2024-01-17,2023-12-01,29.5,29.5,76.91,76.91,0.0,0.0,-3.25
2024-01-18,INDUSINDBK,1614.3835172692227,1618.9750478928856,1575.0348242383402,1592.6109619140625,3557256,-1.8857633134590657,2.7217958548580587,1,2024-01-17,2024-01-18,True,2024-01-17,INDUSINDBK_2024-01-17,2023-12-01,29.5,29.5,76.91,76.91,0.0,0.0,-3.25
2024-01-19,INDUSINDBK,1602.287619126465,1611.2238252188622,1530.699614022517,1541.4625244140625,10982524,-3.2116090321598567,5.025577819807749,2,2024-01-17,2024-01-19,True,2024-01-17,INDUSINDBK_2024-01-17,2023-12-01,29.5,29.5,76.91,76.91,0.0,0.0,-3.25
2024-01-23,INDUSINDBK,1515.6908577063314,1528.4286095425416,1410.0862562578952,1423.564453125,10097057,-7.64845524440354,7.807815999083864,3,2024-01-17,2024-01-23,True,2024-01-17,INDUSINDBK_2024-01-17,2023-12-01,29.5,29.5,76.91,76.91,0.0,0.0,-3.25
2024-01-17,ICICIBANK,963.8425433060156,983.2578999623712,952.9640458633736,957.84228515625,41914771,-2.7055157142308883,3.1430293577920474,-3,2024-01-20,2024-01-17,False,2024-01-23,ICICIBANK_2024-01-20,2023-12-01,,14.6,,247.77,,,
2024-01-18,ICICIBANK,950.2322029973618,970.086612247944,946.524753203616,962.3302001953124,17902484,0.4685442591762623,2.4795896171489167,-2,2024-01-20,2024-01-18,False,2024-01-23,ICICIBANK_2024-01-20,2023-12-01,,14.6,,247.77,,,
2024-01-19,ICICIBANK,967.1596680050708,986.2824009262612,963.500988695396,974.8673095703124,23271148,1.3027866497856477,2.3554965105043766,-1,2024-01-20,2024-01-19,False,2024-01-23,ICICIBANK_2024-01-20,2023-12-01,,14.6,,247.77,,,
2024-01-23,ICICIBANK,1033.3085624484331,1033.601304427851,996.331546511633,1003.9904174804688,50797448,2.9873919890690326,3.606837228553197,0,2024-01-20,2024-01-23,False,2024-01-23,ICICIBANK_2024-01-20,2023-12-01,14.6,14.6,247.76,247.77,0.0,-0.0,2.99
2024-01-24,ICICIBANK,1004.3805964528724,1010.7223072563088,972.379419549497,974.8673095703124,34578943,-2.9007356447924404,3.8175655565455666,1,2024-01-20,2024-01-24,False,2024-01-23,ICICIBANK_2024-01-20,2023-12-01,14.6,14.6,247.76,247.77,0.0,-0.0,2.99
2024-01-25,ICICIBANK,974.086809350288,990.380080339403,964.086419174316,985.3555297851562,28315035,1.0758613107528125,2.6993139536120747,2,2024-01-20,2024-01-25,False,2024-01-23,ICICIBANK_2024-01-20,2023-12-01,14.6,14.6,247.76,247.77,0.0,-0.0,2.99
2024-01-29,ICICIBANK,995.1607457242064,1006.8685192033148,985.4042678249494,991.6484375,14078922,0.6386433652243007,2.1568627450980515,3,2024-01-20,2024-01-29,False,2024-01-23,ICICIBANK_2024-01-20,2023-12-01,14.6,14.6,247.76,247.77,0.0,-0.0,2.99
2024-01-17,IDFCFIRSTB,86.90939249069467,89.09579692741887,84.27578051030986,84.67330169677734,95907710,-3.5107558526218274,5.546024749425205,-3,2024-01-20,2024-01-17,False,2024-01-23,IDFCFIRSTB_2024-01-20,2023-12-01,,1.02,,56.89,,,
2024-01-18,IDFCFIRSTB,84.67329663868193,86.6112464269821,83.92793308523498,85.86588287353516,32763022,1.4084500696908586,3.1690195708304154,-2,2024-01-20,2024-01-18,False,2024-01-23,IDFCFIRSTB_2024-01-20,2023-12-01,,1.02,,56.89,,,
2024-01-19,IDFCFIRSTB,86.46217066519954,86.66093124303212,84.07700582005837,85.17020416259766,42872654,-0.8101922296217534,2.9885039932426336,-1,2024-01-20,2024-01-19,False,2024-01-23,IDFCFIRSTB_2024-01-20,2023-12-01,,1.02,,56.89,,,
2024-01-23,IDFCFIRSTB,84.67330238817475,84.67330238817475,80.64834347559623,81.29432678222656,95355822,-4.550743324474949,4.753515924212526,0,2024-01-20,2024-01-23,False,2024-01-23,IDFCFIRSTB_2024-01-20,2023-12-01,1.01,1.02,58.03,56.89,-0.98,2.0,-4.55
2024-01-24,IDFCFIRSTB,81.79123115553097,81.79123115553097,78.8594632652234,79.10791778564453,85088545,-2.689497635473437,3.584452573812754,1,2024-01-20,2024-01-24,False,2024-01-23,IDFCFIRSTB_2024-01-20,2023-12-01,1.01,1.02,58.03,56.89,-0.98,2.0,-4.55
2024-01-25,IDFCFIRSTB,79.55513763427734,80.3501875219301,78.41224536465717,79.55513763427734,80693649,0.5653288079767504,2.435973608872171,2,2024-01-20,2024-01-25,False,2024-01-23,IDFCFIRSTB_2024-01-20,2023-12-01,1.01,1.02,58.03,56.89,-0.98,2.0,-4.55
2024-01-29,IDFCFIRSTB,80.54895913984325,83.23226494703464,80.10173645049116,82.98381042480469,69818447,4.309806874182387,3.8864915573998675,3,2024-01-20,2024-01-29,False,2024-01-23,IDFCFIRSTB_2024-01-20,2023-12-01,1.01,1.02,58.03,56.89,-0.98,2.0,-4.55
2024-01-17,KOTAKBANK,363.1643770052301,365.47518594737977,353.81162235237963,354.518798828125,54184415,-3.6986045635609477,3.2116485904211274,-3,2024-01-20,2024-01-17,False,2024-01-23,KOTAKBANK_2024-01-20,2023-12-01,,15.08,,88.53,,,
2024-01-18,KOTAKBANK,352.596447305859,357.1184554518412,351.5207427055232,354.04071044921875,21467250,-0.13485557902334078,1.5875692421433483,-2,2024-01-20,2024-01-18,False,2024-01-23,KOTAKBANK_2024-01-20,2023-12-01,,15.08,,88.53,,,
2024-01-19,KOTAKBANK,355.99294644049064,358.56270389614946,349.43901776630395,351.4609680175781,22801645,-0.7286570034184425,2.5628839619075614,-1,2024-01-20,2024-01-19,False,2024-01-23,KOTAKBANK_2024-01-20,2023-12-01,,15.08,,88.53,,,
2024-01-23,KOTAKBANK,358.7718892137488,363.53293622754535,351.38129469614074,355.4849548339844,33904120,1.1449313530044636,3.3870104923869637,0,2024-01-20,2024-01-23,False,2024-01-23,KOTAKBANK_2024-01-20,2023-12-01,3.02,15.08,88.51,88.53,-79.97,-0.02,1.14
2024-01-24,KOTAKBANK,356.3813967396311,359.26992325311056,351.1820915705846,356.3017272949219,16341755,0.22976287739628898,2.269431501340365,1,2024-01-20,2024-01-24,False,2024-01-23,KOTAKBANK_2024-01-20,2023-12-01,3.02,15.08,88.51,88.53,-79.97,-0.02,1.14
2024-01-25,KOTAKBANK,356.5806200604588,358.09458270006826,349.09044591145613,352.2777404785156,33510850,-1.1293761742208641,2.5251335271909796,2,2024-01-20,2024-01-25,False,2024-01-23,KOTAKBANK_2024-01-20,2023-12-01,3.02,15.08,88.51,88.53,-79.97,-0.02,1.14
2024-01-29,KOTAKBANK,355.64434727672904,364.558875006669,353.79173628467254,363.134521484375,26180740,3.081881072335735,3.027501717500509,3,2024-01-20,2024-01-29,False,2024-01-23,KOTAKBANK_2024-01-20,2023-12-01,3.02,15.08,88.51,88.53,-79.97,-0.02,1.14
2024-01-17,UNIONBANK,123.1082875637108,123.88630091555102,119.8589582213476,120.77426147460938,23673815,-2.942261152922865,3.2713822715787417,-3,2024-01-20,2024-01-17,False,2024-01-23,UNIONBANK_2024-01-20,2023-12-01,,4.78,,125.32,,,
2024-01-18,UNIONBANK,119.72167861809368,122.51335657395934,117.25036241499409,121.6895751953125,21609345,0.7578715113033763,4.396024362266044,-2,2024-01-20,2024-01-18,False,2024-01-23,UNIONBANK_2024-01-20,2023-12-01,,4.78,,125.32,,,
2024-01-19,UNIONBANK,123.24557281980854,125.76265667140552,120.1335474625834,124.38970184326172,29183335,2.2188643880262537,4.567392629228297,-1,2024-01-20,2024-01-19,False,2024-01-23,UNIONBANK_2024-01-20,2023-12-01,,4.78,,125.32,,,
2024-01-23,UNIONBANK,132.718979437214,132.94780526382988,123.97783006720312,128.09669494628906,42032631,2.980144696944742,6.758622794315738,0,2024-01-20,2024-01-23,False,2024-01-23,UNIONBANK_2024-01-20,2023-12-01,4.8,4.78,129.41,125.32,0.42,3.26,2.98
2024-01-24,UNIONBANK,127.41020304494133,130.9798939159496,123.61170033963634,130.75106811523438,25283547,2.072163665158011,5.783048296151186,1,2024-01-20,2024-01-24,False,2024-01-23,UNIONBANK_2024-01-20,2023-12-01,4.8,4.78,129.41,125.32,0.42,3.26,2.98
2024-01-25,UNIONBANK,131.07142016510988,132.16978125136572,127.77633690634242,128.4628143310547,14886698,-1.7500841998193017,3.351946854233289,2,2024-01-20,2024-01-25,False,2024-01-23,UNIONBANK_2024-01-20,2023-12-01,4.8,4.78,129.41,125.32,0.42,3.26,2.98
2024-01-29,UNIONBANK,129.0577513463921,132.71896415054508,129.0119833930565,130.06459045410156,15534613,1.2468792088884406,2.8723425898991515,3,2024-01-20,2024-01-29,False,2024-01-23,UNIONBANK_2024-01-20,2023-12-01,4.8,4.78,129.41,125.32,0.42,3.26,2.98
2024-01-17,AXISBANK,1079.4098979472835,1112.3309022284852,1076.6165519030933,1079.709228515625,24913719,-3.288357113850604,3.308692128292505,-3,2024-01-23,2024-01-17,True,2024-01-23,AXISBANK_2024-01-23,2023-12-01,,19.75,,180.75,,,
2024-01-18,AXISBANK,1063.4482074850514,1106.0958724662764,1063.4482074850514,1094.872802734375,11473135,1.4044127639435633,4.010318949343334,-2,2024-01-23,2024-01-18,True,2024-01-23,AXISBANK_2024-01-23,2023-12-01,,19.75,,180.75,,,
2024-01-19,AXISBANK,1104.4997961277145,1123.6039803798592,1102.3549183111254,1113.8773193359375,12303696,1.7357739231534497,1.923862923581449,-1,2024-01-23,2024-01-19,True,2024-01-23,AXISBANK_2024-01-23,2023-12-01,,19.75,,180.75,,,
2024-01-23,AXISBANK,1123.204870544225,1138.8672395300805,1076.217641808556,1086.642578125,18924087,-2.4450395692744764,5.577753388050123,0,2024-01-23,2024-01-23,True,2024-01-23,AXISBANK_2024-01-23,2023-12-01,19.7,19.75,180.87,180.75,-0.25,0.07,-5.52
2024-01-24,AXISBANK,1032.322937571418,1070.6309179728953,1018.4561871284802,1056.6146240234375,20884046,-2.763369916295355,5.054109421142795,1,2024-01-23,2024-01-24,True,2024-01-23,AXISBANK_2024-01-23,2023-12-01,19.7,19.75,180.87,180.75,-0.25,0.07,-5.52
2024-01-25,AXISBANK,1055.4673016704396,1061.1536079871053,1023.3444325047508,1039.7550048828125,20835434,-1.5956261400609795,3.5822213935491543,2,2024-01-23,2024-01-25,True,2024-01-23,AXISBANK_2024-01-23,2023-12-01,19.7,19.75,180.87,180.75,-0.25,0.07,-5.52
2024-01-29,AXISBANK,1033.5200378202296,1065.44343667182,1033.5200378202296,1058.7095947265625,11188604,1.822986160656792,3.088803088803126,3,2024-01-23,2024-01-29,True,2024-01-23,AXISBANK_2024-01-23,2023-12-01,19.7,19.75,180.87,180.75,-0.25,0.07,-5.52
2024-01-18,CANBK,82.94623451702849,83.80153318957913,80.34392789334339,83.39208221435547,34924420,0.31742561639225286,4.168489764928281,-3,2024-01-24,2024-01-18,True,2024-01-24,CANBK_2024-01-24,2023-12-01,,4.03,,137.11,,,
2024-01-19,CANBK,83.89251188239304,85.13907343880028,83.67413851683494,84.92070007324219,32255045,1.8330491556230344,1.7462046243400073,-2,2024-01-24,2024-01-19,True,2024-01-24,CANBK_2024-01-24,2023-12-01,,4.03,,137.11,,,
2024-01-23,CANBK,87.78688190498455,88.2418304894089,81.936242831609,82.96442413330078,67779560,-2.3036502740252485,7.182835887285195,-1,2024-01-24,2024-01-23,True,2024-01-24,CANBK_2024-01-24,2023-12-01,,4.03,,137.11,,,
2024-01-24,CANBK,83.49217245190012,83.64685331619452,80.61689384942395,82.67326354980469,104038180,-0.35094630805642124,3.629034169060745,0,2024-01-24,2024-01-24,True,2024-01-24,CANBK_2024-01-24,2023-12-01,4.03,4.03,137.12,137.11,0.0,0.01,2.06
2024-01-25,CANBK,82.81883493444498,85.43024223500421,82.50947323784438,84.6750259399414,61778805,2.4212935406025204,3.526696553352587,1,2024-01-24,2024-01-25,True,2024-01-24,CANBK_2024-01-24,2023-12-01,4.03,4.03,137.12,137.11,0.0,0.01,2.06
2024-01-29,CANBK,85.51214792790726,87.35013734678108,85.18458435749962,86.35835266113281,44012445,1.9879848898840091,2.5324507005802013,2,2024-01-24,2024-01-29,True,2024-01-24,CANBK_2024-01-24,2023-12-01,4.03,4.03,137.12,137.11,0.0,0.01,2.06
2024-01-30,CANBK,86.45843148681759,88.22363432927443,85.90340056475155,86.86788940429688,30096690,0.590026010759459,2.6836408255644226,3,2024-01-24,2024-01-30,True,2024-01-24,CANBK_2024-01-24,2023-12-01,4.03,4.03,137.12,137.11,0.0,0.01,2.06
2024-01-19,AUBANK,737.2057719850842,743.3325740065653,721.7642997340453,727.7914428710938,4468871,-0.4835805609010424,2.9256789748733065,-3,2024-01-25,2024-01-19,True,2024-01-25,AUBANK_2024-01-25,2023-12-01,,5.7,,17.75,,,
2024-01-23,AUBANK,752.1490542404483,755.1377259791522,706.3725532816992,713.79443359375,3081087,-1.9232170719301611,6.483445325434607,-2,2024-01-25,2024-01-23,True,2024-01-25,AUBANK_2024-01-25,2023-12-01,,5.7,,17.75,,,
2024-01-24,AUBANK,713.794478009296,736.2095174443402,706.372597235422,734.4661254882812,2550245,2.8960287334345303,4.180043573905276,-1,2024-01-25,2024-01-24,True,2024-01-25,AUBANK_2024-01-25,2023-12-01,,5.7,,17.75,,,
2024-01-25,AUBANK,737.205749488636,738.6502864289768,700.5447189723006,705.1771240234375,5475393,-3.987794732585126,5.168918918918918,0,2024-01-25,2024-01-25,True,2024-01-25,AUBANK_2024-01-25,2023-12-01,5.6,5.7,17.75,17.75,-1.75,0.0,-15.04
2024-01-29,AUBANK,667.470064171938,667.470064171938,621.6935602965224,623.98486328125,21666348,-11.513740020229157,6.858210777168843,1,2024-01-25,2024-01-29,True,2024-01-25,AUBANK_2024-01-25,2023-12-01,5.6,5.7,17.75,17.75,-1.75,0.0,-15.04
2024-01-30,AUBANK,627.6211019498451,629.4640919749663,611.1834064225873,622.8890380859375,7443243,-0.17561727211619083,2.912694537450386,2,2024-01-25,2024-01-30,True,2024-01-25,AUBANK_2024-01-25,2023-12-01,5.6,5.7,17.75,17.75,-1.75,0.0,-15.04
2024-01-31,AUBANK,625.628665009788,638.0316658321456,618.4558401289933,634.1961669921875,5579390,1.8152717763336268,3.128984779309311,3,2024-01-25,2024-01-31,True,2024-01-25,AUBANK_2024-01-25,2023-12-01,5.6,5.7,17.75,17.75,-1.75,0.0,-15.04
2024-01-19,PNB,92.77534716192837,95.66874183218049,92.30867037250307,95.38873291015624,104194911,3.7563356068323728,3.621728791607546,-3,2024-01-25,2024-01-19,True,2024-01-25,PNB_2024-01-25,2023-12-01,,2.01,,129.67,,,
2024-01-23,PNB,99.54216573082525,99.58882913961536,91.60865990235412,92.16867065429688,83723415,-3.375725997841106,8.016873230225507,-2,2024-01-25,2024-01-23,True,2024-01-25,PNB_2024-01-25,2023-12-01,,2.01,,129.67,,,
2024-01-24,PNB,92.54200876721572,95.8087462931926,91.28198285995202,95.38873291015624,65088374,3.493662470121839,4.891576802301101,-1,2024-01-25,2024-01-24,True,2024-01-25,PNB_2024-01-25,2023-12-01,,2.01,,129.67,,,
2024-01-25,PNB,95.90208495290656,98.93548423365544,93.94204376491498,97.53545379638672,111791532,2.250497328916623,5.206811167027834,0,2024-01-25,2024-01-25,True,2024-01-25,PNB_2024-01-25,2023-12-01,2.0,2.01,129.67,129.67,-0.5,0.0,5.19
2024-01-29,PNB,100.33551025390624,102.20221742142078,98.42213255883476,100.33551025390624,108149443,2.8708088685011512,3.767444699309592,1,2024-01-25,2024-01-29,True,2024-01-25,PNB_2024-01-25,2023-12-01,2.0,2.01,129.67,129.67,-0.5,0.0,5.19
2024-01-30,PNB,100.8021877122962,103.55557795421666,99.77550018755922,101.96887969970705,75911884,1.6279076487152544,3.7499957614474817,2,2024-01-25,2024-01-30,True,2024-01-25,PNB_2024-01-25,2023-12-01,2.0,2.01,129.67,129.67,-0.5,0.0,5.19
2024-01-31,PNB,102.20222340160686,107.28899788235869,101.78221711270923,106.7756576538086,113135172,4.713965641534212,5.388122279894424,3,2024-01-25,2024-01-31,True,2024-01-25,PNB_2024-01-25,2023-12-01,2.0,2.01,129.67,129.67,-0.5,0.0,5.19
2024-01-23,YESBANK,25.450000762939453,25.600000381469727,23.89999961853028,24.049999237060547,292673233,-4.373759038386882,6.679767041166475,-3,2024-01-29,2024-01-23,True,2024-01-29,YESBANK_2024-01-29,2023-12-01,,0.09,,32.11,,,
2024-01-24,YESBANK,24.14999961853028,24.799999237060547,23.64999961853028,24.700000762939453,240904515,2.7027091330517283,4.761903257538242,-2,2024-01-29,2024-01-24,True,2024-01-29,YESBANK_2024-01-29,2023-12-01,,0.09,,32.11,,,
2024-01-25,YESBANK,24.799999237060547,25.299999237060547,24.700000762939453,24.850000381469727,213588805,0.6072858862228747,2.4193487604002417,-1,2024-01-29,2024-01-25,True,2024-01-29,YESBANK_2024-01-29,2023-12-01,,0.09,,32.11,,,
2024-01-29,YESBANK,25.299999237060547,25.5,24.25,24.350000381469727,300993947,-2.012072403720533,4.940711611441258,0,2024-01-29,2024-01-29,True,2024-01-29,YESBANK_2024-01-29,2023-12-01,0.08,0.09,32.11,32.11,-11.11,0.0,-3.82
2024-01-30,YESBANK,24.450000762939453,24.5,23.799999237060547,23.89999961853028,219652035,-1.8480523855839204,2.8629887161414422,1,2024-01-29,2024-01-30,True,2024-01-29,YESBANK_2024-01-29,2023-12-01,0.08,0.09,32.11,32.11,-11.11,0.0,-3.82
2024-01-31,YESBANK,24.0,24.299999237060547,23.89999961853028,24.100000381469727,164453372,0.8368232892538741,1.6666650772094431,2,2024-01-29,2024-01-31,True,2024-01-29,YESBANK_2024-01-29,2023-12-01,0.08,0.09,32.11,32.11,-11.11,0.0,-3.82
2024-02-01,YESBANK,24.100000381469727,24.25,23.700000762939453,23.89999961853028,193648566,-0.8298786712602091,2.282154474501321,3,2024-01-29,2024-02-01,True,2024-01-29,YESBANK_2024-01-29,2023-12-01,0.08,0.09,32.11,32.11,-11.11,0.0,-3.82
2024-01-24,BANKBARODA,203.14591233279896,208.61172163323303,200.09416324661456,208.2928771972656,36236660,2.810247372444441,4.192827849110145,-3,2024-01-30,2024-01-24,True,2024-01-30,BANKBARODA_2024-01-30,2023-12-01,,8.86,,139.12,,,
2024-01-25,BANKBARODA,207.7007594582481,210.7525086332041,203.4192114950843,206.83534240722656,20473287,-0.6997525837903029,3.5307030928762257,-2,2024-01-30,2024-01-25,True,2024-01-30,BANKBARODA_2024-01-30,2023-12-01,,8.86,,139.12,,,
2024-01-29,BANKBARODA,207.38190664528108,214.7607546778855,207.38190664528108,213.3943023681641,20641625,3.171102135931858,3.558096341174867,-1,2024-01-30,2024-01-29,True,2024-01-30,BANKBARODA_2024-01-30,2023-12-01,,8.86,,139.12,,,
2024-01-30,BANKBARODA,214.07754819370828,220.81870798097543,212.98438902553968,216.3094177246093,22612702,1.3660699110024987,3.659570572224069,0,2024-01-30,2024-01-30,True,2024-01-30,BANKBARODA_2024-01-30,2023-12-01,8.86,8.86,139.12,139.12,0.0,0.0,5.7
2024-01-31,BANKBARODA,217.63030559839189,227.7420585584981,211.39018153405232,225.5557403564453,63750711,4.274581628992147,7.513602932957789,1,2024-01-30,2024-01-31,True,2024-01-30,BANKBARODA_2024-01-30,2023-12-01,8.86,8.86,139.12,139.12,0.0,0.0,5.7
2024-02-01,BANKBARODA,227.74206463967707,234.52878928615743,221.3652868297661,233.16232299804688,43749140,3.3723737775775087,5.780004882812503,2,2024-01-30,2024-02-01,True,2024-01-30,BANKBARODA_2024-01-30,2023-12-01,8.86,8.86,139.12,139.12,0.0,0.0,5.7
2024-02-02,BANKBARODA,236.2140531911096,237.762710317225,231.84141676526343,232.524642944336,29946219,-0.27349189419262343,2.5067490574622653,3,2024-01-30,2024-02-02,True,2024-01-30,BANKBARODA_2024-01-30,2023-12-01,8.86,8.86,139.12,139.12,0.0,0.0,5.7
2024-01-31,SBIN,593.248543869928,609.1594121757427,589.0813855447404,606.602294921875,23270745,2.1938643201064867,3.384420718511599,-3,2024-02-03,2024-01-31,False,2024-02-05,SBIN_2024-02-03,2023-12-01,,10.27,,512.77,,,
2024-02-01,SBIN,608.7332050368398,618.3933934805597,599.7359814695897,613.3739013671875,26587707,1.1163173139964178,3.0649571695108833,-2,2024-02-03,2024-02-01,False,2024-02-05,SBIN_2024-02-03,2023-12-01,,10.27,,512.77,,,
2024-02-02,SBIN,617.4936110619957,625.5911000755175,612.4741193428779,615.2680053710938,27471811,0.30880087980338367,2.124229384346241,-1,2024-02-03,2024-02-02,False,2024-02-05,SBIN_2024-02-03,2023-12-01,,10.27,,512.77,,,
2024-02-05,SBIN,612.8529386660016,620.1454364049642,604.9448761274464,608.922607421875,28339525,-1.0313225933780812,2.480294915547759,0,2024-02-03,2024-02-05,False,2024-02-05,SBIN_2024-02-03,2023-12-01,10.3,10.27,512.75,512.77,0.29,-0.0,-1.03
2024-02-06,SBIN,610.3432732703525,620.334915694985,603.950508871969,615.8363037109375,14079390,1.1353981942523905,2.684457671700855,1,2024-02-03,2024-02-06,False,2024-02-05,SBIN_2024-02-03,2023-12-01,10.3,10.27,512.75,512.77,0.29,-0.0,-1.03
2024-02-07,SBIN,620.3821741954093,642.0702395337361,620.3348319524308,639.5131225585938,41696232,3.8446611063659653,3.503551276194307,2,2024-02-03,2024-02-07,False,2024-02-05,SBIN_2024-02-03,2023-12-01,10.3,10.27,512.75,512.77,0.29,-0.0,-1.03
2024-02-08,SBIN,644.3906856459379,680.853120253775,642.5912176991574,662.5271606445312,74222434,3.5986811332129998,5.937687090598447,3,2024-02-03,2024-02-08,False,2024-02-05,SBIN_2024-02-03,2023-12-01,10.3,10.27,512.75,512.77,0.29,-0.0,-1.03
2024-02-05,BANDHANBNK,223.1667758257101,223.1667758257101,216.4396048682837,217.0733184814453,12335899,-2.7304578953727177,3.0144141898076264,-3,2024-02-08,2024-02-05,True,2024-02-08,BANDHANBNK_2024-02-08,2023-12-01,,4.55,,52.11,,,
2024-02-06,BANDHANBNK,217.0733302718935,217.85329582964457,211.9060900645796,212.9297790527344,10097377,-1.9088202353460093,2.739721990543865,-2,2024-02-08,2024-02-06,True,2024-02-08,BANDHANBNK_2024-02-08,2023-12-01,,4.55,,52.11,,,
2024-02-07,BANDHANBNK,215.46466120901823,216.78085400414992,210.24865554132515,210.8336334228516,11866424,-0.9844304724346165,3.0316797316883455,-1,2024-02-08,2024-02-07,True,2024-02-08,BANDHANBNK_2024-02-08,2023-12-01,,4.55,,52.11,,,
2024-02-08,BANDHANBNK,213.02727678738748,214.39220533332352,207.76253539408503,208.7862243652344,10703085,-0.9711017281151091,3.112122559711095,0,2024-02-08,2024-02-08,True,2024-02-08,BANDHANBNK_2024-02-08,2023-12-01,4.55,4.55,52.11,52.11,0.0,0.0,-0.02
2024-02-09,BANDHANBNK,210.5898939245952,211.41861010595915,206.0076168006311,210.78488159179688,10253080,0.9572744718378434,2.569445857295286,1,2024-02-08,2024-02-09,True,2024-02-08,BANDHANBNK_2024-02-08,2023-12-01,4.55,4.55,52.11,52.11,0.0,0.0,-0.02
2024-02-12,BANDHANBNK,217.41457104137243,217.8532970210676,192.7482512618059,195.6731109619141,50949423,-7.169285821526817,11.547085201793754,2,2024-02-08,2024-02-12,True,2024-02-08,BANDHANBNK_2024-02-08,2023-12-01,4.55,4.55,52.11,52.11,0.0,0.0,-0.02
2024-02-13,BANDHANBNK,195.67310469914065,197.2330357732463,187.97098035268127,194.0644378662109,16732636,-0.8221227167059753,4.733433056528654,3,2024-02-08,2024-02-13,True,2024-02-08,BANDHANBNK_2024-02-08,2023-12-01,4.55,4.55,52.11,52.11,0.0,0.0,-0.02
2024-04-09,HDFCBANK,744.4112180229864,744.4112180229864,737.4451898723626,741.39501953125,21884494,0.1260992054052057,0.9357768907787677,-3,2024-04-15,2024-04-09,True,2024-04-15,HDFCBANK_2024-04-15,2024-03-01,,21.75,,472.38,,,
2024-04-10,HDFCBANK,742.041335404094,742.041335404094,733.9261958559255,735.5540161132812,27807400,-0.7878395813424421,1.0936236515381206,-2,2024-04-15,2024-04-10,True,2024-04-15,HDFCBANK_2024-04-15,2024-03-01,,21.75,,472.38,,,
2024-04-12,HDFCBANK,728.2048236560291,732.4419011780001,724.5901083532815,727.2233276367188,41084208,-1.1325733112820813,1.07823960644724,-1,2024-04-15,2024-04-12,True,2024-04-15,HDFCBANK_2024-04-15,2024-03-01,,21.75,,472.38,,,
2024-04-15,HDFCBANK,716.9778756204448,722.9385041482021,714.3446559033487,715.6133422851562,23415248,-1.5964814260416849,1.1986211202705075,0,2024-04-15,2024-04-15,True,2024-04-15,HDFCBANK_2024-04-15,2024-03-01,10.85,21.75,472.43,472.38,-50.11,0.01,-0.64
2024-04-16,HDFCBANK,711.9268363888184,724.3269187314523,709.6526921569106,722.5794067382812,20744886,0.9734397112944215,2.0611986828555855,1,2024-04-15,2024-04-16,True,2024-04-15,HDFCBANK_2024-04-15,2024-03-01,10.85,21.75,472.43,472.38,-50.11,0.01,-0.64
2024-04-18,HDFCBANK,722.8427740812498,727.1755823679675,713.8658886820585,715.6133422851562,34234884,-0.964055214992876,1.8412985732375802,2,2024-04-15,2024-04-18,True,2024-04-15,HDFCBANK_2024-04-15,2024-03-01,10.85,21.75,472.43,472.38,-50.11,0.01,-0.64
2024-04-19,HDFCBANK,711.7113984519393,734.8836839791993,708.6951417404246,733.13623046875,34576434,2.4486530851476562,3.6796575544157473,3,2024-04-15,2024-04-19,True,2024-04-15,HDFCBANK_2024-04-15,2024-03-01,10.85,21.75,472.43,472.38,-50.11,0.01,-0.64
2024-04-19,AUBANK,615.5169140258689,616.6127968017628,605.3056190221231,612.3788452148438,2304049,-1.0304333034086621,1.8370214565971246,-3,2024-04-24,2024-04-19,True,2024-04-24,AUBANK_2024-04-24,2024-03-01,,5.87,,18.93,,,
2024-04-22,AUBANK,621.4444419872549,621.4444419872549,601.3705673589919,605.3056030273438,4363957,-1.1550435229385592,3.2301961803811015,-2,2024-04-24,2024-04-22,True,2024-04-24,AUBANK_2024-04-24,2024-03-01,,5.87,,18.93,,,
2024-04-23,AUBANK,611.6814940204573,613.6739418837162,605.0565805532484,607.198486328125,3056268,0.31271531129304364,1.4087987645053086,-1,2024-04-24,2024-04-23,True,2024-04-24,AUBANK_2024-04-24,2024-03-01,,5.87,,18.93,,,
2024-04-24,AUBANK,611.3826780289882,619.7011240672211,603.0641711860678,616.6128540039062,5324514,1.5504596746793942,2.7212012179979514,0,2024-04-24,2024-04-24,True,2024-04-24,AUBANK_2024-04-24,2024-03-01,5.5,5.87,18.93,18.93,-6.3,0.0,-0.11
2024-04-25,AUBANK,611.581882709879,631.2074450943851,603.4626335209883,606.5509033203125,6257904,-1.631810076331952,4.536565316562572,1,2024-04-24,2024-04-25,True,2024-04-24,AUBANK_2024-04-24,2024-03-01,5.5,5.87,18.93,18.93,-6.3,0.0,-0.11
2024-04-26,AUBANK,610.7848611934502,611.0837770132763,595.8913622292138,597.5350952148438,2415552,-1.4864058492231158,2.48735942052937,2,2024-04-24,2024-04-26,True,2024-04-24,AUBANK_2024-04-24,2024-03-01,5.5,5.87,18.93,18.93,-6.3,0.0,-0.11
2024-04-29,AUBANK,623.1380764076523,645.2044610691414,609.9381091616069,635.5410766601562,10201170,6.36046012186906,5.659476325189846,3,2024-04-24,2024-04-29,True,2024-04-24,AUBANK_2024-04-24,2024-03-01,5.5,5.87,18.93,18.93,-6.3,0.0,-0.11
2024-04-19,AXISBANK,1012.5702521129814,1034.467658607536,993.3164654082484,1026.636474609375,21598007,0.4980386334394016,4.064033395551096,-3,2024-04-24,2024-04-19,True,2024-04-24,AXISBANK_2024-04-24,2024-03-01,,23.08,,195.87,,,
2024-04-22,AXISBANK,1036.5128380286303,1055.9661588578497,1029.529594654039,1051.427001953125,9410832,2.414732766355554,2.550529355149227,-2,2024-04-24,2024-04-22,True,2024-04-24,AXISBANK_2024-04-24,2024-03-01,,23.08,,195.87,,,
2024-04-23,AXISBANK,1055.467392339939,1057.7120063595655,1046.2395347036966,1053.2227783203125,8300012,0.17079420291201686,1.0869565217391357,-1,2024-04-24,2024-04-23,True,2024-04-24,AXISBANK_2024-04-24,2024-03-01,,23.08,,195.87,,,
2024-04-24,AXISBANK,1053.4720675111685,1066.391018112687,1053.4720675111685,1060.7047119140625,5641163,0.7103847113601347,1.226321133700271,0,2024-04-24,2024-04-24,True,2024-04-24,AXISBANK_2024-04-24,2024-03-01,23.1,23.08,198.55,195.87,0.09,1.37,6.75
2024-04-25,AXISBANK,1097.3668772875997,1131.2355608344606,1083.5001260280717,1124.30224609375,46136295,5.995781244803222,4.349997780539742,1,2024-04-24,2024-04-25,True,2024-04-24,AXISBANK_2024-04-24,2024-03-01,23.1,23.08,198.55,195.87,0.09,1.37,6.75
2024-04-26,AXISBANK,1127.2950297740094,1138.6178360271808,1120.3117862267368,1127.5943603515625,10133766,0.2928139892320436,1.6238916447732308,2,2024-04-24,2024-04-26,True,2024-04-24,AXISBANK_2024-04-24,2024-03-01,23.1,23.08,198.55,195.87,0.09,1.37,6.75
2024-04-29,AXISBANK,1127.5943251009617,1161.2136049877345,1122.6062941517016,1156.4749755859375,15183242,2.5612592834687975,3.423865301253274,3,2024-04-24,2024-04-29,True,2024-04-24,AXISBANK_2024-04-24,2024-03-01,23.1,23.08,198.55,195.87,0.09,1.37,6.75
2024-04-22,INDUSINDBK,1475.206627240641,1482.1185726159315,1451.4591095587728,1458.9141845703125,2887202,-0.3070177743488611,2.0783165212934924,-3,2024-04-25,2024-04-22,True,2024-04-25,INDUSINDBK_2024-04-25,2024-03-01,,30.1,,76.91,,,
2024-04-23,INDUSINDBK,1464.1476675406398,1467.1099300561375,1452.594771409336,1455.9520263671875,1206443,-0.20303854979636382,0.9913725895682935,-2,2024-04-25,2024-04-23,True,2024-04-25,INDUSINDBK_2024-04-25,2024-03-01,,30.1,,76.91,,,
2024-04-24,INDUSINDBK,1458.420512414683,1464.5918923758145,1444.349766103302,1456.10009765625,2964953,0.010170066484405105,1.3879485443466435,-1,2024-04-25,2024-04-24,True,2024-04-25,INDUSINDBK_2024-04-25,2024-03-01,,30.1,,76.91,,,
2024-04-25,INDUSINDBK,1457.482558200199,1480.6375283523216,1452.05174365806,1477.2802734375,3697957,1.4545824023596943,1.9613123006810618,0,2024-04-25,2024-04-25,True,2024-04-25,INDUSINDBK_2024-04-25,2024-03-01,30.1,30.1,76.91,76.91,0.0,0.0,-1.92
2024-04-26,INDUSINDBK,1492.4865131886825,1499.8921690596155,1425.144464016238,1428.2054443359375,6135488,-3.3219714622852003,5.008266700090959,1,2024-04-25,2024-04-26,True,2024-04-25,INDUSINDBK_2024-04-25,2024-03-01,30.1,30.1,76.91,76.91,0.0,0.0,-1.92
2024-04-29,INDUSINDBK,1440.400132387501,1472.2444540803865,1431.8589181210598,1468.5416259765625,5463640,2.824256258130964,2.8037720249571647,2,2024-04-25,2024-04-29,True,2024-04-25,INDUSINDBK_2024-04-25,2024-03-01,30.1,30.1,76.91,76.91,0.0,0.0,-1.92
2024-04-30,INDUSINDBK,1478.9589309978926,1517.6657783675969,1470.2695796937876,1496.6336669921875,6293171,1.912920990369904,3.204700122526717,3,2024-04-25,2024-04-30,True,2024-04-25,INDUSINDBK_2024-04-25,2024-03-01,30.1,30.1,76.91,76.91,0.0,0.0,-1.92
2024-04-24,ICICIBANK,1065.6513328508768,1071.6515907716011,1062.4804774315448,1070.041748046875,5461309,0.5961901257896862,0.8606110701819653,-3,2024-04-27,2024-04-24,False,2024-04-29,ICICIBANK_2024-04-27,2024-03-01,,15.17,,247.3,,,
2024-04-25,ICICIBANK,1063.4561708666529,1098.2380410085625,1063.407340834438,1086.6278076171875,19905338,1.5500385476161727,3.275236077264908,-2,2024-04-27,2024-04-25,False,2024-04-29,ICICIBANK_2024-04-27,2024-03-01,,15.17,,247.3,,,
2024-04-26,ICICIBANK,1085.066791491599,1092.7256033742926,1075.8956777866083,1080.9202880859375,14190059,-0.5252506415941771,1.5510497344176286,-1,2024-04-27,2024-04-26,False,2024-04-29,ICICIBANK_2024-04-27,2024-03-01,,15.17,,247.3,,,
2024-04-29,ICICIBANK,1081.017770192159,1135.1173934530657,1080.9202292309824,1131.8978271484375,28578063,4.716123808978501,5.013531295831459,0,2024-04-27,2024-04-29,False,2024-04-29,ICICIBANK_2024-04-27,2024-03-01,15.2,15.17,247.42,247.3,0.2,0.05,4.72
2024-04-30,ICICIBANK,1131.702618945696,1141.0689331118688,1118.8241156136564,1122.38525390625,29568491,-0.8404091795239377,1.9656062578467661,1,2024-04-27,2024-04-30,False,2024-04-29,ICICIBANK_2024-04-27,2024-03-01,15.2,15.17,247.42,247.3,0.2,0.05,4.72
2024-05-02,ICICIBANK,1115.16550183226,1127.361100058772,1105.6529352155806,1111.701904296875,25118334,-0.9518433685932415,1.94663167104113,2,2024-04-27,2024-05-02,False,2024-04-29,ICICIBANK_2024-04-27,2024-03-01,15.2,15.17,247.42,247.3,0.2,0.05,4.72
2024-05-03,ICICIBANK,1113.5070335814935,1129.214941483399,1107.7993978952763,1114.23876953125,19933604,0.22819653583121546,1.9232517570402237,3,2024-04-27,2024-05-03,False,2024-04-29,ICICIBANK_2024-04-27,2024-03-01,15.2,15.17,247.42,247.3,0.2,0.05,4.72
2024-04-24,IDFCFIRSTB,83.1328881571884,83.33164875045453,82.53659879515939,82.8347396850586,24743735,-0.1198214591263902,0.9563603201080345,-3,2024-04-27,2024-04-24,False,2024-04-29,IDFCFIRSTB_2024-04-27,2024-03-01,,1.09,,61.11,,,
2024-04-25,IDFCFIRSTB,82.83472836960259,83.23225708406193,82.38751330472931,82.8844223022461,29515615,0.05997799640149459,1.0197942287725403,-2,2024-04-27,2024-04-25,False,2024-04-29,IDFCFIRSTB_2024-04-27,2024-03-01,,1.09,,61.11,,,
2024-04-26,IDFCFIRSTB,83.58010248983159,85.56773873254924,83.28196160276227,84.2757797241211,55911088,1.6786717977007592,2.7348340833454565,-1,2024-04-27,2024-04-26,False,2024-04-29,IDFCFIRSTB_2024-04-27,2024-03-01,,1.09,,61.11,,,
2024-04-29,IDFCFIRSTB,82.88443006733112,82.98381035969908,79.5054470512087,81.14524841308594,106192496,-3.7146275255868666,4.196642609069913,0,2024-04-27,2024-04-29,False,2024-04-29,IDFCFIRSTB_2024-04-27,2024-03-01,1.01,1.09,61.11,61.11,-7.34,0.0,-3.71
2024-04-30,IDFCFIRSTB,81.5427782146533,82.08937362082962,80.35019194419242,81.64215850830078,78004535,0.6123711553450706,2.132845746387225,1,2024-04-27,2024-04-30,False,2024-04-29,IDFCFIRSTB_2024-04-27,2024-03-01,1.01,1.09,61.11,61.11,-7.34,0.0,-3.71
2024-05-02,IDFCFIRSTB,81.84091013488806,82.1390585654168,80.79740579249658,81.04586029052734,25648410,-0.7303802700326822,1.6393424397516474,2,2024-04-27,2024-05-02,False,2024-04-29,IDFCFIRSTB_2024-04-27,2024-03-01,1.01,1.09,61.11,61.11,-7.34,0.0,-3.71
2024-05-03,IDFCFIRSTB,81.3440035430968,81.64215198243787,80.00235073052158,80.3998794555664,24612150,-0.7970559293778545,2.015884614097584,3,2024-04-27,2024-05-03,False,2024-04-29,IDFCFIRSTB_2024-04-27,2024-03-01,1.01,1.09,61.11,61.11,-7.34,0.0,-3.71
2024-04-24,YESBANK,25.89999961853028,25.950000762939453,25.39999961853028,25.450000762939453,173176081,-0.7797226454784867,2.123556573397289,-3,2024-04-28,2024-04-24,False,2024-04-29,YESBANK_2024-04-28,2024-03-01,,0.15,,90.16,,,
2024-04-25,YESBANK,25.450000762939453,26.299999237060547,25.25,25.950000762939453,222135067,1.9646364833438623,4.1257336172247445,-2,2024-04-28,2024-04-25,False,2024-04-29,YESBANK_2024-04-28,2024-03-01,,0.15,,90.16,,,
2024-04-26,YESBANK,26.049999237060547,26.450000762939453,25.950000762939453,26.14999961853028,253826137,0.7707084767275107,1.9193858527591245,-1,2024-04-28,2024-04-26,False,2024-04-29,YESBANK_2024-04-28,2024-03-01,,0.15,,90.16,,,
2024-04-29,YESBANK,27.5,28.549999237060547,26.89999961853028,27.100000381469727,572841223,3.6328901598386976,5.999998612837333,0,2024-04-28,2024-04-29,False,2024-04-29,YESBANK_2024-04-28,2024-03-01,0.15,0.15,90.16,90.16,0.0,0.0,3.63
2024-04-30,YESBANK,27.25,27.39999961853028,26.049999237060547,26.14999961853028,269821799,-3.5055378212800026,4.954129840255903,1,2024-04-28,2024-04-30,False,2024-04-29,YESBANK_2024-04-28,2024-03-01,0.15,0.15,90.16,90.16,0.0,0.0,3.63
2024-05-02,YESBANK,26.0,26.0,25.299999237060547,25.450000762939453,211043504,-2.676859907465534,2.6923106266902046,2,2024-04-28,2024-05-02,False,2024-04-29,YESBANK_2024-04-28,2024-03-01,0.15,0.15,90.16,90.16,0.0,0.0,3.63
2024-05-03,YESBANK,24.850000381469727,25.850000381469727,24.25,24.950000762939453,960652538,-1.9646364833438623,6.4386332269951305,3,2024-04-28,2024-05-03,False,2024-04-29,YESBANK_2024-04-28,2024-03-01,0.15,0.15,90.16,90.16,0.0,0.0,3.63
2024-04-26,FEDERALBNK,153.91673946797906,156.13243145160797,153.67055146979808,154.7045440673828,15126683,0.7374136817526855,1.5994881325575754,-3,2024-05-02,2024-04-26,True,2024-05-02,FEDERALBNK_2024-05-02,2024-03-01,,3.68,,29.49,,,
2024-04-29,FEDERALBNK,155.59082422283595,158.4465991633119,153.67056072657635,158.0034637451172,24049248,2.132399987098954,3.069614458687707,-2,2024-05-02,2024-04-29,True,2024-05-02,FEDERALBNK_2024-05-02,2024-03-01,,3.68,,29.49,,,
2024-04-30,FEDERALBNK,158.93898248389814,162.13942679992437,157.11720011968103,160.12069702148438,32465189,1.3399916851079885,3.159845748195934,-1,2024-05-02,2024-04-30,True,2024-05-02,FEDERALBNK_2024-05-02,2024-03-01,,3.68,,29.49,,,
2024-05-02,FEDERALBNK,166.91546726226807,167.70327188288988,160.36687234472873,165.43833923339844,75875713,3.321021148940262,4.395278435541107,0,2024-05-02,2024-05-02,True,2024-05-02,FEDERALBNK_2024-05-02,2024-03-01,3.68,3.68,29.49,29.49,0.0,0.0,2.06
2024-05-03,FEDERALBNK,165.93072220001676,166.91547426055098,161.49933792761274,163.4196014404297,17758980,-1.2202357702108868,3.264094955489617,1,2024-05-02,2024-05-03,True,2024-05-02,FEDERALBNK_2024-05-02,2024-03-01,3.68,3.68,29.49,29.49,0.0,0.0,2.06
2024-05-06,FEDERALBNK,165.14291129117967,165.14291129117967,158.1019403355033,161.2039031982422,19660309,-1.3558338306161932,4.263562329515772,2,2024-05-02,2024-05-06,True,2024-05-02,FEDERALBNK_2024-05-02,2024-03-01,3.68,3.68,29.49,29.49,0.0,0.0,2.06
2024-05-07,FEDERALBNK,161.49932870879792,161.99170471095889,156.67404989806963,157.3141326904297,11483902,-2.4129505741737667,3.292679205173422,3,2024-05-02,2024-05-07,True,2024-05-02,FEDERALBNK_2024-05-02,2024-03-01,3.68,3.68,29.49,29.49,0.0,0.0,2.06
2024-04-30,KOTAKBANK,326.779222818811,328.0939966092821,322.71541248058884,323.5022888183594,91032240,-1.0027922372461195,1.6459382216217344,-3,2024-05-04,2024-04-30,False,2024-05-06,KOTAKBANK_2024-05-04,2024-03-01,,21.21,,97.6,,,
2024-05-02,KOTAKBANK,316.739200943621,317.6356265650883,309.2490270087303,313.8805847167969,133202390,-2.9742306110745687,2.6477933679736614,-2,2024-05-04,2024-05-02,False,2024-05-06,KOTAKBANK_2024-05-04,2024-03-01,,21.21,,97.6,,,
2024-05-03,KOTAKBANK,315.34471944206706,316.32081438843176,307.54574756960267,308.1134948730469,80617945,-1.837351567620349,2.7826902680833325,-1,2024-05-04,2024-05-03,False,2024-05-06,KOTAKBANK_2024-05-04,2024-03-01,,21.21,,97.6,,,
2024-05-06,KOTAKBANK,319.72730956057165,325.3051129406334,317.5360198909314,323.5719909667969,108041055,5.017143471797447,2.429912246276282,0,2024-05-04,2024-05-06,False,2024-05-06,KOTAKBANK_2024-05-04,2024-03-01,4.16,21.21,98.88,97.6,-80.39,1.31,5.02
2024-05-07,KOTAKBANK,324.4485152515518,328.16373770709185,322.3170156054088,327.4764709472656,49333925,1.20668045735437,1.802049270328747,1,2024-05-04,2024-05-07,False,2024-05-06,KOTAKBANK_2024-05-04,2024-03-01,4.16,21.21,98.88,97.6,-80.39,1.31,5.02
2024-05-08,KOTAKBANK,326.69955335864137,330.1757065622887,325.92264710005423,328.3629455566406,49268765,0.270698718234863,1.301825918802406,2,2024-05-04,2024-05-08,False,2024-05-06,KOTAKBANK_2024-05-04,2024-03-01,4.16,21.21,98.88,97.6,-80.39,1.31,5.02
2024-05-09,KOTAKBANK,328.2932336693921,331.0522404463563,326.1019438994168,327.3171081542969,23280220,-0.31850043267545036,1.5078886919505183,3,2024-05-04,2024-05-09,False,2024-05-06,KOTAKBANK_2024-05-04,2024-03-01,4.16,21.21,98.88,97.6,-80.39,1.31,5.02
2024-05-03,CANBK,115.17479338505964,115.17479338505964,112.6452801887841,113.85543823242188,19884865,-0.46929281406551393,2.196238536168862,-3,2024-05-08,2024-05-03,True,2024-05-08,CANBK_2024-05-08,2024-03-01,,4.14,,147.98,,,
2024-05-06,CANBK,114.12839949651006,114.45596302498988,107.05850171440956,107.69542694091795,65295460,-5.410379501529839,6.48170073637678,-2,2024-05-08,2024-05-06,True,2024-05-08,CANBK_2024-05-08,2024-03-01,,4.14,,147.98,,,
2024-05-07,CANBK,108.3414530191492,108.59622310960324,104.09223500859189,104.95663452148438,43276005,-2.5430907302462225,4.157215890592943,-1,2024-05-08,2024-05-07,True,2024-05-08,CANBK_2024-05-08,2024-03-01,,4.14,,147.98,,,
2024-05-08,CANBK,105.49348598803496,108.9146945396084,100.82570880304624,101.48993682861328,114364700,-3.3029809965576473,7.6677584978845195,0,2024-05-08,2024-05-08,True,2024-05-08,CANBK_2024-05-08,2024-03-01,4.14,4.14,147.98,147.98,0.0,0.0,-5.42
2024-05-09,CANBK,102.45443109059028,103.36432835949776,98.63286533796492,99.26979064941406,65605805,-2.1875530210925143,4.618114581446735,1,2024-05-08,2024-05-09,True,2024-05-08,CANBK_2024-05-08,2024-03-01,4.14,4.14,147.98,147.98,0.0,0.0,-5.42
2024-05-10,CANBK,100.08869388840456,101.39894810255424,98.39628450911616,99.75202941894533,38864845,0.4857860245060408,3.000002774325292,2,2024-05-08,2024-05-10,True,2024-05-08,CANBK_2024-05-08,2024-03-01,4.14,4.14,147.98,147.98,0.0,0.0,-5.42
2024-05-13,CANBK,100.45264997287882,100.99858689201028,96.81306125604962,99.97040557861328,52494105,0.21891901442006034,4.166665226940959,3,2024-05-08,2024-05-13,True,2024-05-08,CANBK_2024-05-08,2024-03-01,4.14,4.14,147.98,147.98,0.0,0.0,-5.42
2024-05-06,PNB,127.77609479541502,127.77609479541502,117.975889679905,118.62923431396484,144404671,-6.406493206858766,7.669826763136984,-3,2024-05-09,2024-05-06,True,2024-05-09,PNB_2024-05-09,2024-03-01,,2.71,,146.1,,,
2024-05-07,PNB,119.37593369811972,119.42259710823734,112.70245365189724,114.14915466308594,86243645,-3.7765392963945987,5.6293955139518586,-2,2024-05-09,2024-05-07,True,2024-05-09,PNB_2024-05-09,2024-03-01,,2.71,,146.1,,,
2024-05-08,PNB,114.33582011037434,117.74256229703134,113.9624772327681,116.48253631591795,70886836,2.04415149610091,3.3061249402104544,-1,2024-05-09,2024-05-08,True,2024-05-09,PNB_2024-05-09,2024-03-01,,2.71,,146.1,,,
2024-05-09,PNB,117.55587930856038,118.20923108019971,112.65577306541724,114.00914001464844,82730547,-2.123405258416844,4.724100612786686,0,2024-05-09,2024-05-09,True,2024-05-09,PNB_2024-05-09,2024-03-01,2.7,2.71,146.11,146.1,-0.37,0.01,-0.72
2024-05-10,PNB,115.64251708984376,116.43586625739286,112.46911329872415,115.64251708984376,45163174,1.432672042772598,3.4301855913313433,1,2024-05-09,2024-05-10,True,2024-05-09,PNB_2024-05-09,2024-03-01,2.7,2.71,146.11,146.1,-0.37,0.01,-0.72
2024-05-13,PNB,115.6425139852608,115.73584792230388,111.06907986092064,114.89582824707033,41922266,-0.6456871240474005,4.0355124603898185,2,2024-05-09,2024-05-13,True,2024-05-09,PNB_2024-05-09,2024-03-01,2.7,2.71,146.11,146.1,-0.37,0.01,-0.72
2024-05-14,PNB,115.31583432132328,118.16255838541493,114.84915754482404,117.36920928955078,32083064,2.152716143149891,2.873326859309034,3,2024-05-09,2024-05-14,True,2024-05-09,PNB_2024-05-09,2024-03-01,2.7,2.71,146.11,146.1,-0.37,0.01,-0.72
2024-05-06,SBIN,790.8085783183144,791.755654460013,760.5021417839598,765.048095703125,35283557,-2.844424091979225,3.952095808383243,-3,2024-05-09,2024-05-06,True,2024-05-09,SBIN_2024-05-09,2024-03-01,,23.19,,590.24,,,
2024-05-07,SBIN,769.0257723774635,771.5355470964827,751.2207537405488,759.4603271484375,16725013,-0.7303813428294337,2.6416271190925253,-2,2024-05-09,2024-05-07,True,2024-05-09,SBIN_2024-05-09,2024-03-01,,23.19,,590.24,,,
2024-05-08,SBIN,760.1232467274178,778.4965459957647,757.1873339703332,767.8892822265625,27908322,1.1098611443962403,2.8033890710716625,-1,2024-05-09,2024-05-08,True,2024-05-09,SBIN_2024-05-09,2024-03-01,,23.19,,590.24,,,
2024-05-09,SBIN,768.9311579165353,795.2125213733023,761.0230372925254,776.4130249023438,49290254,1.1100223525800423,4.44636476604945,0,2024-05-09,2024-05-09,True,2024-05-09,SBIN_2024-05-09,2024-03-01,23.2,23.19,590.22,590.24,0.04,-0.0,0.81
2024-05-10,SBIN,783.2320208951047,788.0147441654584,772.4353290449478,774.0927124023438,20543142,-0.29885028014462467,1.9891187674765765,1,2024-05-09,2024-05-10,True,2024-05-09,SBIN_2024-05-09,2024-03-01,23.2,23.19,590.22,590.24,0.04,-0.0,0.81
2024-05-13,SBIN,776.4603581145727,776.4603581145727,756.33498993591,765.9951782226562,15398505,-1.0460677448515643,2.5919376267362586,2,2024-05-09,2024-05-13,True,2024-05-09,SBIN_2024-05-09,2024-03-01,23.2,23.19,590.22,590.24,0.04,-0.0,0.81
2024-05-14,SBIN,769.9728976160259,778.875436405395,765.1428324503737,774.897705078125,10912462,1.1622170881186777,1.783517835178345,3,2024-05-09,2024-05-14,True,2024-05-09,SBIN_2024-05-09,2024-03-01,23.2,23.19,590.22,590.24,0.04,-0.0,0.81
2024-05-07,BANKBARODA,242.864155503268,244.45835003590315,234.8476177445464,235.986328125,17373412,-2.502828348467623,3.95724608740273,-3,2024-05-10,2024-05-07,True,2024-05-10,BANKBARODA_2024-05-10,2024-03-01,,9.45,,159.84,,,
2024-05-08,BANKBARODA,235.9863140663753,242.4997592949761,235.1209109091138,239.1291656494141,31407247,1.3317879681357558,3.1268119996936994,-2,2024-05-10,2024-05-08,True,2024-05-10,BANKBARODA_2024-05-10,2024-03-01,,9.45,,159.84,,,
2024-05-09,BANKBARODA,245.9614146957276,247.51007176032545,236.8061953800484,239.2657928466797,33562988,0.05713531299895713,4.351851851851859,-1,2024-05-10,2024-05-09,True,2024-05-10,BANKBARODA_2024-05-10,2024-03-01,,9.45,,159.84,,,
2024-05-10,BANKBARODA,242.0442899995044,242.95525830541064,226.238984331922,232.1602783203125,39476449,-2.9697159973554488,6.90628726400563,0,2024-05-10,2024-05-10,True,2024-05-10,BANKBARODA_2024-05-10,2024-03-01,9.45,9.45,159.84,159.84,0.0,0.0,-1.37
2024-05-13,BANKBARODA,237.1250385054537,238.49149096199807,229.1540797425512,235.986328125,31581807,1.6480208554060516,3.937758440988977,1,2024-05-10,2024-05-13,True,2024-05-10,BANKBARODA_2024-05-10,2024-03-01,9.45,9.45,159.84,159.84,0.0,0.0,-1.37
2024-05-14,BANKBARODA,236.57847540342144,239.76686440993365,234.665436439405,237.62608337402344,12196792,0.694851800124141,2.15633648066652,2,2024-05-10,2024-05-14,True,2024-05-10,BANKBARODA_2024-05-10,2024-03-01,9.45,9.45,159.84,159.84,0.0,0.0,-1.37
2024-05-15,BANKBARODA,237.99045024703744,243.8662064546939,237.5349661317321,240.40451049804688,19280956,1.1692433274045122,2.6602917538875563,3,2024-05-10,2024-05-15,True,2024-05-10,BANKBARODA_2024-05-10,2024-03-01,9.45,9.45,159.84,159.84,0.0,0.0,-1.37
2024-05-07,UNIONBANK,137.29549268508947,137.29549268508947,128.8747052603546,129.79000854492188,20164121,-3.99457958058117,6.133331298828123,-3,2024-05-10,2024-05-07,True,2024-05-10,UNIONBANK_2024-05-10,2024-03-01,,4.47,,141.36,,,
2024-05-08,UNIONBANK,130.4307118643063,133.45121535339507,128.92046710297143,131.89520263671875,16847052,1.6220001180354604,3.4736820689418684,-2,2024-05-10,2024-05-08,True,2024-05-10,UNIONBANK_2024-05-10,2024-03-01,,4.47,,141.36,,,
2024-05-09,UNIONBANK,132.71896415054508,134.6411064592928,128.87469349946815,130.06459045410156,14936492,-1.3879293151088046,4.34482969086749,-1,2024-05-10,2024-05-09,True,2024-05-10,UNIONBANK_2024-05-10,2024-03-01,,4.47,,141.36,,,
2024-05-10,UNIONBANK,131.07142940095565,131.75790687404003,125.89997135695482,129.9730682373047,16412431,-0.07036674353668726,4.469269576030502,0,2024-05-10,2024-05-10,True,2024-05-10,UNIONBANK_2024-05-10,2024-03-01,4.36,4.47,141.4,141.36,-2.46,0.03,-4.01
2024-05-13,UNIONBANK,127.18139257493496,127.59327627258791,119.30979246132404,124.8473663330078,33666442,-3.9436646174562773,6.513125578793509,1,2024-05-10,2024-05-13,True,2024-05-10,UNIONBANK_2024-05-10,2024-03-01,4.36,4.47,141.4,141.36,-2.46,0.03,-4.01
2024-05-14,UNIONBANK,126.17456139766068,126.26608334483912,122.10145067168236,122.3302764892578,17206316,-2.0161337140553792,3.3006912225604723,2,2024-05-10,2024-05-14,True,2024-05-10,UNIONBANK_2024-05-10,2024-03-01,4.36,4.47,141.4,141.36,-2.46,0.03,-4.01
2024-05-15,UNIONBANK,123.65748700011088,128.69165537742015,123.38289320442806,127.181396484375,19140585,3.9655922755502004,4.293118275149268,3,2024-05-10,2024-05-15,True,2024-05-10,UNIONBANK_2024-05-10,2024-03-01,4.36,4.47,141.4,141.36,-2.46,0.03,-4.01
2024-05-13,BANDHANBNK,183.77869382328416,184.99738542688684,179.00142868780426,183.4374542236328,7875556,0.5880781389875356,3.262596231556688,-3,2024-05-16,2024-05-13,True,2024-05-16,BANDHANBNK_2024-05-16,2024-03-01,,0.34,,58.83,,,
2024-05-14,BANDHANBNK,183.5349494040252,185.7773448554645,183.24246045355807,183.8274383544922,6583961,0.21259787566825228,1.381145340512912,-2,2024-05-16,2024-05-14,True,2024-05-16,BANDHANBNK_2024-05-16,2024-03-01,,0.34,,58.83,,,
2024-05-15,BANDHANBNK,184.6561390989772,186.60604559369327,183.4374475397796,185.14361572265625,10799367,0.7159852631063446,1.715945145054322,-1,2024-05-16,2024-05-15,True,2024-05-16,BANDHANBNK_2024-05-16,2024-03-01,,0.34,,58.83,,,
2024-05-16,BANDHANBNK,185.24109990377448,185.631075216088,172.12798291222293,175.10159301757812,40071506,-5.423909793422743,7.289468865645576,0,2024-05-16,2024-05-16,True,2024-05-16,BANDHANBNK_2024-05-16,2024-03-01,0.34,0.34,58.83,58.83,0.0,0.0,-4.61
2024-05-17,BANDHANBNK,176.46652542494232,178.46518241750712,174.90659438767105,176.61276245117188,11276823,0.8630243777633995,2.0165796437974697,1,2024-05-16,2024-05-17,True,2024-05-16,BANDHANBNK_2024-05-16,2024-03-01,0.34,0.34,58.83,58.83,0.0,0.0,-4.61
2024-05-21,BANDHANBNK,178.41645228939018,180.3663588717879,175.97906906139303,179.48890686035156,12520544,1.6285031552999207,2.4590163934426346,2,2024-05-16,2024-05-21,True,2024-05-16,BANDHANBNK_2024-05-16,2024-03-01,0.34,0.34,58.83,58.83,0.0,0.0,-4.61
2024-05-22,BANDHANBNK,180.26884395908564,180.75632056781936,176.95400897033858,178.90391540527344,12798840,-0.3259206740465981,2.1092450109369785,3,2024-05-16,2024-05-22,True,2024-05-16,BANDHANBNK_2024-05-16,2024-03-01,0.34,0.34,58.83,58.83,0.0,0.0,-4.61
2024-07-15,UNIONBANK,124.93890059530987,129.05776545010033,123.93206137757088,127.39190673828124,22327366,2.2555234324663553,4.1025685740041435,-3,2024-07-19,2024-07-15,True,2024-07-19,UNIONBANK_2024-07-19,2024-06-01,,4.7,,110.17,,,
2024-07-16,UNIONBANK,128.30722271729334,130.65041113134018,127.236319425203,127.82211303710938,13617156,0.3377030062922115,2.6608725789814924,-2,2024-07-19,2024-07-16,True,2024-07-19,UNIONBANK_2024-07-19,2024-06-01,,4.7,,110.17,,,
2024-07-18,UNIONBANK,128.14246949852176,129.7900183282155,127.26377213387818,127.95941162109376,14015928,0.10741379619074731,1.9714355468750044,-1,2024-07-19,2024-07-18,True,2024-07-19,UNIONBANK_2024-07-19,2024-06-01,,4.7,,110.17,,,
2024-07-19,UNIONBANK,128.7109908168295,129.08678359593307,126.92595361272416,127.44266510009766,9426470,-0.4038362746823676,1.678823206546535,0,2024-07-19,2024-07-19,True,2024-07-19,UNIONBANK_2024-07-19,2024-06-01,4.8,4.7,139.2,110.17,2.13,26.35,-2.6
2024-07-22,UNIONBANK,126.50317494509656,130.55241616431374,125.43214970363336,127.93121337890624,12569391,0.38334750644524185,4.047539884198655,1,2024-07-19,2024-07-22,True,2024-07-19,UNIONBANK_2024-07-19,2024-06-01,4.8,4.7,139.2,110.17,2.13,26.35,-2.6
2024-07-23,UNIONBANK,128.69219764374608,128.88009403441706,121.2889766351648,126.57833099365234,12529462,-1.0575076633150715,5.8986617201661815,2,2024-07-19,2024-07-23,True,2024-07-19,UNIONBANK_2024-07-19,2024-06-01,4.8,4.7,139.2,110.17,2.13,26.35,-2.6
2024-07-24,UNIONBANK,125.90189780761222,128.1003301110981,125.37578215740236,126.38105010986328,8709147,-0.15585675860977366,2.1640245311147353,3,2024-07-19,2024-07-24,True,2024-07-19,UNIONBANK_2024-07-19,2024-06-01,4.8,4.7,139.2,110.17,2.13,26.35,-2.6
2024-07-16,HDFCBANK,786.5580588939988,789.5912150674294,784.6411278889234,786.07275390625,28950324,-0.14487077968391437,0.6293352566327354,-3,2024-07-20,2024-07-16,False,2024-07-22,HDFCBANK_2024-07-20,2024-06-01,,21.2,,400.41,,,
2024-07-18,HDFCBANK,780.3703737749313,788.1109641715035,776.0754367376819,783.6704711914062,33717064,-0.30560564564870996,1.5422840023515274,-2,2024-07-20,2024-07-18,False,2024-07-22,HDFCBANK_2024-07-20,2024-06-01,,21.2,,400.41,,,
2024-07-19,HDFCBANK,784.252891584584,787.6500266347647,778.1865789949754,780.03076171875,26002152,-0.46444387104733753,1.206683168316835,-1,2024-07-20,2024-07-19,False,2024-07-22,HDFCBANK_2024-07-20,2024-06-01,,21.2,,400.41,,,
2024-07-22,HDFCBANK,784.7381297391379,801.2384985771903,782.6270649860646,797.1376953125,53744822,2.193110122484909,2.3716744332676254,0,2024-07-20,2024-07-22,False,2024-07-22,HDFCBANK_2024-07-20,2024-06-01,10.64,21.2,405.05,400.41,-49.81,1.16,2.19
2024-07-23,HDFCBANK,799.5642547535156,799.6855810002239,778.9145038672318,785.4176025390625,52002152,-1.470272054923072,2.5977996151660476,1,2024-07-20,2024-07-23,False,2024-07-22,HDFCBANK_2024-07-20,2024-06-01,10.64,21.2,405.05,400.41,-49.81,1.16,2.19
2024-07-24,HDFCBANK,780.4432298173384,786.6793870769927,770.6886113878456,778.4534912109375,61728206,-0.886676247847229,2.0489351535395732,2,2024-07-20,2024-07-24,False,2024-07-22,HDFCBANK_2024-07-20,2024-06-01,10.64,21.2,405.05,400.41,-49.81,1.16,2.19
2024-07-25,HDFCBANK,773.0908809941293,788.6206413154175,773.0908809941293,784.5440673828125,25535732,0.7823943550437029,2.0087884494664157,3,2024-07-20,2024-07-25,False,2024-07-22,HDFCBANK_2024-07-20,2024-06-01,10.64,21.2,405.05,400.41,-49.81,1.16,2.19
2024-07-16,KOTAKBANK,366.95931412926274,368.3537573769551,358.75196313490443,359.62847900390625,32713510,-2.0747986515192385,2.6165827851608694,-3,2024-07-20,2024-07-16,False,2024-07-22,KOTAKBANK_2024-07-20,2024-06-01,,31.34,,94.05,,,
2024-07-18,KOTAKBANK,359.5686996321101,364.7879142433544,357.20810112124707,363.9014587402344,37954190,1.1881650052196546,2.108029183258322,-2,2024-07-20,2024-07-18,False,2024-07-22,KOTAKBANK_2024-07-20,2024-06-01,,31.34,,94.05,,,
2024-07-19,KOTAKBANK,362.6550710937018,365.1478883807636,360.1522727999243,363.2732849121094,20694325,-0.1726219593347178,1.3775115747791622,-1,2024-07-20,2024-07-19,False,2024-07-22,KOTAKBANK_2024-07-20,2024-06-01,,31.34,,94.05,,,
2024-07-22,KOTAKBANK,363.1536029164098,363.1536029164098,348.7750206680162,350.50006103515625,53711805,-3.516147321442442,3.959366541574204,0,2024-07-20,2024-07-22,False,2024-07-22,KOTAKBANK_2024-07-20,2024-06-01,6.28,31.34,97.71,94.05,-79.96,3.89,-3.52
2024-07-23,KOTAKBANK,352.78348138771736,355.0768914918608,346.8306326392856,352.7635498046875,30775980,0.6457884095216304,2.3374844026532946,1,2024-07-20,2024-07-23,False,2024-07-22,KOTAKBANK_2024-07-20,2024-06-01,6.28,31.34,97.71,94.05,-79.96,3.89,-3.52
2024-07-24,KOTAKBANK,352.5741110581228,355.1566661810991,344.81646468222635,348.2366027832031,37436035,-1.2832808332920997,2.932773897618411,2,2024-07-20,2024-07-24,False,2024-07-22,KOTAKBANK_2024-07-20,2024-06-01,6.28,31.34,97.71,94.05,-79.96,3.89,-3.52
2024-07-25,KOTAKBANK,345.4047390394214,354.7777254597317,345.4047390394214,354.00994873046875,15481985,1.6578802748256294,2.7136241518795656,3,2024-07-20,2024-07-25,False,2024-07-22,KOTAKBANK_2024-07-20,2024-06-01,6.28,31.34,97.71,94.05,-79.96,3.89,-3.52
2024-07-16,YESBANK,26.3700008392334,26.850000381469727,26.1200008392334,26.190000534057617,164345143,-0.7202374251457866,2.7682954835186497,-3,2024-07-21,2024-07-16,False,2024-07-22,YESBANK_2024-07-21,2024-06-01,,0.15,,35.83,,,
2024-07-18,YESBANK,26.0,26.299999237060547,25.670000076293945,25.75,187983764,-1.6800325509174319,2.42307369525616,-2,2024-07-21,2024-07-18,False,2024-07-22,YESBANK_2024-07-21,2024-06-01,,0.15,,35.83,,,
2024-07-19,YESBANK,25.739999771118164,25.780000686645508,24.6200008392334,24.770000457763672,166847717,-3.8058234649954503,4.506603953872988,-1,2024-07-21,2024-07-19,False,2024-07-22,YESBANK_2024-07-21,2024-06-01,,0.15,,35.83,,,
2024-07-22,YESBANK,25.89999961853028,26.190000534057617,25.21999931335449,25.670000076293945,332587313,3.633425926111311,3.7451785134743267,0,2024-07-21,2024-07-22,False,2024-07-22,YESBANK_2024-07-21,2024-06-01,0.16,0.15,34.43,35.83,6.67,-3.91,3.63
2024-07-23,YESBANK,25.670000076293945,25.700000762939453,24.25,24.959999084472656,183384210,-2.7658784172617468,5.648620018036221,1,2024-07-21,2024-07-23,False,2024-07-22,YESBANK_2024-07-21,2024-06-01,0.16,0.15,34.43,35.83,6.67,-3.91,3.63
2024-07-24,YESBANK,24.950000762939453,25.18000030517578,24.739999771118164,24.89999961853028,134634530,-0.24038248454785194,1.763529140693217,2,2024-07-21,2024-07-24,False,2024-07-22,YESBANK_2024-07-21,2024-06-01,0.16,0.15,34.43,35.83,6.67,-3.91,3.63
2024-07-25,YESBANK,24.59000015258789,24.780000686645508,24.420000076293945,24.6200008392334,106791946,-1.124493106773028,1.4640122330933596,3,2024-07-21,2024-07-25,False,2024-07-22,YESBANK_2024-07-21,2024-06-01,0.16,0.15,34.43,35.83,6.67,-3.91,3.63
2024-07-18,FEDERALBNK,192.3614520092053,194.7544071819865,192.0266399355872,193.6022491455078,9065610,0.6398780510826763,1.4180425536966452,-3,2024-07-23,2024-07-18,True,2024-07-23,FEDERALBNK_2024-07-23,2024-06-01,,4.11,,28.97,,,
2024-07-19,FEDERALBNK,193.99613800505537,193.99613800505537,187.9300622662421,188.5504608154297,10613495,-2.6093644843357633,3.1269054122382607,-2,2024-07-23,2024-07-19,True,2024-07-23,FEDERALBNK_2024-07-23,2024-06-01,,4.11,,28.97,,,
2024-07-22,FEDERALBNK,188.53077613579703,191.9281676880888,187.20136988983444,189.9882049560547,18442177,0.7625248617304514,2.5071756957334554,-1,2024-07-23,2024-07-22,True,2024-07-23,FEDERALBNK_2024-07-23,2024-06-01,,4.11,,28.97,,,
2024-07-23,FEDERALBNK,199.90467219079625,200.33796551006944,192.87354294237176,194.9415283203125,48303121,2.6071741482075472,3.7339910497806508,0,2024-07-23,2024-07-23,True,2024-07-23,FEDERALBNK_2024-07-23,2024-06-01,4.1,4.11,32.07,28.97,-0.24,10.7,4.3
2024-07-24,FEDERALBNK,193.9961546303863,200.8894190081157,190.1851689899155,198.16165161132807,52568775,1.6518405897200772,5.517764018876882,1,2024-07-23,2024-07-24,True,2024-07-23,FEDERALBNK_2024-07-23,2024-06-01,4.1,4.11,32.07,28.97,-0.24,10.7,4.3
2024-07-25,FEDERALBNK,196.6549755894533,202.02187109870533,194.83319336626823,201.5491943359375,26159847,1.7094845027098016,3.6554771680145737,2,2024-07-23,2024-07-25,True,2024-07-23,FEDERALBNK_2024-07-23,2024-06-01,4.1,4.11,32.07,28.97,-0.24,10.7,4.3
2024-07-26,FEDERALBNK,192.02665502374825,196.3497160409302,190.01776739807136,194.9809112548828,26611586,-3.2588982073065598,3.297432141426278,3,2024-07-23,2024-07-26,True,2024-07-23,FEDERALBNK_2024-07-23,2024-06-01,4.1,4.11,32.07,28.97,-0.24,10.7,4.3
2024-07-19,AXISBANK,1303.5297937995697,1306.874329397254,1286.1080575380593,1290.2513427734375,4496066,-1.3021343263498908,1.593079955515604,-3,2024-07-24,2024-07-19,True,2024-07-24,AXISBANK_2024-07-24,2024-06-01,,19.59,,190.29,,,
2024-07-22,AXISBANK,1281.2660758669613,1290.2514616948122,1276.1244140466054,1280.41748046875,6695557,-0.7621664073256706,1.1025850066816012,-2,2024-07-24,2024-07-22,True,2024-07-24,AXISBANK_2024-07-24,2024-06-01,,19.59,,190.29,,,
2024-07-23,AXISBANK,1286.4076049249054,1289.00335841064,1248.9685011727254,1261.1986083984375,8789327,-1.5009848243618618,3.1121440113261496,-1,2024-07-24,2024-07-23,True,2024-07-24,AXISBANK_2024-07-24,2024-06-01,,19.59,,190.29,,,
2024-07-24,AXISBANK,1260.849167335916,1265.2918921132373,1224.6580346790513,1237.237548828125,10344860,-1.899864098386539,3.222737381033642,0,2024-07-24,2024-07-24,True,2024-07-24,AXISBANK_2024-07-24,2024-06-01,19.5,19.59,192.32,190.29,-0.46,1.07,-6.91
2024-07-25,AXISBANK,1198.0513181133176,1198.0513181133176,1153.6235817332822,1173.990478515625,32979871,-5.111958521821924,3.7083333333333237,1,2024-07-24,2024-07-25,True,2024-07-24,AXISBANK_2024-07-24,2024-06-01,19.5,19.59,192.32,190.29,-0.46,1.07,-6.91
2024-07-26,AXISBANK,1163.1081895407196,1181.228740644891,1153.3740222891986,1175.4381103515625,18554648,0.12330865219349896,2.394851881035383,2,2024-07-24,2024-07-26,True,2024-07-24,AXISBANK_2024-07-24,2024-06-01,19.5,19.59,192.32,190.29,-0.46,1.07,-6.91
2024-07-29,AXISBANK,1180.42997752959,1192.6600849625192,1161.760392891013,1168.1500244140625,19598573,-0.6200314481312974,2.617664127454073,3,2024-07-24,2024-07-29,True,2024-07-24,AXISBANK_2024-07-24,2024-06-01,19.5,19.59,192.32,190.29,-0.46,1.07,-6.91
2024-07-22,AUBANK,626.6179182598295,658.9466377660516,623.624520561136,653.9576416015625,6529913,3.432486635855736,5.636946562748805,-3,2024-07-25,2024-07-22,True,2024-07-25,AUBANK_2024-07-25,2024-06-01,,6.65,,24.66,,,
2024-07-23,AUBANK,655.5541356026786,657.449978620007,642.0339673605987,654.8057861328125,2321050,0.12969410819527738,2.351600031511612,-2,2024-07-25,2024-07-23,True,2024-07-25,AUBANK_2024-07-25,2024-06-01,,6.65,,24.66,,,
2024-07-24,AUBANK,654.8057852593363,661.8402580865265,645.8255916329225,658.0985107421875,5455706,0.5028551486726096,2.4457124255952345,-1,2024-07-25,2024-07-24,True,2024-07-25,AUBANK_2024-07-25,2024-06-01,,6.65,,24.66,,,
2024-07-25,AUBANK,655.8534640938601,660.2936831345468,624.1733364935249,630.2599487304688,2401579,-4.230151194282916,5.507380629745775,0,2024-07-25,2024-07-25,True,2024-07-25,AUBANK_2024-07-25,2024-06-01,6.79,6.65,24.66,24.66,2.11,0.0,-1.39
2024-07-26,AUBANK,619.6333651897298,650.9143488788285,619.1843433246424,648.9686889648438,4555752,2.9684164878412522,5.120770981154383,1,2024-07-25,2024-07-26,True,2024-07-25,AUBANK_2024-07-25,2024-06-01,6.79,6.65,24.66,24.66,2.11,0.0,-1.39
2024-07-29,AUBANK,653.558503191283,656.6516564796415,642.931916908832,648.619384765625,4793665,-0.053824507277222544,2.0992366412213856,2,2024-07-25,2024-07-29,True,2024-07-25,AUBANK_2024-07-25,2024-06-01,6.79,6.65,24.66,24.66,2.11,0.0,-1.39
2024-07-30,AUBANK,650.5651348493262,660.044228071824,647.721431242911,650.016357421875,2007413,0.21537633457482386,1.8941680346529897,3,2024-07-25,2024-07-30,True,2024-07-25,AUBANK_2024-07-25,2024-06-01,6.79,6.65,24.66,24.66,2.11,0.0,-1.39
2024-07-22,BANDHANBNK,186.24530858779968,194.0156867811741,185.63108331134563,192.98223876953125,10624805,2.852689093801719,4.501913918479085,-3,2024-07-25,2024-07-22,True,2024-07-25,BANDHANBNK_2024-07-25,2024-06-01,,4.86,,32.48,,,
2024-07-23,BANDHANBNK,192.3582793658965,194.49342936549127,184.36366568433627,190.62286376953125,10847273,-1.2225866043650169,5.266091854505806,-2,2024-07-25,2024-07-23,True,2024-07-25,BANDHANBNK_2024-07-25,2024-06-01,,4.86,,32.48,,,
2024-07-24,BANDHANBNK,191.09082670185788,193.4307084251161,181.8677629081945,183.38870239257807,32878186,-3.7950124312996936,6.051020719567171,-1,2024-07-25,2024-07-24,True,2024-07-25,BANDHANBNK_2024-07-25,2024-06-01,,4.86,,32.48,,,
2024-07-25,BANDHANBNK,183.38870026618272,184.2174015484505,180.8830634369969,181.1755523681641,11606916,-1.2068082687429205,1.8181807857375734,0,2024-07-25,2024-07-25,True,2024-07-25,BANDHANBNK_2024-07-25,2024-06-01,6.6,4.86,60.63,32.48,35.8,86.67,2.34
2024-07-26,BANDHANBNK,180.46383467014007,188.409696920816,180.1225951157607,187.6784820556641,14431603,3.5892975638818436,4.592112220269972,1,2024-07-25,2024-07-26,True,2024-07-25,BANDHANBNK_2024-07-25,2024-06-01,6.6,4.86,60.63,32.48,35.8,86.67,2.34
2024-07-29,BANDHANBNK,197.91551223575465,214.48971769392125,195.09789790293053,213.3880157470703,133627172,13.698711439802125,9.79802925598445,2,2024-07-25,2024-07-29,True,2024-07-25,BANDHANBNK_2024-07-25,2024-06-01,6.6,4.86,60.63,32.48,35.8,86.67,2.34
2024-07-30,BANDHANBNK,212.9687828498404,216.741847034654,211.1261218669541,214.2654724121093,30074854,0.4112024107665979,2.6368771481684385,3,2024-07-25,2024-07-30,True,2024-07-25,BANDHANBNK_2024-07-25,2024-06-01,6.6,4.86,60.63,32.48,35.8,86.67,2.34
2024-07-22,CANBK,105.4206498042804,107.93466570304147,103.7664388511693,107.25242614746094,21519135,1.6564874881035863,3.9538997906109796,-3,2024-07-25,2024-07-22,True,2024-07-25,CANBK_2024-07-25,2024-06-01,,4.06,,144.86,,,
2024-07-23,CANBK,107.85054949725786,107.85054949725786,101.8692351799046,105.47671508789062,26483458,-1.6556371947510917,5.545928458626286,-2,2024-07-25,2024-07-23,True,2024-07-25,CANBK_2024-07-25,2024-06-01,,4.06,,144.86,,,
2024-07-24,CANBK,105.59821638724156,106.4486878045476,104.24307792900449,105.10289001464844,24622269,-0.35441478522599823,2.088680993867242,-1,2024-07-25,2024-07-24,True,2024-07-25,CANBK_2024-07-25,2024-06-01,,4.06,,144.86,,,
2024-07-25,CANBK,104.48606637771498,106.40195145757404,102.10288408025124,104.57017517089844,76948576,-0.5068508046503384,4.1144886838612145,0,2024-07-25,2024-07-25,True,2024-07-25,CANBK_2024-07-25,2024-06-01,4.3,4.06,144.85,144.86,5.91,-0.01,1.24
2024-07-26,CANBK,105.1309232361254,106.91597481577888,103.73840075401417,106.41130065917967,54279930,1.7606602315357156,3.0224923019346495,1,2024-07-25,2024-07-26,True,2024-07-25,CANBK_2024-07-25,2024-06-01,4.3,4.06,144.85,144.86,5.91,-0.01,1.24
2024-07-29,CANBK,107.6636284157271,110.11223092986542,107.48606303913655,108.32718658447266,51072326,1.8004534419039597,2.4392340564524804,2,2024-07-25,2024-07-29,True,2024-07-25,CANBK_2024-07-25,2024-06-01,4.3,4.06,144.85,144.86,5.91,-0.01,1.24
2024-07-30,CANBK,108.3271902511034,108.83185726510636,107.58887106577797,108.19634246826172,17664352,-0.12078603750029782,1.1474369421445771,3,2024-07-25,2024-07-30,True,2024-07-25,CANBK_2024-07-25,2024-06-01,4.3,4.06,144.85,144.86,5.91,-0.01,1.24
2024-07-22,INDUSINDBK,1425.6908036392629,1427.637601575739,1407.3205336155468,1421.0982666015625,2883674,-0.6317786441969009,1.425068318342952,-3,2024-07-25,2024-07-22,True,2024-07-25,INDUSINDBK_2024-07-25,2024-06-01,,27.77,,81.28,,,
2024-07-23,INDUSINDBK,1420.1996826189045,1424.6924056922153,1393.393125989397,1410.9146728515625,3054925,-0.7166002513220415,2.2038647160588805,-2,2024-07-25,2024-07-23,True,2024-07-25,INDUSINDBK_2024-07-25,2024-06-01,,27.77,,81.28,,,
2024-07-24,INDUSINDBK,1407.5202387930551,1410.215823831037,1384.1580549298735,1394.3914794921875,5553500,-1.1710979889365203,1.8513246334211058,-1,2024-07-25,2024-07-24,True,2024-07-25,INDUSINDBK_2024-07-25,2024-06-01,,27.77,,81.28,,,
2024-07-25,INDUSINDBK,1386.753888418828,1394.29172828215,1371.7781444834193,1376.869873046875,3631639,-1.256577274245363,1.623473637733988,0,2024-07-25,2024-07-25,True,2024-07-25,INDUSINDBK_2024-07-25,2024-06-01,27.7,27.77,78.49,81.28,-0.25,-3.43,0.52
2024-07-26,INDUSINDBK,1362.7926420270542,1406.721489096058,1356.8523125930235,1401.6297607421875,3607419,1.7982736190255366,3.659337082188648,1,2024-07-25,2024-07-26,True,2024-07-25,INDUSINDBK_2024-07-25,2024-06-01,27.7,27.77,78.49,81.28,-0.25,-3.43,0.52
2024-07-29,INDUSINDBK,1412.711869610399,1442.6133901155297,1404.175646666766,1409.217529296875,5955870,0.5413532708287816,2.720848056537119,2,2024-07-25,2024-07-29,True,2024-07-25,INDUSINDBK_2024-07-25,2024-06-01,27.7,27.77,78.49,81.28,-0.25,-3.43,0.52
2024-07-30,INDUSINDBK,1409.2175404978543,1430.3832103874074,1404.9244450436631,1427.3880615234375,2158067,1.2894057765254097,1.8065887353878742,3,2024-07-25,2024-07-30,True,2024-07-25,INDUSINDBK_2024-07-25,2024-06-01,27.7,27.77,78.49,81.28,-0.25,-3.43,0.52
2024-07-24,ICICIBANK,1195.1685807983697,1203.6079582700647,1172.777510944099,1193.21728515625,20122521,-0.30568676102581405,2.5795898437499933,-3,2024-07-27,2024-07-24,False,2024-07-29,ICICIBANK_2024-07-27,2024-06-01,,15.62,,265.58,,,
2024-07-25,ICICIBANK,1176.143415035895,1188.5829244027202,1161.6062390935692,1168.728515625,14154461,-2.052331108163863,2.293656110664674,-2,2024-07-27,2024-07-25,False,2024-07-29,ICICIBANK_2024-07-27,2024-06-01,,15.62,,265.58,,,
2024-07-26,ICICIBANK,1161.020907069825,1190.2903417018374,1157.0694857554497,1177.802001953125,19309265,0.7763553474412044,2.861348641018896,-1,2024-07-27,2024-07-26,False,2024-07-29,ICICIBANK_2024-07-27,2024-06-01,,15.62,,265.58,,,
2024-07-29,ICICIBANK,1185.558499492736,1212.4863561230136,1174.8263732265093,1183.1680908203125,28458261,0.45560194822975575,3.176560491331118,0,2024-07-27,2024-07-29,False,2024-07-29,ICICIBANK_2024-07-27,2024-06-01,15.7,15.62,265.55,265.58,0.51,-0.01,0.46
2024-07-30,ICICIBANK,1183.4607897362628,1200.876079269409,1175.0702424166864,1179.9971923828125,23972277,-0.2680006722714734,2.1805400801215877,1,2024-07-27,2024-07-30,False,2024-07-29,ICICIBANK_2024-07-27,2024-06-01,15.7,15.62,265.55,265.58,0.51,-0.01,0.46
2024-07-31,ICICIBANK,1189.3147074879269,1194.8271415595514,1181.5095248300895,1185.3145751953125,22297629,0.45062673426894406,1.1197723063217944,2,2024-07-27,2024-07-31,False,2024-07-29,ICICIBANK_2024-07-27,2024-06-01,15.7,15.62,265.55,265.58,0.51,-0.01,0.46
2024-08-01,ICICIBANK,1182.97292613369,1192.875774860644,1177.5093224180823,1180.63134765625,8725046,-0.3951041889694862,1.298969072164979,3,2024-07-27,2024-08-01,False,2024-07-29,ICICIBANK_2024-07-27,2024-06-01,15.7,15.62,265.55,265.58,0.51,-0.01,0.46
2024-07-24,IDFCFIRSTB,76.07677344358851,76.56374215663523,74.58604639439132,75.19227600097656,45553498,-1.2142438454870619,2.599605205010945,-3,2024-07-27,2024-07-24,False,2024-07-29,IDFCFIRSTB_2024-07-27,2024-06-01,,0.83,,63.08,,,
2024-07-25,IDFCFIRSTB,74.53635795654046,74.87425247313949,74.13882919765948,74.1984634399414,32863157,-1.3216950116289206,0.9866638183593784,-2,2024-07-27,2024-07-25,False,2024-07-29,IDFCFIRSTB_2024-07-27,2024-06-01,,0.83,,63.08,,,
2024-07-26,IDFCFIRSTB,73.05557223534403,74.47673245239487,71.95243351388768,74.01957702636719,48815501,-0.24109180336195912,3.4553133474546103,-1,2024-07-27,2024-07-26,False,2024-07-29,IDFCFIRSTB_2024-07-27,2024-06-01,,0.83,,63.08,,,
2024-07-29,IDFCFIRSTB,73.23445674772375,74.68543023477916,72.59841378304824,74.3674087524414,62891458,0.4699185540472772,2.8497739239334026,0,2024-07-27,2024-07-29,False,2024-07-29,IDFCFIRSTB_2024-07-27,2024-06-01,0.9,0.83,63.14,63.08,8.43,0.1,0.47
2024-07-30,IDFCFIRSTB,74.45685200221101,75.75875890007586,74.1487708102012,75.56993103027344,58912783,1.6170017189049313,2.1623101790911776,1,2024-07-27,2024-07-30,False,2024-07-29,IDFCFIRSTB_2024-07-27,2024-06-01,0.9,0.83,63.14,63.08,8.43,0.1,0.47
2024-07-31,IDFCFIRSTB,75.81838160873383,75.81838160873383,75.00345109313366,75.52023315429688,32430765,-0.06576408804270795,1.0748455695159447,2,2024-07-27,2024-07-31,False,2024-07-29,IDFCFIRSTB_2024-07-27,2024-06-01,0.9,0.83,63.14,63.08,8.43,0.1,0.47
2024-08-01,IDFCFIRSTB,75.57987381792758,75.98733531924204,74.60592868859239,74.9239501953125,23506982,-0.7895671584674524,1.8277440287575337,3,2024-07-27,2024-08-01,False,2024-07-29,IDFCFIRSTB_2024-07-27,2024-06-01,0.9,0.83,63.14,63.08,8.43,0.1,0.47
2024-07-24,PNB,110.97390123491084,112.50378954116228,109.32123913270144,110.06729888916016,39917998,-1.019102345766576,2.8678368274392567,-3,2024-07-27,2024-07-24,False,2024-07-29,PNB_2024-07-27,2024-06-01,,2.94,,140.88,,,
2024-07-25,PNB,109.59510823855918,111.38942130415155,108.92459328284932,111.1722183227539,22543073,1.0038580438922473,2.24903105705865,-2,2024-07-27,2024-07-25,False,2024-07-29,PNB_2024-07-27,2024-06-01,,2.94,,140.88,,,
2024-07-26,PNB,110.7283568001091,113.6087135263902,110.52059241919244,113.2781753540039,24356026,1.8943195188711792,2.788916223847297,-1,2024-07-27,2024-07-26,False,2024-07-29,PNB_2024-07-27,2024-06-01,,2.94,,140.88,,,
2024-07-29,PNB,117.91508132303096,121.63593432655756,116.66850218959574,119.93605041503906,144104708,5.877456129769687,4.212719934741366,0,2024-07-27,2024-07-29,False,2024-07-29,PNB_2024-07-27,2024-06-01,3.0,2.94,140.88,140.88,2.04,0.0,5.88
2024-07-30,PNB,119.93604469119433,120.597106622439,117.9528516924256,118.52892303466795,33365327,-1.1732313808081374,2.2047208050104588,1,2024-07-27,2024-07-30,False,2024-07-29,PNB_2024-07-27,2024-06-01,3.0,2.94,140.88,140.88,2.04,0.0,5.88
2024-07-31,PNB,118.99167309579356,118.99167309579356,115.90355903566578,117.05569458007812,47960947,-1.2429273943195596,2.5952354310050847,2,2024-07-27,2024-07-31,False,2024-07-29,PNB_2024-07-27,2024-06-01,3.0,2.94,140.88,140.88,2.04,0.0,5.88
2024-08-01,PNB,117.57509443509032,118.7083454753425,115.10082077766398,116.1113052368164,23162046,-0.806786330771514,3.068272847248377,3,2024-07-27,2024-08-01,False,2024-07-29,PNB_2024-07-27,2024-06-01,3.0,2.94,140.88,140.88,2.04,0.0,5.88
2024-07-26,BANKBARODA,230.3540085548216,234.75507821832977,228.52803451540183,233.8186798095703,16144925,1.772970935255458,2.7032495514164143,-3,2024-07-31,2024-07-26,True,2024-07-31,BANKBARODA_2024-07-31,2024-06-01,,8.62,,140.87,,,
2024-07-29,BANKBARODA,237.845192634614,244.165881808959,235.31691982253705,239.6243438720703,32691314,2.4829770090346592,3.720471239465427,-2,2024-07-31,2024-07-29,True,2024-07-31,BANKBARODA_2024-07-31,2024-06-01,,8.62,,140.87,,,
2024-07-30,BANKBARODA,240.2329954886582,241.5439760957549,238.68794386070675,239.9520874023437,11358547,0.1367738874011648,1.1888592694099755,-1,2024-07-31,2024-07-30,True,2024-07-31,BANKBARODA_2024-07-31,2024-06-01,,8.62,,140.87,,,
2024-07-31,BANKBARODA,241.02895016719503,241.02895016719503,235.5042051455056,237.5174560546875,17796739,-1.0146322851419476,2.2921499752859833,0,2024-07-31,2024-07-31,True,2024-07-31,BANKBARODA_2024-07-31,2024-06-01,8.62,8.62,140.87,140.87,0.0,0.0,-1.95
2024-08-01,BANKBARODA,241.6844461960245,242.0121913695736,234.3337126319088,235.2701110839844,33759802,-0.9461809704570334,3.1770678082597663,1,2024-07-31,2024-08-01,True,2024-07-31,BANKBARODA_2024-07-31,2024-06-01,8.62,8.62,140.87,140.87,0.0,0.0,-1.95
2024-08-02,BANKBARODA,234.099615286915,234.099615286915,227.12344960902627,228.20030212402344,26445597,-3.00497539929212,2.9799987792968676,2,2024-07-31,2024-08-02,True,2024-07-31,BANKBARODA_2024-07-31,2024-06-01,8.62,8.62,140.87,140.87,0.0,0.0,-1.95
2024-08-05,BANKBARODA,223.1905681048837,226.3274942246001,216.5421336378689,224.6887969970703,33533629,-1.5387819798085456,4.384307396956298,3,2024-07-31,2024-08-05,True,2024-07-31,BANKBARODA_2024-07-31,2024-06-01,8.62,8.62,140.87,140.87,0.0,0.0,-1.95
2024-08-09,SBIN,785.7739981345145,799.2072786074854,779.5629051443975,793.7665405273438,15320885,2.011013991787247,2.5000029919194375,-3,2024-08-14,2024-08-09,True,2024-08-14,SBIN_2024-08-14,2024-06-01,,18.84,,510.86,,,
2024-08-12,SBIN,790.2035442003192,792.5146675912324,781.1517715969126,782.4998779296875,16120449,-1.4193924815942949,1.4379707706599845,-2,2024-08-14,2024-08-12,True,2024-08-14,SBIN_2024-08-14,2024-06-01,,18.84,,510.86,,,
2024-08-13,SBIN,783.3665819906377,789.6258109801142,765.5999894887229,768.0073852539062,17585172,-1.852076030238503,3.066995968903667,-1,2024-08-14,2024-08-13,True,2024-08-14,SBIN_2024-08-14,2024-06-01,,18.84,,510.86,,,
2024-08-14,SBIN,771.2814404594144,779.1777100523152,770.7518251641638,773.2554931640625,11788665,0.6833408129820473,1.0924526957542857,0,2024-08-14,2024-08-14,True,2024-08-14,SBIN_2024-08-14,2024-06-01,19.09,18.84,522.87,510.86,1.33,2.35,1.82
2024-08-16,SBIN,773.255475013765,784.7147017023967,773.255475013765,782.0183715820312,11427335,1.1332448971183018,1.481945755175896,1,2024-08-14,2024-08-16,True,2024-08-14,SBIN_2024-08-14,2024-06-01,19.09,18.84,522.87,510.86,1.33,2.35,1.82
2024-08-19,SBIN,784.8109770417955,794.8257663935242,782.4998537223788,783.5591430664062,10151482,0.197024972860671,1.5705581384202467,2,2024-08-14,2024-08-19,True,2024-08-14,SBIN_2024-08-14,2024-06-01,19.09,18.84,522.87,510.86,1.33,2.35,1.82
2024-08-20,SBIN,787.6517443817361,792.5146719871843,783.2221009869668,789.9146728515625,10347493,0.811110410923721,1.1797816822600595,3,2024-08-14,2024-08-20,True,2024-08-14,SBIN_2024-08-14,2024-06-01,19.09,18.84,522.87,510.86,1.33,2.35,1.82
2024-10-14,AXISBANK,1169.647609811513,1173.0919587287326,1154.7218134686907,1162.459228515625,9765296,-0.6908667474388119,1.5705709228955065,-3,2024-10-17,2024-10-14,True,2024-10-17,AXISBANK_2024-10-17,2024-09-01,,22.26,,202.05,,,
2024-10-15,AXISBANK,1164.2064264310386,1170.0968702032376,1147.6334063981412,1151.976318359375,8741516,-0.9017873400717802,1.9295086588690094,-2,2024-10-17,2024-10-15,True,2024-10-17,AXISBANK_2024-10-17,2024-09-01,,22.26,,202.05,,,
2024-10-16,AXISBANK,1149.1308918352402,1161.0614374890406,1146.2355767689712,1151.3272705078125,7739854,-0.05634211756079255,1.290180328925931,-1,2024-10-17,2024-10-16,True,2024-10-17,AXISBANK_2024-10-17,2024-09-01,,22.26,,202.05,,,
2024-10-17,AXISBANK,1149.1310136899726,1149.480420987831,1122.1748561142738,1130.0120849609375,6595231,-1.8513576541510757,2.376192492262158,0,2024-10-17,2024-10-17,True,2024-10-17,AXISBANK_2024-10-17,2024-09-01,22.39,22.26,202.05,202.05,0.58,0.0,3.79
2024-10-18,AXISBANK,1156.1196043283787,1201.8951273274115,1154.1728195466103,1194.906494140625,20829666,5.742806651659027,4.127800238153075,1,2024-10-17,2024-10-18,True,2024-10-17,AXISBANK_2024-10-17,2024-09-01,22.39,22.26,202.05,202.05,0.58,0.0,3.79
2024-10-21,AXISBANK,1194.9064782000012,1212.8274033274415,1183.624900757945,1188.3671875,7456038,-0.54726513519604,2.443915327456172,2,2024-10-17,2024-10-21,True,2024-10-17,AXISBANK_2024-10-17,2024-09-01,22.39,22.26,202.05,202.05,0.58,0.0,3.79
2024-10-22,AXISBANK,1192.3106560712165,1196.054566441965,1171.4445712304916,1173.8406982421875,7256246,-1.222390639072779,2.064058983802583,3,2024-10-17,2024-10-22,True,2024-10-17,AXISBANK_2024-10-17,2024-09-01,22.39,22.26,202.05,202.05,0.58,0.0,3.79
2024-10-16,HDFCBANK,815.3609038822862,828.8766360391955,815.3609038822862,824.9214477539062,20470682,0.9322530196006484,1.657637997180775,-3,2024-10-19,2024-10-16,False,2024-10-21,HDFCBANK_2024-10-19,2024-09-01,,21.3,,378.24,,,
2024-10-17,HDFCBANK,822.5676501021808,823.8780090897097,808.1298269832027,811.988037109375,14695732,-1.5678354199355926,1.9145151288834081,-2,2024-10-19,2024-10-17,False,2024-10-21,HDFCBANK_2024-10-19,2024-09-01,,21.3,,378.24,,,
2024-10-18,HDFCBANK,807.1107362982874,820.6507576909523,802.7429912839654,816.210205078125,24809724,0.5199790853792186,2.218749621535047,-1,2024-10-19,2024-10-18,False,2024-10-21,HDFCBANK_2024-10-19,2024-09-01,,21.3,,378.24,,,
2024-10-21,HDFCBANK,832.2980010606213,848.3858722296796,830.3810701774502,838.9466552734375,46548354,2.785612095248946,2.1632638825619477,0,2024-10-19,2024-10-21,False,2024-10-21,HDFCBANK_2024-10-19,2024-09-01,11.0,21.3,415.97,378.24,-48.36,9.98,2.79
2024-10-22,HDFCBANK,839.6018778313584,844.4306385333365,830.2111793718472,832.0796508789062,38875280,-0.8185269410595719,1.693595445286206,1,2024-10-19,2024-10-22,False,2024-10-21,HDFCBANK_2024-10-19,2024-09-01,11.0,21.3,415.97,378.24,-48.36,9.98,2.79
2024-10-23,HDFCBANK,827.4693270680456,847.5851959404977,827.4693270680456,842.3924560546875,38036090,1.2394011997394871,2.4310108199089657,2,2024-10-19,2024-10-23,False,2024-10-21,HDFCBANK_2024-10-19,2024-09-01,11.0,21.3,415.97,378.24,-48.36,9.98,2.79
2024-10-24,HDFCBANK,843.5085346118838,858.3346247570413,843.5085346118838,849.1138305664062,30832258,0.7978911092340502,1.7576692513229089,3,2024-10-19,2024-10-24,False,2024-10-21,HDFCBANK_2024-10-19,2024-09-01,11.0,21.3,415.97,378.24,-48.36,9.98,2.79
2024-10-16,KOTAKBANK,375.717405927168,377.4025528323336,372.5565306765782,374.1918029785156,15727780,-0.9946225576110246,1.2898050713931515,-3,2024-10-19,2024-10-16,False,2024-10-21,KOTAKBANK_2024-10-19,2024-09-01,,17.27,,88.57,,,
2024-10-17,KOTAKBANK,374.19181535051945,374.5807094629842,369.1962300797058,371.7388916015625,17707160,-0.6555224773574064,1.4389623616525553,-2,2024-10-19,2024-10-17,False,2024-10-21,KOTAKBANK_2024-10-19,2024-09-01,,17.27,,88.57,,,
2024-10-18,KOTAKBANK,372.5266243613129,374.6205969847075,368.5381166709988,373.1348571777344,19173835,0.37552314479596394,1.6327639196626387,-1,2024-10-19,2024-10-18,False,2024-10-21,KOTAKBANK_2024-10-19,2024-09-01,,17.27,,88.57,,,
2024-10-21,KOTAKBANK,368.9369249650831,369.93405178931306,346.00300800779416,356.8118591308594,65890685,-4.37455727678101,6.486486486486484,0,2024-10-19,2024-10-21,False,2024-10-21,KOTAKBANK_2024-10-19,2024-09-01,3.36,17.27,97.04,88.57,-80.54,9.56,-4.37
2024-10-22,KOTAKBANK,357.3603122953124,358.0682638501642,350.7593068778945,351.6168518066406,27471910,-1.455951418451451,2.0452626441152715,1,2024-10-19,2024-10-22,False,2024-10-21,KOTAKBANK_2024-10-19,2024-09-01,3.36,17.27,97.04,88.57,-80.54,9.56,-4.37
2024-10-23,KOTAKBANK,351.21802404600703,356.3831341598959,350.6097608046202,352.544189453125,14180685,0.2637352680110894,1.6438146564253395,2,2024-10-19,2024-10-23,False,2024-10-21,KOTAKBANK_2024-10-19,2024-09-01,3.36,17.27,97.04,88.57,-80.54,9.56,-4.37
2024-10-24,KOTAKBANK,352.1852248451183,353.5313217840678,349.0542318475056,351.4273986816406,11584100,-0.3167803653824963,1.2712316192512374,3,2024-10-19,2024-10-24,False,2024-10-21,KOTAKBANK_2024-10-19,2024-09-01,3.36,17.27,97.04,88.57,-80.54,9.56,-4.37
2024-10-16,UNIONBANK,106.33219126880256,107.43140021692932,104.96052753418668,105.18600463867188,9657072,-1.0866738339142867,2.323729675142679,-3,2024-10-21,2024-10-16,True,2024-10-21,UNIONBANK_2024-10-21,2024-09-01,,4.75,,143.81,,,
2024-10-17,UNIONBANK,105.65576010237444,106.94287269983889,104.00224449683404,104.7820281982422,10159094,-0.38405911681633764,2.783216173122551,-2,2024-10-21,2024-10-17,True,2024-10-21,UNIONBANK_2024-10-21,2024-09-01,,4.75,,143.81,,,
2024-10-18,UNIONBANK,104.43441118822837,107.35623805999629,103.59825289455222,105.4302749633789,11285455,0.618662165910977,3.598416578105494,-1,2024-10-21,2024-10-18,True,2024-10-21,UNIONBANK_2024-10-21,2024-09-01,,4.75,,143.81,,,
2024-10-21,UNIONBANK,105.83425886924478,107.20592259726916,104.47198494334572,104.90415954589844,8437712,-0.4990174005172765,2.5832255860563547,0,2024-10-21,2024-10-21,True,2024-10-21,UNIONBANK_2024-10-21,2024-09-01,6.2,4.75,143.78,143.81,30.53,-0.02,-2.66
2024-10-22,UNIONBANK,106.35098169425564,106.35098169425564,101.75684521374669,102.63057708740234,17168854,-2.167294860697433,4.319787563143007,1,2024-10-21,2024-10-22,True,2024-10-21,UNIONBANK_2024-10-21,2024-09-01,6.2,4.75,143.78,143.81,30.53,-0.02,-2.66
2024-10-23,UNIONBANK,102.87484311250556,104.68807122759274,100.4321542073187,102.73391723632812,12706619,0.10069138443777881,4.136985186572486,2,2024-10-21,2024-10-23,True,2024-10-21,UNIONBANK_2024-10-21,2024-09-01,6.2,4.75,143.78,143.81,30.53,-0.02,-2.66
2024-10-24,UNIONBANK,102.73392405367852,105.01690046232864,101.55955362058252,103.59825897216795,8549338,0.8413401913328178,3.3653409753331824,3,2024-10-21,2024-10-24,True,2024-10-21,UNIONBANK_2024-10-21,2024-09-01,6.2,4.75,143.78,143.81,30.53,-0.02,-2.66
2024-10-18,AUBANK,681.5467916990135,685.9870107121538,675.0112185407594,682.1455078125,920590,-0.48038239678296346,1.6104238630532088,-3,2024-10-23,2024-10-18,True,2024-10-23,AUBANK_2024-10-23,2024-09-01,,7.03,,23.93,,,
2024-10-21,AUBANK,682.8439271871962,687.2342684713403,659.7947876975301,663.3868408203125,2161816,-2.749950967549819,4.018411774831226,-2,2024-10-23,2024-10-21,True,2024-10-23,AUBANK_2024-10-23,2024-09-01,,7.03,,23.93,,,
2024-10-22,AUBANK,663.386835645187,667.9268711493784,634.7001059690815,637.0948486328125,1318131,-3.9632972150892454,5.008656095501453,-1,2024-10-23,2024-10-22,True,2024-10-23,AUBANK_2024-10-23,2024-09-01,,7.03,,23.93,,,
2024-10-23,AUBANK,637.0948225468672,654.0075320522797,628.6634066853835,650.614990234375,2498843,2.1221552223466222,3.9780774336824463,0,2024-10-23,2024-10-23,True,2024-10-23,AUBANK_2024-10-23,2024-09-01,7.7,7.03,26.12,23.93,9.53,9.15,1.12
2024-10-24,AUBANK,658.5475212060883,681.3971489537242,640.2878066619046,644.2291259765625,5123554,-0.981512008432528,6.242426091974422,1,2024-10-23,2024-10-24,True,2024-10-23,AUBANK_2024-10-23,2024-09-01,7.7,7.03,26.12,23.93,9.53,9.15,1.12
2024-10-25,AUBANK,635.0992553811906,635.0992553811906,597.9312314016943,603.169677734375,6950865,-6.373423148161306,5.852317360565604,2,2024-10-23,2024-10-25,True,2024-10-23,AUBANK_2024-10-23,2024-09-01,7.7,7.03,26.12,23.93,9.53,9.15,1.12
2024-10-28,AUBANK,608.6575661936114,621.2797515577967,601.3237657809569,618.6355590820312,3367259,2.564101266786012,3.2786885245901654,3,2024-10-23,2024-10-28,True,2024-10-23,AUBANK_2024-10-23,2024-09-01,7.7,7.03,26.12,23.93,9.53,9.15,1.12
2024-10-21,INDUSINDBK,1349.8637443524165,1351.7605744985055,1297.4984844127987,1306.134521484375,5862686,-2.8947823384072313,4.019819801274725,-3,2024-10-24,2024-10-21,True,2024-10-24,INDUSINDBK_2024-10-24,2024-09-01,,28.4,,67.65,,,
2024-10-22,INDUSINDBK,1306.9831146625802,1310.078077478444,1269.1943438247613,1272.289306640625,4183194,-2.591250310518256,3.128099605497768,-2,2024-10-24,2024-10-22,True,2024-10-24,INDUSINDBK_2024-10-24,2024-09-01,,28.4,,67.65,,,
2024-10-23,INDUSINDBK,1272.2892259041305,1282.8222142620689,1264.4519445034643,1272.2393798828125,4860497,-0.003924167054769612,1.443875290663569,-1,2024-10-24,2024-10-23,True,2024-10-24,INDUSINDBK_2024-10-24,2024-09-01,,28.4,,67.65,,,
2024-10-24,INDUSINDBK,1273.9366029732496,1283.8704642551054,1256.1154922670546,1277.9801025390625,2441333,0.4512297565241852,2.178677645596591,0,2024-10-24,2024-10-24,True,2024-10-24,INDUSINDBK_2024-10-24,2024-09-01,17.0,28.4,75.31,67.65,-40.14,11.32,-18.26
2024-10-25,INDUSINDBK,1161.1193631107867,1164.8632991483323,1023.841708400784,1039.9156494140625,56935420,-18.62818150705311,12.145313843508173,1,2024-10-24,2024-10-25,True,2024-10-24,INDUSINDBK_2024-10-24,2024-09-01,17.0,28.4,75.31,67.65,-40.14,11.32,-18.26
2024-10-28,INDUSINDBK,1049.6998340245257,1082.8960663536684,1029.3327979352205,1053.0943603515625,11099823,1.2672865289531376,5.10272238617849,2,2024-10-24,2024-10-28,True,2024-10-24,INDUSINDBK_2024-10-24,2024-09-01,17.0,28.4,75.31,67.65,-40.14,11.32,-18.26
2024-10-29,INDUSINDBK,1057.087946356619,1057.087946356619,1016.4536860090054,1036.4713134765625,7951124,-1.5784954796881245,3.8439810507408168,3,2024-10-24,2024-10-29,True,2024-10-24,INDUSINDBK_2024-10-24,2024-09-01,17.0,28.4,75.31,67.65,-40.14,11.32,-18.26
2024-10-22,BANDHANBNK,179.30361531023746,181.6516266194876,169.9606946594327,170.74664306640625,20527388,-5.998162982467015,6.520187526518535,-3,2024-10-25,2024-10-22,True,2024-10-25,BANDHANBNK_2024-10-25,2024-09-01,,5.47,,35.0,,,
2024-10-23,BANDHANBNK,171.6308398128851,180.4432546355825,169.76422530922497,179.08749389648438,16728599,4.884928148680623,6.222092333755392,-2,2024-10-25,2024-10-23,True,2024-10-25,BANDHANBNK_2024-10-25,2024-09-01,,5.47,,35.0,,,
2024-10-24,BANDHANBNK,178.8517093413776,179.7358919510163,176.98507995665682,177.4861297607422,5937155,-0.8941797670516283,1.5380406508214883,-1,2024-10-25,2024-10-24,True,2024-10-25,BANDHANBNK_2024-10-25,2024-09-01,,5.47,,35.0,,,
2024-10-25,BANDHANBNK,176.83771610380475,177.3092791493469,164.36083579906898,165.25485229492188,21112594,-6.891399053158986,7.322218153211793,0,2024-10-25,2024-10-25,True,2024-10-25,BANDHANBNK_2024-10-25,2024-09-01,5.82,5.47,35.43,35.0,6.4,1.23,2.3
2024-10-28,BANDHANBNK,171.92556367772406,186.34765519525865,169.4694841966137,181.563217163086,43360345,9.868614834413103,9.81713867187501,1,2024-10-25,2024-10-28,True,2024-10-25,BANDHANBNK_2024-10-25,2024-09-01,5.82,5.47,35.43,35.0,6.4,1.23,2.3
2024-10-29,BANDHANBNK,178.9008251648628,180.69866205034228,174.0181382365124,175.98300170898438,19123806,-3.0734283856015177,3.734205142806664,2,2024-10-25,2024-10-29,True,2024-10-25,BANDHANBNK_2024-10-25,2024-09-01,5.82,5.47,35.43,35.0,6.4,1.23,2.3
2024-10-30,BANDHANBNK,175.36407809543502,176.64124244665496,174.0377891555682,174.43077087402344,9467079,-0.8820345259980211,1.484598966539737,3,2024-10-25,2024-10-30,True,2024-10-25,BANDHANBNK_2024-10-25,2024-09-01,5.82,5.47,35.43,35.0,6.4,1.23,2.3
2024-10-22,BANKBARODA,229.4176177532505,229.8858169731551,218.2744820348437,218.7894897460937,10255996,-4.931441128003411,5.061221998565061,-3,2024-10-25,2024-10-22,True,2024-10-25,BANKBARODA_2024-10-25,2024-09-01,,8.21,,167.94,,,
2024-10-23,BANKBARODA,218.7894891511878,224.58579776397505,214.67870058313528,222.82537841796875,16390552,1.844644674915008,4.528141282872037,-2,2024-10-25,2024-10-23,True,2024-10-25,BANKBARODA_2024-10-25,2024-09-01,,8.21,,167.94,,,
2024-10-24,BANKBARODA,221.6736036227961,230.07309895917373,221.2709591430424,229.20225524902344,11899296,2.861826994900518,3.970765879328246,-1,2024-10-25,2024-10-24,True,2024-10-25,BANKBARODA_2024-10-25,2024-09-01,,8.21,,167.94,,,
2024-10-25,BANKBARODA,228.4812088895186,230.2603601286639,219.35132451790872,224.28614807128903,13124438,-2.1448773147511813,4.774587662493598,0,2024-10-25,2024-10-25,True,2024-10-25,BANKBARODA_2024-10-25,2024-09-01,10.1,8.21,168.03,167.94,23.02,0.05,2.1
2024-10-28,BANKBARODA,224.73563286884345,237.4519258099357,224.64198730649207,234.0247039794922,34626442,4.342022898849618,5.700003306070981,1,2024-10-25,2024-10-28,True,2024-10-25,BANKBARODA_2024-10-25,2024-09-01,10.1,8.21,168.03,167.94,23.02,0.05,2.1
2024-10-29,BANKBARODA,234.0059629972064,238.78160072707027,231.7679713109437,238.3695831298828,15007577,1.856589956747201,2.9972011508998624,2,2024-10-25,2024-10-29,True,2024-10-25,BANKBARODA_2024-10-25,2024-09-01,10.1,8.21,168.03,167.94,23.02,0.05,2.1
2024-10-30,BANKBARODA,238.50067772633028,240.0832076505375,234.670811569389,235.4854736328125,13781718,-1.2099318458340447,2.269342013090211,3,2024-10-25,2024-10-30,True,2024-10-25,BANKBARODA_2024-10-25,2024-09-01,10.1,8.21,168.03,167.94,23.02,0.05,2.1
2024-10-22,YESBANK,21.0,21.040000915527344,20.0,20.040000915527344,87606605,-4.662224171714369,4.95238531203497,-3,2024-10-25,2024-10-22,True,2024-10-25,YESBANK_2024-10-25,2024-09-01,,0.173,,38.76,,,
2024-10-23,YESBANK,20.0,20.26000022888184,19.299999237060547,20.020000457763672,90720281,-0.09980267889196925,4.800004959106463,-2,2024-10-25,2024-10-23,True,2024-10-25,YESBANK_2024-10-25,2024-09-01,,0.173,,38.76,,,
2024-10-24,YESBANK,20.030000686645508,20.32999992370605,19.89999961853028,20.020000457763672,52181658,0.0,2.1467812802545847,-1,2024-10-25,2024-10-24,True,2024-10-25,YESBANK_2024-10-25,2024-09-01,,0.173,,38.76,,,
2024-10-25,YESBANK,20.040000915527344,20.1200008392334,19.21999931335449,19.3799991607666,97874666,-3.196809602213968,4.491025373065591,0,2024-10-25,2024-10-25,True,2024-10-25,YESBANK_2024-10-25,2024-09-01,0.18,0.173,36.07,38.76,4.35,-6.94,2.6
2024-10-28,YESBANK,20.350000381469727,21.290000915527344,20.25,20.540000915527344,228826923,5.985561429275399,5.110569513671097,1,2024-10-25,2024-10-28,True,2024-10-25,YESBANK_2024-10-25,2024-09-01,0.18,0.173,36.07,38.76,4.35,-6.94,2.6
2024-10-29,YESBANK,20.63999938964844,20.850000381469727,20.229999542236328,20.729999542236328,84798060,0.9250176155803036,3.003880123874165,2,2024-10-25,2024-10-29,True,2024-10-25,YESBANK_2024-10-25,2024-09-01,0.18,0.173,36.07,38.76,4.35,-6.94,2.6
2024-10-30,YESBANK,20.100000381469727,21.15999984741211,20.100000381469727,20.71999931335449,94044203,-0.048240371937613435,5.273629083706887,3,2024-10-25,2024-10-30,True,2024-10-25,YESBANK_2024-10-25,2024-09-01,0.18,0.173,36.07,38.76,4.35,-6.94,2.6
2024-10-23,ICICIBANK,1240.8832443668052,1247.7223228428932,1223.2196490881518,1231.6331787109375,14055447,-1.254439104480709,1.9746155704797652,-3,2024-10-26,2024-10-23,False,2024-10-28,ICICIBANK_2024-10-26,2024-09-01,,16.7,,245.51,,,
2024-10-24,ICICIBANK,1230.3047750515273,1240.3420065108755,1221.251590602818,1232.764892578125,12223031,0.09188725074555926,1.5516818511297783,-2,2024-10-26,2024-10-24,False,2024-10-28,ICICIBANK_2024-10-26,2024-09-01,,16.7,,245.51,,,
2024-10-25,ICICIBANK,1227.3526156126327,1248.657257098042,1214.5107542672154,1235.4217529296875,13546055,0.2155204425075885,2.7821265377580535,-1,2024-10-26,2024-10-25,False,2024-10-28,ICICIBANK_2024-10-26,2024-09-01,,16.7,,245.51,,,
2024-10-28,ICICIBANK,1264.9924978474703,1286.9367953731105,1260.1706432204314,1272.2252197265625,24096412,2.9790204607939685,2.115913904487556,0,2024-10-26,2024-10-28,False,2024-10-28,ICICIBANK_2024-10-26,2024-09-01,16.7,16.7,272.25,245.51,0.0,10.89,2.98
2024-10-29,ICICIBANK,1280.5894733227,1314.0470695956533,1278.5229987539544,1310.6029052734375,20656117,3.0165795294581077,2.77404051663222,1,2024-10-26,2024-10-29,False,2024-10-28,ICICIBANK_2024-10-26,2024-09-01,16.7,16.7,272.25,245.51,0.0,10.89,2.98
2024-10-30,ICICIBANK,1302.878217992093,1309.6681662645217,1284.771729306591,1291.21728515625,15055031,-1.4791375815806695,1.910879820855355,2,2024-10-26,2024-10-30,False,2024-10-28,ICICIBANK_2024-10-26,2024-09-01,16.7,16.7,272.25,245.51,0.0,10.89,2.98
2024-10-31,ICICIBANK,1286.3953474845157,1297.908648500615,1267.9937179678298,1271.6346435546875,23497314,-1.5166031175916972,2.3254849756167517,3,2024-10-26,2024-10-31,False,2024-10-28,ICICIBANK_2024-10-26,2024-09-01,16.7,16.7,272.25,245.51,0.0,10.89,2.98
2024-10-23,IDFCFIRSTB,67.8777796087494,68.26536806314586,65.39323434608993,66.16841125488281,52678039,-2.5468339108763782,4.231331274551171,-3,2024-10-26,2024-10-23,False,2024-10-28,IDFCFIRSTB_2024-10-26,2024-09-01,,0.88,,65.96,,,
2024-10-24,IDFCFIRSTB,66.16840455757209,68.64300926568647,66.13859123059463,67.62931823730469,35558564,2.207861658933319,3.7849152504694143,-2,2024-10-26,2024-10-24,False,2024-10-28,IDFCFIRSTB_2024-10-26,2024-09-01,,0.88,,65.96,,,
2024-10-25,IDFCFIRSTB,67.48025008561427,67.48025008561427,64.70749669403855,65.09508514404297,64232367,-3.7472403379394503,4.108985055713103,-1,2024-10-26,2024-10-25,False,2024-10-28,IDFCFIRSTB_2024-10-26,2024-09-01,,0.88,,65.96,,,
2024-10-28,IDFCFIRSTB,60.632838471595605,67.28147996099024,58.93341049048038,66.71500396728516,195250197,2.4885424447292914,13.768231342856637,0,2024-10-26,2024-10-28,False,2024-10-28,IDFCFIRSTB_2024-10-26,2024-09-01,0.3,0.88,65.15,65.96,-65.91,-1.23,2.49
2024-10-29,IDFCFIRSTB,65.7808263569261,67.56969449341783,65.30379030452315,67.1821060180664,52058227,0.7001454290706421,3.4446271267556097,1,2024-10-26,2024-10-29,False,2024-10-28,IDFCFIRSTB_2024-10-26,2024-09-01,0.3,0.88,65.15,65.96,-65.91,-1.23,2.49
2024-10-30,IDFCFIRSTB,66.963458972534,69.120049951616,66.88395928925613,68.36474609375,56784457,1.7603498100603687,3.3392699491181226,2,2024-10-26,2024-10-30,False,2024-10-28,IDFCFIRSTB_2024-10-26,2024-09-01,0.3,0.88,65.15,65.96,-65.91,-1.23,2.49
2024-10-31,IDFCFIRSTB,68.57345181325122,70.15361901991193,65.10502861992441,65.52243041992188,123750951,-4.157575119097789,7.362310437188641,3,2024-10-26,2024-10-31,False,2024-10-28,IDFCFIRSTB_2024-10-26,2024-09-01,0.3,0.88,65.15,65.96,-65.91,-1.23,2.49
2024-10-23,FEDERALBNK,188.11466936420464,189.58076618514644,185.8363046610869,186.94577026367188,5765355,-0.3274506651845033,1.9905207481772602,-3,2024-10-28,2024-10-23,True,2024-10-28,FEDERALBNK_2024-10-28,2024-09-01,,4.13,,33.31,,,
2024-10-24,FEDERALBNK,187.5005070071778,189.19443731097937,184.6574937831116,187.0844573974609,4639754,0.07418575643269865,2.419696671910384,-2,2024-10-28,2024-10-24,True,2024-10-28,FEDERALBNK_2024-10-28,2024-09-01,,4.13,,33.31,,,
2024-10-25,FEDERALBNK,187.124070772166,188.5307340952702,180.9823624332772,184.4890899658203,7802725,-1.387270470110047,4.033885983157969,-1,2024-10-28,2024-10-25,True,2024-10-28,FEDERALBNK_2024-10-28,2024-09-01,,4.13,,33.31,,,
2024-10-28,FEDERALBNK,184.3504042766787,188.6396828845781,180.28894399763104,183.25083923339844,15752834,-0.6711782971292712,4.5298185917802565,0,2024-10-28,2024-10-28,True,2024-10-28,FEDERALBNK_2024-10-28,2024-09-01,4.27,4.13,33.31,33.31,3.39,0.0,7.76
2024-10-29,FEDERALBNK,192.1266001552772,199.52637308784625,190.4425855170749,198.81314086914065,67924331,8.49234944890005,4.7280218165677335,1,2024-10-28,2024-10-29,True,2024-10-28,FEDERALBNK_2024-10-28,2024-09-01,4.27,4.13,33.31,33.31,3.39,0.0,7.76
2024-10-30,FEDERALBNK,197.3371432148784,202.86466980609973,196.48522785977485,201.32925415039065,23886475,1.2655668887129101,3.232762896226974,2,2024-10-28,2024-10-30,True,2024-10-28,FEDERALBNK_2024-10-28,2024-09-01,4.27,4.13,33.31,33.31,3.39,0.0,7.76
2024-10-31,FEDERALBNK,202.0722154006884,203.726513261498,199.13013632696465,201.9929656982422,13019192,0.32966473285385156,2.2746209445070047,3,2024-10-28,2024-10-31,True,2024-10-28,FEDERALBNK_2024-10-28,2024-09-01,4.27,4.13,33.31,33.31,3.39,0.0,7.76
2024-10-23,PNB,90.6603203067288,91.8502390281644,87.26055973623346,91.30249786376952,38207629,1.82201076332551,5.0625006357828735,-3,2024-10-28,2024-10-23,True,2024-10-28,PNB_2024-10-28,2024-09-01,,3.18,,143.5,,,
2024-10-24,PNB,90.8303102865326,95.00446087789626,90.78308848686504,93.25736236572266,55363485,2.1410854551536573,4.647537124682845,-2,2024-10-28,2024-10-24,True,2024-10-28,PNB_2024-10-28,2024-09-01,,3.18,,143.5,,,
2024-10-25,PNB,93.39902035603887,93.84287933381988,88.0443968350124,90.3958969116211,39756124,-3.06835340557875,6.208290490310868,-1,2024-10-28,2024-10-25,True,2024-10-28,PNB_2024-10-28,2024-09-01,,3.18,,143.5,,,
2024-10-28,PNB,90.89640938910549,96.27936269948546,90.64143042389146,93.15347290039062,70816541,3.0505543757871845,6.202590744216723,0,2024-10-28,2024-10-28,True,2024-10-28,PNB_2024-10-28,2024-09-01,3.9,3.18,150.89,143.5,22.64,5.15,5.86
2024-10-29,PNB,96.74211577962004,96.90265836211204,91.8880118728482,95.69385528564452,94263912,2.7270935866989365,5.183519554903345,1,2024-10-28,2024-10-29,True,2024-10-28,PNB_2024-10-28,2024-09-01,3.9,3.18,150.89,143.5,22.64,5.15,5.86
2024-10-30,PNB,95.7599620026238,96.23215115726688,94.24895814877289,94.40005493164062,47768641,-1.3520203049003698,2.0710043811835046,2,2024-10-28,2024-10-30,True,2024-10-28,PNB_2024-10-28,2024-09-01,3.9,3.18,150.89,143.5,22.64,5.15,5.86
2024-10-31,PNB,94.43783637232347,94.85336515797296,91.22694849465746,92.45464324951172,93367752,-2.060816260687204,3.840003967285167,3,2024-10-28,2024-10-31,True,2024-10-28,PNB_2024-10-28,2024-09-01,3.9,3.18,150.89,143.5,22.64,5.15,5.86
2024-10-24,CANBK,91.58886119304178,93.13091997591964,91.1402595519154,91.76643371582033,16182512,0.5118344480879111,2.1734743702168315,-3,2024-10-29,2024-10-24,True,2024-10-29,CANBK_2024-10-29,2024-09-01,,4.22,,142.98,,,
2024-10-25,CANBK,92.0094105774521,92.6916572069399,86.89726327628624,88.0748291015625,30977098,-4.022826718634265,6.2976100969324476,-2,2024-10-29,2024-10-25,True,2024-10-29,CANBK_2024-10-29,2024-09-01,,4.22,,142.98,,,
2024-10-28,CANBK,89.15894505537165,94.8598823729091,88.55146655008016,94.10287475585938,55924681,6.844232019281815,7.075471584944314,-1,2024-10-29,2024-10-28,True,2024-10-29,CANBK_2024-10-29,2024-09-01,,4.22,,142.98,,,
2024-10-29,CANBK,94.85988513555594,97.32717615880706,93.2711017341663,96.97203826904295,55169329,3.0489647852176116,4.275858460975985,0,2024-10-29,2024-10-29,True,2024-10-29,CANBK_2024-10-29,2024-09-01,4.4,4.22,142.96,142.98,4.27,-0.01,2.65
2024-10-30,CANBK,96.72905385764948,98.08419233977456,96.18699561268694,96.59821319580078,29812887,-0.3854977990717434,1.961351477581505,1,2024-10-29,2024-10-30,True,2024-10-29,CANBK_2024-10-29,2024-09-01,4.4,4.22,142.96,142.98,4.27,-0.01,2.65
2024-10-31,CANBK,96.26175586368944,97.33652446686445,95.46736415883164,95.93465423583984,15415779,-0.686926743267946,1.9417475728155327,2,2024-10-29,2024-10-31,True,2024-10-29,CANBK_2024-10-29,2024-09-01,4.4,4.22,142.96,142.98,4.27,-0.01,2.65
2024-11-01,CANBK,97.00942169053766,97.65427714058376,96.50474755770986,97.15895080566406,4211783,1.2761776019064808,1.1849669473764337,3,2024-10-29,2024-11-01,True,2024-10-29,CANBK_2024-10-29,2024-09-01,4.4,4.22,142.96,142.98,4.27,-0.01,2.65
2024-11-05,SBIN,799.1109232553587,819.8627216790217,795.6442968785319,817.7442016601562,26254561,2.331754048249879,3.0306712241938234,-3,2024-11-08,2024-11-05,True,2024-11-08,SBIN_2024-11-08,2024-09-01,,17.16,,502.48,,,
2024-11-06,SBIN,817.7441759391488,829.492278606691,814.8553011245552,823.13671875,15002433,0.6594381322296172,1.789921336379527,-2,2024-11-08,2024-11-06,True,2024-11-08,SBIN_2024-11-08,2024-09-01,,17.16,,502.48,,,
2024-11-07,SBIN,829.1070762299017,830.4552413269911,815.3367846280997,827.7589111328125,15283847,0.5615339806285924,1.82346250952744,-1,2024-11-08,2024-11-07,True,2024-11-08,SBIN_2024-11-08,2024-09-01,,17.16,,502.48,,,
2024-11-08,SBIN,827.7589523824207,831.5145133583849,803.2998462002181,811.9183349609375,26139105,-1.9136702678557382,3.408560798643194,0,2024-11-08,2024-11-08,True,2024-11-08,SBIN_2024-11-08,2024-09-01,20.54,17.16,568.9,502.48,19.7,13.22,-1.39
2024-11-11,SBIN,814.662682286405,822.366348312754,810.8108492732305,816.2515869140625,12621337,0.5337053945620562,1.418439716312061,1,2024-11-08,2024-11-11,True,2024-11-08,SBIN_2024-11-08,2024-09-01,20.54,17.16,568.9,502.48,19.7,13.22,-1.39
2024-11-12,SBIN,820.9219490525154,821.7886350304474,793.7665132938048,796.07763671875,11350729,-2.471535800816338,3.4134940317998463,2,2024-11-08,2024-11-12,True,2024-11-08,SBIN_2024-11-08,2024-09-01,20.54,17.16,568.9,502.48,19.7,13.22,-1.39
2024-11-13,SBIN,792.8516675674828,800.9405405398265,774.8443949499054,778.6962280273438,13756706,-2.1833811037637485,3.291428479930635,3,2024-11-08,2024-11-13,True,2024-11-08,SBIN_2024-11-08,2024-09-01,20.54,17.16,568.9,502.48,19.7,13.22,-1.39
2025-01-13,AXISBANK,1024.9328592000836,1061.273772881057,1021.5883237070004,1047.5960693359375,7180930,0.8263692832227276,3.8720047677102922,-3,2025-01-16,2025-01-13,True,2025-01-16,AXISBANK_2025-01-16,2024-12-01,,19.72,,201.18,,,
2025-01-14,AXISBANK,1051.2401987834926,1059.2771761544273,1043.802344646045,1049.9423828125,6892897,0.22397119894215223,1.4720547717153465,-2,2025-01-16,2025-01-14,True,2025-01-16,AXISBANK_2025-01-16,2024-12-01,,19.72,,201.18,,,
2025-01-15,AXISBANK,1041.3062114859742,1051.1901586731517,1013.002275078388,1025.132568359375,11418721,-2.362969136141213,3.6673058485139007,-1,2025-01-16,2025-01-15,True,2025-01-16,AXISBANK_2025-01-16,2024-12-01,,19.72,,201.18,,,
2025-01-16,AXISBANK,1032.2211352471902,1044.75068292039,1025.3822829319104,1036.314453125,10261727,1.0907745115854128,1.8763808768400674,0,2025-01-16,2025-01-16,True,2025-01-16,AXISBANK_2025-01-16,2024-12-01,21.65,19.72,321.62,201.18,9.79,59.87,-3.48
2025-01-17,AXISBANK,998.3761525809332,1010.0571657533392,973.0173739309598,989.440673828125,33831617,-4.52312318481397,3.7100036621093806,1,2025-01-16,2025-01-17,True,2025-01-16,AXISBANK_2025-01-16,2024-12-01,21.65,19.72,321.62,201.18,9.79,59.87,-3.48
2025-01-20,AXISBANK,990.439061296575,992.585594423566,974.9143241337788,986.445556640625,33440507,-0.3027081124441722,1.7841855173456032,2,2025-01-16,2025-01-20,True,2025-01-16,AXISBANK_2025-01-16,2024-12-01,21.65,19.72,321.62,201.18,9.79,59.87,-3.48
2025-01-21,AXISBANK,991.9865385807152,992.8351948872216,961.436252139486,968.6245727539062,11894500,-1.8065856515598,3.165258955293858,3,2025-01-16,2025-01-21,True,2025-01-16,AXISBANK_2025-01-16,2024-12-01,21.65,19.72,321.62,201.18,9.79,59.87,-3.48
2025-01-15,KOTAKBANK,351.00858972241826,357.96854622779404,351.00858972241826,356.89166259765625,17549305,2.227807027588846,1.9828450668058544,-3,2025-01-18,2025-01-15,False,2025-01-20,KOTAKBANK_2025-01-18,2024-12-01,,17.89,,101.19,,,
2025-01-16,KOTAKBANK,358.1281000564105,361.9470826836004,356.04410849281265,360.0724792480469,22257670,0.8912555219807716,1.6482856804193635,-2,2025-01-18,2025-01-16,False,2025-01-20,KOTAKBANK_2025-01-18,2024-12-01,,17.89,,101.19,,,
2025-01-17,KOTAKBANK,358.3673999051384,360.0625277982576,348.6553936873538,350.70947265625,17608640,-2.600311640409181,3.1830836493283963,-1,2025-01-18,2025-01-17,False,2025-01-20,KOTAKBANK_2025-01-18,2024-12-01,,17.89,,101.19,,,
2025-01-20,KOTAKBANK,376.9139495680543,384.871032791476,372.1277528566091,382.9964294433594,66621575,9.206183266898993,3.380952058015041,0,2025-01-18,2025-01-20,False,2025-01-20,KOTAKBANK_2025-01-18,2024-12-01,3.32,17.89,98.19,101.19,-81.44,-2.96,9.21
2025-01-21,KOTAKBANK,383.0861931603074,383.0861931603074,377.1134126575037,377.5720825195313,22078315,-1.416291773714895,1.5591218397955415,1,2025-01-18,2025-01-21,False,2025-01-20,KOTAKBANK_2025-01-18,2024-12-01,3.32,17.89,98.19,101.19,-81.44,-2.96,9.21
2025-01-22,KOTAKBANK,378.7087811717552,382.9964450626006,376.3256637249191,382.3981628417969,20883345,1.2781878072290809,1.7614540959524665,2,2025-01-18,2025-01-22,False,2025-01-20,KOTAKBANK_2025-01-18,2024-12-01,3.32,17.89,98.19,101.19,-81.44,-2.96,9.21
2025-01-23,KOTAKBANK,380.3241375116343,383.6844501361463,377.3327569538045,377.8811645507813,15805795,-1.1812290774221967,1.670073643997291,3,2025-01-18,2025-01-23,False,2025-01-20,KOTAKBANK_2025-01-18,2024-12-01,3.32,17.89,98.19,101.19,-81.44,-2.96,9.21
2025-01-17,HDFCBANK,797.5987456720695,800.9958805790999,790.31917087129,794.3229370117188,23112076,-0.9261302016269735,1.3386066321874068,-3,2025-01-22,2025-01-17,True,2025-01-22,HDFCBANK_2025-01-22,2024-12-01,,22.2,,428.35,,,
2025-01-20,HDFCBANK,789.1059123060181,806.0672979791628,789.1059123060181,801.35986328125,17557618,0.8859024386233205,2.149443491505236,-2,2025-01-22,2025-01-20,True,2025-01-22,HDFCBANK_2025-01-22,2024-12-01,,22.2,,428.35,,,
2025-01-21,HDFCBANK,804.7570137844167,806.1158914767867,792.5273515184188,797.06494140625,31158144,-0.535954203822242,1.6885270616613903,-1,2025-01-22,2025-01-21,True,2025-01-22,HDFCBANK_2025-01-22,2024-12-01,,22.2,,428.35,,,
2025-01-22,HDFCBANK,797.0648841596673,811.3813805875693,788.8389294808721,808.5423583984375,30619306,1.439960083043923,2.828182693114541,0,2025-01-22,2025-01-22,True,2025-01-22,HDFCBANK_2025-01-22,2024-12-01,10.95,22.2,421.07,428.35,-50.68,-1.7,1.37
2025-01-23,HDFCBANK,818.70954271768,818.70954271768,801.3598888041311,807.9843139648438,34909158,-0.0690185774186447,2.119146413752229,1,2025-01-22,2025-01-23,True,2025-01-22,HDFCBANK_2025-01-22,2024-12-01,10.95,22.2,421.07,428.35,-50.68,-1.7,1.37
2025-01-24,HDFCBANK,805.6062761215885,810.6049411699597,798.0840488445496,800.6561889648438,24236200,-0.906963770625735,1.5542198089231876,2,2025-01-22,2025-01-24,True,2025-01-22,HDFCBANK_2025-01-22,2024-12-01,10.95,22.2,421.07,428.35,-50.68,-1.7,1.37
2025-01-27,HDFCBANK,796.433983923838,797.6472463633178,789.1058906376462,790.9500732421875,22804166,-1.212270117490144,1.0724499328356591,3,2025-01-22,2025-01-27,True,2025-01-22,HDFCBANK_2025-01-22,2024-12-01,10.95,22.2,421.07,428.35,-50.68,-1.7,1.37
2025-01-21,AUBANK,604.666335485308,609.6553316526785,595.7858979470556,605.3648071289062,1339636,0.1155159968559083,2.293733401660475,-3,2025-01-24,2025-01-21,True,2025-01-24,AUBANK_2025-01-24,2024-12-01,,7.1,,24.64,,,
2025-01-22,AUBANK,604.6664008749315,607.1110214414748,597.7316832721882,603.0699462890625,1367058,-0.37908725661269793,1.5511591442347414,-2,2025-01-24,2025-01-22,True,2025-01-24,AUBANK_2025-01-24,2024-12-01,,7.1,,24.64,,,
2025-01-23,AUBANK,602.6707247777782,604.017729355277,571.339805122707,581.1182861328125,1940763,-3.63998575809118,5.422185430463575,-1,2025-01-24,2025-01-23,True,2025-01-24,AUBANK_2025-01-24,2024-12-01,,7.1,,24.64,,,
2025-01-24,AUBANK,577.1770090196618,607.6597650190204,566.2510946605813,593.3413696289062,5080264,2.1033727190784335,7.174345081549921,0,2025-01-24,2025-01-24,True,2025-01-24,AUBANK_2025-01-24,2024-12-01,7.1,7.1,26.41,24.64,0.0,7.18,-3.25
2025-01-27,AUBANK,558.7676022429566,568.7455951401523,542.8028136074436,562.2100219726562,9781045,-5.246785282428645,4.642857142857152,1,2025-01-24,2025-01-27,True,2025-01-24,AUBANK_2025-01-24,2024-12-01,7.1,7.1,26.41,24.64,0.0,7.18,-3.25
2025-01-28,AUBANK,572.7367580825444,595.9355901825777,565.3031416380662,587.4044189453125,6984979,4.48131409757786,5.348434182409616,2,2025-01-24,2025-01-28,True,2025-01-24,AUBANK_2025-01-24,2024-12-01,7.1,7.1,26.41,24.64,0.0,7.18,-3.25
2025-01-29,AUBANK,586.7059723710819,602.271616665491,586.7059723710819,594.6384887695312,2890746,1.2315313931767102,2.6530570724383433,3,2025-01-24,2025-01-29,True,2025-01-24,AUBANK_2025-01-24,2024-12-01,7.1,7.1,26.41,24.64,0.0,7.18,-3.25
2025-01-22,ICICIBANK,1181.840346118592,1188.236651072606,1172.787162540538,1181.299072265625,10377123,0.3594800083256189,1.3072398977414614,-3,2025-01-25,2025-01-22,False,2025-01-27,ICICIBANK_2025-01-25,2024-12-01,,16.28,,252.59,,,
2025-01-23,ICICIBANK,1178.150279677383,1188.6304043313803,1167.0797508434964,1182.5784912109375,8770650,0.10830609922165557,1.8291939372781192,-2,2025-01-25,2025-01-23,False,2025-01-27,ICICIBANK_2025-01-25,2024-12-01,,16.28,,252.59,,,
2025-01-24,ICICIBANK,1183.9070048715128,1198.569330226456,1182.824577120033,1189.90966796875,9216792,0.6199315151001583,1.3298977910965104,-1,2025-01-25,2025-01-24,False,2025-01-27,ICICIBANK_2025-01-25,2024-12-01,,16.28,,252.59,,,
2025-01-27,ICICIBANK,1175.936172816458,1214.9536606503923,1174.0664594794448,1208.3604736328125,16164687,1.5506055762669169,3.4769915337343082,0,2025-01-25,2025-01-27,False,2025-01-27,ICICIBANK_2025-01-25,2024-12-01,16.7,16.28,274.39,252.59,2.58,8.63,1.55
2025-01-28,ICICIBANK,1227.4509517938643,1243.8353577059515,1216.28204282006,1227.0081787109375,18066499,1.5432236890422724,2.244758932780456,1,2025-01-25,2025-01-28,False,2025-01-27,ICICIBANK_2025-01-25,2024-12-01,16.7,16.28,274.39,252.59,2.58,8.63,1.55
2025-01-29,ICICIBANK,1232.0268875547777,1235.7663143361442,1223.2197146425951,1231.6824951171875,7666777,0.38095234305288717,1.0183706070287553,2,2025-01-25,2025-01-29,False,2025-01-27,ICICIBANK_2025-01-25,2024-12-01,16.7,16.28,274.39,252.59,2.58,8.63,1.55
2025-01-30,ICICIBANK,1230.058696999526,1239.7515355072985,1219.72620394473,1235.5693359375,11921041,0.3155716538735698,1.6279980468750077,3,2025-01-25,2025-01-30,False,2025-01-27,ICICIBANK_2025-01-25,2024-12-01,16.7,16.28,274.39,252.59,2.58,8.63,1.55
2025-01-22,IDFCFIRSTB,62.94843408420886,63.047814370624536,61.23906586183184,62.43164825439453,18763271,-0.8053118531785475,2.873381260561708,-3,2025-01-25,2025-01-22,False,2025-01-27,IDFCFIRSTB_2025-01-25,2024-12-01,,0.66,,67.14,,,
2025-01-23,IDFCFIRSTB,62.38195798153512,63.39565282355085,61.91486229589942,62.71985626220703,12498402,0.4616376723518778,2.373748076470666,-2,2025-01-25,2025-01-23,False,2025-01-27,IDFCFIRSTB_2025-01-25,2024-12-01,,0.66,,67.14,,,
2025-01-24,IDFCFIRSTB,62.47140454074607,63.4652226116046,61.25894528114182,61.88505172729492,26908160,-1.3310051786823651,3.5316595595730043,-1,2025-01-25,2025-01-24,False,2025-01-27,IDFCFIRSTB_2025-01-25,2024-12-01,,0.66,,67.14,,,
2025-01-27,IDFCFIRSTB,58.64519920265296,59.728460987056586,56.08115070383241,56.37929534912109,101731537,-8.896746830617053,6.219281940914925,0,2025-01-25,2025-01-27,False,2025-01-27,IDFCFIRSTB_2025-01-25,2024-12-01,0.5,0.66,66.82,67.14,-24.24,-0.48,-8.9
2025-01-28,IDFCFIRSTB,57.44268289535744,58.98310012438444,56.89608372262077,57.9097785949707,72784826,2.7146193232326032,3.633215401107847,1,2025-01-25,2025-01-28,False,2025-01-27,IDFCFIRSTB_2025-01-25,2024-12-01,0.5,0.66,66.82,67.14,-24.24,-0.48,-8.9
2025-01-29,IDFCFIRSTB,57.90977809672645,59.62908286438234,57.44268240113199,59.4501953125,58562492,2.660028677200077,3.7755289954632802,2,2025-01-25,2025-01-29,False,2025-01-27,IDFCFIRSTB_2025-01-25,2024-12-01,0.5,0.66,66.82,67.14,-24.24,-0.48,-8.9
2025-01-30,IDFCFIRSTB,59.43031912213552,61.51733931902448,59.09242083070292,60.81172561645508,52544708,2.2902032479425793,4.080271693204437,3,2025-01-25,2025-01-30,False,2025-01-27,IDFCFIRSTB_2025-01-25,2024-12-01,0.5,0.66,66.82,67.14,-24.24,-0.48,-8.9
2025-01-22,CANBK,92.89726977990938,93.07483516257832,89.45801448924362,91.4206314086914,17908580,-1.6587953882893358,3.8933551889130973,-3,2025-01-27,2025-01-22,True,2025-01-27,CANBK_2025-01-27,2024-12-01,,4.57,,145.88,,,
2025-01-23,CANBK,91.3084767125762,92.38324529829856,90.54212128393846,91.72904205322266,11470131,0.33735343956717845,2.0163779756787044,-2,2025-01-27,2025-01-23,True,2025-01-27,CANBK_2025-01-27,2024-12-01,,4.57,,145.88,,,
2025-01-24,CANBK,91.729045072186,92.22437142122848,90.1028775735626,90.4206314086914,12610574,-1.4263864695895245,2.3127830950342756,-1,2025-01-27,2025-01-24,True,2025-01-27,CANBK_2025-01-27,2024-12-01,,4.57,,145.88,,,
2025-01-27,CANBK,89.71969556450259,91.2150223978548,84.93464256749469,85.91595458984375,44804245,-4.98191258860714,7.000001271565753,0,2025-01-27,2025-01-27,True,2025-01-27,CANBK_2025-01-27,2024-12-01,4.5,4.57,149.51,145.88,-1.53,2.49,-5.1
2025-01-28,CANBK,87.57015660156925,88.78511364033878,84.41127828316138,85.81314849853516,42091874,-0.11965890596150608,4.994664309072412,1,2025-01-27,2025-01-28,True,2025-01-27,CANBK_2025-01-27,2024-12-01,4.5,4.57,149.51,145.88,-1.53,2.49,-5.1
2025-01-29,CANBK,86.72904189779814,86.77576662773619,85.35520791862177,85.91595458984375,23565700,0.11980226003518446,1.6379273632336548,2,2025-01-27,2025-01-29,True,2025-01-27,CANBK_2025-01-27,2024-12-01,4.5,4.57,149.51,145.88,-1.53,2.49,-5.1
2025-01-30,CANBK,86.35520705463732,86.35520705463732,84.5795033483398,84.96268463134766,26854992,-1.1095377605322976,2.0562786737040937,3,2025-01-27,2025-01-30,True,2025-01-27,CANBK_2025-01-27,2024-12-01,4.5,4.57,149.51,145.88,-1.53,2.49,-5.1
2025-01-22,FEDERALBNK,191.3836518525132,191.62140096468684,184.7763608194584,188.31280517578125,9163217,-1.1697449047987751,3.576606506862697,-3,2025-01-27,2025-01-22,True,2025-01-27,FEDERALBNK_2025-01-27,2024-12-01,,4.28,,29.9,,,
2025-01-23,FEDERALBNK,188.31281246981663,190.63080972078623,187.8175131367717,188.95669555664065,3960511,0.3419259674127595,1.4939485779627697,-2,2025-01-27,2025-01-23,True,2025-01-27,FEDERALBNK_2025-01-27,2024-12-01,,4.28,,29.9,,,
2025-01-24,FEDERALBNK,189.5312357226965,190.0760679866033,185.53912449449743,186.3415069580078,7657794,-1.3840147822911764,2.393770860410517,-1,2025-01-27,2025-01-24,True,2025-01-27,FEDERALBNK_2025-01-27,2024-12-01,,4.28,,29.9,,,
2025-01-27,FEDERALBNK,184.27115753538584,192.2751961124181,183.8551079333176,189.343017578125,14535640,1.6107579406844597,4.569401034713506,0,2025-01-27,2025-01-27,True,2025-01-27,FEDERALBNK_2025-01-27,2024-12-01,3.85,4.28,33.48,29.9,-10.05,11.97,-2.13
2025-01-28,FEDERALBNK,186.1334641107093,186.1334641107093,176.41569461730208,182.36920166015625,43454549,-3.6831650869255217,5.220861031000443,1,2025-01-27,2025-01-28,True,2025-01-27,FEDERALBNK_2025-01-27,2024-12-01,3.85,4.28,33.48,29.9,-10.05,11.97,-2.13
2025-01-29,FEDERALBNK,181.8243776610212,186.0146055437833,179.90261394157253,184.4296417236328,10013432,1.1298179981706458,3.3614808315777505,2,2025-01-27,2025-01-29,True,2025-01-27,FEDERALBNK_2025-01-27,2024-12-01,3.85,4.28,33.48,29.9,-10.05,11.97,-2.13
2025-01-30,FEDERALBNK,184.4494630059577,185.4598778470036,182.4682657338952,183.2211303710937,14297599,-0.6552695874940007,1.6219142438011727,3,2025-01-27,2025-01-30,True,2025-01-27,FEDERALBNK_2025-01-27,2024-12-01,3.85,4.28,33.48,29.9,-10.05,11.97,-2.13
2025-01-22,UNIONBANK,103.27883240604636,103.94587394384436,101.42802347902114,103.34459686279295,9893570,0.42910929404895715,2.4379153076829527,-3,2025-01-27,2025-01-22,True,2025-01-27,UNIONBANK_2025-01-27,2024-12-01,,4.4,,136.62,,,
2025-01-23,UNIONBANK,103.07213348077968,103.90828457596858,102.01050529092312,103.06273651123048,5207678,-0.27273835315907435,1.8412147114422022,-2,2025-01-27,2025-01-23,True,2025-01-27,UNIONBANK_2025-01-27,2024-12-01,,4.4,,136.62,,,
2025-01-24,UNIONBANK,103.26943634248752,103.34459777022596,100.05636056844604,100.8079605102539,5216313,-2.187770359397434,3.1841339686164836,-1,2025-01-27,2025-01-24,True,2025-01-27,UNIONBANK_2025-01-27,2024-12-01,,4.4,,136.62,,,
2025-01-27,UNIONBANK,100.29122750741118,100.50731480481348,98.14917714402868,99.20140838623048,8933863,-1.5936758524739858,2.3512900573587387,0,2025-01-27,2025-01-27,True,2025-01-27,UNIONBANK_2025-01-27,2024-12-01,6.06,4.4,271.35,136.62,37.73,98.62,3.05
2025-01-28,UNIONBANK,102.50844034740196,106.29460923345056,101.47499586627364,103.8801040649414,44234897,4.716360135226005,4.701674662928442,1,2025-01-27,2025-01-28,True,2025-01-27,UNIONBANK_2025-01-27,2024-12-01,6.06,4.4,271.35,136.62,37.73,98.62,3.05
2025-01-29,UNIONBANK,105.22358240813764,106.8583039135692,103.61704464400503,105.7309112548828,11886270,1.781676295572776,3.0803544180733953,2,2025-01-27,2025-01-29,True,2025-01-27,UNIONBANK_2025-01-27,2024-12-01,6.06,4.4,271.35,136.62,37.73,98.62,3.05
2025-01-30,UNIONBANK,105.74031443632744,106.8395234182882,104.10558566707547,104.33106994628906,7962048,-1.3239659925177172,2.585520731413172,3,2025-01-27,2025-01-30,True,2025-01-27,UNIONBANK_2025-01-27,2024-12-01,6.06,4.4,271.35,136.62,37.73,98.62,3.05
2025-01-22,YESBANK,18.690000534057617,18.690000534057617,17.979999542236328,18.350000381469727,93719498,-0.8108087488122862,3.798828098091804,-3,2025-01-27,2025-01-22,True,2025-01-27,YESBANK_2025-01-27,2024-12-01,,0.23,,39.92,,,
2025-01-23,YESBANK,18.26000022888184,18.6200008392334,18.040000915527344,18.46999931335449,83253385,0.6539451192924206,3.1763412729243505,-2,2025-01-27,2025-01-23,True,2025-01-27,YESBANK_2025-01-27,2024-12-01,,0.23,,39.92,,,
2025-01-24,YESBANK,18.450000762939453,18.6299991607666,18.14999961853028,18.239999771118164,60357643,-1.2452601558573195,2.601623427574577,-1,2025-01-27,2025-01-24,True,2025-01-27,YESBANK_2025-01-27,2024-12-01,,0.23,,39.92,,,
2025-01-27,YESBANK,18.6299991607666,18.989999771118164,18.36000061035156,18.489999771118164,234052234,1.3706140522866672,3.3816381596695755,0,2025-01-27,2025-01-27,True,2025-01-27,YESBANK_2025-01-27,2024-12-01,0.2,0.23,37.36,39.92,-13.04,-6.41,0.71
2025-01-28,YESBANK,18.600000381469727,18.71999931335449,18.14999961853028,18.3700008392334,117219065,-0.6489936904823912,3.0645144254516845,1,2025-01-27,2025-01-28,True,2025-01-27,YESBANK_2025-01-27,2024-12-01,0.2,0.23,37.36,39.92,-13.04,-6.41,0.71
2025-01-29,YESBANK,18.39999961853028,18.920000076293945,18.270000457763672,18.809999465942383,98741576,2.3952019956867243,3.532606695685317,2,2025-01-27,2025-01-29,True,2025-01-27,YESBANK_2025-01-27,2024-12-01,0.2,0.23,37.36,39.92,-13.04,-6.41,0.71
2025-01-30,YESBANK,18.790000915527344,19.209999084472656,18.709999084472656,18.950000762939453,103327002,0.7442918711962676,2.6609897585838804,3,2025-01-27,2025-01-30,True,2025-01-27,YESBANK_2025-01-27,2024-12-01,0.2,0.23,37.36,39.92,-13.04,-6.41,0.71
2025-01-27,BANKBARODA,208.8168563142013,210.56791685991428,204.5562404689632,205.65182495117188,7821158,-2.4821274609200583,2.878922945715385,-3,2025-01-30,2025-01-27,True,2025-01-30,BANKBARODA_2025-01-30,2024-12-01,,8.37,,140.47,,,
2025-01-28,BANKBARODA,210.22145284923283,210.9612013407784,206.1013053684012,207.6557159423828,12792946,0.974409534992815,2.3117982996067585,-2,2025-01-30,2025-01-28,True,2025-01-30,BANKBARODA_2025-01-30,2024-12-01,,8.37,,140.47,,,
2025-01-29,BANKBARODA,208.53591149541748,210.59598502561803,207.0095918877311,208.4329071044922,8514453,0.37426909179085754,1.7197964188368362,-1,2025-01-30,2025-01-29,True,2025-01-30,BANKBARODA_2025-01-30,2024-12-01,,8.37,,140.47,,,
2025-01-30,BANKBARODA,209.65959240197145,211.4762075525378,207.59015997537776,208.24563598632807,10812716,-0.08984719388395179,1.85350335400323,0,2025-01-30,2025-01-30,True,2025-01-30,BANKBARODA_2025-01-30,2024-12-01,9.35,8.37,151.86,140.47,11.71,8.11,-4.13
2025-01-31,BANKBARODA,204.60305059941464,204.60305059941464,197.6268853702765,199.81805419921875,50873400,-4.0469428073213525,3.409609587296198,1,2025-01-30,2025-01-31,True,2025-01-30,BANKBARODA_2025-01-30,2024-12-01,9.35,8.37,151.86,140.47,11.71,8.11,-4.13
2025-02-01,BANKBARODA,202.2620560285028,202.6553416450726,194.4056739607797,197.43023681640625,16153674,-1.1949958137575711,4.078702573423051,2,2025-01-30,2025-02-01,True,2025-01-30,BANKBARODA_2025-01-30,2024-12-01,9.35,8.37,151.86,140.47,11.71,8.11,-4.13
2025-02-03,BANKBARODA,197.6643470319998,197.6643470319998,193.4131043203525,194.7615203857422,13272380,-1.3517262977026934,2.1507382466697833,3,2025-01-30,2025-02-03,True,2025-01-30,BANKBARODA_2025-01-30,2024-12-01,9.35,8.37,151.86,140.47,11.71,8.11,-4.13
2025-01-28,BANDHANBNK,149.2313834905758,150.11558109947873,143.59223458789768,148.465087890625,11617633,1.0836106780891086,4.3712966796913815,-3,2025-01-31,2025-01-28,True,2025-01-31,BANDHANBNK_2025-01-31,2024-12-01,,5.05,,36.72,,,
2025-01-29,BANDHANBNK,147.36475306926582,151.73657107884378,146.9717863907016,147.6987762451172,6165678,-0.5161561255884961,3.233327229817699,-2,2025-01-31,2025-01-29,True,2025-01-31,BANDHANBNK_2025-01-31,2024-12-01,,5.05,,36.72,,,
2025-01-30,BANDHANBNK,148.69105225208438,148.82859209828192,145.39989987352445,145.6455078125,5223410,-1.3901729484945946,2.3059169821090597,-1,2025-01-31,2025-01-30,True,2025-01-31,BANDHANBNK_2025-01-31,2024-12-01,,5.05,,36.72,,,
2025-01-31,BANDHANBNK,146.45110512273655,149.90925401751014,144.76132134861646,148.72052001953125,6779375,2.1112990391642716,3.515120397745948,0,2025-01-31,2025-01-31,True,2025-01-31,BANDHANBNK_2025-01-31,2024-12-01,2.65,5.05,39.26,36.72,-47.52,6.92,2.12
2025-02-01,BANDHANBNK,148.7205277585395,151.2846753057805,144.6139551200631,148.7303466796875,11623319,0.006607467587493865,4.485406477677292,1,2025-01-31,2025-02-01,True,2025-01-31,BANDHANBNK_2025-01-31,2024-12-01,2.65,5.05,39.26,36.72,-47.52,6.92,2.12
2025-02-03,BANDHANBNK,145.39990850517225,146.51988017375896,142.25612969779897,144.96763610839844,8873799,-2.5298875819825817,2.932429958034205,2,2025-01-31,2025-02-03,True,2025-01-31,BANDHANBNK_2025-01-31,2024-12-01,2.65,5.05,39.26,36.72,-47.52,6.92,2.12
2025-02-04,BANDHANBNK,145.15430277961372,149.0349055072191,144.66308686496188,148.35702514648438,11615124,2.338031528327855,3.0118422661537614,3,2025-01-31,2025-02-04,True,2025-01-31,BANDHANBNK_2025-01-31,2024-12-01,2.65,5.05,39.26,36.72,-47.52,6.92,2.12
2025-01-28,INDUSINDBK,935.8341808067707,947.4154589327384,924.2030566598772,932.639404296875,5708478,0.8311242956836606,2.4803969281021585,-3,2025-01-31,2025-01-28,True,2025-01-31,INDUSINDBK_2025-01-31,2024-12-01,,18.62,,78.57,,,
2025-01-29,INDUSINDBK,934.1869397155896,951.45895258573,930.4430036482267,946.7665405273438,2571504,1.5147479471038672,2.2496513325161125,-2,2025-01-31,2025-01-29,True,2025-01-31,INDUSINDBK_2025-01-31,2024-12-01,,18.62,,78.57,,,
2025-01-30,INDUSINDBK,946.7665296476354,965.8356803601456,944.5700749927312,955.5023803710938,4509409,0.922702637852435,2.2461298220300403,-1,2025-01-31,2025-01-30,True,2025-01-31,INDUSINDBK_2025-01-31,2024-12-01,,18.62,,78.57,,,
2025-01-31,INDUSINDBK,956.001558150214,997.684045290928,951.5587419443314,989.59716796875,5365839,3.5682577352046607,4.824814662001742,0,2025-01-31,2025-01-31,True,2025-01-31,INDUSINDBK_2025-01-31,2024-12-01,18.0,18.62,128.01,78.57,-3.33,62.92,5.47
2025-02-01,INDUSINDBK,975.4201296891222,1021.3457448024278,970.827592552375,1007.7677612304688,6054296,1.8361605964390293,5.179117255469554,1,2025-01-31,2025-02-01,True,2025-01-31,INDUSINDBK_2025-01-31,2024-12-01,18.0,18.62,128.01,78.57,-3.33,62.92,5.47
2025-02-03,INDUSINDBK,992.3926054586174,1022.294185587041,988.4988877628188,1011.0623779296876,3655089,0.3269222162054719,3.405436279788117,2,2025-01-31,2025-02-03,True,2025-01-31,INDUSINDBK_2025-01-31,2024-12-01,18.0,18.62,128.01,78.57,-3.33,62.92,5.47
2025-02-04,INDUSINDBK,1020.7965955300766,1052.195749529809,1013.059128151812,1045.4566650390625,9861468,3.401796749652841,3.8339294575795733,3,2025-01-31,2025-02-04,True,2025-01-31,INDUSINDBK_2025-01-31,2024-12-01,18.0,18.62,128.01,78.57,-3.33,62.92,5.47
2025-01-28,PNB,92.07688304898076,94.57948695234457,90.42422104553752,94.23006439208984,41891053,4.470725303380196,4.512822077824497,-3,2025-01-31,2025-01-28,True,2025-01-31,PNB_2025-01-31,2024-12-01,,3.76,,145.5,,,
2025-01-29,PNB,94.72114655927292,94.81558294845269,91.88801165367194,92.33186340332033,34295362,-2.0144324436319305,3.090726201196038,-2,2025-01-31,2025-01-29,True,2025-01-31,PNB_2025-01-31,2024-12-01,,3.76,,145.5,,,
2025-01-30,PNB,92.8134978961681,93.05903827085022,90.66031653135398,91.1513900756836,31403759,-1.278511322229292,2.584453548103236,-1,2025-01-31,2025-01-30,True,2025-01-31,PNB_2025-01-31,2024-12-01,,3.76,,145.5,,,
2025-01-31,PNB,91.5952512076304,96.2038220188547,91.00029546004924,95.57108306884766,57911997,4.84873899289342,5.6810003686872,0,2025-01-31,2025-01-31,True,2025-01-31,PNB_2025-01-31,2024-12-01,3.92,3.76,144.42,145.5,4.26,-0.74,2.93
2025-02-01,PNB,96.31714819519568,96.31714819519568,92.41686811052948,93.82398986816406,29973719,-1.8280562954644086,4.049414001296971,1,2025-01-31,2025-02-01,True,2025-01-31,PNB_2025-01-31,2024-12-01,3.92,3.76,144.42,145.5,4.26,-0.74,2.93
2025-02-03,PNB,92.69073000395628,93.81453526235155,91.8785641034156,92.8512725830078,27155760,-1.0367468773424204,2.0886351405942363,2,2025-01-31,2025-02-03,True,2025-01-31,PNB_2025-01-31,2024-12-01,3.92,3.76,144.42,145.5,4.26,-0.74,2.93
2025-02-04,PNB,93.82398911810856,95.12723587298058,93.2195875409348,93.54067993164062,21734744,0.742485621849176,2.033220235013003,3,2025-01-31,2025-02-04,True,2025-01-31,PNB_2025-01-31,2024-12-01,3.92,3.76,144.42,145.5,4.26,-0.74,2.93
2025-02-01,SBIN,746.1000586507049,749.9037555863902,724.2890890176571,737.6260375976562,9363077,-0.8927493626440519,3.4331409402454964,-3,2025-02-05,2025-02-01,True,2025-02-05,SBIN_2025-02-05,2024-12-01,,17.89,,502.4,,,
2025-02-03,SBIN,734.5445718854385,734.5445718854385,725.2520596511663,732.7631225585938,7862190,-0.6592656429130872,1.2650712550254153,-2,2025-02-05,2025-02-03,True,2025-02-05,SBIN_2025-02-05,2024-12-01,,17.89,,502.4,,,
2025-02-04,SBIN,738.5889944967314,752.3111498703669,737.2890243394788,750.3370971679688,12020807,2.3983159179752134,2.033895122025749,-1,2025-02-05,2025-02-04,True,2025-02-05,SBIN_2025-02-05,2024-12-01,,17.89,,502.4,,,
2025-02-05,SBIN,751.107474382643,753.0333909836241,736.6630998752845,737.6741943359375,13419162,-1.6876285178788808,2.179487179487178,0,2025-02-05,2025-02-05,True,2025-02-05,SBIN_2025-02-05,2024-12-01,18.93,17.89,524.86,502.4,5.81,4.47,-3.46
2025-02-06,SBIN,740.5149273858113,742.2963767183029,722.2668559769037,724.3853759765625,32745391,-1.8014481815156524,2.704809856042746,1,2025-02-05,2025-02-06,True,2025-02-05,SBIN_2025-02-05,2024-12-01,18.93,17.89,524.86,502.4,5.81,4.47,-3.46
2025-02-07,SBIN,731.6557177630287,731.75204885935,704.6447487163948,709.8928833007812,37240692,-2.0006605815645506,3.70492562073229,2,2025-02-05,2025-02-07,True,2025-02-05,SBIN_2025-02-05,2024-12-01,18.93,17.89,524.86,502.4,5.81,4.47,-3.46
2025-02-10,SBIN,712.5891075604651,716.3446682586824,706.2336065973515,709.5076293945312,12667049,-0.05426930108929362,1.4189189189189226,3,2025-02-05,2025-02-10,True,2025-02-05,SBIN_2025-02-05,2024-12-01,18.93,17.89,524.86,502.4,5.81,4.47,-3.46
2025-04-15,HDFCBANK,905.0937456982635,910.8203678930464,900.240696123474,905.0452270507812,49298344,3.2184833289560677,1.168903422419564,-3,2025-04-19,2025-04-15,False,2025-04-21,HDFCBANK_2025-04-19,2025-03-01,,22.43,,434.98,,,
2025-04-16,HDFCBANK,914.2175024102768,914.2175024102768,902.9098732067754,911.4027099609376,19136820,0.7024491948179445,1.236864222538897,-2,2025-04-19,2025-04-16,False,2025-04-21,HDFCBANK_2025-04-19,2025-03-01,,22.43,,434.98,,,
2025-04-17,HDFCBANK,913.3439239431574,931.639897022746,910.7717839889756,925.3309326171876,35703084,1.5282182622484042,2.284803400637631,-1,2025-04-19,2025-04-17,False,2025-04-21,HDFCBANK_2025-04-19,2025-03-01,,22.43,,434.98,,,
2025-04-21,HDFCBANK,933.7267676045618,946.6843866809209,926.9324979858176,935.231201171875,34247298,1.0699165245330766,2.1153820775403007,0,2025-04-19,2025-04-21,False,2025-04-21,HDFCBANK_2025-04-19,2025-03-01,11.5,22.43,440.94,434.98,-48.73,1.37,1.07
2025-04-22,HDFCBANK,939.0651467003056,956.3419923313836,939.0651467003056,952.0227661132812,45961750,1.795445331631984,1.8397920199451037,1,2025-04-19,2025-04-22,False,2025-04-21,HDFCBANK_2025-04-19,2025-03-01,11.5,22.43,440.94,434.98,-48.73,1.37,1.07
2025-04-23,HDFCBANK,960.370058186636,960.370058186636,932.028234874344,933.6782836914062,30570642,-1.926895351123592,2.9511356659543164,2,2025-04-19,2025-04-23,False,2025-04-21,HDFCBANK_2025-04-19,2025-03-01,11.5,22.43,440.94,434.98,-48.73,1.37,1.07
2025-04-24,HDFCBANK,926.9325074354751,933.6782584739784,924.554501196406,930.2326049804688,25931754,-0.3690434672331211,0.9842957501636126,3,2025-04-19,2025-04-24,False,2025-04-21,HDFCBANK_2025-04-19,2025-03-01,11.5,22.43,440.94,434.98,-48.73,1.37,1.07
2025-04-15,ICICIBANK,1329.4474418665204,1332.6948448810174,1314.8834988213314,1328.66015625,15202603,2.9390404668372394,1.3397555630088838,-3,2025-04-19,2025-04-15,False,2025-04-21,ICICIBANK_2025-04-19,2025-03-01,,16.23,,278.18,,,
2025-04-16,ICICIBANK,1335.35175670462,1338.0086355110902,1321.4767182608662,1334.7613525390625,14039073,0.45919916092633795,1.2380196579080798,-2,2025-04-19,2025-04-16,False,2025-04-21,ICICIBANK_2025-04-19,2025-03-01,,16.23,,278.18,,,
2025-04-17,ICICIBANK,1340.271938683508,1386.4237644145942,1338.4022254639915,1384.2587890625,17490424,3.7083360579238,3.5829698111692316,-1,2025-04-19,2025-04-17,False,2025-04-21,ICICIBANK_2025-04-19,2025-03-01,,16.23,,278.18,,,
2025-04-21,ICICIBANK,1413.0915548092914,1413.0915548092914,1382.2908342910866,1387.3095703125,16882426,0.2203909611486754,2.179669138448826,0,2025-04-19,2025-04-21,False,2025-04-21,ICICIBANK_2025-04-19,2025-03-01,17.7,16.23,284.53,278.18,9.06,2.28,0.22
2025-04-22,ICICIBANK,1390.2616620074302,1396.1659440599142,1376.5833845612567,1393.902587890625,16135274,0.47523766282675517,1.4085520757568595,1,2025-04-19,2025-04-22,False,2025-04-21,ICICIBANK_2025-04-19,2025-03-01,17.7,16.23,284.53,278.18,9.06,2.28,0.22
2025-04-23,ICICIBANK,1406.2031056627204,1407.0887719511927,1388.7855225220842,1401.676513671875,13990764,0.5577094015597028,1.3016078086730223,2,2025-04-19,2025-04-23,False,2025-04-21,ICICIBANK_2025-04-19,2025-03-01,17.7,16.23,284.53,278.18,9.06,2.28,0.22
2025-04-24,ICICIBANK,1393.7057666784372,1398.5275007158652,1376.4849447649922,1380.3226318359375,15678099,-1.5234529242412864,1.5815788725195707,3,2025-04-19,2025-04-24,False,2025-04-21,ICICIBANK_2025-04-19,2025-03-01,17.7,16.23,284.53,278.18,9.06,2.28,0.22
2025-04-15,YESBANK,17.489999771118164,17.59000015258789,17.309999465942383,17.520000457763672,61294441,2.157439343809764,1.6009187553443112,-3,2025-04-20,2025-04-15,False,2025-04-21,YESBANK_2025-04-20,2025-03-01,,0.255,,43.89,,,
2025-04-16,YESBANK,17.600000381469727,18.049999237060547,17.549999237060547,17.8700008392334,85730443,1.9977190201192707,2.840909029334046,-2,2025-04-20,2025-04-16,False,2025-04-21,YESBANK_2025-04-20,2025-03-01,,0.255,,43.89,,,
2025-04-17,YESBANK,17.84000015258789,18.14999961853028,17.719999313354492,18.09000015258789,99208246,1.2311096979440883,2.410315591356158,-1,2025-04-20,2025-04-17,False,2025-04-21,YESBANK_2025-04-20,2025-03-01,,0.255,,43.89,,,
2025-04-21,YESBANK,19.13999938964844,19.350000381469727,18.780000686645508,18.81999969482422,212102753,4.035376097727106,2.978054926859057,0,2025-04-20,2025-04-21,False,2025-04-21,YESBANK_2025-04-20,2025-03-01,0.23,0.255,93.55,43.89,-9.8,113.15,4.04
2025-04-22,YESBANK,18.940000534057617,18.989999771118164,18.63999938964844,18.690000534057617,76060910,-0.6907500684091628,1.8479428278809058,1,2025-04-20,2025-04-22,False,2025-04-21,YESBANK_2025-04-20,2025-03-01,0.23,0.255,93.55,43.89,-9.8,113.15,4.04
2025-04-23,YESBANK,18.809999465942383,18.81999969482422,18.15999984741211,18.420000076293945,89519210,-1.4446252009017724,3.5087712182401343,2,2025-04-20,2025-04-23,False,2025-04-21,YESBANK_2025-04-20,2025-03-01,0.23,0.255,93.55,43.89,-9.8,113.15,4.04
2025-04-24,YESBANK,18.39999961853028,18.65999984741211,18.32999992370605,18.43000030517578,65182036,0.0542900588513362,1.7934778834110505,3,2025-04-20,2025-04-24,False,2025-04-21,YESBANK_2025-04-20,2025-03-01,0.23,0.255,93.55,43.89,-9.8,113.15,4.04
2025-04-16,AUBANK,574.6824808199276,582.2158528540683,564.7543662646148,581.068359375,2741238,1.102425923241479,3.038458135097559,-3,2025-04-22,2025-04-16,True,2025-04-22,AUBANK_2025-04-22,2025-03-01,,6.66,,27.18,,,
2025-04-17,AUBANK,581.0683861189202,589.9987018515717,575.1315291259253,585.2591552734375,2759263,0.7212225258565352,2.5585925995642915,-2,2025-04-22,2025-04-17,True,2025-04-22,AUBANK_2025-04-22,2025-03-01,,6.66,,27.18,,,
2025-04-21,AUBANK,591.4954527979245,640.3377440109496,590.697225484195,622.2276611328125,9059537,6.31660445227944,8.392375341508082,-1,2025-04-22,2025-04-21,True,2025-04-22,AUBANK_2025-04-22,2025-03-01,,6.66,,27.18,,,
2025-04-22,AUBANK,622.427150055916,625.4205477582376,609.1564324224563,612.4491577148438,4335283,-1.5715314552500304,2.6130150868772684,0,2025-04-22,2025-04-22,True,2025-04-22,AUBANK_2025-04-22,2025-03-01,6.8,6.66,28.55,27.18,2.1,5.04,6.71
2025-04-23,AUBANK,618.6355457847128,668.425753588042,618.6355457847128,663.9855346679688,20564151,8.41480085390538,8.048391034526219,1,2025-04-22,2025-04-23,True,2025-04-22,AUBANK_2025-04-22,2025-03-01,6.8,6.66,28.55,27.18,2.1,5.04,6.71
2025-04-24,AUBANK,657.0507872016252,693.2708867533025,654.1571450996303,679.5511474609375,11937594,2.344269864365711,5.952925164317575,2,2025-04-22,2025-04-24,True,2025-04-22,AUBANK_2025-04-22,2025-03-01,6.8,6.66,28.55,27.18,2.1,5.04,6.71
2025-04-25,AUBANK,679.5012857927808,679.5012857927808,660.9422441975402,673.6641845703125,4093320,-0.8663016628874698,2.7312739480084427,3,2025-04-22,2025-04-25,True,2025-04-22,AUBANK_2025-04-22,2025-03-01,6.8,6.66,28.55,27.18,2.1,5.04,6.71
2025-04-21,AXISBANK,1200.0481388219926,1236.688494977289,1196.1544474414134,1221.0140380859375,15166580,2.7040638788039306,3.377701795835067,-3,2025-04-24,2025-04-21,True,2025-04-24,AXISBANK_2025-04-24,2025-03-01,,20.72,,205.58,,,
2025-04-22,AXISBANK,1228.4019873709017,1232.9944930922131,1210.1316558499327,1214.8240966796875,8461710,-0.5069508796109679,1.86118530231401,-2,2025-04-24,2025-04-22,True,2025-04-24,AXISBANK_2025-04-24,2025-03-01,,20.72,,205.58,,,
2025-04-23,AXISBANK,1223.3103308638504,1228.0026499644732,1192.959671888685,1204.940185546875,9433911,-0.813608419509193,2.8646024799808782,-1,2025-04-24,2025-04-23,True,2025-04-24,AXISBANK_2025-04-24,2025-03-01,,20.72,,205.58,,,
2025-04-24,AXISBANK,1197.1527616775102,1218.0188466210914,1197.1527616775102,1205.1397705078125,9078137,0.01656388950517229,1.7429759686092692,0,2025-04-24,2025-04-24,True,2025-04-24,AXISBANK_2025-04-24,2025-03-01,23.0,20.72,205.9,205.58,11.0,0.16,-3.36
2025-04-25,AXISBANK,1175.088703760494,1177.9840189088325,1144.1390437634036,1164.4061279296875,17243807,-3.3799932236043384,2.880205982503184,1,2025-04-24,2025-04-25,True,2025-04-24,AXISBANK_2025-04-24,2025-03-01,23.0,20.72,205.9,205.58,11.0,0.16,-3.36
2025-04-28,AXISBANK,1164.4060709863415,1194.0577918169092,1162.4093188261124,1190.863037109375,5523502,2.272137576837374,2.717992784423401,2,2025-04-24,2025-04-28,True,2025-04-24,AXISBANK_2025-04-24,2025-03-01,23.0,20.72,205.9,205.58,11.0,0.16,-3.36
2025-04-29,AXISBANK,1192.061141874012,1208.03516052559,1182.4767550574834,1185.3720703125,6074520,-0.4610913787536308,2.1440515566111733,3,2025-04-24,2025-04-29,True,2025-04-24,AXISBANK_2025-04-24,2025-03-01,23.0,20.72,205.9,205.58,11.0,0.16,-3.36
2025-04-23,IDFCFIRSTB,67.56968483214827,68.65295041310657,66.59574742183467,68.02684020996094,63973196,1.8601058217498911,3.0445650240670035,-3,2025-04-26,2025-04-23,False,2025-04-28,IDFCFIRSTB_2025-04-26,2025-03-01,,0.815,,69.05,,,
2025-04-24,IDFCFIRSTB,67.97715212881053,68.47406112451495,67.08271442009666,67.2317886352539,63643793,-1.1687321831399977,2.046785810888056,-2,2025-04-26,2025-04-24,False,2025-04-28,IDFCFIRSTB_2025-04-26,2025-03-01,,0.815,,69.05,,,
2025-04-25,IDFCFIRSTB,67.28148161168178,67.57963007135932,65.2938454331124,65.67150115966797,47589266,-2.3207585388673957,3.397345872136759,-1,2025-04-26,2025-04-25,False,2025-04-28,IDFCFIRSTB_2025-04-26,2025-03-01,,0.815,,69.05,,,
2025-04-28,IDFCFIRSTB,63.127320488415926,66.25784494714546,62.71985525571342,66.08889770507812,64646428,0.6355824642950259,5.604530121124453,0,2025-04-26,2025-04-28,False,2025-04-28,IDFCFIRSTB_2025-04-26,2025-03-01,0.41,0.815,68.03,69.05,-49.69,-1.48,0.64
2025-04-29,IDFCFIRSTB,66.0889009123698,67.13241290703608,65.39323130407898,66.51624298095703,43968174,0.6466218846407967,2.631578947368426,1,2025-04-26,2025-04-29,False,2025-04-28,IDFCFIRSTB_2025-04-26,2025-03-01,0.41,0.815,68.03,69.05,-49.69,-1.48,0.64
2025-04-30,IDFCFIRSTB,65.89014056187116,65.92988661199976,64.27021226773205,64.48885345458984,44736979,-3.0479615737581733,2.518850817610977,2,2025-04-26,2025-04-30,False,2025-04-28,IDFCFIRSTB_2025-04-26,2025-03-01,0.41,0.815,68.03,69.05,-49.69,-1.48,0.64
2025-05-02,IDFCFIRSTB,64.5981738972214,66.22803490897289,64.54847996133151,65.84044647216797,29520623,2.095855245015099,2.6000037560096136,3,2025-04-26,2025-05-02,False,2025-04-28,IDFCFIRSTB_2025-04-26,2025-03-01,0.41,0.815,68.03,69.05,-49.69,-1.48,0.64
2025-04-25,BANDHANBNK,167.7305735587422,168.74247709262372,160.64724882157176,162.5433349609375,7861418,-3.09260287411538,4.826328378479467,-3,2025-04-30,2025-04-25,True,2025-04-30,BANDHANBNK_2025-04-30,2025-03-01,,3.79,,35.86,,,
2025-04-28,BANDHANBNK,161.9637021185314,163.92856565752086,158.91815763681004,161.37423706054688,10358436,-0.7192530537604491,3.093537598346581,-2,2025-04-30,2025-04-28,True,2025-04-30,BANDHANBNK_2025-04-30,2025-03-01,,3.79,,35.86,,,
2025-04-29,BANDHANBNK,162.59245663241148,168.82107040653915,162.59245663241148,164.95028686523438,15769341,2.2159979621442227,3.8308134972148777,-1,2025-04-30,2025-04-29,True,2025-04-30,BANDHANBNK_2025-04-30,2025-03-01,,3.79,,35.86,,,
2025-04-30,BANDHANBNK,164.55731890298867,164.89134210179532,160.65706363779165,162.71034240722656,8904205,-1.357951235233601,2.5731328708022376,0,2025-04-30,2025-04-30,True,2025-04-30,BANDHANBNK_2025-04-30,2025-03-01,2.0,3.79,34.56,35.86,-47.23,-3.63,-3.67
2025-05-02,BANDHANBNK,165.63800538899153,170.38313773136224,158.31887657864826,158.96728515625,22134708,-2.3004421203961067,7.283510281581659,1,2025-04-30,2025-05-02,True,2025-04-30,BANDHANBNK_2025-04-30,2025-03-01,2.0,3.79,34.56,35.86,-47.23,-3.63,-3.67
2025-05-05,BANDHANBNK,159.16376841387475,162.98542746564388,158.4760691611244,161.51177978515625,8016634,1.600640425107125,2.833156282649555,2,2025-04-30,2025-05-05,True,2025-04-30,BANDHANBNK_2025-04-30,2025-03-01,2.0,3.79,34.56,35.86,-47.23,-3.63,-3.67
2025-05-06,BANDHANBNK,161.21704821782745,163.0836624544526,154.29090172387723,154.68386840820312,8251307,-4.227500548898444,5.453989406067701,3,2025-04-30,2025-05-06,True,2025-04-30,BANDHANBNK_2025-04-30,2025-03-01,2.0,3.79,34.56,35.86,-47.23,-3.63,-3.67
2025-04-25,FEDERALBNK,199.90279136109365,200.9627239546465,193.16671816608127,194.6427154541016,7977095,-2.679548118219699,3.899898413365794,-3,2025-04-30,2025-04-25,True,2025-04-30,FEDERALBNK_2025-04-30,2025-03-01,,4.1,,33.28,,,
2025-04-28,FEDERALBNK,195.88097697043645,199.110323036877,194.6625297822439,197.95132446289065,7788146,1.6998370584124123,2.2706611552710325,-2,2025-04-30,2025-04-28,True,2025-04-30,FEDERALBNK_2025-04-30,2025-03-01,,4.1,,33.28,,,
2025-04-29,FEDERALBNK,198.8626568138385,203.46893397659323,196.9805256348349,201.507553100586,11997673,1.7965167181096753,3.262758551914724,-1,2025-04-30,2025-04-29,True,2025-04-30,FEDERALBNK_2025-04-30,2025-03-01,,4.1,,33.28,,,
2025-04-30,FEDERALBNK,201.6858726892156,201.8344564269544,194.1573175935365,194.83091735839844,11619893,-3.3133426710088565,3.806483186478735,0,2025-04-30,2025-04-30,True,2025-04-30,FEDERALBNK_2025-04-30,2025-03-01,4.4,4.1,71.08,33.28,7.32,113.58,-6.75
2025-05-02,FEDERALBNK,194.0879762649541,194.0879762649541,186.08395288577657,187.73825073242188,18366458,-3.640421511196479,4.1239151096361875,1,2025-04-30,2025-05-02,True,2025-04-30,FEDERALBNK_2025-04-30,2025-03-01,4.4,4.1,71.08,33.28,7.32,113.58,-6.75
2025-05-05,FEDERALBNK,189.10526793682112,190.85863170263949,188.13448553473413,189.70953369140625,6580183,1.0500166861541649,1.4405448339046165,2,2025-04-30,2025-05-05,True,2025-04-30,FEDERALBNK_2025-04-30,2025-03-01,4.4,4.1,71.08,33.28,7.32,113.58,-6.75
2025-05-06,FEDERALBNK,190.2939972897445,190.71004688830573,184.85560552897653,185.5292053222656,5927722,-2.2035415341543407,3.076524453062563,3,2025-04-30,2025-05-06,True,2025-04-30,FEDERALBNK_2025-04-30,2025-03-01,4.4,4.1,71.08,33.28,7.32,113.58,-6.75
2025-04-29,KOTAKBANK,443.84109842539885,448.1088001244932,438.4965131178904,439.7329406738281,15291325,-0.9255980526666319,2.1657045822714496,-3,2025-05-03,2025-04-29,False,2025-05-05,KOTAKBANK_2025-05-03,2025-03-01,,23.23,,105.35,,,
2025-04-30,KOTAKBANK,441.507836598342,444.9180239007927,436.38262028319247,440.3511657714844,23114585,0.14059103616592683,1.9332394376875495,-2,2025-05-03,2025-04-30,False,2025-05-05,KOTAKBANK_2025-05-03,2025-03-01,,23.23,,105.35,,,
2025-05-02,KOTAKBANK,439.53351154246,443.4422622568428,432.9923617183069,435.0863342285156,9079030,-1.1955984114961793,2.3774980209959353,-1,2025-05-03,2025-05-02,False,2025-05-05,KOTAKBANK_2025-05-03,2025-03-01,,23.23,,105.35,,,
2025-05-05,KOTAKBANK,419.8103531564253,425.5338822093996,410.4174348736029,415.781982421875,44108085,-4.436901434946384,3.60078002415634,0,2025-05-03,2025-05-05,False,2025-05-05,KOTAKBANK_2025-05-03,2025-03-01,3.58,23.23,104.66,105.35,-84.59,-0.65,-4.59
2025-05-06,KOTAKBANK,416.0013441745257,417.0782278097303,411.8133991300577,413.6082153320313,17025485,-0.5228141626488436,1.2655797279020018,1,2025-05-03,2025-05-06,False,2025-05-05,KOTAKBANK_2025-05-03,2025-03-01,3.58,23.23,104.66,105.35,-84.59,-0.65,-4.59
2025-05-07,KOTAKBANK,411.5541524854477,419.152254696519,409.7194426164406,417.7762451171875,18697280,1.007724128934484,2.291997790111459,2,2025-05-03,2025-05-07,False,2025-05-05,KOTAKBANK_2025-05-03,2025-03-01,3.58,23.23,104.66,105.35,-84.59,-0.65,-4.59
2025-05-08,KOTAKBANK,418.5938743159656,426.5110645986522,417.77625335760047,421.3060607910156,34624355,0.8449057875078658,2.0867030735520156,3,2025-05-03,2025-05-08,False,2025-05-05,KOTAKBANK_2025-05-03,2025-03-01,3.58,23.23,104.66,105.35,-84.59,-0.65,-4.59
2025-04-30,BANKBARODA,235.97240926597365,236.6185264822357,233.2100366977039,234.0340576171875,8286634,-1.2992712726624056,1.4444442022414323,-3,2025-05-06,2025-04-30,True,2025-05-06,BANKBARODA_2025-05-06,2025-03-01,,6.75,,157.29,,,
2025-05-02,BANKBARODA,233.63140465170284,236.05667311849305,230.65366454899785,231.84288024902344,4318300,-0.9362643157468153,2.312620847163074,-2,2025-05-06,2025-05-02,True,2025-05-06,BANKBARODA_2025-05-06,2025-03-01,,6.75,,157.29,,,
2025-05-05,BANKBARODA,232.7886526080981,234.839353142909,231.7679674725853,233.28494262695312,5921479,0.6219998545483829,1.3193880526016937,-1,2025-05-06,2025-05-05,True,2025-05-06,BANKBARODA_2025-05-06,2025-03-01,,6.75,,157.29,,,
2025-05-06,BANKBARODA,234.09959039580173,235.5978334896569,207.50588264216069,209.66896057128903,53589794,-10.123234611600507,12.0,0,2025-05-06,2025-05-06,True,2025-05-06,BANKBARODA_2025-05-06,2025-03-01,9.76,6.75,358.52,157.29,44.59,127.94,-9.89
2025-05-07,BANKBARODA,209.6689639338738,212.97444906021013,207.18749966289857,210.221435546875,29513047,0.26349869531505643,2.76004101357446,1,2025-05-06,2025-05-07,True,2025-05-06,BANKBARODA_2025-05-06,2025-03-01,9.76,6.75,358.52,157.29,44.59,127.94,-9.89
2025-05-08,BANKBARODA,210.68964991730115,212.22534279405497,202.26206392060908,203.4512939453125,18639419,-3.220481100773809,4.7288886176215215,2,2025-05-06,2025-05-08,True,2025-05-06,BANKBARODA_2025-05-06,2025-03-01,9.76,6.75,358.52,157.29,44.59,127.94,-9.89
2025-05-09,BANKBARODA,199.4435136926365,206.4758610029605,199.03149608296408,206.0919342041016,14465684,1.2979225678942496,3.732568075123751,3,2025-05-06,2025-05-09,True,2025-05-06,BANKBARODA_2025-05-06,2025-03-01,9.76,6.75,358.52,157.29,44.59,127.94,-9.89
2025-05-02,PNB,94.63615259326744,96.00550550938205,93.58789205939296,93.96564483642578,13300520,-0.708504872039184,2.554640466397282,-3,2025-05-07,2025-05-02,True,2025-05-07,PNB_2025-05-07,2025-03-01,,3.96,,156.45,,,
2025-05-05,PNB,93.87120056152344,94.97612139741584,93.68232058634888,93.87120056152344,11864456,-0.1005093670849111,1.3782723597095128,-2,2025-05-07,2025-05-05,True,2025-05-07,PNB_2025-05-07,2025-03-01,,3.96,,156.45,,,
2025-05-06,PNB,94.40949641833298,94.64559098486676,88.78100281677182,89.21541595458984,27001134,-4.9597582422333915,6.21186256741448,-1,2025-05-07,2025-05-06,True,2025-05-07,PNB_2025-05-07,2025-03-01,,3.96,,156.45,,,
2025-05-07,PNB,88.96043048702323,91.50081034850166,87.64774526318224,89.00765228271484,89567019,-0.2328786674948069,4.331212275194043,0,2025-05-07,2025-05-07,True,2025-05-07,PNB_2025-05-07,2025-03-01,4.0,3.96,154.73,156.45,1.01,-1.1,-3.29
2025-05-08,PNB,90.18812991983624,90.47144629898054,85.84399107151077,86.27840423583984,65955601,-3.066307195931983,5.1308916501349815,1,2025-05-07,2025-05-08,True,2025-05-07,PNB_2025-05-07,2025-03-01,4.0,3.96,154.73,156.45,1.01,-1.1,-3.29
2025-05-09,PNB,84.9940429834292,87.21333044254521,84.47463206096118,86.8544692993164,35798578,0.6676816389671547,3.2222239176432375,2,2025-05-07,2025-05-09,True,2025-05-07,PNB_2025-05-07,2025-03-01,4.0,3.96,154.73,156.45,1.01,-1.1,-3.29
2025-05-12,PNB,90.18813563021284,90.61310302080184,89.29097904784264,90.45256042480467,31855906,4.142666640548565,1.4659621952716089,3,2025-05-07,2025-05-12,True,2025-05-07,PNB_2025-05-07,2025-03-01,4.0,3.96,154.73,156.45,1.01,-1.1,-3.29
2025-05-05,CANBK,90.65427387420893,91.3458611835748,90.32717225020346,90.8038101196289,13789187,0.5172715647844939,1.1237075648356751,-3,2025-05-08,2025-05-05,True,2025-05-08,CANBK_2025-05-08,2025-03-01,,4.56,,151.91,,,
2025-05-06,CANBK,91.12156252944746,91.53278006768038,85.87856743809989,86.33650970458984,27373024,-4.919727937796492,6.205131335136215,-2,2025-05-08,2025-05-06,True,2025-05-08,CANBK_2025-05-08,2025-03-01,,4.56,,151.91,,,
2025-05-07,CANBK,85.04679457095305,88.15894821542123,85.00006271083473,87.54212188720703,25189656,1.3964106109249919,3.7142910800137265,-1,2025-05-08,2025-05-07,True,2025-05-08,CANBK_2025-05-08,2025-03-01,,4.56,,151.91,,,
2025-05-08,CANBK,88.21502108299376,91.74773296100584,86.85053489959803,89.13091278076172,78481304,1.8148873471467208,5.551433306126475,0,2025-05-08,2025-05-08,True,2025-05-08,CANBK_2025-05-08,2025-03-01,5.5,4.56,157.93,151.91,20.61,3.96,4.24
2025-05-09,CANBK,87.8598873023929,92.00007790677444,87.72904664376712,91.25241088867188,41029403,2.3802046245486874,4.86118454523785,1,2025-05-08,2025-05-09,True,2025-05-08,CANBK_2025-05-08,2025-03-01,5.5,4.56,157.93,151.91,20.61,3.96,4.24
2025-05-12,CANBK,93.9253074639926,94.81315577696276,93.31782892498522,94.26175689697266,49391352,3.297826302882223,1.592038282707554,2,2025-05-08,2025-05-12,True,2025-05-08,CANBK_2025-05-08,2025-03-01,5.5,4.56,157.93,151.91,20.61,3.96,4.24
2025-05-13,CANBK,94.57950953651586,98.6636274111077,94.22437164187862,97.92530822753906,59518073,3.886572297364066,4.693676030869183,3,2025-05-08,2025-05-13,True,2025-05-08,CANBK_2025-05-08,2025-03-01,5.5,4.56,157.93,151.91,20.61,3.96,4.24
2025-05-05,UNIONBANK,117.4840176472613,119.30663563340916,117.4464369343382,118.5738296508789,4539265,0.16666183289988368,1.5833631980956748,-3,2025-05-08,2025-05-05,True,2025-05-08,UNIONBANK_2025-05-08,2025-03-01,,,,140.94,,,
2025-05-06,UNIONBANK,118.4329087584878,118.60201838987166,110.57871862139486,111.0672607421875,12230597,-6.330713050926384,6.774552658195852,-2,2025-05-08,2025-05-06,True,2025-05-08,UNIONBANK_2025-05-08,2025-03-01,,,,140.94,,,
2025-05-07,UNIONBANK,109.92107089727656,114.61855255955332,109.7801450138506,111.30213165283205,12872742,0.21146727584264724,4.401710705879413,-1,2025-05-08,2025-05-07,True,2025-05-08,UNIONBANK_2025-05-08,2025-03-01,,,,140.94,,,
2025-05-08,UNIONBANK,112.73955460126147,113.0214063548798,107.57232501537034,108.58698272705078,14324015,-2.439440184533226,4.833335876464861,0,2025-05-08,2025-05-08,True,2025-05-08,UNIONBANK_2025-05-08,2025-03-01,6.5,,150.73,140.94,,6.95,3.74
2025-05-09,UNIONBANK,108.04207390654608,116.00900564061196,107.5817227290553,115.46409606933594,62927788,6.333276024044054,7.800001061480981,1,2025-05-08,2025-05-09,True,2025-05-08,UNIONBANK_2025-05-08,2025-03-01,6.5,,150.73,140.94,,6.95,3.74
2025-05-12,UNIONBANK,118.37654119902804,120.81923746593708,118.28259299671348,120.35887908935548,19027370,4.239225167518956,2.142860775902135,2,2025-05-08,2025-05-12,True,2025-05-08,UNIONBANK_2025-05-08,2025-03-01,6.5,,150.73,140.94,,6.95,3.74
2025-05-13,UNIONBANK,120.35887696323358,123.8725984435938,119.6542547066388,122.85794067382812,25555763,2.0763416902689125,3.5048048331687216,3,2025-05-08,2025-05-13,True,2025-05-08,UNIONBANK_2025-05-08,2025-03-01,6.5,,150.73,140.94,,6.95,3.74
2025-05-15,INDUSINDBK,776.741896752132,781.3844016150146,756.6244569282494,779.2378540039062,7350633,-0.10878701616321429,3.1876669444890724,-3,2025-05-20,2025-05-15,True,2025-05-20,INDUSINDBK_2025-05-20,2025-03-01,,17.18,,72.79,,,
2025-05-16,INDUSINDBK,748.7871785807127,784.2297717001999,748.7871785807127,778.9383544921875,27168178,-0.038434928459885054,4.7333333333333405,-2,2025-05-20,2025-05-16,True,2025-05-20,INDUSINDBK_2025-05-20,2025-03-01,,17.18,,72.79,,,
2025-05-19,INDUSINDBK,778.6388519982362,790.6693538164135,769.054339548188,782.7821044921875,7193105,0.4934601021804763,2.775999966191579,-1,2025-05-20,2025-05-19,True,2025-05-20,INDUSINDBK_2025-05-20,2025-03-01,,17.18,,72.79,,,
2025-05-20,INDUSINDBK,783.7305994420891,798.4068406889969,778.7885917551308,780.9850463867188,6637953,-0.22957322288742477,2.5031878234474503,0,2025-05-20,2025-05-20,True,2025-05-20,INDUSINDBK_2025-05-20,2025-03-01,-28.7,17.18,37.57,72.79,-267.05,-48.39,-1.8
2025-05-21,INDUSINDBK,781.7338412210804,785.4278702825969,759.7694165635277,768.7049560546875,8134620,-1.5723848220712933,3.282249324014214,1,2025-05-20,2025-05-21,True,2025-05-20,INDUSINDBK_2025-05-20,2025-03-01,-28.7,17.18,37.57,72.79,-267.05,-48.39,-1.8
2025-05-22,INDUSINDBK,748.7871886818273,795.4116831510405,724.6263098730687,783.7305908203125,43477564,1.954668647219715,9.453336588541674,2,2025-05-20,2025-05-22,True,2025-05-20,INDUSINDBK_2025-05-20,2025-03-01,-28.7,17.18,37.57,72.79,-267.05,-48.39,-1.8
2025-05-23,INDUSINDBK,779.8369062633557,797.9076744147167,776.0430631998166,792.1170654296875,9260373,1.070071107036541,2.803741530990869,3,2025-05-20,2025-05-23,True,2025-05-20,INDUSINDBK_2025-05-20,2025-03-01,-28.7,17.18,37.57,72.79,-267.05,-48.39,-1.8
2025-05-16,SBIN,789.7644580739088,789.7644580739088,776.9946347468432,778.0751342773438,14733924,0.031575745025547164,1.6169154228855656,-3,2025-05-21,2025-05-16,True,2025-05-21,SBIN_2025-05-21,2025-03-01,,18.89,,587.04,,,
2025-05-19,SBIN,778.0750903727592,787.2104729702169,778.0750903727592,780.9237670898438,10666184,0.3661128195731056,1.174100380604798,-2,2025-05-21,2025-05-19,True,2025-05-21,SBIN_2025-05-21,2025-03-01,,18.89,,587.04,,,
2025-05-20,SBIN,784.0180560729261,785.2459236919375,769.9220998339915,771.7393798828125,11324667,-1.176092673073248,1.9545243555616032,-1,2025-05-21,2025-05-20,True,2025-05-21,SBIN_2025-05-21,2025-03-01,,18.89,,587.04,,,
2025-05-21,SBIN,773.0654298291093,776.9946060925355,765.3052827270537,773.1636352539062,8206040,0.18455134054582434,1.5120742584577542,0,2025-05-21,2025-05-21,True,2025-05-21,SBIN_2025-05-21,2025-03-01,21.96,18.89,1270.0,587.04,16.25,116.34,-0.05
2025-05-22,SBIN,774.0477442991881,774.2442151084329,766.4840678018166,771.346435546875,7355826,-0.2350342959979601,1.0025411692972674,1,2025-05-21,2025-05-22,True,2025-05-21,SBIN_2025-05-21,2025-03-01,21.96,18.89,1270.0,587.04,16.25,116.34,-0.05
2025-05-23,SBIN,773.9495383488706,780.874699700136,772.2796264031289,776.5034790039062,5534158,0.6685768183235297,1.1105469893222921,2,2025-05-21,2025-05-23,True,2025-05-21,SBIN_2025-05-21,2025-03-01,21.96,18.89,1270.0,587.04,16.25,116.34,-0.05
2025-05-26,SBIN,777.9769427872259,783.4286631605596,775.2265312430146,780.33447265625,4965466,0.49336464754261566,1.0542898467092803,3,2025-05-21,2025-05-26,True,2025-05-21,SBIN_2025-05-21,2025-03-01,21.96,18.89,1270.0,587.04,16.25,116.34,-0.05
2025-07-14,AXISBANK,1178.091458637763,1178.9907894899875,1162.103788291534,1171.7962646484375,4772502,-0.09372046842541781,1.4334202217186067,-3,2025-07-17,2025-07-14,True,2025-07-17,AXISBANK_2025-07-17,2025-06-01,,18.76,,204.85,,,
2025-07-15,AXISBANK,1173.0953206939591,1178.091467715654,1161.4043854536912,1165.0015869140625,4776756,-0.5798514587698866,1.4224830640438804,-2,2025-07-17,2025-07-15,True,2025-07-17,AXISBANK_2025-07-17,2025-06-01,,18.76,,204.85,,,
2025-07-16,AXISBANK,1164.002330953665,1173.0952939304498,1156.2082929871394,1167.4996337890625,4388279,0.2144243323837003,1.4507703716946039,-1,2025-07-17,2025-07-16,True,2025-07-17,AXISBANK_2025-07-17,2025-06-01,,18.76,,204.85,,,
2025-07-17,AXISBANK,1169.098340588998,1171.9961301019453,1153.910103245346,1158.90625,5694428,-0.736050234223462,1.5470064603365623,0,2025-07-17,2025-07-17,True,2025-07-17,AXISBANK_2025-07-17,2025-06-01,20.04,18.76,323.48,204.85,6.82,57.91,-5.91
2025-07-18,AXISBANK,1089.1599990494665,1115.0400637891007,1085.163081621762,1098.452880859375,38053695,-5.21641583524336,2.7431215058772724,1,2025-07-17,2025-07-18,True,2025-07-17,AXISBANK_2025-07-17,2025-06-01,20.04,18.76,323.48,204.85,6.82,57.91,-5.91
2025-07-21,AXISBANK,1085.163068778452,1100.6511236274998,1071.0739594077916,1098.7525634765625,15905500,0.027282246003390576,2.725596278631444,2,2025-07-17,2025-07-21,True,2025-07-17,AXISBANK_2025-07-17,2025-06-01,20.04,18.76,323.48,204.85,6.82,57.91,-5.91
2025-07-22,AXISBANK,1101.1507259292464,1109.7440738053162,1094.1561205921278,1097.15380859375,9999957,-0.14550636202875777,1.415605770048784,3,2025-07-17,2025-07-22,True,2025-07-17,AXISBANK_2025-07-17,2025-06-01,20.04,18.76,323.48,204.85,6.82,57.91,-5.91
2025-07-15,BANDHANBNK,172.18098616124533,178.80258167031022,172.18098616124533,176.98507690429688,15063755,2.8605679845928655,3.8457181926370474,-3,2025-07-18,2025-07-15,True,2025-07-18,BANDHANBNK_2025-07-18,2025-06-01,,2.56,,32.17,,,
2025-07-16,BANDHANBNK,176.3465062787992,181.0130572806059,175.91423389274834,180.4530639648437,14744475,1.9594799297242949,2.8913662626218652,-2,2025-07-18,2025-07-16,True,2025-07-18,BANDHANBNK_2025-07-18,2025-06-01,,2.56,,32.17,,,
2025-07-17,BANDHANBNK,180.4530571555276,182.634056845962,179.19554571122356,181.93653869628903,6528616,0.822083426488307,1.905487880859161,-1,2025-07-18,2025-07-17,True,2025-07-18,BANDHANBNK_2025-07-18,2025-06-01,,2.56,,32.17,,,
2025-07-18,BANDHANBNK,181.3961978945144,184.844527943666,180.64955516045632,183.73439025878903,12486141,0.9881750941195921,2.312602376401051,0,2025-07-18,2025-07-18,True,2025-07-18,BANDHANBNK_2025-07-18,2025-06-01,2.31,2.56,54.76,32.17,-9.77,70.22,-1.59
2025-07-21,BANDHANBNK,177.7218983910099,180.9933979323489,175.560551529275,179.04818725585938,16865012,-2.550531229526032,3.0569369628952443,1,2025-07-18,2025-07-21,True,2025-07-18,BANDHANBNK_2025-07-18,2025-06-01,2.31,2.56,54.76,32.17,-9.77,70.22,-1.59
2025-07-22,BANDHANBNK,179.09732307953317,179.78502235268363,175.36407918007666,177.76121520996094,6625459,-0.7187852977586173,2.4684585434276562,2,2025-07-18,2025-07-22,True,2025-07-18,BANDHANBNK_2025-07-18,2025-06-01,2.31,2.56,54.76,32.17,-9.77,70.22,-1.59
2025-07-23,BANDHANBNK,178.114893543262,178.5962755452691,176.49387203145855,178.2425994873047,2988640,0.27080388529925337,1.1803636809854388,3,2025-07-18,2025-07-23,True,2025-07-18,BANDHANBNK_2025-07-18,2025-06-01,2.31,2.56,54.76,32.17,-9.77,70.22,-1.59
2025-07-16,AUBANK,811.262126953339,813.759701422733,794.4284994199999,796.9760131835938,1599610,-1.5184271674531846,2.3828552277339297,-3,2025-07-19,2025-07-16,False,2025-07-21,AUBANK_2025-07-19,2025-06-01,,6.86,,26.16,,,
2025-07-17,AUBANK,796.9760305000394,801.7214220949943,787.5851259007001,796.1768188476562,1772879,-0.10027834247420264,1.773741700289885,-2,2025-07-19,2025-07-17,False,2025-07-21,AUBANK_2025-07-19,2025-06-01,,6.86,,26.16,,,
2025-07-18,AUBANK,796.176844194256,800.2229028562057,785.2873945340506,794.1288452148438,1502394,-0.25722598100464955,1.8759033788868955,-1,2025-07-19,2025-07-18,False,2025-07-21,AUBANK_2025-07-19,2025-06-01,,6.86,,26.16,,,
2025-07-21,AUBANK,769.2529407368028,769.2529407368028,734.4867161298598,752.1695556640625,11588986,-5.283687880576804,4.51947893415179,0,2025-07-19,2025-07-21,False,2025-07-21,AUBANK_2025-07-19,2025-06-01,7.8,6.86,28.55,26.16,13.7,9.14,-5.28
2025-07-22,AUBANK,752.2195089755373,753.0686599251748,723.5473411822404,725.0958251953125,4668078,-3.59941854398077,3.9245616991694363,1,2025-07-19,2025-07-22,False,2025-07-21,AUBANK_2025-07-19,2025-06-01,7.8,6.86,28.55,26.16,13.7,9.14,-5.28
2025-07-23,AUBANK,725.4954649165733,738.1831557809456,720.7001339926996,736.0352172851562,3208507,1.5086822609821304,2.409804421073316,2,2025-07-19,2025-07-23,False,2025-07-21,AUBANK_2025-07-19,2025-06-01,7.8,6.86,28.55,26.16,13.7,9.14,-5.28
2025-07-24,AUBANK,736.0352348348989,745.825715074569,731.5895398504124,744.726806640625,2296317,1.1808659628444795,1.9341703427214192,3,2025-07-19,2025-07-24,False,2025-07-21,AUBANK_2025-07-19,2025-06-01,7.8,6.86,28.55,26.16,13.7,9.14,-5.28
2025-07-16,HDFCBANK,990.1192370651518,992.4252390812768,977.656871954008,979.4722900390624,17994612,0.040084173022969516,1.4915746078264513,-3,2025-07-19,2025-07-16,False,2025-07-21,HDFCBANK_2025-07-19,2025-06-01,,22.79,,422.22,,,
2025-07-17,HDFCBANK,983.25022693503,983.6427659529008,972.7994894879338,974.8602294921876,22529158,-0.47087197808228787,1.1027992842440044,-2,2025-07-19,2025-07-17,False,2025-07-21,HDFCBANK_2025-07-19,2025-06-01,,22.79,,422.22,,,
2025-07-18,HDFCBANK,974.8602232374528,979.8157138677898,958.2273856704024,960.38623046875,16129446,-1.4847255622457034,2.214504980590324,-1,2025-07-19,2025-07-18,False,2025-07-21,HDFCBANK_2025-07-19,2025-06-01,,22.79,,422.22,,,
2025-07-21,HDFCBANK,970.5916382285528,982.2689857931024,969.7575676423912,981.5330200195312,22309078,2.2019047004099512,1.2890506839257359,0,2025-07-19,2025-07-21,False,2025-07-21,HDFCBANK_2025-07-19,2025-06-01,11.85,22.79,531.68,422.22,-48.0,25.92,2.2
2025-07-22,HDFCBANK,987.715103277212,990.119270074138,982.759612467046,984.771240234375,14836814,0.32991454681567944,0.7451194765244294,1,2025-07-19,2025-07-22,False,2025-07-21,HDFCBANK_2025-07-19,2025-06-01,11.85,22.79,531.68,422.22,-48.0,25.92,2.2
2025-07-23,HDFCBANK,986.6848008987,995.9089294093236,982.7596500249108,993.2103881835938,13634916,0.856965313813407,1.332672741328951,2,2025-07-19,2025-07-23,False,2025-07-21,HDFCBANK_2025-07-19,2025-06-01,11.85,22.79,531.68,422.22,-48.0,25.92,2.2
2025-07-24,HDFCBANK,999.7849522880986,999.7849522880986,985.4091233743482,988.2548217773438,19107176,-0.4989442785946707,1.4378921067825658,3,2025-07-19,2025-07-24,False,2025-07-21,HDFCBANK_2025-07-19,2025-06-01,11.85,22.79,531.68,422.22,-48.0,25.92,2.2
2025-07-16,ICICIBANK,1403.2510104989535,1406.3999128239757,1396.4610622300193,1403.6446533203125,5649093,-0.3075221904527359,0.708273182744581,-3,2025-07-19,2025-07-16,False,2025-07-21,ICICIBANK_2025-07-19,2025-06-01,,16.75,,271.68,,,
2025-07-17,ICICIBANK,1398.3308611520058,1400.495716617636,1387.0143200519017,1396.0675048828125,12927394,-0.5398195632759561,0.9641063456632644,-2,2025-07-19,2025-07-17,False,2025-07-21,ICICIBANK_2025-07-19,2025-06-01,,16.75,,271.68,,,
2025-07-18,ICICIBANK,1393.213729649599,1406.2031014317106,1386.0301388149503,1403.05419921875,11297246,0.5004553369734044,1.4479445750103181,-1,2025-07-19,2025-07-18,False,2025-07-21,ICICIBANK_2025-07-19,2025-06-01,,16.75,,271.68,,,
2025-07-21,ICICIBANK,1424.9000530820128,1444.285730893144,1414.07553610418,1442.4161376953125,13867136,2.8054467531247296,2.1201623737482826,0,2025-07-19,2025-07-21,False,2025-07-21,ICICIBANK_2025-07-19,2025-06-01,17.9,16.75,301.39,271.68,6.87,10.94,2.81
2025-07-22,ICICIBANK,1450.583698318134,1458.3576938551728,1446.25386737522,1450.0916748046875,8930165,0.5321305626571071,0.8344107612671061,1,2025-07-19,2025-07-22,False,2025-07-21,ICICIBANK_2025-07-19,2025-06-01,17.9,16.75,301.39,271.68,6.87,10.94,2.81
2025-07-23,ICICIBANK,1459.243275244324,1466.2299847038992,1449.107543408276,1464.852294921875,11974174,1.01790944487532,1.1733781190635557,2,2025-07-19,2025-07-23,False,2025-07-21,ICICIBANK_2025-07-19,2025-06-01,17.9,16.75,301.39,271.68,6.87,10.94,2.81
2025-07-24,ICICIBANK,1463.9666816111749,1464.9507286163912,1454.5198543856832,1459.7353515625,6700578,-0.3493146289979987,0.7125076247792927,3,2025-07-19,2025-07-24,False,2025-07-21,ICICIBANK_2025-07-19,2025-06-01,17.9,16.75,301.39,271.68,6.87,10.94,2.81
2025-07-16,UNIONBANK,138.0589840856631,140.54865798421798,137.2792004043813,139.36488342285156,13996500,1.4429385365827718,2.3681599582161517,-3,2025-07-19,2025-07-16,False,2025-07-21,UNIONBANK_2025-07-19,2025-06-01,,5.5,,116.79,,,
2025-07-17,UNIONBANK,139.7031137492065,139.88162036137302,136.08606116041963,137.4577178955078,15581196,-1.3684692158476897,2.7168751641192035,-2,2025-07-19,2025-07-17,False,2025-07-21,UNIONBANK_2025-07-19,2025-06-01,,5.5,,116.79,,,
2025-07-18,UNIONBANK,137.91807340447463,139.60916977954136,136.52762275634302,137.59864807128906,12337028,0.10252620073933905,2.234331547077978,-1,2025-07-19,2025-07-18,False,2025-07-21,UNIONBANK_2025-07-19,2025-06-01,,5.5,,116.79,,,
2025-07-21,UNIONBANK,136.69671033172142,136.91279046467633,132.4689770224929,134.00975036621094,21670211,-2.6082361675666577,3.2508561701299468,0,2025-07-19,2025-07-21,False,2025-07-21,UNIONBANK_2025-07-19,2025-06-01,5.8,5.5,274.75,116.79,5.45,135.25,-2.61
2025-07-22,UNIONBANK,135.7102344005014,136.64973067788193,133.97217488869276,134.28219604492188,12875505,0.20330287756407106,1.9729947420820886,1,2025-07-19,2025-07-22,False,2025-07-21,UNIONBANK_2025-07-19,2025-06-01,5.8,5.5,274.75,116.79,5.45,135.25,-2.61
2025-07-23,UNIONBANK,134.95864025634145,135.38142506761997,133.0326842741885,134.70498657226562,10270092,0.3148522587479219,1.7403411808019436,2,2025-07-19,2025-07-23,False,2025-07-21,UNIONBANK_2025-07-19,2025-06-01,5.8,5.5,274.75,116.79,5.45,135.25,-2.61
2025-07-24,UNIONBANK,135.9920859176019,136.6497304435253,134.00035840035522,136.1987762451172,12270864,1.1089342056763263,1.9481810469289655,3,2025-07-19,2025-07-24,False,2025-07-21,UNIONBANK_2025-07-19,2025-06-01,5.8,5.5,274.75,116.79,5.45,135.25,-2.61
2025-07-16,YESBANK,20.530000686645508,20.559999465942383,20.15999984741211,20.239999771118164,80436508,-1.075265509280754,1.948366318323934,-3,2025-07-19,2025-07-16,False,2025-07-21,YESBANK_2025-07-19,2025-06-01,,0.2,,37.93,,,
2025-07-17,YESBANK,20.26000022888184,20.32999992370605,20.1200008392334,20.13999938964844,49121789,-0.49407303656406887,1.0365206421532338,-2,2025-07-19,2025-07-17,False,2025-07-21,YESBANK_2025-07-19,2025-06-01,,0.2,,37.93,,,
2025-07-18,YESBANK,20.200000762939453,20.25,20.049999237060547,20.170000076293945,55784919,0.14896071278396317,0.990102749433508,-1,2025-07-19,2025-07-18,False,2025-07-21,YESBANK_2025-07-19,2025-06-01,,0.2,,37.93,,,
2025-07-21,YESBANK,20.479999542236328,20.479999542236328,20.100000381469727,20.15999984741211,126790484,-0.04957971662870042,1.8554646936535395,0,2025-07-19,2025-07-21,False,2025-07-21,YESBANK_2025-07-19,2025-06-01,0.25,0.2,93.48,37.93,25.0,146.45,-0.05
2025-07-22,YESBANK,20.239999771118164,20.280000686645508,19.950000762939453,19.989999771118164,56424796,-0.8432543530786152,1.6304344240999156,1,2025-07-19,2025-07-22,False,2025-07-21,YESBANK_2025-07-19,2025-06-01,0.25,0.2,93.48,37.93,25.0,146.45,-0.05
2025-07-23,YESBANK,20.0,20.049999237060547,19.809999465942383,19.89999961853028,48443347,-0.4502258810323623,1.1999988555908203,2,2025-07-19,2025-07-23,False,2025-07-21,YESBANK_2025-07-19,2025-06-01,0.25,0.2,93.48,37.93,25.0,146.45,-0.05
2025-07-24,YESBANK,19.989999771118164,20.07999992370605,19.43000030517578,20.01000022888184,94999548,0.5527668967849175,3.2516239418341497,3,2025-07-19,2025-07-24,False,2025-07-21,YESBANK_2025-07-19,2025-06-01,0.25,0.2,93.48,37.93,25.0,146.45,-0.05
2025-07-21,CANBK,111.00809308865406,111.03713387820588,107.84252146966534,108.45240020751952,23975731,-2.1144546425915234,2.8778193730336685,-3,2025-07-24,2025-07-21,True,2025-07-24,CANBK_2025-07-24,2025-06-01,,4.8,,133.2,,,
2025-07-22,CANBK,109.09132685171444,109.10100219103772,104.2703563826051,104.59950256347656,42331690,-3.552616296799871,4.428075033864806,-2,2025-07-24,2025-07-22,True,2025-07-24,CANBK_2025-07-24,2025-06-01,,4.8,,133.2,,,
2025-07-23,CANBK,104.59949932934886,104.8705565371238,102.90538439500058,104.35748291015624,38208234,-0.23137744194667853,1.8787586505892846,-1,2025-07-24,2025-07-23,True,2025-07-24,CANBK_2025-07-24,2025-06-01,,4.8,,133.2,,,
2025-07-24,CANBK,105.03512824957524,110.34980686442248,103.77663988767458,109.88513946533205,86127146,5.296847337660204,6.258065359933029,0,2025-07-24,2025-07-24,True,2025-07-24,CANBK_2025-07-24,2025-06-01,5.54,4.8,315.23,133.2,15.42,136.66,2.75
2025-07-25,CANBK,110.2239558435944,112.00519309998693,106.97125465859044,107.22295379638672,41767665,-2.4226985394919853,4.567009415393823,1,2025-07-24,2025-07-25,True,2025-07-24,CANBK_2025-07-24,2025-06-01,5.54,4.8,315.23,133.2,15.42,136.66,2.75
2025-07-28,CANBK,107.16486492540228,109.23652483375206,106.38073410923622,106.8841323852539,23234791,-0.3159970875044382,2.6648572986153294,2,2025-07-24,2025-07-28,True,2025-07-24,CANBK_2025-07-24,2025-06-01,5.54,4.8,315.23,133.2,15.42,136.66,2.75
2025-07-29,CANBK,106.4969088075481,107.83283680316733,106.03223402581897,106.57434844970705,32038885,-0.2898315480826197,1.6907559078566792,3,2025-07-24,2025-07-29,True,2025-07-24,CANBK_2025-07-24,2025-06-01,5.54,4.8,315.23,133.2,15.42,136.66,2.75
2025-07-22,BANKBARODA,235.7838068917291,236.56842668986755,231.3569809264201,231.9769287109375,7142245,-1.6064789867464069,2.2102644927777066,-3,2025-07-25,2025-07-22,True,2025-07-25,BANKBARODA_2025-07-25,2025-06-01,,8.27,,135.73,,,
2025-07-23,BANKBARODA,231.9769335473855,235.87098850232985,230.96952391931185,235.4544677734375,4865685,1.4990883282334,2.1129103260677353,-2,2025-07-25,2025-07-23,True,2025-07-25,BANKBARODA_2025-07-25,2025-06-01,,8.27,,135.73,,,
2025-07-24,BANKBARODA,235.4544668173473,239.50349761966973,231.8025792165567,239.125717163086,11426887,1.5592184019124655,3.2706614179832005,-1,2025-07-25,2025-07-24,True,2025-07-25,BANKBARODA_2025-07-25,2025-06-01,,8.27,,135.73,,,
2025-07-25,BANKBARODA,238.5348327384108,241.1986735101088,234.8151458991221,235.8225555419922,8703652,-1.3813493840317603,2.6761406448286733,0,2025-07-25,2025-07-25,True,2025-07-25,BANKBARODA_2025-07-25,2025-06-01,8.78,8.27,161.1,135.73,6.17,18.69,-2.64
2025-07-28,BANKBARODA,231.65726343676943,239.5034908908825,230.330191189773,232.8099822998047,11840807,-1.277474597484407,3.9598584413103635,1,2025-07-25,2025-07-28,True,2025-07-25,BANKBARODA_2025-07-25,2025-06-01,8.78,8.27,161.1,135.73,6.17,18.69,-2.64
2025-07-29,BANKBARODA,231.7057044899195,235.7547500401276,231.53135110247385,234.6698303222656,5783053,0.7988695347546759,1.8227427533349672,2,2025-07-25,2025-07-29,True,2025-07-25,BANKBARODA_2025-07-25,2025-06-01,8.78,8.27,161.1,135.73,6.17,18.69,-2.64
2025-07-30,BANKBARODA,234.4567218432409,236.2584474168073,231.4829146390137,232.1609802246093,3131598,-1.0690978444953814,2.0368504431220935,3,2025-07-25,2025-07-30,True,2025-07-25,BANKBARODA_2025-07-25,2025-06-01,8.78,8.27,161.1,135.73,6.17,18.69,-2.64
2025-07-23,IDFCFIRSTB,72.37737450760123,72.98558837800522,71.61960608467776,72.48705291748047,16255180,0.35890819152122333,1.887305670619489,-3,2025-07-26,2025-07-23,False,2025-07-28,IDFCFIRSTB_2025-07-26,2025-06-01,,0.57,,64.88,,,
2025-07-24,IDFCFIRSTB,72.47708727282999,72.8260605718016,72.11814113473136,72.67649841308594,14860639,0.26135080401341604,0.9767492923734369,-2,2025-07-26,2025-07-24,False,2025-07-28,IDFCFIRSTB_2025-07-26,2025-06-01,,0.57,,64.88,,,
2025-07-25,IDFCFIRSTB,72.37737575723655,72.37737575723655,70.30347398700256,70.49291229248047,16659670,-3.00452851786307,2.8654006152283458,-1,2025-07-26,2025-07-25,False,2025-07-28,IDFCFIRSTB_2025-07-26,2025-06-01,,0.57,,64.88,,,
2025-07-28,IDFCFIRSTB,69.68528485398767,71.34042620558265,69.02722201318232,70.51285552978516,36297662,0.028291124108958954,3.31950166702655,0,2025-07-26,2025-07-28,False,2025-07-28,IDFCFIRSTB_2025-07-26,2025-06-01,0.6,0.57,71.6,64.88,5.26,10.36,0.03
2025-07-29,IDFCFIRSTB,70.25361183292048,71.28059360086449,70.00434411809731,70.10404968261719,16716062,-0.5797607317084008,1.8166318420786736,1,2025-07-26,2025-07-29,False,2025-07-28,IDFCFIRSTB_2025-07-26,2025-06-01,0.6,0.57,71.6,64.88,5.26,10.36,0.03
2025-07-30,IDFCFIRSTB,70.10405120730992,70.10405120730992,68.81782885800261,69.03718566894531,16071445,-1.5218293643546987,1.834733267416636,2,2025-07-26,2025-07-30,False,2025-07-28,IDFCFIRSTB_2025-07-26,2025-06-01,0.6,0.57,71.6,64.88,5.26,10.36,0.03
2025-07-31,IDFCFIRSTB,68.2993607996706,69.4160830140564,68.03015498741523,68.55860137939453,22673335,-0.6932268239405626,2.0291961892677794,3,2025-07-26,2025-07-31,False,2025-07-28,IDFCFIRSTB_2025-07-26,2025-06-01,0.6,0.57,71.6,64.88,5.26,10.36,0.03
2025-07-23,KOTAKBANK,433.4516974406974,435.2086434818748,430.4967768685215,433.3318786621094,13952705,0.47217486156914124,1.0870569064960045,-3,2025-07-26,2025-07-23,False,2025-07-28,KOTAKBANK_2025-07-26,2025-06-01,,17.16,,98.02,,,
2025-07-24,KOTAKBANK,432.333582404694,433.6113751332544,427.26235108149626,427.681640625,10292000,-1.3039054626108326,1.4685475082560233,-2,2025-07-26,2025-07-24,False,2025-07-28,KOTAKBANK_2025-07-26,2025-06-01,,17.16,,98.02,,,
2025-07-25,KOTAKBANK,427.08267899433366,429.2389599883455,422.9298449093829,424.1876831054688,8727375,-0.8169528891689759,1.477258476934472,-1,2025-07-26,2025-07-25,False,2025-07-28,KOTAKBANK_2025-07-26,2025-06-01,,17.16,,98.02,,,
2025-07-28,KOTAKBANK,404.3618767246156,410.35153572567935,391.3243880694986,392.6421203613281,69123495,-7.436699366939726,4.705475157624446,0,2025-07-26,2025-07-28,False,2025-07-28,KOTAKBANK_2025-07-26,2025-06-01,3.3,17.16,103.39,98.02,-80.77,5.48,-7.44
2025-07-29,KOTAKBANK,392.72199647393273,395.2576274914692,389.9268342644319,393.8600463867188,25219670,0.3101873085521012,1.357396141519957,1,2025-07-26,2025-07-29,False,2025-07-28,KOTAKBANK_2025-07-26,2025-06-01,3.3,17.16,103.39,98.02,-80.77,5.48,-7.44
2025-07-30,KOTAKBANK,392.5422885575496,395.4971784824775,390.7254180066558,391.2644958496094,17949955,-0.6590032578630556,1.2156041819994028,2,2025-07-26,2025-07-30,False,2025-07-28,KOTAKBANK_2025-07-26,2025-06-01,3.3,17.16,103.39,98.02,-80.77,5.48,-7.44
2025-07-31,KOTAKBANK,387.5708748838561,399.0311005524212,386.3330217206772,395.0379943847656,21519590,0.9644367365769568,3.276324320177374,3,2025-07-26,2025-07-31,False,2025-07-28,KOTAKBANK_2025-07-26,2025-06-01,3.3,17.16,103.39,98.02,-80.77,5.48,-7.44
2025-07-23,INDUSINDBK,847.6271338998636,852.6190487049275,840.4387643932794,849.773681640625,2623940,0.9428428143136269,1.4369861256809544,-3,2025-07-27,2025-07-23,False,2025-07-28,INDUSINDBK_2025-07-27,2025-06-01,,7.75,,66.82,,,
2025-07-24,INDUSINDBK,853.8670209978496,859.4080342025928,843.6335957242711,846.5289306640625,2006984,-0.38183707576092685,1.8474116098180398,-2,2025-07-27,2025-07-24,False,2025-07-28,INDUSINDBK_2025-07-27,2025-06-01,,7.75,,66.82,,,
2025-07-25,INDUSINDBK,845.0313469760935,847.0281128612578,820.0717734115404,822.3680419921875,2805230,-2.8541125762733155,3.1899810043946175,-1,2025-07-27,2025-07-25,False,2025-07-28,INDUSINDBK_2025-07-27,2025-06-01,,7.75,,66.82,,,
2025-07-28,INDUSINDBK,823.6658904067161,827.4098262722013,796.7095521752236,800.7529907226562,5922408,-2.628391445899181,3.727272727272732,0,2025-07-27,2025-07-28,False,2025-07-28,INDUSINDBK_2025-07-27,2025-06-01,8.78,7.75,67.96,66.82,13.29,1.71,-2.63
2025-07-29,INDUSINDBK,798.7063144953812,817.5258076560963,788.7224855641889,806.89306640625,16766666,0.7667877303901838,3.606246948242193,1,2025-07-27,2025-07-29,False,2025-07-28,INDUSINDBK_2025-07-27,2025-06-01,8.78,7.75,67.96,66.82,13.29,1.71,-2.63
2025-07-30,INDUSINDBK,809.6885314952509,813.4823743260632,794.2635035106704,800.603271484375,3218643,-0.7795078658797472,2.373612823674479,2,2025-07-27,2025-07-30,False,2025-07-28,INDUSINDBK_2025-07-27,2025-06-01,8.78,7.75,67.96,66.82,13.29,1.71,-2.63
2025-07-31,INDUSINDBK,794.3134418491932,804.6966487887933,787.8239527460577,797.608154296875,4480429,-0.37410753792535,2.1241861403547797,3,2025-07-27,2025-07-31,False,2025-07-28,INDUSINDBK_2025-07-27,2025-06-01,8.78,7.75,67.96,66.82,13.29,1.71,-2.63
2025-07-25,PNB,107.4748155201528,108.20362304955772,104.99687436846412,105.3467025756836,13476837,-2.042103866704059,2.9837210378763546,-3,2025-07-30,2025-07-25,True,2025-07-30,PNB_2025-07-30,2025-06-01,,3.79,,133.53,,,
2025-07-28,PNB,105.29811300275564,106.2892879859512,103.51982084221426,103.77247619628906,13900856,-1.494329049609855,2.630120393196856,-2,2025-07-30,2025-07-28,True,2025-07-30,PNB_2025-07-30,2025-06-01,,3.79,,133.53,,,
2025-07-29,PNB,103.2477348468142,106.40590085389324,103.2477348468142,106.20183563232422,13189443,2.3410441044501518,3.0588235294117876,-1,2025-07-30,2025-07-29,True,2025-07-30,PNB_2025-07-30,2025-06-01,,3.79,,133.53,,,
2025-07-30,PNB,106.45449598731145,108.0092839964232,104.56931135599308,105.04546356201172,49635403,-1.0888437694390851,3.2314019323713166,0,2025-07-30,2025-07-30,True,2025-07-30,PNB_2025-07-30,2025-06-01,1.5,3.79,158.46,133.53,-60.42,18.67,-3.58
2025-07-31,PNB,104.1708936230171,104.40411738616146,100.9835763315182,102.4023208618164,42679661,-2.51618928658921,3.2835861685336254,1,2025-07-30,2025-07-31,True,2025-07-30,PNB_2025-07-30,2025-06-01,1.5,3.79,158.46,133.53,-60.42,18.67,-3.58
2025-08-01,PNB,102.32458697755932,102.40232081809351,100.08957410483828,100.26448822021484,15311997,-2.0876798724966283,2.26020625303129,2,2025-07-30,2025-08-01,True,2025-07-30,PNB_2025-07-30,2025-06-01,1.5,3.79,158.46,133.53,-60.42,18.67,-3.58
2025-08-04,PNB,100.20618151900322,101.98446629660287,100.08956964267958,101.70266723632812,14966403,1.4343852361312193,1.8909977660050308,3,2025-07-30,2025-08-04,True,2025-07-30,PNB_2025-07-30,2025-06-01,1.5,3.79,158.46,133.53,-60.42,18.67,-3.58
2025-07-29,FEDERALBNK,203.73641335384625,205.15297721950824,201.71559884962664,203.2807464599609,10354388,-0.3834899378943213,1.6871693740439095,-3,2025-08-01,2025-07-29,True,2025-08-01,FEDERALBNK_2025-08-01,2025-06-01,,3.78,,33.41,,,
2025-07-30,FEDERALBNK,203.28075323034253,203.82557038917668,200.8537744740713,202.75572204589844,5616031,-0.2582755244682655,1.461917012742457,-2,2025-08-01,2025-07-30,True,2025-08-01,FEDERALBNK_2025-08-01,2025-06-01,,3.78,,33.41,,,
2025-07-31,FEDERALBNK,201.0915191944312,202.8052505690652,199.2490051627161,200.52687072753903,8617317,-1.0992791206429486,1.7684711024091773,-1,2025-08-01,2025-07-31,True,2025-08-01,FEDERALBNK_2025-08-01,2025-06-01,,3.78,,33.41,,,
2025-08-01,FEDERALBNK,200.77452449764544,201.0122736120532,192.58228465245853,194.21676635742188,10948324,-3.1467624998202104,4.198734366666894,0,2025-08-01,2025-08-01,True,2025-08-01,FEDERALBNK_2025-08-01,2025-06-01,3.47,3.78,34.5,33.41,-8.2,3.26,-2.95
2025-08-04,FEDERALBNK,184.0532219431881,195.1875404753057,183.3697064942992,194.61300659179688,39513112,0.20401958173157375,6.420878622083731,1,2025-08-01,2025-08-04,True,2025-08-01,FEDERALBNK_2025-08-01,2025-06-01,3.47,3.78,34.5,33.41,-8.2,3.26,-2.95
2025-08-05,FEDERALBNK,193.6422123863213,195.04886060112048,192.2553803760504,194.1969451904297,5819712,-0.21378910313013533,1.4425987963290865,2,2025-08-01,2025-08-05,True,2025-08-01,FEDERALBNK_2025-08-01,2025-06-01,3.47,3.78,34.5,33.41,-8.2,3.26,-2.95
2025-08-06,FEDERALBNK,194.63280269226047,195.9007676519233,192.77048766013127,195.51443481445312,7011622,0.6784296337573714,1.6083003216787732,3,2025-08-01,2025-08-06,True,2025-08-01,FEDERALBNK_2025-08-01,2025-06-01,3.47,3.78,34.5,33.41,-8.2,3.26,-2.95
2025-08-04,SBIN,780.4326243068729,783.0848302381428,772.62337460265,781.6113891601562,8820724,0.2141007728412525,1.340468774583069,-3,2025-08-07,2025-08-04,True,2025-08-07,SBIN_2025-08-07,2025-06-01,,17.84,,566.22,,,
2025-08-05,SBIN,783.8706809392065,789.8135481709712,782.2007690014489,786.4246215820312,7381537,0.6158088902781689,0.9711779448621536,-2,2025-08-07,2025-08-05,True,2025-08-07,SBIN_2025-08-07,2025-06-01,,17.84,,566.22,,,
2025-08-06,SBIN,786.7684568691343,795.8546771264834,784.8529714185823,790.8941040039062,7409396,0.5683294112643456,1.3983409746345434,-1,2025-08-07,2025-08-06,True,2025-08-07,SBIN_2025-08-07,2025-06-01,,17.84,,566.22,,,
2025-08-07,SBIN,786.915765008732,792.3675451267196,779.3521485418682,790.8941040039062,7091392,0.0,1.6539758337039985,0,2025-08-07,2025-08-07,True,2025-08-07,SBIN_2025-08-07,2025-06-01,21.47,17.84,584.18,566.22,20.35,3.17,-0.11
2025-08-08,SBIN,790.7467609363763,793.4971724617818,776.0123492419096,790.0591430664062,15708181,-0.10557177418228925,2.211178607822208,1,2025-08-07,2025-08-08,True,2025-08-07,SBIN_2025-08-07,2025-06-01,21.47,17.84,584.18,566.22,20.35,3.17,-0.11
2025-08-11,SBIN,793.6936009259229,810.392599955305,793.6936009259229,808.8700561523438,15236297,2.380949989759995,2.1039603960396107,2,2025-08-07,2025-08-11,True,2025-08-07,SBIN_2025-08-07,2025-06-01,21.47,17.84,584.18,566.22,20.35,3.17,-0.11
2025-08-12,SBIN,810.3435108131079,810.8837605645641,805.481143141057,806.0704956054688,7986728,-0.34610757631355904,0.6667070632904846,3,2025-08-07,2025-08-12,True,2025-08-07,SBIN_2025-08-07,2025-06-01,21.47,17.84,584.18,566.22,20.35,3.17,-0.11
2025-10-10,AXISBANK,1167.099888033273,1190.781574984548,1164.301997045437,1179.4903564453125,6933035,1.1135864686069086,2.2688356164383383,-3,2025-10-15,2025-10-10,True,2025-10-15,AXISBANK_2025-10-15,2025-09-01,,16.27,,199.35,,,
2025-10-13,AXISBANK,1170.0975857557814,1192.680144996811,1166.600282980252,1188.6832275390625,4138448,0.779393493428393,2.2288621337265355,-2,2025-10-15,2025-10-13,True,2025-10-15,AXISBANK_2025-10-15,2025-09-01,,16.27,,199.35,,,
2025-10-14,AXISBANK,1190.881629244145,1190.881629244145,1165.7009755688605,1175.8931884765625,5742538,-1.075983808485237,2.114454791889492,-1,2025-10-15,2025-10-14,True,2025-10-15,AXISBANK_2025-10-15,2025-09-01,,16.27,,199.35,,,
2025-10-15,AXISBANK,1179.0906179006056,1180.7892589833573,1163.1029485053432,1168.6986083984375,6328142,-0.6118395912681485,1.4999958620233043,0,2025-10-15,2025-10-15,True,2025-10-15,AXISBANK_2025-10-15,2025-09-01,17.72,16.27,323.1,199.35,8.91,62.08,1.66
2025-10-16,AXISBANK,1215.4626602690012,1215.9622749664172,1184.386650484972,1195.378173828125,17747171,2.282843946075075,2.597827602080099,1,2025-10-15,2025-10-16,True,2025-10-15,AXISBANK_2025-10-15,2025-09-01,17.72,16.27,323.1,199.35,8.91,62.08,1.66
2025-10-17,AXISBANK,1195.378127506221,1211.9653104224176,1190.681676346755,1199.2750244140625,6404414,0.32599311843364287,1.780493852607472,2,2025-10-15,2025-10-17,True,2025-10-15,AXISBANK_2025-10-15,2025-09-01,17.72,16.27,323.1,199.35,8.91,62.08,1.66
2025-10-20,AXISBANK,1206.9691490495477,1230.750734251728,1206.069818244673,1225.05517578125,7418616,2.149644647172,2.044867180448704,3,2025-10-15,2025-10-20,True,2025-10-15,AXISBANK_2025-10-15,2025-09-01,17.72,16.27,323.1,199.35,8.91,62.08,1.66
2025-10-14,AUBANK,766.3557265169954,775.7466309210972,761.6103350206977,771.900390625,2260560,0.7235042636679845,1.8446128098562653,-3,2025-10-17,2025-10-14,True,2025-10-17,AUBANK_2025-10-17,2025-09-01,,7.79,,25.44,,,
2025-10-15,AUBANK,775.746638881123,806.2170477489585,775.3470025711689,801.32177734375,3804314,3.8115522515706823,3.9793978640132024,-2,2025-10-17,2025-10-15,True,2025-10-17,AUBANK_2025-10-17,2025-09-01,,7.79,,25.44,,,
2025-10-16,AUBANK,800.4726126616496,813.2102423795104,794.2286765254432,797.7252807617188,1864887,-0.4488205217575647,2.37129485179407,-1,2025-10-17,2025-10-16,True,2025-10-17,AUBANK_2025-10-17,2025-09-01,,7.79,,25.44,,,
2025-10-17,AUBANK,796.176847684322,801.6715118353857,784.2883681307343,791.6812133789062,4814241,-0.757662760423139,2.183326952449096,0,2025-10-17,2025-10-17,True,2025-10-17,AUBANK_2025-10-17,2025-09-01,7.48,7.79,45.11,25.44,-3.98,77.32,8.35
2025-10-20,AUBANK,817.2063769180448,870.8043501123977,817.2063769180448,864.360595703125,20074420,9.180384869058877,6.558682691205686,1,2025-10-17,2025-10-20,True,2025-10-17,AUBANK_2025-10-17,2025-09-01,7.48,7.79,45.11,25.44,-3.98,77.32,8.35
2025-10-21,AUBANK,865.159795124245,870.8542771025831,857.6171324312248,860.5142822265625,483216,-0.44498945181943306,1.53002309468822,2,2025-10-17,2025-10-21,True,2025-10-17,AUBANK_2025-10-17,2025-09-01,7.48,7.79,45.11,25.44,-3.98,77.32,8.35
2025-10-23,AUBANK,860.2146233894639,883.1423701954969,860.2146233894639,869.8552856445312,4807671,1.085514047924807,2.665351899702879,3,2025-10-17,2025-10-23,True,2025-10-17,AUBANK_2025-10-17,2025-09-01,7.48,7.79,45.11,25.44,-3.98,77.32,8.35
2025-10-14,FEDERALBNK,212.2149938220488,215.264572837486,211.278191859014,214.7064819335937,13286463,1.1360425652451323,1.8784633953879697,-3,2025-10-17,2025-10-14,True,2025-10-17,FEDERALBNK_2025-10-17,2025-09-01,,3.53,,34.51,,,
2025-10-15,FEDERALBNK,214.36765213892727,216.44055695215403,213.3710568527525,215.5934600830078,7102306,0.41311195704303305,1.431885860004775,-2,2025-10-17,2025-10-15,True,2025-10-17,FEDERALBNK_2025-10-17,2025-09-01,,3.53,,34.51,,,
2025-10-16,FEDERALBNK,215.76287436318563,216.0319593420148,213.33117948923183,213.76968383789065,5674145,-0.8459330094776396,1.2517352027100128,-1,2025-10-17,2025-10-16,True,2025-10-17,FEDERALBNK_2025-10-17,2025-09-01,,3.53,,34.51,,,
2025-10-17,FEDERALBNK,213.8593731361073,214.5370658202798,210.79983359628727,211.6569061279297,9465410,-0.988343001696701,1.7475185535188213,0,2025-10-17,2025-10-17,True,2025-10-17,FEDERALBNK_2025-10-17,2025-09-01,3.85,3.53,35.77,34.51,9.07,3.65,5.86
2025-10-20,FEDERALBNK,215.76287453597203,229.11724498340828,215.28451306743247,226.30685424804688,55614063,6.921554504468874,6.411080657747549,1,2025-10-17,2025-10-20,True,2025-10-17,FEDERALBNK_2025-10-17,2025-09-01,3.85,3.53,35.77,34.51,9.07,3.65,5.86
2025-10-21,FEDERALBNK,227.6123966350811,228.5193019944793,226.22712979658257,226.66563415527344,2950169,0.1585369159138761,1.0070506843138411,2,2025-10-17,2025-10-21,True,2025-10-17,FEDERALBNK_2025-10-17,2025-09-01,3.85,3.53,35.77,34.51,9.07,3.65,5.86
2025-10-23,FEDERALBNK,226.66562981100165,230.4626553426889,225.7288278275417,227.08419799804688,16833570,0.1846613600395619,2.0884628688938673,3,2025-10-17,2025-10-23,True,2025-10-17,FEDERALBNK_2025-10-17,2025-09-01,3.85,3.53,35.77,34.51,9.07,3.65,5.86
2025-10-15,HDFCBANK,959.1364356766506,968.8753835018975,957.5132576917448,962.3335571289062,23310447,0.11257119752032807,1.184620392628188,-3,2025-10-18,2025-10-15,False,2025-10-20,HDFCBANK_2025-10-18,2025-09-01,,11.34,,437.19,,,
2025-10-16,HDFCBANK,966.6619807603524,980.384961573746,965.5306676270898,978.1715698242188,22936566,1.6457924155284243,1.5366585468657994,-2,2025-10-18,2025-10-16,False,2025-10-20,HDFCBANK_2025-10-18,2025-09-01,,11.34,,437.19,,,
2025-10-17,HDFCBANK,977.7781081157632,992.5832274986776,969.9574453059424,986.2381591796876,25210511,0.8246599680788558,2.313999669754973,-1,2025-10-18,2025-10-17,False,2025-10-20,HDFCBANK_2025-10-18,2025-09-01,,11.34,,437.19,,,
2025-10-20,HDFCBANK,980.77844947519,1003.4042311581684,980.77844947519,986.6316528320312,22195202,0.039898441231578374,2.3069207622868717,0,2025-10-18,2025-10-20,False,2025-10-20,HDFCBANK_2025-10-18,2025-09-01,12.1,11.34,459.02,437.19,6.7,4.99,0.04
2025-10-21,HDFCBANK,989.632029907408,993.5669485153896,987.664570603417,991.3043823242188,3471600,0.47360425532414485,0.5964214711729632,1,2025-10-18,2025-10-21,False,2025-10-20,HDFCBANK_2025-10-18,2025-09-01,12.1,11.34,459.02,437.19,6.7,4.99,0.04
2025-10-23,HDFCBANK,999.469340209832,1003.8961237048558,989.6320435542232,992.386474609375,43526526,0.10915842847574186,1.4271653543307237,2,2025-10-18,2025-10-23,False,2025-10-20,HDFCBANK_2025-10-18,2025-09-01,12.1,11.34,459.02,437.19,6.7,4.99,0.04
2025-10-24,HDFCBANK,994.5506701933195,995.4852253636408,975.1711841959708,978.5650634765624,17707768,-1.3927448112644902,2.042534561232699,3,2025-10-18,2025-10-24,False,2025-10-20,HDFCBANK_2025-10-18,2025-09-01,12.1,11.34,459.02,437.19,6.7,4.99,0.04
2025-10-15,ICICIBANK,1374.9088107982643,1388.692630514965,1373.9171708337506,1386.7093505859375,8988550,1.0331689873028127,1.0746501560809618,-3,2025-10-18,2025-10-15,False,2025-10-20,ICICIBANK_2025-10-18,2025-09-01,,17.03,,289.41,,,
2025-10-16,ICICIBANK,1389.287635646356,1407.0380158006922,1387.7010358612888,1405.451416015625,12185032,1.3515496539897365,1.3918629550321286,-2,2025-10-18,2025-10-16,False,2025-10-20,ICICIBANK_2025-10-18,2025-09-01,,17.03,,289.41,,,
2025-10-17,ICICIBANK,1400.1956466119625,1427.5648857493748,1399.1048668479334,1424.5899658203125,17037215,1.361736847435413,2.032574445600208,-1,2025-10-18,2025-10-17,False,2025-10-20,ICICIBANK_2025-10-18,2025-09-01,,17.03,,289.41,,,
2025-10-20,ICICIBANK,1429.944862993793,1432.9197829584125,1377.5862231965675,1378.6771240234375,23330227,-3.2228811727195716,3.8696289062500147,0,2025-10-18,2025-10-20,False,2025-10-20,ICICIBANK_2025-10-18,2025-09-01,18.42,17.03,481.81,289.41,8.16,66.48,-3.22
2025-10-21,ICICIBANK,1372.9255110082336,1375.999570643796,1364.3974316467445,1370.4464111328125,3415560,-0.5970007587131843,0.8450668957656159,1,2025-10-18,2025-10-21,False,2025-10-20,ICICIBANK_2025-10-18,2025-09-01,18.42,17.03,481.81,289.41,8.16,66.48,-3.22
2025-10-23,ICICIBANK,1373.4214191916344,1378.1813396780694,1348.7295586366392,1352.2994384765625,21124942,-1.32416506831885,2.144409620374558,2,2025-10-18,2025-10-23,False,2025-10-20,ICICIBANK_2025-10-18,2025-09-01,18.42,17.03,481.81,289.41,8.16,66.48,-3.22
2025-10-24,ICICIBANK,1356.66265330236,1370.0497932383416,1356.66265330236,1366.182373046875,10570263,1.0266168997269176,0.9867699905643399,3,2025-10-18,2025-10-24,False,2025-10-20,ICICIBANK_2025-10-18,2025-09-01,18.42,17.03,481.81,289.41,8.16,66.48,-3.22
2025-10-15,IDFCFIRSTB,72.63661248811178,73.78324552785958,72.6166744175023,72.75626373291016,20015593,0.2335167664975213,1.6060373280048144,-3,2025-10-18,2025-10-15,False,2025-10-20,IDFCFIRSTB_2025-10-18,2025-09-01,,0.653,,70.65,,,
2025-10-16,IDFCFIRSTB,73.04541495736683,73.22488802043839,71.49995204719254,71.57971954345703,27633985,-1.6171036404126538,2.3614568748122147,-2,2025-10-18,2025-10-16,False,2025-10-20,IDFCFIRSTB_2025-10-18,2025-09-01,,0.653,,70.65,,,
2025-10-17,IDFCFIRSTB,71.59966182036362,72.58676752877157,71.49995624769903,71.6694564819336,23591016,0.12536642927480912,1.517900019973897,-1,2025-10-18,2025-10-17,False,2025-10-20,IDFCFIRSTB_2025-10-18,2025-09-01,,0.653,,70.65,,,
2025-10-20,IDFCFIRSTB,72.53690939010562,76.87416636831071,72.39732006994619,76.70466613769531,103343278,7.025600448122549,6.171818369442666,0,2025-10-18,2025-10-20,False,2025-10-20,IDFCFIRSTB_2025-10-18,2025-09-01,0.35,0.653,99.37,70.65,-46.43,40.65,7.03
2025-10-21,IDFCFIRSTB,77.02372523664094,77.12343080291649,76.27592207900365,76.54512786865234,10454110,-0.20799030499210058,1.1003216493476873,1,2025-10-18,2025-10-21,False,2025-10-20,IDFCFIRSTB_2025-10-18,2025-09-01,0.35,0.653,99.37,70.65,-46.43,40.65,7.03
2025-10-23,IDFCFIRSTB,76.57505231357707,79.86538189770134,76.0765168365539,78.72872161865234,94119990,2.85268809498489,4.947910509589886,2,2025-10-18,2025-10-23,False,2025-10-20,IDFCFIRSTB_2025-10-18,2025-09-01,0.35,0.653,99.37,70.65,-46.43,40.65,7.03
2025-10-24,IDFCFIRSTB,78.72871563367268,79.25716198201697,77.72167191666829,77.97093963623047,23937221,-0.9625229101171362,1.9503557920255785,3,2025-10-18,2025-10-24,False,2025-10-20,IDFCFIRSTB_2025-10-18,2025-09-01,0.35,0.653,99.37,70.65,-46.43,40.65,7.03
2025-10-15,INDUSINDBK,751.1333894015652,751.7823626948099,732.0143924367402,738.9031982421875,2333738,-1.3726068303408168,2.6317523008555117,-3,2025-10-18,2025-10-15,False,2025-10-20,INDUSINDBK_2025-10-18,2025-09-01,,5.6,,63.94,,,
2025-10-16,INDUSINDBK,741.6987256587075,743.6455236823274,733.811475896932,738.30419921875,3056360,-0.08106596707965208,1.3258817152020395,-2,2025-10-18,2025-10-16,False,2025-10-20,INDUSINDBK_2025-10-18,2025-09-01,,5.6,,63.94,,,
2025-10-17,INDUSINDBK,738.8033712211842,759.7694128369205,733.3122650837295,749.7855834960938,4770012,1.5551021231482887,3.5810810810810825,-1,2025-10-18,2025-10-17,False,2025-10-20,INDUSINDBK_2025-10-18,2025-09-01,,5.6,,63.94,,,
2025-10-20,INDUSINDBK,741.7985094327133,769.4038215405594,725.1255024842827,758.5214233398438,9184006,1.1651117380807152,5.969049343350436,0,2025-10-18,2025-10-20,False,2025-10-20,INDUSINDBK_2025-10-18,2025-09-01,-5.61,5.6,116.09,63.94,-200.18,81.56,1.17
2025-10-21,INDUSINDBK,760.7179121538553,761.6663881576291,754.7775213264936,757.2235717773438,350896,-0.17110282222292383,0.9055744213555752,1,2025-10-18,2025-10-21,False,2025-10-20,INDUSINDBK_2025-10-18,2025-09-01,-5.61,5.6,116.09,63.94,-200.18,81.56,1.17
2025-10-23,INDUSINDBK,757.7726376878763,764.7613181408607,750.5842684632295,758.3716430664062,5363491,0.15161589414969256,1.8708843487524651,2,2025-10-18,2025-10-23,False,2025-10-20,INDUSINDBK_2025-10-18,2025-09-01,-5.61,5.6,116.09,63.94,-200.18,81.56,1.17
2025-10-24,INDUSINDBK,758.7211413979236,758.7211413979236,749.6358199149124,753.8290405273438,2001556,-0.5989942504567969,1.1974520001211126,3,2025-10-18,2025-10-24,False,2025-10-20,INDUSINDBK_2025-10-18,2025-09-01,-5.61,5.6,116.09,63.94,-200.18,81.56,1.17
2025-10-15,PNB,112.23636086799698,113.859170540193,112.13918801234588,113.11093139648438,10598247,0.9803123592427632,1.532464626031507,-3,2025-10-18,2025-10-15,False,2025-10-20,PNB_2025-10-18,2025-09-01,,3.9,,151.63,,,
2025-10-16,PNB,113.3538667655681,114.51023634643406,112.69308097058172,112.8291244506836,15188935,-0.2491420964548241,1.6030819483295378,-2,2025-10-18,2025-10-16,False,2025-10-20,PNB_2025-10-18,2025-09-01,,3.9,,151.63,,,
2025-10-17,PNB,112.86799652412589,113.4316094711036,109.5640675067903,110.48722076416016,16744153,-2.075619834794573,3.426606375073385,-1,2025-10-18,2025-10-17,False,2025-10-20,PNB_2025-10-18,2025-09-01,,3.9,,151.63,,,
2025-10-20,PNB,111.07027321728842,115.7929467187362,111.021683081924,114.7628936767578,39131377,3.8698347944910783,4.295716125122078,0,2025-10-18,2025-10-20,False,2025-10-20,PNB_2025-10-18,2025-09-01,4.46,3.9,325.13,151.63,14.36,114.42,3.87
2025-10-21,PNB,114.90865996267192,115.54029467144515,113.9855066747976,114.34504699707033,4760898,-0.36409562908407134,1.3530642487281819,1,2025-10-18,2025-10-21,False,2025-10-20,PNB_2025-10-18,2025-09-01,4.46,3.9,325.13,151.63,14.36,114.42,3.87
2025-10-23,PNB,114.8600699519182,116.8035568033132,114.38391774919434,114.87950897216795,31320313,0.4674115662494094,2.106597231859384,2,2025-10-18,2025-10-23,False,2025-10-20,PNB_2025-10-18,2025-09-01,4.46,3.9,325.13,151.63,14.36,114.42,3.87
2025-10-24,PNB,114.87950386634976,115.33622444233887,112.98459982217024,113.63567352294922,13120416,-1.0827304715587571,2.0470358427944673,3,2025-10-18,2025-10-24,False,2025-10-20,PNB_2025-10-18,2025-09-01,4.46,3.9,325.13,151.63,14.36,114.42,3.87
2025-10-15,YESBANK,23.350000381469727,23.46999931335449,23.209999084472656,23.31999969482422,91990161,0.0,1.1134913260565313,-3,2025-10-20,2025-10-15,True,2025-10-20,YESBANK_2025-10-20,2025-09-01,,0.2,,40.34,,,
2025-10-16,YESBANK,23.46999931335449,23.46999931335449,23.07999992370605,23.1200008392334,80935243,-0.8576280369129163,1.6616932299036193,-2,2025-10-20,2025-10-16,True,2025-10-20,YESBANK_2025-10-20,2025-09-01,,0.2,,40.34,,,
2025-10-17,YESBANK,23.1299991607666,23.239999771118164,22.049999237060547,22.25,199136558,-3.7629792718564814,5.144836045113704,-1,2025-10-20,2025-10-17,True,2025-10-20,YESBANK_2025-10-20,2025-09-01,,0.2,,40.34,,,
2025-10-20,YESBANK,22.5,22.959999084472656,22.13999938964844,22.63999938964844,174176913,1.7528062456109605,3.6444430881076233,0,2025-10-20,2025-10-20,True,2025-10-20,YESBANK_2025-10-20,2025-09-01,0.21,0.2,39.45,40.34,5.0,-2.21,2.25
2025-10-21,YESBANK,22.790000915527344,22.89999961853028,22.68000030517578,22.75,25743458,0.4858684333792551,0.9653326218368371,1,2025-10-20,2025-10-21,True,2025-10-20,YESBANK_2025-10-20,2025-09-01,0.21,0.2,39.45,40.34,5.0,-2.21,2.25
2025-10-23,YESBANK,22.780000686645508,23.200000762939453,22.64999961853028,22.71999931335449,130607745,-0.13187115009015704,2.4144035462281788,2,2025-10-20,2025-10-23,True,2025-10-20,YESBANK_2025-10-20,2025-09-01,0.21,0.2,39.45,40.34,5.0,-2.21,2.25
2025-10-24,YESBANK,22.75,22.8799991607666,22.46999931335449,22.670000076293945,90033037,-0.22006707117792068,1.8021971314818153,3,2025-10-20,2025-10-24,True,2025-10-20,YESBANK_2025-10-20,2025-09-01,0.21,0.2,39.45,40.34,5.0,-2.21,2.25
2025-10-21,KOTAKBANK,441.99692517030456,443.19483872460165,436.62619257667416,438.6427001953125,1134020,-0.7588780362008718,1.4861293764422794,-3,2025-10-25,2025-10-21,False,2025-10-27,KOTAKBANK_2025-10-25,2025-09-01,,16.3,,94.96,,,
2025-10-23,KOTAKBANK,444.23305592905706,448.10637374054346,441.4378938305524,444.3528442382813,21496105,1.3017756913374479,1.5011219496137607,-2,2025-10-25,2025-10-23,False,2025-10-27,KOTAKBANK_2025-10-25,2025-09-01,,16.3,,94.96,,,
2025-10-24,KOTAKBANK,446.8285814865207,446.8285814865207,432.8926496402778,436.6461486816406,16293685,-1.7343639534594724,3.1188541699549512,-1,2025-10-25,2025-10-24,False,2025-10-27,KOTAKBANK_2025-10-25,2025-09-01,,16.3,,94.96,,,
2025-10-27,KOTAKBANK,433.6912671732111,436.4465202022546,423.6685620728347,428.9794006347656,18599700,-1.7558263298607102,2.9463258996904247,0,2025-10-25,2025-10-27,False,2025-10-27,KOTAKBANK_2025-10-25,2025-09-01,3.28,16.3,99.0,94.96,-79.88,4.25,-1.76
2025-10-28,KOTAKBANK,427.6616621245238,432.8726668634206,427.6616621245238,431.4151916503906,23304345,0.5678107181884995,1.2184876972627716,1,2025-10-25,2025-10-28,False,2025-10-27,KOTAKBANK_2025-10-25,2025-09-01,3.28,16.3,99.0,94.96,-79.88,4.25,-1.76
2025-10-29,KOTAKBANK,433.2520064367184,434.1105096143005,428.6399738232407,429.3587341308594,7088915,-0.47667712202350554,1.2626683107718766,2,2025-10-25,2025-10-29,False,2025-10-27,KOTAKBANK_2025-10-25,2025-09-01,3.28,16.3,99.0,94.96,-79.88,4.25,-1.76
2025-10-30,KOTAKBANK,429.25889349933607,429.8578654902384,424.5470272172092,426.7033081054688,12438465,-0.6184632602771911,1.2372110056322998,3,2025-10-25,2025-10-30,False,2025-10-27,KOTAKBANK_2025-10-25,2025-09-01,3.28,16.3,99.0,94.96,-79.88,4.25,-1.76
2025-10-27,BANDHANBNK,169.53051310030597,172.14782567990594,168.53910659094743,170.5615692138672,6864109,1.1999950386492042,2.128654613829512,-3,2025-10-30,2025-10-27,True,2025-10-30,BANDHANBNK_2025-10-30,2025-09-01,,2.31,,31.8,,,
2025-10-28,BANDHANBNK,171.22582783136093,174.43797529520467,170.4624405702844,174.11080932617188,7622416,2.080914316550575,2.321807857653193,-2,2025-10-30,2025-10-28,True,2025-10-30,BANDHANBNK_2025-10-30,2025-09-01,,2.31,,31.8,,,
2025-10-29,BANDHANBNK,174.4181400259522,174.4181400259522,170.2145861056678,170.74993896484375,5931417,-1.930305403975241,2.4100440009616815,-1,2025-10-30,2025-10-29,True,2025-10-30,BANDHANBNK_2025-10-30,2025-09-01,,2.31,,31.8,,,
2025-10-30,BANDHANBNK,171.1564154275887,172.00902561209813,167.25027144571217,169.11412048339844,7269887,-0.9580199509073406,2.780353955472528,0,2025-10-30,2025-10-30,True,2025-10-30,BANDHANBNK_2025-10-30,2025-09-01,0.7,2.31,31.35,31.8,-69.7,-1.42,-9.1
2025-10-31,BANDHANBNK,162.68981310963912,163.4829262095008,154.66932300747308,155.214599609375,61847492,-8.219018515007992,5.41742782388476,1,2025-10-30,2025-10-31,True,2025-10-30,BANDHANBNK_2025-10-30,2025-09-01,0.7,2.31,31.35,31.8,-69.7,-1.42,-9.1
2025-11-03,BANDHANBNK,155.25426002895168,157.53448281921737,153.8662818874179,156.24566650390625,9593425,0.6642847368263816,2.3627054942746386,2,2025-10-30,2025-11-03,True,2025-10-30,BANDHANBNK_2025-10-30,2025-09-01,0.7,2.31,31.35,31.8,-69.7,-1.42,-9.1
2025-11-04,BANDHANBNK,156.8405014955286,156.91981582893712,153.53911611475317,154.8180389404297,16071978,-0.9137069817170662,2.155501724330006,3,2025-10-30,2025-11-04,True,2025-10-30,BANDHANBNK_2025-10-30,2025-09-01,0.7,2.31,31.35,31.8,-69.7,-1.42,-9.1
2025-10-27,CANBK,122.21829090993096,125.82917172514814,121.7149000109648,125.0063247680664,30460506,2.7287253705545744,3.3663305905785963,-3,2025-10-30,2025-10-27,True,2025-10-30,CANBK_2025-10-30,2025-09-01,,4.52,,149.9,,,
2025-10-28,CANBK,126.22608069242284,127.56201602879231,123.6703879433962,125.82917022705078,44849817,0.6582430613099488,3.0830618078675163,-2,2025-10-30,2025-10-28,True,2025-10-30,CANBK_2025-10-30,2025-09-01,,4.52,,149.9,,,
2025-10-29,CANBK,125.73237515012056,126.23575866785234,124.202829604297,124.65782165527344,37842782,-0.9309038354649579,1.6168700075283629,-1,2025-10-30,2025-10-29,True,2025-10-30,CANBK_2025-10-30,2025-09-01,,4.52,,149.9,,,
2025-10-30,CANBK,124.88046554635686,129.96281007440626,123.71878975139026,128.646240234375,93428789,3.199493241692508,4.999997634296262,0,2025-10-30,2025-10-30,True,2025-10-30,CANBK_2025-10-30,2025-09-01,5.3,4.52,161.95,149.9,17.26,8.04,6.38
2025-10-31,CANBK,127.19415208412806,134.17391229990793,127.0102172371774,132.61532592773438,80524287,3.085271428164771,5.6320946720823715,1,2025-10-30,2025-10-31,True,2025-10-30,CANBK_2025-10-30,2025-09-01,5.3,4.52,161.95,149.9,17.26,8.04,6.38
2025-11-03,CANBK,133.2735934275025,136.93288032492984,132.91541387150588,135.1419677734375,57720656,1.9052412140358133,3.0144504624686697,2,2025-10-30,2025-11-03,True,2025-10-30,CANBK_2025-10-30,2025-09-01,5.3,4.52,161.95,149.9,17.26,8.04,6.38
2025-11-04,CANBK,135.2387654734724,136.1971557643259,134.1254959082612,135.1419677734375,34484844,0.0,1.5318535693606852,3,2025-10-30,2025-11-04,True,2025-10-30,CANBK_2025-10-30,2025-09-01,5.3,4.52,161.95,149.9,17.26,8.04,6.38
2025-10-27,UNIONBANK,138.39396699499662,142.0072863492716,137.58776788314074,140.8028564453125,10145527,2.25012967346665,3.193432894578875,-3,2025-10-30,2025-10-27,True,2025-10-30,UNIONBANK_2025-10-30,2025-09-01,,5.14,,132.61,,,
2025-10-28,UNIONBANK,141.7158808595494,143.4934019857429,140.55029736631383,142.8523406982422,15194370,1.4555700819363082,2.0767641576782117,-2,2025-10-30,2025-10-28,True,2025-10-30,UNIONBANK_2025-10-30,2025-09-01,,5.14,,132.61,,,
2025-10-29,UNIONBANK,143.75567098156665,143.97907091491308,141.20108911255645,141.92958068847656,7276992,-0.6459537206428001,1.9324328448321506,-1,2025-10-30,2025-10-29,True,2025-10-30,UNIONBANK_2025-10-30,2025-09-01,,5.14,,132.61,,,
2025-10-30,UNIONBANK,142.20153667583327,146.47536242277985,136.76214229953447,138.23855590820312,37275551,-2.6006028922011204,6.830601377668594,0,2025-10-30,2025-10-30,True,2025-10-30,UNIONBANK_2025-10-30,2025-09-01,5.6,5.14,138.08,132.61,8.95,4.12,1.75
2025-10-31,UNIONBANK,139.16131518753014,147.64095259101262,138.7630695872694,144.4064483642578,63642549,4.461774369337634,6.379562446488538,1,2025-10-30,2025-10-31,True,2025-10-30,UNIONBANK_2025-10-30,2025-09-01,5.6,5.14,138.08,132.61,8.95,4.12,1.75
2025-11-03,UNIONBANK,144.72697994108458,148.36943748993738,144.67841087619365,146.55307006835938,23971441,1.4865137453466293,2.550337618629417,2,2025-10-30,2025-11-03,True,2025-10-30,UNIONBANK_2025-10-30,2025-09-01,5.6,5.14,138.08,132.61,8.95,4.12,1.75
2025-11-04,UNIONBANK,147.54381410560475,148.2723056462602,145.94113864464208,147.1941375732422,14622442,0.43743028009155527,1.579982878814282,3,2025-10-30,2025-11-04,True,2025-10-30,UNIONBANK_2025-10-30,2025-09-01,5.6,5.14,138.08,132.61,8.95,4.12,1.75
2025-10-28,BANKBARODA,265.8028552358778,268.8057360372307,264.7857642754487,268.2729797363281,10922577,1.2059260268969973,1.5123884798809357,-3,2025-10-31,2025-10-28,True,2025-10-31,BANKBARODA_2025-10-31,2025-09-01,,8.14,,151.38,,,
2025-10-29,BANKBARODA,267.8855000666647,269.1932096168241,265.46382666320017,265.9966125488281,6127929,-0.848526448596254,1.3921555861350703,-2,2025-10-31,2025-10-29,True,2025-10-31,BANKBARODA_2025-10-31,2025-09-01,,8.14,,151.38,,,
2025-10-30,BANKBARODA,265.99660349603465,267.93394215287185,262.8484281786742,264.2045593261719,13926080,-0.6737127986272018,1.9118717710519324,-1,2025-10-31,2025-10-30,True,2025-10-31,BANKBARODA_2025-10-31,2025-09-01,,8.14,,151.38,,,
2025-10-31,BANKBARODA,265.22166617966934,271.8570573889964,263.52649475341866,269.67755126953125,23120256,2.071497917113052,3.140981185878817,0,2025-10-31,2025-10-31,True,2025-10-31,BANKBARODA_2025-10-31,2025-09-01,9.3,8.14,168.03,151.38,14.25,11.0,6.76
2025-11-03,BANKBARODA,275.5864413508136,284.06229851010926,274.1334372663629,282.0765380859375,38572616,4.597708173348836,3.60281195079087,1,2025-10-31,2025-11-03,True,2025-10-31,BANKBARODA_2025-10-31,2025-09-01,9.3,8.14,168.03,151.38,14.25,11.0,6.76
2025-11-04,BANKBARODA,281.8343524092156,283.1420323510202,277.0394274177924,279.0736389160156,11837387,-1.064568925263476,2.165316215379937,2,2025-10-31,2025-11-04,True,2025-10-31,BANKBARODA_2025-10-31,2025-09-01,9.3,8.14,168.03,151.38,14.25,11.0,6.76
2025-11-06,BANKBARODA,280.4297815960304,281.39845096251065,275.8286021052492,277.37847900390625,7681719,-0.6074238751799577,1.9861830742659885,3,2025-10-31,2025-11-06,True,2025-10-31,BANKBARODA_2025-10-31,2025-09-01,9.3,8.14,168.03,151.38,14.25,11.0,6.76
2025-10-29,SBIN,917.3644435934704,925.3701041834124,913.7790463044942,923.11083984375,12314222,1.0212301410774005,1.2635172378726764,-3,2025-11-03,2025-10-29,True,2025-11-03,SBIN_2025-11-03,2025-09-01,,19.16,,564.62,,,
2025-10-30,SBIN,922.8161933430812,928.1697081157838,916.5294871954992,917.8064575195312,13044473,-0.574620305088891,1.2613802189703283,-2,2025-11-03,2025-10-30,True,2025-11-03,SBIN_2025-11-03,2025-09-01,,19.16,,564.62,,,
2025-10-31,SBIN,918.3467523280528,929.9378103922294,913.779060909308,920.4095458984376,12078252,0.28362062149154266,1.759547735314378,-1,2025-11-03,2025-10-31,True,2025-11-03,SBIN_2025-11-03,2025-09-01,,19.16,,564.62,,,
2025-11-03,SBIN,922.1285723673408,936.5192046955284,920.9007047609928,932.8847045898438,11744735,1.3553921454855011,1.6937442784620518,0,2025-11-03,2025-11-03,True,2025-11-03,SBIN_2025-11-03,2025-09-01,22.0,19.16,583.1,564.62,14.82,3.27,2.2
2025-11-04,SBIN,934.1616585246088,942.314687296863,924.8298648800412,940.644775390625,19154518,0.8318359988754631,1.8717127016791564,1,2025-11-03,2025-11-04,True,2025-11-03,SBIN_2025-11-03,2025-09-01,22.0,19.16,583.1,564.62,14.82,3.27,2.2
2025-11-06,SBIN,952.4814547462262,954.2004693430785,938.3854990793552,943.739013671875,23088096,0.3289486490758442,1.660396660209714,2,2025-11-03,2025-11-06,True,2025-11-03,SBIN_2025-11-03,2025-09-01,22.0,19.16,583.1,564.62,14.82,3.27,2.2
2025-11-07,SBIN,941.7744580906816,947.7664280534588,927.285620273902,938.92578125,13371323,-0.5100173196345703,2.1747041028356966,3,2025-11-03,2025-11-07,True,2025-11-03,SBIN_2025-11-03,2025-09-01,22.0,19.16,583.1,564.62,14.82,3.27,2.2
2026-01-09,UNIONBANK,156.28570617955756,161.23945438119384,155.92632177703337,157.60670471191406,15759095,0.4954665742491038,3.399627985208182,-3,2026-01-14,2026-01-09,True,2026-01-14,UNIONBANK_2026-01-14,2025-12-01,,5.39,,138.74,,,
2026-01-12,UNIONBANK,158.81115908083612,159.68534301885668,155.70293140863137,159.2773895263672,11523264,1.0600341003937253,2.5076396603832065,-2,2026-01-14,2026-01-12,True,2026-01-14,UNIONBANK_2026-01-14,2025-12-01,,5.39,,138.74,,,
2026-01-13,UNIONBANK,160.2584277537017,161.9970876735428,158.87915224372097,161.42401123046875,15008272,1.3477253177521575,1.9455672151069272,-1,2026-01-14,2026-01-13,True,2026-01-14,UNIONBANK_2026-01-14,2025-12-01,,5.39,,138.74,,,
2026-01-14,UNIONBANK,161.4337200738076,175.50818176817117,160.07387514637068,174.12890625,88500243,7.870511284341819,9.560769964753284,0,2026-01-14,2026-01-14,True,2026-01-14,UNIONBANK_2026-01-14,2025-12-01,6.6,5.39,138.69,138.74,22.45,-0.04,5.99
2026-01-16,UNIONBANK,174.1094777006845,177.6547972595552,169.82594389723695,171.09837341308594,35089123,-1.740396182448345,4.496511887639461,1,2026-01-14,2026-01-16,True,2026-01-14,UNIONBANK_2026-01-14,2025-12-01,6.6,5.39,138.69,138.74,22.45,-0.04,5.99
2026-01-19,UNIONBANK,170.79726108534788,173.02159681942692,169.54426219613842,172.34165954589844,26114974,0.726649884514563,2.0359428489610645,2,2026-01-14,2026-01-19,True,2026-01-14,UNIONBANK_2026-01-14,2025-12-01,6.6,5.39,138.69,138.74,22.45,-0.04,5.99
2026-01-20,UNIONBANK,172.34165889851053,175.56645511916193,169.98135350402953,170.69041442871094,14538592,-0.9581230223373427,3.240714781805243,3,2026-01-14,2026-01-20,True,2026-01-14,UNIONBANK_2026-01-14,2025-12-01,6.6,5.39,138.69,138.74,22.45,-0.04,5.99
2026-01-12,FEDERALBNK,253.23486693210825,255.52702391246123,249.5972850331133,252.0389404296875,7290684,-0.9400712170621106,2.3415965388911766,-3,2026-01-15,2026-01-12,False,2026-01-16,FEDERALBNK_2026-01-15,2025-12-01,,4.07,,36.62,,,
2026-01-13,FEDERALBNK,252.2880850354321,254.1317923568341,246.0095470367916,248.45120239257807,12045490,-1.4234856054357703,3.2194327841133665,-2,2026-01-15,2026-01-13,False,2026-01-16,FEDERALBNK_2026-01-15,2025-12-01,,4.07,,36.62,,,
2026-01-14,FEDERALBNK,247.6539281382448,247.6539281382448,241.47504041720936,246.00955200195312,11287769,-0.9827484701671496,2.494968590841924,-1,2026-01-15,2026-01-14,False,2026-01-16,FEDERALBNK_2026-01-15,2025-12-01,,4.07,,36.62,,,
2026-01-16,FEDERALBNK,246.65732271686736,277.4521096521174,246.607489913335,269.3298645019531,66836048,9.479433749716693,12.505049272017052,0,2026-01-15,2026-01-16,False,2026-01-16,FEDERALBNK_2026-01-15,2025-12-01,4.79,4.07,37.53,36.62,17.69,2.48,9.48
2026-01-19,FEDERALBNK,270.52580014523227,279.2958264185981,269.3298736471941,278.7477111816406,31846487,3.496770288398232,3.683919524885884,1,2026-01-15,2026-01-19,False,2026-01-16,FEDERALBNK_2026-01-15,2025-12-01,4.79,4.07,37.53,36.62,17.69,2.48,9.48
2026-01-20,FEDERALBNK,277.0534683604472,278.8473275728517,268.73189227480003,272.31964111328125,13733716,-2.306053040259992,3.6510769411814357,2,2026-01-15,2026-01-20,False,2026-01-16,FEDERALBNK_2026-01-15,2025-12-01,4.79,4.07,37.53,36.62,17.69,2.48,9.48
2026-01-21,FEDERALBNK,270.1769965588413,275.6582708031002,268.0343227097298,275.15997314453125,12133282,1.0430140182464687,2.821834645611663,3,2026-01-15,2026-01-21,False,2026-01-16,FEDERALBNK_2026-01-15,2025-12-01,4.79,4.07,37.53,36.62,17.69,2.48,9.48
2026-01-13,HDFCBANK,932.2806373194226,932.2806373194226,917.4262830054704,922.0989990234376,32042827,0.04269190647672172,1.593335066645034,-3,2026-01-17,2026-01-13,False,2026-01-19,HDFCBANK_2026-01-17,2025-12-01,,11.95,,456.7,,,
2026-01-14,HDFCBANK,914.8685971701506,924.7550683892156,905.2280583696796,910.3926391601562,36688248,-1.2695339519595117,2.134405976982535,-2,2026-01-17,2026-01-14,False,2026-01-19,HDFCBANK_2026-01-17,2025-12-01,,11.95,,456.7,,,
2026-01-16,HDFCBANK,906.9987674975428,920.7218085803552,904.2443363942556,915.95068359375,37780235,0.6105106955523132,1.8167028199566135,-1,2026-01-17,2026-01-16,False,2026-01-19,HDFCBANK_2026-01-17,2025-12-01,,11.95,,456.7,,,
2026-01-19,HDFCBANK,920.6726328615482,920.9185652819042,904.5394420693568,912.8027954101562,38191942,-0.3436744182823248,1.779038784028946,0,2026-01-17,2026-01-19,False,2026-01-19,HDFCBANK_2026-01-17,2025-12-01,12.1,11.95,458.69,456.7,1.26,0.44,-0.34
2026-01-20,HDFCBANK,914.1799618930222,919.2953681382724,904.637772173591,916.049072265625,36022727,0.3556383560383569,1.6033600139658952,1,2026-01-17,2026-01-20,False,2026-01-19,HDFCBANK_2026-01-17,2025-12-01,12.1,11.95,458.69,456.7,1.26,0.44,-0.34
2026-01-21,HDFCBANK,909.9499161549952,916.9836070913004,900.6044845836736,905.3755493164062,32766854,-1.1651693421642073,1.8000026393581063,2,2026-01-17,2026-01-21,False,2026-01-19,HDFCBANK_2026-01-17,2025-12-01,12.1,11.95,458.69,456.7,1.26,0.44,-0.34
2026-01-22,HDFCBANK,912.9011151422528,913.1962220288154,898.3419283315923,903.75244140625,44444755,-0.1792745464997081,1.6271525415880888,3,2026-01-17,2026-01-22,False,2026-01-19,HDFCBANK_2026-01-17,2025-12-01,12.1,11.95,458.69,456.7,1.26,0.44,-0.34
2026-01-13,ICICIBANK,1408.1288141663404,1429.746614803746,1399.3031938675902,1424.9866943359375,14295581,1.69132575415063,2.1619769888864497,-3,2026-01-17,2026-01-13,False,2026-01-19,ICICIBANK_2026-01-17,2025-12-01,,17.49,,298.65,,,
2026-01-14,ICICIBANK,1413.6818734015883,1431.8289327125644,1403.071374469905,1406.5421142578125,13832255,-1.294368582628791,2.0342312357350365,-2,2026-01-17,2026-01-14,False,2026-01-19,ICICIBANK_2026-01-17,2025-12-01,,17.49,,298.65,,,
2026-01-16,ICICIBANK,1406.0463569783972,1417.0535365865687,1388.494256638521,1399.0057373046875,12530886,-0.5358088376260062,2.0311762699931077,-1,2026-01-17,2026-01-16,False,2026-01-19,ICICIBANK_2026-01-17,2025-12-01,,17.49,,298.65,,,
2026-01-19,ICICIBANK,1388.1968051292893,1388.2959449153948,1348.6303464892403,1369.05810546875,23302883,-2.140636813515462,2.8573469035221004,0,2026-01-17,2026-01-19,False,2026-01-19,ICICIBANK_2026-01-17,2025-12-01,15.8,17.49,293.0,298.65,-9.66,-1.89,-2.14
2026-01-20,ICICIBANK,1363.207439020359,1376.1980196642803,1360.0342394881388,1364.29833984375,15012785,-0.34766717394878466,1.185716840553426,1,2026-01-17,2026-01-20,False,2026-01-19,ICICIBANK_2026-01-17,2025-12-01,15.8,17.49,293.0,298.65,-9.66,-1.89,-2.14
2026-01-21,ICICIBANK,1356.0676290796275,1360.0341888721823,1328.3017105317451,1337.7222900390625,21766068,-1.9479646810778295,2.340036563071285,2,2026-01-17,2026-01-21,False,2026-01-19,ICICIBANK_2026-01-17,2025-12-01,15.8,17.49,293.0,298.65,-9.66,-1.89,-2.14
2026-01-22,ICICIBANK,1343.7713064680374,1346.6470866066866,1326.814287098488,1334.2515869140625,17179765,-0.2594487025329162,1.4759058637981375,3,2026-01-17,2026-01-22,False,2026-01-19,ICICIBANK_2026-01-17,2025-12-01,15.8,17.49,293.0,298.65,-9.66,-1.89,-2.14
2026-01-13,YESBANK,23.059999465942383,23.1200008392334,22.600000381469727,22.790000915527344,65671077,-0.7404101730138057,2.2549890277823614,-3,2026-01-18,2026-01-13,False,2026-01-19,YESBANK_2026-01-18,2025-12-01,,0.26,,41.34,,,
2026-01-14,YESBANK,22.799999237060547,23.059999465942383,22.670000076293945,22.950000762939453,69741380,0.7020616102876076,1.7105236960469192,-2,2026-01-18,2026-01-14,False,2026-01-19,YESBANK_2026-01-18,2025-12-01,,0.26,,41.34,,,
2026-01-16,YESBANK,23.0,23.670000076293945,23.0,23.459999084472656,171164616,2.2222148347671,2.9130438099736753,-1,2026-01-18,2026-01-16,False,2026-01-19,YESBANK_2026-01-18,2025-12-01,,0.26,,41.34,,,
2026-01-19,YESBANK,23.989999771118164,23.989999771118164,22.65999984741211,22.76000022888184,195595177,-2.9837974548520774,5.54397639180996,0,2026-01-18,2026-01-19,False,2026-01-19,YESBANK_2026-01-18,2025-12-01,0.3,0.26,40.98,41.34,15.38,-0.87,-2.98
2026-01-20,YESBANK,22.64999961853028,22.690000534057617,21.61000061035156,21.700000762939453,165413896,-4.657291104054007,4.768211663997095,1,2026-01-18,2026-01-20,False,2026-01-19,YESBANK_2026-01-18,2025-12-01,0.3,0.26,40.98,41.34,15.38,-0.87,-2.98
2026-01-21,YESBANK,21.68000030517578,22.020000457763672,21.51000022888184,21.65999984741211,133777591,-0.1843360097740665,2.352399546599994,2,2026-01-18,2026-01-21,False,2026-01-19,YESBANK_2026-01-18,2025-12-01,0.3,0.26,40.98,41.34,15.38,-0.87,-2.98
2026-01-22,YESBANK,21.88999938964844,22.049999237060547,21.549999237060547,21.6299991607666,93938702,-0.13850732620892536,2.2841480764793665,3,2026-01-18,2026-01-22,False,2026-01-19,YESBANK_2026-01-18,2025-12-01,0.3,0.26,40.98,41.34,15.38,-0.87,-2.98
2026-01-13,PNB,120.30183869519674,121.13753863181977,119.1163105332983,121.0014877319336,14480669,1.1042484624063542,1.6801306783369747,-3,2026-01-19,2026-01-13,True,2026-01-19,PNB_2026-01-19,2025-12-01,,4.2,,153.75,,,
2026-01-14,PNB,121.03064739267592,125.35490269853383,121.001488862119,125.04393768310548,34920863,3.340826651757811,3.5969516235755292,-2,2026-01-19,2026-01-14,True,2026-01-19,PNB_2026-01-19,2025-12-01,,4.2,,153.75,,,
2026-01-16,PNB,125.04394096642652,129.03780716898112,125.01478984891818,128.61996459960938,34696416,2.859816303583229,3.217282891894049,-1,2026-01-19,2026-01-16,True,2026-01-19,PNB_2026-01-19,2025-12-01,,4.2,,153.75,,,
2026-01-19,PNB,128.5616569562559,131.33111679644097,121.71086290505647,124.43174743652344,86346948,-3.256272986953268,7.48298841127869,0,2026-01-19,2026-01-19,True,2026-01-19,PNB_2026-01-19,2025-12-01,4.4,4.2,155.55,153.75,4.76,1.17,-4.98
2026-01-20,PNB,124.28598181327683,126.66675758142247,121.56509733934293,122.2161636352539,46607190,-1.78056151015622,4.104775267209228,1,2026-01-19,2026-01-20,True,2026-01-19,PNB_2026-01-19,2025-12-01,4.4,4.2,155.55,153.75,4.76,1.17,-4.98
2026-01-21,PNB,121.75945438503663,123.11017715564358,119.32037630706998,120.48646545410156,17178415,-1.4152777584432452,3.1125310701452564,2,2026-01-19,2026-01-21,True,2026-01-19,PNB_2026-01-19,2025-12-01,4.4,4.2,155.55,153.75,4.76,1.17,-4.98
2026-01-22,PNB,121.21526760091064,122.95468914730576,120.98205126470197,121.62340545654295,13651752,0.9436246620368349,1.6273840099899857,3,2026-01-19,2026-01-22,True,2026-01-19,PNB_2026-01-19,2025-12-01,4.4,4.2,155.55,153.75,4.76,1.17,-4.98
2026-01-14,AUBANK,963.0647164589192,979.8484047165424,962.5652015644904,975.4027099609376,2737259,0.4526940415221059,1.794604542839074,-3,2026-01-20,2026-01-14,True,2026-01-20,AUBANK_2026-01-20,2025-12-01,,8.9,,30.51,,,
2026-01-16,AUBANK,974.5535414139656,1028.950663653195,967.6102723117282,1024.4051513671875,7202895,5.023816409963877,6.294204344326635,-2,2026-01-20,2026-01-16,True,2026-01-20,AUBANK_2026-01-20,2025-12-01,,8.9,,30.51,,,
2026-01-19,AUBANK,1024.005531096125,1025.204318059096,1009.7693566394228,1019.95947265625,1984489,-0.433976606326536,1.5073123094512266,-1,2026-01-20,2026-01-19,True,2026-01-20,AUBANK_2026-01-20,2025-12-01,,8.9,,30.51,,,
2026-01-20,AUBANK,1020.0094647925443,1020.608858305082,991.3872355380084,1000.2786254882812,2014610,-1.9295714874547398,2.864838393731651,0,2026-01-20,2026-01-20,True,2026-01-20,AUBANK_2026-01-20,2025-12-01,8.9,8.9,30.65,30.51,0.0,0.46,-2.55
2026-01-21,AUBANK,1008.0211108385896,1026.4531626475004,967.3605840634896,993.934814453125,5487389,-0.6342043980055556,5.862236211982781,1,2026-01-20,2026-01-21,True,2026-01-20,AUBANK_2026-01-20,2025-12-01,8.9,8.9,30.65,30.51,0.0,0.46,-2.55
2026-01-22,AUBANK,1002.2766774053894,1015.7635801165508,981.197172373136,999.5792846679688,1668127,0.567891388123809,3.4487889943620544,2,2026-01-20,2026-01-22,True,2026-01-20,AUBANK_2026-01-20,2025-12-01,8.9,8.9,30.65,30.51,0.0,0.46,-2.55
2026-01-23,AUBANK,1004.0249420320785,1005.923123029281,960.3673278798738,965.1626586914062,2752861,-3.443111167314228,4.537317076725742,3,2026-01-20,2026-01-23,True,2026-01-20,AUBANK_2026-01-20,2025-12-01,8.9,8.9,30.65,30.51,0.0,0.46,-2.55
2026-01-19,BANDHANBNK,143.25823168562872,143.99187790284904,140.83919753293338,141.41421508789062,6442060,-1.5189154599325794,2.200697532574616,-3,2026-01-22,2026-01-19,True,2026-01-22,BANDHANBNK_2026-01-22,2025-12-01,,1.83,,35.19,,,
2026-01-20,BANDHANBNK,141.37457550942577,141.52328043605172,137.7063592909144,138.19215393066406,8318034,-2.278456345583091,2.699863912152176,-2,2026-01-22,2026-01-20,True,2026-01-22,BANDHANBNK_2026-01-22,2025-12-01,,1.83,,35.19,,,
2026-01-21,BANDHANBNK,137.80550462104225,140.47239054816328,135.72354490304053,136.7942657470703,13633132,-1.0115539441516441,3.446049312893424,-1,2026-01-22,2026-01-21,True,2026-01-22,BANDHANBNK_2026-01-22,2025-12-01,,1.83,,35.19,,,
2026-01-22,BANDHANBNK,137.8055056099022,142.76253818579798,136.8438400799654,141.23577880859375,12348702,3.2468561728572043,4.294964906980678,0,2026-01-22,2026-01-22,True,2026-01-22,BANDHANBNK_2026-01-22,2025-12-01,1.3,1.83,33.79,35.19,-28.96,-3.98,8.23
2026-01-23,BANDHANBNK,148.90925650375118,150.84249619514338,143.85309232069957,148.04673767089844,66066666,4.822403303015066,4.693733645945468,1,2026-01-22,2026-01-23,True,2026-01-22,BANDHANBNK_2026-01-22,2025-12-01,1.3,1.83,33.79,35.19,-28.96,-3.98,8.23
2026-01-27,BANDHANBNK,147.8682676947978,149.5239297979925,146.41089898605034,147.73939514160156,12688395,-0.2075983126221148,2.1052730653256226,2,2026-01-22,2026-01-27,True,2026-01-22,BANDHANBNK_2026-01-22,2025-12-01,1.3,1.83,33.79,35.19,-28.96,-3.98,8.23
2026-01-28,BANDHANBNK,147.71957162754904,153.08308453674547,147.7096630082978,152.03219604492188,13731892,2.905657559519481,3.6375826637216875,3,2026-01-22,2026-01-28,True,2026-01-22,BANDHANBNK_2026-01-22,2025-12-01,1.3,1.83,33.79,35.19,-28.96,-3.98,8.23
2026-01-19,INDUSINDBK,946.4171150666178,960.3445691919512,939.9276259915448,948.2640991210938,5455304,-0.42459571019125564,2.157288036678128,-3,2026-01-22,2026-01-19,True,2026-01-22,INDUSINDBK_2026-01-22,2025-12-01,,1.17,,61.23,,,
2026-01-20,INDUSINDBK,944.4702589579028,946.467024833078,897.5961678508716,903.6863403320312,6701234,-4.700985604156028,5.174419895035012,-2,2026-01-22,2026-01-20,True,2026-01-22,INDUSINDBK_2026-01-22,2025-12-01,,1.17,,61.23,,,
2026-01-21,INDUSINDBK,906.5317065904242,917.6637007100333,890.008481174113,905.68310546875,3567143,0.22095776461388272,3.0506621373382456,-1,2026-01-22,2026-01-21,True,2026-01-22,INDUSINDBK_2026-01-22,2025-12-01,,1.17,,61.23,,,
2026-01-22,INDUSINDBK,909.526823241392,914.7184265163398,891.4561170993233,900.9906616210938,2338485,-0.5181110058608884,2.5576276391842785,0,2026-01-22,2026-01-22,True,2026-01-22,INDUSINDBK_2026-01-22,2025-12-01,2.0,1.17,62.68,61.23,70.94,2.37,-1.62
2026-01-23,INDUSINDBK,898.5945216424753,913.1209807259168,886.8136155483476,891.0068359375,5907525,-1.108094246574154,2.927612459675791,1,2026-01-22,2026-01-23,True,2026-01-22,INDUSINDBK_2026-01-22,2025-12-01,2.0,1.17,62.68,61.23,70.94,2.37,-1.62
2026-01-27,INDUSINDBK,873.5850382930374,895.5494621129767,849.773630481004,893.3031005859375,8419598,0.25771571617869693,5.239997209821434,2,2026-01-22,2026-01-27,True,2026-01-22,INDUSINDBK_2026-01-22,2025-12-01,2.0,1.17,62.68,61.23,70.94,2.37,-1.62
2026-01-28,INDUSINDBK,897.296640551806,901.5397679202011,876.2307855209444,900.2418823242188,2982683,0.7767555865114462,2.8205814281988806,3,2026-01-22,2026-01-28,True,2026-01-22,INDUSINDBK_2026-01-22,2025-12-01,2.0,1.17,62.68,61.23,70.94,2.37,-1.62
2026-01-21,KOTAKBANK,421.3725208231926,424.7666548630621,415.68233253210144,420.8733825683594,16386060,-0.5191102393511837,2.1558886453282615,-3,2026-01-24,2026-01-21,False,2026-01-27,KOTAKBANK_2026-01-24,2025-12-01,,3.4,,104.35,,,
2026-01-22,KOTAKBANK,423.0695875208091,429.05924678990016,419.5756196138393,425.2658081054688,10087657,1.0436453620100261,2.241623471834734,-2,2026-01-24,2026-01-22,False,2026-01-27,KOTAKBANK_2026-01-24,2025-12-01,,3.4,,104.35,,,
2026-01-23,KOTAKBANK,428.26064647030415,429.05925553647,419.6754619165975,422.0713195800781,10548118,-0.7511745511876278,2.1911407684112727,-1,2026-01-24,2026-01-23,False,2026-01-27,KOTAKBANK_2026-01-24,2025-12-01,,3.4,,104.35,,,
2026-01-27,KOTAKBANK,414.2847660316592,414.2847660316592,399.80975613416746,407.9956359863281,47613963,-3.334906434238172,3.4939759036144706,0,2026-01-24,2026-01-27,False,2026-01-27,KOTAKBANK_2026-01-24,2025-12-01,3.5,3.4,104.02,104.35,2.94,-0.32,-3.33
2026-01-28,KOTAKBANK,408.59457613120605,413.4861555551203,405.59974650757647,411.6892395019531,14823671,0.9053046625598693,1.9301306253784931,1,2026-01-24,2026-01-28,False,2026-01-27,KOTAKBANK_2026-01-24,2025-12-01,3.5,3.4,104.02,104.35,2.94,-0.32,-3.33
2026-01-29,KOTAKBANK,406.2985522724163,413.88546007860776,406.2985522724163,411.6892395019531,26085514,0.0,1.8673233669571516,2,2026-01-24,2026-01-29,False,2026-01-27,KOTAKBANK_2026-01-24,2025-12-01,3.5,3.4,104.02,104.35,2.94,-0.32,-3.33
2026-01-30,KOTAKBANK,409.29336697447536,411.7890582365149,404.70128895932646,407.29681396484375,20681886,-1.0669274578133714,1.7317088057355337,3,2026-01-24,2026-01-30,False,2026-01-27,KOTAKBANK_2026-01-24,2025-12-01,3.5,3.4,104.02,104.35,2.94,-0.32,-3.33
2026-01-21,AXISBANK,1289.005835224937,1296.699852272607,1266.423276770507,1283.9097900390625,3854702,-0.6648636508652217,2.3488315316133876,-3,2026-01-26,2026-01-21,False,2026-01-27,AXISBANK_2026-01-26,2025-12-01,,18.77,,208.98,,,
2026-01-22,AXISBANK,1289.0058962937878,1297.8990621440864,1280.4125480470775,1293.80224609375,5949677,0.7704946353268793,1.356589147286835,-2,2026-01-26,2026-01-22,False,2026-01-27,AXISBANK_2026-01-26,2025-12-01,,18.77,,208.98,,,
2026-01-23,AXISBANK,1296.0004620817394,1297.9989207742324,1247.03822411566,1257.030517578125,8885549,-2.842144433327909,3.932151117964522,-1,2026-01-26,2026-01-23,False,2026-01-27,AXISBANK_2026-01-26,2025-12-01,,18.77,,208.98,,,
2026-01-27,AXISBANK,1287.8068186364756,1332.172503629323,1277.4148091338427,1314.7860107421875,22715357,4.594597534142442,4.252011536439724,0,2026-01-26,2026-01-27,False,2026-01-27,AXISBANK_2026-01-26,2025-12-01,20.9,18.77,205.12,208.98,11.35,-1.85,4.59
2026-01-28,AXISBANK,1346.96117816438,1368.344710877668,1309.1902595410843,1318.782958984375,15426403,0.30399990641301056,4.391696828055467,1,2026-01-26,2026-01-28,False,2026-01-27,AXISBANK_2026-01-26,2025-12-01,20.9,18.77,205.12,208.98,11.35,-1.85,4.59
2026-01-29,AXISBANK,1316.9843142731056,1365.9465535746094,1304.9935617911046,1362.6490478515625,16107684,3.326255360546204,4.628224582701054,2,2026-01-26,2026-01-29,False,2026-01-27,AXISBANK_2026-01-26,2025-12-01,20.9,18.77,205.12,208.98,11.35,-1.85,4.59
2026-01-30,AXISBANK,1350.9581487855723,1377.6375249747894,1350.9581487855723,1369.343994140625,14758482,0.49131845794176954,1.9748484594582085,3,2026-01-26,2026-01-30,False,2026-01-27,AXISBANK_2026-01-26,2025-12-01,20.9,18.77,205.12,208.98,11.35,-1.85,4.59
2026-01-23,CANBK,150.72782636959116,151.7733390970202,146.10047351041146,146.96205139160156,26875350,-1.8554350149887155,3.76364850687797,-3,2026-01-29,2026-01-23,True,2026-01-29,CANBK_2026-01-29,2025-12-01,,5.78,,173.81,,,
2026-01-27,CANBK,148.0172423317335,150.4858128662375,147.24280157476102,149.7791290283203,23086886,1.9168741930610578,2.1909685928402185,-2,2026-01-29,2026-01-27,True,2026-01-29,CANBK_2026-01-29,2025-12-01,,5.78,,173.81,,,
2026-01-28,CANBK,150.52453476055973,153.1963906638734,147.4460782812002,152.7026824951172,28198960,1.9519097792617623,3.8201827973228797,-1,2026-01-29,2026-01-28,True,2026-01-29,CANBK_2026-01-29,2025-12-01,,5.78,,173.81,,,
2026-01-29,CANBK,152.95437528904603,155.6552719987997,144.2417842915687,145.51963806152344,88706121,-4.7039412250164165,7.462021067172684,0,2026-01-29,2026-01-29,True,2026-01-29,CANBK_2026-01-29,2025-12-01,5.7,5.78,171.52,173.81,-1.38,-1.32,-6.54
2026-01-30,CANBK,145.88748860611375,145.88748860611375,141.93777903282597,142.7122344970703,43411151,-1.9292265991386004,2.707366896932281,1,2026-01-29,2026-01-30,True,2026-01-29,CANBK_2026-01-29,2025-12-01,5.7,5.78,171.52,173.81,-1.38,-1.32,-6.54
2026-02-02,CANBK,136.5456728471187,142.2766201405812,134.5611351655548,141.79258728027344,32606697,-0.6444067111959884,5.650479296890601,2,2026-01-29,2026-02-02,True,2026-01-29,CANBK_2026-01-29,2025-12-01,5.7,5.78,171.52,173.81,-1.38,-1.32,-6.54
2026-02-03,CANBK,147.63001868046993,152.4703471617968,142.1894941943418,142.63479614257812,40510681,0.5939724201801555,6.963931224385248,3,2026-01-29,2026-02-03,True,2026-01-29,CANBK_2026-01-29,2025-12-01,5.7,5.78,171.52,173.81,-1.38,-1.32,-6.54
2026-01-27,BANKBARODA,287.6948001684732,294.0880238622834,286.7261308076366,292.53814697265625,11451625,1.9753509578463335,2.558924613978329,-3,2026-01-30,2026-01-27,True,2026-01-30,BANKBARODA_2026-01-30,2025-12-01,,8.86,,158.79,,,
2026-01-28,BANKBARODA,293.99114830804854,296.9455780068308,291.0367186092663,296.6065673828125,10161294,1.3907315856952263,2.0098766345757713,-2,2026-01-30,2026-01-28,True,2026-01-30,BANKBARODA_2026-01-30,2025-12-01,,8.86,,158.79,,,
2026-01-29,BANKBARODA,297.3814938265601,299.56099988880686,291.6663505089571,292.9740600585937,16319863,-1.2246887708088239,2.654721138919991,-1,2026-01-30,2026-01-29,True,2026-01-30,BANKBARODA_2026-01-30,2025-12-01,,8.86,,158.79,,,
2026-01-30,BANKBARODA,292.92560028312664,294.4754771276659,288.17912646539673,290.01959228515625,11708481,-1.008440055357307,2.149470942854922,0,2026-01-30,2026-01-30,True,2026-01-30,BANKBARODA_2026-01-30,2025-12-01,9.77,8.86,154.0,158.79,10.27,-3.02,-7.52
2026-02-02,BANKBARODA,270.25874959063464,270.50091692897746,262.0250600869773,268.9026184082031,16234606,-7.2812232134269905,3.1362007168458654,1,2026-01-30,2026-02-02,True,2026-01-30,BANKBARODA_2026-01-30,2025-12-01,9.77,8.86,154.0,158.79,10.27,-3.02,-7.52
2026-02-03,BANKBARODA,280.91410627495526,285.75745293486824,273.06787877360773,276.4582214355469,15500999,2.8097915416628982,4.517243483970901,2,2026-01-30,2026-02-03,True,2026-01-30,BANKBARODA_2026-01-30,2025-12-01,9.77,8.86,154.0,158.79,10.27,-3.02,-7.52
2026-02-04,BANKBARODA,277.03943550928153,283.432659164092,273.4069254283032,281.73748779296875,9434395,1.9096072925625318,3.6188832529774952,3,2026-01-30,2026-02-04,True,2026-01-30,BANKBARODA_2026-01-30,2025-12-01,9.77,8.86,154.0,158.79,10.27,-3.02,-7.52
2026-01-28,IDFCFIRSTB,83.69413172696244,83.69413172696244,81.49060600486786,82.68708801269531,20226999,-0.6826419902762448,2.6328318086663494,-3,2026-01-31,2026-01-28,False,2026-02-02,IDFCFIRSTB_2026-01-31,2025-12-01,,0.705,,73.67,,,
2026-01-29,IDFCFIRSTB,82.72697419113808,83.50468827978041,82.20849306067832,83.22550964355469,33904223,0.6511556323965717,1.5668350399318003,-2,2026-01-31,2026-01-29,False,2026-02-02,IDFCFIRSTB_2026-01-31,2025-12-01,,0.705,,73.67,,,
2026-01-30,IDFCFIRSTB,82.27828946500186,84.25249324554873,82.27828946500186,83.33518981933594,42058731,0.13178672771245736,2.3994224884641357,-1,2026-01-31,2026-01-30,False,2026-02-02,IDFCFIRSTB_2026-01-31,2025-12-01,,0.705,,73.67,,,
2026-02-02,IDFCFIRSTB,81.83958427487082,82.15864667019586,79.14748818270876,80.97212982177734,35455846,-2.8356088258531864,3.6793423551293594,0,2026-01-31,2026-02-02,False,2026-02-02,IDFCFIRSTB_2026-01-31,2025-12-01,0.6,0.705,76.17,73.67,-14.89,3.39,-1.85
2026-02-03,IDFCFIRSTB,84.36216843474557,85.72815828972114,83.15571357321846,84.6014633178711,34975303,4.482200856124252,3.0492870966118755,1,2026-01-31,2026-02-03,False,2026-02-02,IDFCFIRSTB_2026-01-31,2025-12-01,0.6,0.705,76.17,73.67,-14.89,3.39,-1.85
2026-02-04,IDFCFIRSTB,84.55161690978576,85.04017952975133,83.79384088194817,84.89061737060547,23063205,0.3417837486426656,1.4740565507256538,2,2026-01-31,2026-02-04,False,2026-02-02,IDFCFIRSTB_2026-01-31,2025-12-01,0.6,0.705,76.17,73.67,-14.89,3.39,-1.85
2026-02-05,IDFCFIRSTB,84.75102451929149,85.54868426346836,84.42198930429,85.22962188720703,27129853,0.39934273904684847,1.3294175091911735,3,2026-01-31,2026-02-05,False,2026-02-02,IDFCFIRSTB_2026-01-31,2025-12-01,0.6,0.705,76.17,73.67,-14.89,3.39,-1.85
2026-02-03,SBIN,1067.7536525315768,1070.5041238871402,1021.8805674931078,1045.3572998046875,16129381,3.4509535358633547,4.553817847286116,-3,2026-02-06,2026-02-03,True,2026-02-06,SBIN_2026-02-06,2025-12-01,,19.0,,595.49,,,
2026-02-04,SBIN,1045.357322663254,1054.8856472820669,1037.5972952790487,1049.2864990234375,7312276,0.37587140965908983,1.6538222508426785,-2,2026-02-06,2026-02-04,True,2026-02-06,SBIN_2026-02-06,2025-12-01,,19.0,,595.49,,,
2026-02-05,SBIN,1049.2864692879657,1061.8598812478167,1048.5989114079966,1054.49267578125,9551567,0.4961635132690434,1.2638083333733268,-1,2026-02-06,2026-02-05,True,2026-02-06,SBIN_2026-02-06,2025-12-01,,19.0,,595.49,,,
2026-02-06,SBIN,1051.0546673292165,1054.590902041245,1032.3910797785106,1047.5184326171875,7041557,-0.6613837463494421,2.1121472510221846,0,2026-02-06,2026-02-06,True,2026-02-06,SBIN_2026-02-06,2025-12-01,22.78,19.0,635.49,595.49,19.89,6.72,6.75
2026-02-09,SBIN,1100.1693390052355,1129.638160585733,1081.0146049779123,1125.708984375,40852966,7.4643604659496265,4.419642857142856,1,2026-02-06,2026-02-09,True,2026-02-06,SBIN_2026-02-06,2025-12-01,22.78,19.0,635.49,595.49,19.89,6.72,6.75
2026-02-10,SBIN,1130.6205046120729,1133.5673869003754,1117.9488867905825,1123.8426513671875,17280036,-0.16579178399723782,1.3814095928811887,2,2026-02-06,2026-02-10,True,2026-02-06,SBIN_2026-02-06,2025-12-01,22.78,19.0,635.49,595.49,19.89,6.72,6.75
2026-02-11,SBIN,1124.43198276359,1166.474217252129,1122.5657199431428,1161.9556884765625,29491859,3.391314350190333,3.9049491638497678,3,2026-02-06,2026-02-11,True,2026-02-06,SBIN_2026-02-06,2025-12-01,22.78,19.0,635.49,595.49,19.89,6.72,6.75
2026-04-15,HDFCBANK,791.8531825431569,801.5428954413671,790.9186273804953,796.72265625,39769515,1.912672339401622,1.341696705284479,-3,2026-04-18,2026-04-15,False,2026-04-20,HDFCBANK_2026-04-18,2026-03-01,,12.31,,471.51,,,
2026-04-16,HDFCBANK,804.6908427624061,806.7074765090769,779.3106301457999,782.5077514648438,62861293,-1.7841722804849969,3.404642492168408,-2,2026-04-18,2026-04-16,False,2026-04-20,HDFCBANK_2026-04-18,2026-03-01,,12.31,,471.51,,,
2026-04-17,HDFCBANK,777.2447773125524,790.8694690755784,775.3757269911107,786.8853759765625,37282544,0.5594352903883548,1.9934186162099161,-1,2026-04-18,2026-04-17,False,2026-04-20,HDFCBANK_2026-04-18,2026-03-01,,12.31,,471.51,,,
2026-04-20,HDFCBANK,784.130869340026,796.7718311959621,777.146412936798,782.5077514648438,52148044,-0.5563230230687499,2.50282434049333,0,2026-04-18,2026-04-20,False,2026-04-20,HDFCBANK_2026-04-18,2026-03-01,12.5,12.31,462.81,471.51,1.54,-1.85,-0.56
2026-04-21,HDFCBANK,782.2618278432276,801.6413139109341,782.2618278432276,798.5425415039062,49135752,2.0491541469136454,2.47736568217033,1,2026-04-18,2026-04-21,False,2026-04-20,HDFCBANK_2026-04-18,2026-03-01,12.5,12.31,462.81,471.51,1.54,-1.85,-0.56
2026-04-22,HDFCBANK,796.8210214869076,799.8213849297669,785.0162656130275,786.8853759765625,23876412,-1.4598051977781523,1.858023184317135,2,2026-04-18,2026-04-22,False,2026-04-20,HDFCBANK_2026-04-18,2026-03-01,12.5,12.31,462.81,471.51,1.54,-1.85,-0.56
2026-04-23,HDFCBANK,779.1138736217773,783.6882404572269,769.7684420568696,771.5883178710938,37677616,-1.9440008128864261,1.7866192441998159,3,2026-04-18,2026-04-23,False,2026-04-20,HDFCBANK_2026-04-18,2026-03-01,12.5,12.31,462.81,471.51,1.54,-1.85,-0.56
2026-04-15,ICICIBANK,1346.647094004827,1353.3902942945808,1326.814294387672,1336.829833984375,23827473,-0.22203635674509226,1.9734940226896343,-3,2026-04-18,2026-04-15,False,2026-04-20,ICICIBANK_2026-04-18,2026-03-01,,17.95,,305.81,,,
2026-04-16,ICICIBANK,1340.697246754227,1355.4727065977952,1328.995846624469,1334.2515869140625,24017236,-0.1928627716684117,1.9748574883274723,-2,2026-04-18,2026-04-16,False,2026-04-20,ICICIBANK_2026-04-18,2026-03-01,,17.95,,305.81,,,
2026-04-17,ICICIBANK,1335.7390510601572,1341.5897511433582,1322.8477313394578,1335.540771484375,18151993,0.09662229994376048,1.4031198525658939,-1,2026-04-18,2026-04-17,False,2026-04-20,ICICIBANK_2026-04-18,2026-03-01,,17.95,,305.81,,,
2026-04-20,ICICIBANK,1353.2910001768837,1364.893260297481,1341.6888611060856,1344.862060546875,21551520,0.6979411831912863,1.714664413519519,0,2026-04-18,2026-04-20,False,2026-04-20,ICICIBANK_2026-04-18,2026-03-01,19.1,17.95,302.88,305.81,6.41,-0.96,0.7
2026-04-21,ICICIBANK,1356.563489002286,1381.4536282235813,1348.6303691835594,1376.79296875,23312455,2.374288720000073,2.4195888586211654,1,2026-04-18,2026-04-21,False,2026-04-20,ICICIBANK_2026-04-18,2026-03-01,19.1,17.95,302.88,305.81,6.41,-0.96,0.7
2026-04-22,ICICIBANK,1368.463107425001,1368.5622472083337,1353.588508431251,1356.166748046875,13613487,-1.498135244099319,1.0942011294157803,2,2026-04-18,2026-04-22,False,2026-04-20,ICICIBANK_2026-04-18,2026-03-01,19.1,17.95,302.88,305.81,6.41,-0.96,0.7
2026-04-23,ICICIBANK,1337.1273930984762,1342.680552858981,1332.268332914358,1336.730712890625,20111792,-1.4331596895618803,0.7787006681910086,3,2026-04-18,2026-04-23,False,2026-04-20,ICICIBANK_2026-04-18,2026-03-01,19.1,17.95,302.88,305.81,6.41,-0.96,0.7
2026-04-15,YESBANK,19.200000762939453,19.43000030517578,19.14999961853028,19.36000061035156,67248757,2.542380672253519,1.4583368516628827,-3,2026-04-19,2026-04-15,False,2026-04-20,YESBANK_2026-04-19,2026-03-01,,0.31,,44.77,,,
2026-04-16,YESBANK,19.540000915527344,20.1200008392334,19.3700008392334,19.950000762939453,161480178,3.047521353240179,3.8382802705194194,-2,2026-04-19,2026-04-16,False,2026-04-20,YESBANK_2026-04-19,2026-03-01,,0.31,,44.77,,,
2026-04-17,YESBANK,20.06999969482422,20.440000534057617,19.81999969482422,20.190000534057617,130228329,1.203006325513556,3.0891920710556278,-1,2026-04-19,2026-04-17,False,2026-04-20,YESBANK_2026-04-19,2026-03-01,,0.31,,44.77,,,
2026-04-20,YESBANK,20.63999938964844,20.709999084472656,19.790000915527344,19.84000015258789,379799755,-1.733533294758094,4.457355601506065,0,2026-04-19,2026-04-20,False,2026-04-20,YESBANK_2026-04-19,2026-03-01,0.34,0.31,93.81,44.77,9.68,109.54,-1.73
2026-04-21,YESBANK,19.979999542236328,19.979999542236328,19.71999931335449,19.770000457763672,96821013,-0.3528210397472642,1.3013024766703178,1,2026-04-19,2026-04-21,False,2026-04-20,YESBANK_2026-04-19,2026-03-01,0.34,0.31,93.81,44.77,9.68,109.54,-1.73
2026-04-22,YESBANK,19.770000457763672,20.1200008392334,19.670000076293945,19.989999771118164,100201392,1.112793668490264,2.2761798306521435,2,2026-04-19,2026-04-22,False,2026-04-20,YESBANK_2026-04-19,2026-03-01,0.34,0.31,93.81,44.77,9.68,109.54,-1.73
2026-04-23,YESBANK,19.940000534057617,20.09000015258789,19.86000061035156,20.030000686645508,86860205,0.2001046322428479,1.1534580545446393,3,2026-04-19,2026-04-23,False,2026-04-20,YESBANK_2026-04-19,2026-03-01,0.34,0.31,93.81,44.77,9.68,109.54,-1.73
2026-04-20,INDUSINDBK,852.5191855088973,854.6157652312605,838.142447326686,850.5723266601562,2453075,-0.22837014750128892,1.9323105197616215,-3,2026-04-23,2026-04-20,True,2026-04-23,INDUSINDBK_2026-04-23,2026-03-01,,4.21,,61.83,,,
2026-04-21,INDUSINDBK,856.3130222965773,864.4498063390998,853.4675944804055,855.01513671875,975223,0.52233183696897,1.2824996902698873,-2,2026-04-23,2026-04-21,True,2026-04-23,INDUSINDBK_2026-04-23,2026-03-01,,4.21,,61.83,,,
2026-04-22,INDUSINDBK,849.6238432185597,871.5882668975354,849.6238432185597,868.6929321289062,2253573,1.599713832277505,2.5851938895417126,-1,2026-04-23,2026-04-22,True,2026-04-23,INDUSINDBK_2026-04-23,2026-03-01,,4.21,,61.83,,,
2026-04-23,INDUSINDBK,860.306593768671,868.2936573089414,852.7688147398326,858.958740234375,1561128,-1.1205561291578237,1.8045709147828917,0,2026-04-23,2026-04-23,True,2026-04-23,INDUSINDBK_2026-04-23,2026-03-01,6.84,4.21,60.78,61.83,62.47,-1.7,-2.55
2026-04-24,INDUSINDBK,866.5963614424235,866.5963614424235,837.6432572006835,846.5787963867188,1453183,-1.4412734008944716,3.3410138248847967,1,2026-04-23,2026-04-24,True,2026-04-23,INDUSINDBK_2026-04-23,2026-03-01,6.84,4.21,60.78,61.83,62.47,-1.7,-2.55
2026-04-27,INDUSINDBK,863.800902229899,902.0389553322884,863.800902229899,898.6943969726562,11254307,6.156024791593184,4.426720671821259,2,2026-04-23,2026-04-27,True,2026-04-23,INDUSINDBK_2026-04-23,2026-03-01,6.84,4.21,60.78,61.83,62.47,-1.7,-2.55
2026-04-28,INDUSINDBK,888.7105789422741,894.2515919505684,881.0230182854311,884.1179809570312,5748485,-1.621954700588668,1.4885131311119992,3,2026-04-23,2026-04-28,True,2026-04-23,INDUSINDBK_2026-04-23,2026-03-01,6.84,4.21,60.78,61.83,62.47,-1.7,-2.55
2026-04-20,UNIONBANK,183.5798648788192,187.65941446744225,180.8698829186019,183.86154174804688,14172531,0.20114988647741416,3.6984075314153424,-3,2026-04-23,2026-04-20,True,2026-04-23,UNIONBANK_2026-04-23,2026-03-01,,5.4,,144.56,,,
2026-04-21,UNIONBANK,185.05627927375667,187.44572319309944,184.3083571527665,185.89161682128903,13904723,1.1041325194716567,1.6953577866394873,-2,2026-04-23,2026-04-21,True,2026-04-23,UNIONBANK_2026-04-23,2026-03-01,,5.4,,144.56,,,
2026-04-22,UNIONBANK,185.89161829699137,191.4767200732308,184.93971201864784,188.48504638671875,21651436,1.3951299202066503,3.5165695551367255,-1,2026-04-23,2026-04-22,True,2026-04-23,UNIONBANK_2026-04-23,2026-03-01,,5.4,,144.56,,,
2026-04-23,UNIONBANK,189.3009510703906,189.3009510703906,172.21540000817305,174.55628967285156,65651090,-7.389847089136858,9.025602336178634,0,2026-04-23,2026-04-23,True,2026-04-23,UNIONBANK_2026-04-23,2026-03-01,7.0,5.4,148.18,144.56,29.63,2.5,-8.79
2026-04-24,UNIONBANK,174.15805501860729,175.56646909552106,169.39856784888622,171.92401123046875,27300659,-1.5079825810437208,3.541553817867255,1,2026-04-23,2026-04-24,True,2026-04-23,UNIONBANK_2026-04-23,2026-03-01,7.0,5.4,148.18,144.56,29.63,2.5,-8.79
2026-04-27,UNIONBANK,172.11826531489652,173.672386532578,170.33103628940168,171.04981994628906,17230436,-0.5084753885877036,1.9413106662812354,2,2026-04-23,2026-04-27,True,2026-04-23,UNIONBANK_2026-04-23,2026-03-01,7.0,5.4,148.18,144.56,29.63,2.5,-8.79
2026-04-28,UNIONBANK,168.28155453750733,169.30144571106538,164.31855857418404,165.5909881591797,37573622,-3.1913695020687527,2.9610417794011625,3,2026-04-23,2026-04-28,True,2026-04-23,UNIONBANK_2026-04-23,2026-03-01,7.0,5.4,148.18,144.56,29.63,2.5,-8.79
2026-04-22,AXISBANK,1368.944287324286,1389.928104867213,1364.947369697062,1378.536865234375,3997911,0.1379127373182243,1.824817518248167,-3,2026-04-25,2026-04-22,False,2026-04-27,AXISBANK_2026-04-25,2026-03-01,,22.8,,218.03,,,
2026-04-23,AXISBANK,1367.945042422019,1383.1332804429271,1364.347840993514,1368.5445556640625,5671255,-0.724848919336929,1.3732598069987187,-2,2026-04-25,2026-04-23,False,2026-04-27,AXISBANK_2026-04-25,2026-03-01,,22.8,,218.03,,,
2026-04-24,AXISBANK,1367.9449987412254,1373.9403749227065,1348.9596408332025,1364.847412109375,3648313,-0.27015149337930033,1.8261504747991444,-1,2026-04-25,2026-04-24,False,2026-04-27,AXISBANK_2026-04-25,2026-03-01,,22.8,,218.03,,,
2026-04-27,AXISBANK,1323.9788756219436,1326.2771518946506,1298.8982435808812,1323.179443359375,10768267,-3.0529397191442875,2.0679263708726547,0,2026-04-25,2026-04-27,False,2026-04-27,AXISBANK_2026-04-25,2026-03-01,22.8,22.8,204.8,218.03,0.0,-6.07,-3.05
2026-04-28,AXISBANK,1310.9889903752908,1320.3817712564608,1284.509410920302,1288.0067138671875,9939787,-2.658197999425438,2.7362823486328325,1,2026-04-25,2026-04-28,False,2026-04-27,AXISBANK_2026-04-25,2026-03-01,22.8,22.8,204.8,218.03,0.0,-6.07,-3.05
2026-04-29,AXISBANK,1294.0020554402972,1308.1910639372534,1278.014385257251,1295.4010009765625,6228275,0.5740876215756696,2.332042561534763,2,2026-04-25,2026-04-29,False,2026-04-27,AXISBANK_2026-04-25,2026-03-01,22.8,22.8,204.8,218.03,0.0,-6.07,-3.05
2026-04-30,AXISBANK,1287.007401216218,1287.007401216218,1256.3311089994636,1267.3226318359375,16481853,-2.167542646598053,2.383536581667325,3,2026-04-25,2026-04-30,False,2026-04-27,AXISBANK_2026-04-25,2026-03-01,22.8,22.8,204.8,218.03,0.0,-6.07,-3.05
2026-04-22,IDFCFIRSTB,67.7409967525985,68.37912149528202,67.40198870408396,68.17970275878906,16016883,0.6476217678040186,1.4424541090924778,-3,2026-04-25,2026-04-22,False,2026-04-27,IDFCFIRSTB_2026-04-25,2026-03-01,,0.56,,79.2,,,
2026-04-23,IDFCFIRSTB,67.30228952691007,68.2495038922475,67.26240577582618,67.6313247680664,19979812,-0.8043126744960216,1.4666635018807819,-2,2026-04-25,2026-04-23,False,2026-04-27,IDFCFIRSTB_2026-04-25,2026-03-01,,0.56,,79.2,,,
2026-04-24,IDFCFIRSTB,67.6313220831003,68.43894709110522,66.49466184700175,67.0330810546875,16910557,-0.8845660135011535,2.8748295674517155,-1,2026-04-25,2026-04-24,False,2026-04-27,IDFCFIRSTB_2026-04-25,2026-03-01,,0.56,,79.2,,,
2026-04-27,IDFCFIRSTB,67.66123385405106,70.28352765892144,67.65126101478724,70.06417083740234,49051353,4.521781984393636,3.8903615766335955,0,2026-04-25,2026-04-27,False,2026-04-27,IDFCFIRSTB_2026-04-25,2026-03-01,0.4,0.56,73.07,79.2,-28.57,-7.74,4.52
2026-04-28,IDFCFIRSTB,69.47590331381215,69.77502763824512,68.29935930184877,68.50874328613281,25640804,-2.22000422281341,2.124000215918003,1,2026-04-25,2026-04-28,False,2026-04-27,IDFCFIRSTB_2026-04-25,2026-03-01,0.4,0.56,73.07,79.2,-28.57,-7.74,4.52
2026-04-29,IDFCFIRSTB,68.81783166243342,70.94159759397346,68.3492147191965,69.94452667236328,35995299,2.0957666384767704,3.7670220234388765,2,2026-04-25,2026-04-29,False,2026-04-27,IDFCFIRSTB_2026-04-25,2026-03-01,0.4,0.56,73.07,79.2,-28.57,-7.74,4.52
2026-04-30,IDFCFIRSTB,69.4958417198163,69.79496604568828,68.72810044041466,69.43601989746094,24354003,-0.7270143913966409,1.5351502749975467,3,2026-04-25,2026-04-30,False,2026-04-27,IDFCFIRSTB_2026-04-25,2026-03-01,0.4,0.56,73.07,79.2,-28.57,-7.74,4.52
2026-04-22,AUBANK,1035.993930067469,1053.3770734387267,1031.0487812071092,1042.1878662109375,2050971,0.510640872837409,2.1552531905436356,-3,2026-04-27,2026-04-22,True,2026-04-27,AUBANK_2026-04-27,2026-03-01,,10.12,,30.15,,,
2026-04-23,AUBANK,1038.041956053542,1058.1723088375916,1034.295594326702,1055.2252197265625,5696020,1.2509600177005087,2.300168540553479,-2,2026-04-27,2026-04-23,True,2026-04-27,AUBANK_2026-04-27,2026-03-01,,10.12,,30.15,,,
2026-04-24,AUBANK,1057.6727588592832,1078.502626931121,1046.2339168801593,1064.6160888671875,4259236,0.8899397934270858,3.0509162480240186,-1,2026-04-27,2026-04-24,True,2026-04-27,AUBANK_2026-04-27,2026-03-01,,10.12,,30.15,,,
2026-04-27,AUBANK,1055.97445371487,1058.8716644020974,1027.0025907463446,1041.988037109375,1933016,-2.125465883376798,3.0179777118318394,0,2026-04-27,2026-04-27,True,2026-04-27,AUBANK_2026-04-27,2026-03-01,11.1,10.12,33.13,30.15,9.68,9.88,-4.02
2026-04-28,AUBANK,1061.868810218619,1061.868810218619,1016.1131961062893,1021.8076782226562,5915671,-1.9367169456860567,4.308970531200513,1,2026-04-27,2026-04-28,True,2026-04-27,AUBANK_2026-04-27,2026-03-01,11.1,10.12,33.13,30.15,9.68,9.88,-4.02
2026-04-29,AUBANK,1029.5002285107253,1036.1936795174754,1012.5167215872102,1016.6627197265624,1345598,-0.5035153489003963,2.2998497012979073,2,2026-04-27,2026-04-29,True,2026-04-27,AUBANK_2026-04-27,2026-03-01,11.1,10.12,33.13,30.15,9.68,9.88,-4.02
2026-04-30,AUBANK,1009.669509630226,1024.9545926696244,997.031758046178,1014.96435546875,1815610,-0.1670528706186003,2.7655420270809876,3,2026-04-27,2026-04-30,True,2026-04-27,AUBANK_2026-04-27,2026-03-01,11.1,10.12,33.13,30.15,9.68,9.88,-4.02
2026-04-23,BANDHANBNK,172.23704132915884,173.17887444756622,169.62965260695688,172.40557861328125,9829448,-1.484261664615627,2.060661175563557,-3,2026-04-28,2026-04-23,True,2026-04-28,BANDHANBNK_2026-04-28,2026-03-01,,2.56,,34.71,,,
2026-04-24,BANDHANBNK,172.31636561384752,173.57545613578804,167.3494243717462,173.16897583007812,10835824,0.44279148211858743,3.6131401343468825,-2,2026-04-28,2026-04-24,True,2026-04-28,BANDHANBNK_2026-04-28,2026-03-01,,2.56,,34.71,,,
2026-04-27,BANDHANBNK,173.09958390268935,181.03083603792987,172.5741396589427,180.30709838867188,14244510,4.122056231133464,4.885451592847987,-1,2026-04-28,2026-04-27,True,2026-04-28,BANDHANBNK_2026-04-28,2026-03-01,,2.56,,34.71,,,
2026-04-28,BANDHANBNK,178.11609157763866,181.51660853799163,176.17292822339243,177.11476135253906,8518404,-1.77049992188959,3.0001109205059957,0,2026-04-28,2026-04-28,True,2026-04-28,BANDHANBNK_2026-04-28,2026-03-01,3.3,2.56,35.66,34.71,28.91,2.74,9.03
2026-04-29,BANDHANBNK,184.4115220957704,202.6831522007126,184.4115220957704,196.59591674804688,127812255,10.999170959404925,9.908074016900745,1,2026-04-28,2026-04-29,True,2026-04-28,BANDHANBNK_2026-04-28,2026-03-01,3.3,2.56,35.66,34.71,28.91,2.74,9.03
2026-04-30,BANDHANBNK,196.29848749126165,200.2244638972585,192.7988237477163,198.0037078857422,27193264,0.7160836099660672,3.7828310571535773,2,2026-04-28,2026-04-30,True,2026-04-28,BANDHANBNK_2026-04-28,2026-03-01,3.3,2.56,35.66,34.71,28.91,2.74,9.03
2026-05-04,BANDHANBNK,200.9580921512037,210.83250743076096,199.57012911866025,204.9832000732422,40101677,3.5249300440007403,5.604341776705731,3,2026-04-28,2026-05-04,True,2026-04-28,BANDHANBNK_2026-04-28,2026-03-01,3.3,2.56,35.66,34.71,28.91,2.74,9.03
2026-04-23,FEDERALBNK,293.9457764670717,295.6399701168599,292.5505188083753,294.39422607421875,3657050,-0.35419894638983873,1.051027623399349,-3,2026-04-28,2026-04-23,True,2026-04-28,FEDERALBNK_2026-04-28,2026-03-01,,4.93,,38.49,,,
2026-04-24,FEDERALBNK,294.992196665689,297.28435359593266,290.2583691854119,292.0024108886719,7243806,-0.8124531576050309,2.38175263275972,-2,2026-04-28,2026-04-24,True,2026-04-28,FEDERALBNK_2026-04-28,2026-03-01,,4.93,,38.49,,,
2026-04-27,FEDERALBNK,293.6966393839747,296.636577193777,291.80308403262427,293.048828125,3880432,0.35835910845511965,1.6457434348894535,-1,2026-04-28,2026-04-27,True,2026-04-28,FEDERALBNK_2026-04-28,2026-03-01,,4.93,,38.49,,,
2026-04-28,FEDERALBNK,291.8529350928218,294.8427209457508,289.0126324498043,289.610595703125,6666139,-1.1732626415446479,1.9976117403418487,0,2026-04-28,2026-04-28,True,2026-04-28,FEDERALBNK_2026-04-28,2026-03-01,5.05,4.93,43.18,38.49,2.43,12.18,-3.16
2026-04-29,FEDERALBNK,294.9921832130707,300.6727880958183,281.58796542525107,283.7804870605469,21186876,-2.0130854081576777,6.4696028425886825,1,2026-04-28,2026-04-29,True,2026-04-28,FEDERALBNK_2026-04-28,2026-03-01,5.05,4.93,43.18,38.49,2.43,12.18,-3.16
2026-04-30,FEDERALBNK,283.73068312249944,286.9696177224655,279.0466732278482,285.9730224609375,13939720,0.7726166880257734,2.7924172343378886,2,2026-04-28,2026-04-30,True,2026-04-28,FEDERALBNK_2026-04-28,2026-03-01,5.05,4.93,43.18,38.49,2.43,12.18,-3.16
2026-05-04,FEDERALBNK,289.0126394386328,290.6570156147727,286.4214855540341,288.16552734375,5494699,0.7666824177836595,1.465517241379315,3,2026-04-28,2026-05-04,True,2026-04-28,FEDERALBNK_2026-04-28,2026-03-01,5.05,4.93,43.18,38.49,2.43,12.18,-3.16
2026-04-28,KOTAKBANK,371.3588571544845,382.5894677539144,371.3588571544845,377.2986145019531,12852733,0.30520776828775187,3.024193548387075,-3,2026-05-02,2026-04-28,False,2026-05-04,KOTAKBANK_2026-05-02,2026-03-01,,3.53,,111.14,,,
2026-04-29,KOTAKBANK,377.3485380642077,385.3846521518042,376.8993014281381,381.3416442871094,7913344,1.0715729212239955,2.2486772486772635,-2,2026-05-02,2026-04-29,False,2026-05-04,KOTAKBANK_2026-05-02,2026-03-01,,3.53,,111.14,,,
2026-04-30,KOTAKBANK,375.9509394468392,386.1832736658432,374.653161705928,382.6393737792969,24812228,0.3403062612302721,3.0669193105037014,-1,2026-05-02,2026-04-30,False,2026-05-04,KOTAKBANK_2026-05-02,2026-03-01,,3.53,,111.14,,,
2026-05-04,KOTAKBANK,378.2469651779448,381.39153010501576,362.3743746934591,371.0094604492188,74467483,-3.03939273556989,5.02770865659427,0,2026-05-02,2026-05-04,False,2026-05-04,KOTAKBANK_2026-05-02,2026-03-01,4.0,3.53,109.92,111.14,13.31,-1.1,-3.04
2026-05-05,KOTAKBANK,370.3605885804022,374.8528329162831,368.11446641246175,370.7099914550781,19084772,-0.08071734714745205,1.819407008086255,1,2026-05-02,2026-05-05,False,2026-05-04,KOTAKBANK_2026-05-02,2026-03-01,4.0,3.53,109.92,111.14,13.31,-1.1,-3.04
2026-05-06,KOTAKBANK,373.35543310528345,379.3450924599137,365.0198177437599,375.9509582519531,36195481,1.4137646455936181,3.8369000276779595,2,2026-05-02,2026-05-06,False,2026-05-04,KOTAKBANK_2026-05-02,2026-03-01,4.0,3.53,109.92,111.14,13.31,-1.1,-3.04
2026-05-07,KOTAKBANK,375.4518237751584,381.79088608267705,373.6549076715796,378.7461242675781,27286751,0.7434921907425451,2.1669833240628247,3,2026-05-02,2026-05-07,False,2026-05-04,KOTAKBANK_2026-05-02,2026-03-01,4.0,3.53,109.92,111.14,13.31,-1.1,-3.04
2026-04-29,PNB,108.46599871977652,109.43774209955436,107.73719118494311,108.0384292602539,13295763,-0.18853134798856308,1.5678193486279877,-3,2026-05-05,2026-04-29,True,2026-05-05,PNB_2026-05-05,2026-03-01,,4.13,,157.34,,,
2026-04-30,PNB,107.66917218892767,107.66917218892767,105.05518005828569,106.26985931396484,16391067,-1.6369822834324532,2.4277999705014945,-2,2026-05-05,2026-04-30,True,2026-05-05,PNB_2026-05-05,2026-03-01,,4.13,,157.34,,,
2026-05-04,PNB,106.40589909164014,108.52429993631849,105.07460800480838,105.60906982421876,16736881,-0.6218032977665211,3.242011919413526,-1,2026-05-05,2026-05-04,True,2026-05-05,PNB_2026-05-05,2026-03-01,,4.13,,157.34,,,
2026-05-05,PNB,105.72568255018768,108.26193336127042,102.47033630104288,104.84139251708984,57260623,-0.7269047141563512,5.47794719365211,0,2026-05-05,2026-05-05,True,2026-05-05,PNB_2026-05-05,2026-03-01,4.55,4.13,145.42,157.34,10.17,-7.58,1.38
2026-05-06,PNB,107.29019278257137,108.58260587525194,104.84139525302264,107.06668853759766,44447197,2.1225357342950835,3.4870014911903855,1,2026-05-05,2026-05-06,True,2026-05-05,PNB_2026-05-05,2026-03-01,4.55,4.13,145.42,157.34,10.17,-7.58,1.38
2026-05-07,PNB,107.81492845033652,107.86351858639648,105.92003176501996,106.02692413330078,28046754,-0.9711371655356182,1.8026138395776654,2,2026-05-05,2026-05-07,True,2026-05-05,PNB_2026-05-05,2026-03-01,4.55,4.13,145.42,157.34,10.17,-7.58,1.38
2026-05-08,PNB,105.82286021353572,105.82286021353572,103.60728639601628,104.2097625732422,26751702,-1.7138680339099377,2.0936627615703483,3,2026-05-05,2026-05-08,True,2026-05-05,PNB_2026-05-05,2026-03-01,4.55,4.13,145.42,157.34,10.17,-7.58,1.38
2026-05-05,BANKBARODA,257.08484545818123,257.4723072947553,253.3554624630881,255.1475067138672,6130906,-0.6412697212974439,1.601356479931788,-3,2026-05-08,2026-05-05,True,2026-05-08,BANKBARODA_2026-05-08,2026-03-01,,8.94,,152.22,,,
2026-05-06,BANKBARODA,260.2814819409465,262.8968716075566,254.56630878049,261.8313293457031,17657931,2.619591591514725,3.200597585715549,-2,2026-05-08,2026-05-06,True,2026-05-08,BANKBARODA_2026-05-08,2026-03-01,,8.94,,152.22,,,
2026-05-07,BANKBARODA,262.7515572317741,263.3811863875065,258.7315854020833,261.8797607421875,10221403,0.018497173965159597,1.7695807531682015,-1,2026-05-08,2026-05-07,True,2026-05-08,BANKBARODA_2026-05-08,2026-03-01,,8.94,,152.22,,,
2026-05-08,BANKBARODA,261.2985575558183,261.2985575558183,251.1759510085043,255.6318359375,16922683,-2.3857990350153013,3.8739618932460527,0,2026-05-08,2026-05-08,True,2026-05-08,BANKBARODA_2026-05-08,2026-03-01,10.86,8.94,164.61,152.22,21.48,8.14,-1.61
2026-05-11,BANKBARODA,257.56917329564953,261.2501345488376,254.13040894050417,257.6660461425781,26039714,0.7957577731341203,2.7641994254339908,1,2026-05-08,2026-05-11,True,2026-05-08,BANKBARODA_2026-05-08,2026-03-01,10.86,8.94,164.61,152.22,21.48,8.14,-1.61
2026-05-12,BANKBARODA,255.6802803299445,259.07062296972015,251.0306498299585,251.8056030273437,9935242,-2.2744335945573457,3.1445417415009143,2,2026-05-08,2026-05-12,True,2026-05-08,BANKBARODA_2026-05-08,2026-03-01,10.86,8.94,164.61,152.22,21.48,8.14,-1.61
2026-05-13,BANKBARODA,252.53211338997204,256.0192994287174,250.0135671475338,253.45233154296875,14028629,0.6539681785580509,2.378205369829241,3,2026-05-08,2026-05-13,True,2026-05-08,BANKBARODA_2026-05-08,2026-03-01,10.86,8.94,164.61,152.22,21.48,8.14,-1.61
2026-05-05,SBIN,1041.821102831169,1049.581250235382,1030.8194568287804,1041.133544921875,12194631,-0.7955809716116535,1.800865173072039,-3,2026-05-08,2026-05-05,True,2026-05-08,SBIN_2026-05-08,2026-03-01,,20.75,,663.4,,,
2026-05-06,SBIN,1053.019301365762,1081.6040364042549,1042.4104768585712,1076.5943603515625,14384779,3.405981451913398,3.722017202804335,-2,2026-05-08,2026-05-06,True,2026-05-08,SBIN_2026-05-08,2026-03-01,,20.75,,663.4,,,
2026-05-07,SBIN,1086.4172785832332,1088.381866790436,1066.8696019397742,1072.6651611328125,16105163,-0.3649656141117896,1.980110706515594,-1,2026-05-08,2026-05-07,True,2026-05-08,SBIN_2026-05-08,2026-03-01,,20.75,,663.4,,,
2026-05-08,SBIN,1070.7005210892246,1075.6119913694504,993.0010852378408,1001.2523193359376,48065909,-6.657514794407771,7.7155940904529885,0,2026-05-08,2026-05-08,True,2026-05-08,SBIN_2026-05-08,2026-03-01,21.32,20.75,616.94,663.4,2.75,-7.0,-10.84
2026-05-11,SBIN,989.1701581334676,989.1701581334676,953.9057759818752,956.3615112304688,46927396,-4.483466079283782,3.5650471116248728,1,2026-05-08,2026-05-11,True,2026-05-08,SBIN_2026-05-08,2026-03-01,21.32,20.75,616.94,663.4,2.75,-7.0,-10.84
2026-05-12,SBIN,959.6031354409056,964.0234589147168,945.3598709141812,957.3438110351562,25787092,0.10271218500037538,1.94492778433454,2,2026-05-08,2026-05-12,True,2026-05-08,SBIN_2026-05-08,2026-03-01,21.32,20.75,616.94,663.4,2.75,-7.0,-10.84
2026-05-13,SBIN,960.6836091187948,963.8269621620208,944.1810805849492,952.9234619140624,17584580,-0.46173057893529323,2.044989775051136,3,2026-05-08,2026-05-13,True,2026-05-08,SBIN_2026-05-08,2026-03-01,21.32,20.75,616.94,663.4,2.75,-7.0,-10.84
2026-05-06,CANBK,132.8476440947083,133.94156299852585,130.21450436319822,133.63177490234375,23655306,2.77714600900123,2.8055135344896165,-3,2026-05-11,2026-05-06,True,2026-05-11,CANBK_2026-05-11,2026-03-01,,5.05,,163.71,,,
2026-05-07,CANBK,134.3675155728598,134.46431327524118,131.2116120907327,131.5891571044922,25338776,-1.5285419948543488,2.420749666049104,-2,2026-05-11,2026-05-07,True,2026-05-11,CANBK_2026-05-11,2026-03-01,,5.05,,163.71,,,
2026-05-08,CANBK,130.68886892093303,131.36651195362842,129.52719304038234,130.04994201660156,16998224,-1.169712704116166,1.4074028862847268,-1,2026-05-11,2026-05-08,True,2026-05-11,CANBK_2026-05-11,2026-03-01,,5.05,,163.71,,,
2026-05-11,CANBK,128.7720969528026,134.94834575775553,124.473883101566,125.2967300415039,71593041,-3.654912798416232,8.134108944446728,0,2026-05-11,2026-05-11,True,2026-05-11,CANBK_2026-05-11,2026-03-01,5.0,5.05,146.32,163.71,-0.99,-10.62,-3.22
2026-05-12,CANBK,123.5832698181435,128.12350027825036,123.36061145919314,125.85821533203124,29525188,0.4481244565132325,3.8539915848366517,1,2026-05-11,2026-05-12,True,2026-05-11,CANBK_2026-05-11,2026-03-01,5.0,5.05,146.32,163.71,-0.99,-10.62,-3.22
2026-05-13,CANBK,126.29385463023904,127.0102137769385,123.81560147658438,125.13216400146484,21722400,-0.5768803638689479,2.529507322194935,2,2026-05-11,2026-05-13,True,2026-05-11,CANBK_2026-05-11,2026-03-01,5.0,5.05,146.32,163.71,-0.99,-10.62,-3.22
2026-05-14,CANBK,125.75172852501652,128.7043318644036,123.16700226427852,126.66171264648438,27954529,1.2223465143635037,4.403382494279992,3,2026-05-11,2026-05-14,True,2026-05-11,CANBK_2026-05-11,2026-03-01,5.0,5.05,146.32,163.71,-0.99,-10.62,-3.22
2026-07-10,UNIONBANK,157.8000030517578,165.5,157.60000610351562,164.50999450683594,24598550,4.610199830373807,5.006333170914583,-3,2026-07-15,2026-07-10,True,2026-07-15,UNIONBANK_2026-07-15,2026-06-01,,5.3,,142.78,,,
2026-07-13,UNIONBANK,163.0,170.75,162.50999450683594,170.38999938964844,30404181,3.5742538928649426,5.055218093965682,-2,2026-07-15,2026-07-13,True,2026-07-15,UNIONBANK_2026-07-15,2026-06-01,,5.3,,142.78,,,
2026-07-14,UNIONBANK,170.0,171.4199981689453,167.17999267578125,170.6699981689453,15703329,0.1643281767121696,2.4941208783318016,-1,2026-07-15,2026-07-14,True,2026-07-15,UNIONBANK_2026-07-15,2026-06-01,,5.3,,142.78,,,
2026-07-15,UNIONBANK,171.2100067138672,177.49000549316406,168.6999969482422,172.3800048828125,60853488,1.001937500564365,5.134050698106728,0,2026-07-15,2026-07-15,True,2026-07-15,UNIONBANK_2026-07-15,2026-06-01,7.0,5.3,146.4,142.78,32.08,2.54,-1.11
2026-07-16,UNIONBANK,175.0500030517578,175.08999633789062,168.0500030517578,168.77000427246094,13286469,-2.094210760004167,4.021704177892111,1,2026-07-15,2026-07-16,True,2026-07-15,UNIONBANK_2026-07-15,2026-06-01,7.0,5.3,146.4,142.78,32.08,2.54,-1.11
2026-07-17,UNIONBANK,169.0,169.4199981689453,166.25,168.4600067138672,10762360,-0.18368048275527737,1.8757385615061022,2,2026-07-15,2026-07-17,True,2026-07-15,UNIONBANK_2026-07-15,2026-06-01,7.0,5.3,146.4,142.78,32.08,2.54,-1.11
2026-07-20,UNIONBANK,168.0,177.2899932861328,167.77000427246094,175.92999267578125,36352077,4.434278561202953,5.666660127185639,3,2026-07-15,2026-07-20,True,2026-07-15,UNIONBANK_2026-07-15,2026-06-01,7.0,5.3,146.4,142.78,32.08,2.54,-1.11
2026-07-14,FEDERALBNK,329.8730321520157,331.6668914604847,325.0395390422802,326.38494873046875,3477293,-1.5037578751078473,2.0090616001463313,-3,2026-07-17,2026-07-14,True,2026-07-17,FEDERALBNK_2026-07-17,2026-06-01,,4.63,,38.82,,,
2026-07-15,FEDERALBNK,327.38153104612826,329.57405270414364,324.4914109795971,326.43475341796875,2909042,0.015259492722852208,1.5525132735207308,-2,2026-07-17,2026-07-15,True,2026-07-17,FEDERALBNK_2026-07-17,2026-06-01,,4.63,,38.82,,,
2026-07-16,FEDERALBNK,327.43134903248693,328.8266066785282,322.8968529238708,325.4880065917969,9916604,-0.2900263578736184,1.8109914558208804,-1,2026-07-17,2026-07-16,True,2026-07-17,FEDERALBNK_2026-07-17,2026-06-01,,4.63,,38.82,,,
2026-07-17,FEDERALBNK,327.5808659528668,349.8049275308079,322.2988929584713,347.8117370605469,44155126,6.858541641058613,8.396715874209283,0,2026-07-17,2026-07-17,True,2026-07-17,FEDERALBNK_2026-07-17,2026-06-01,4.6,4.63,39.94,38.82,-0.65,2.89,7.39
2026-07-20,FEDERALBNK,340.3372800124176,351.00086141985736,340.3372800124176,349.5557861328125,10483345,0.5014347954456877,3.1332392992770894,1,2026-07-17,2026-07-20,True,2026-07-17,FEDERALBNK_2026-07-17,2026-06-01,4.6,4.63,39.94,38.82,-0.65,2.89,7.39
2026-07-21,FEDERALBNK,349.90460963876785,355.5353669000705,349.7551264291831,354.8377380371094,6342305,1.5110469097742385,1.651947505594388,2,2026-07-17,2026-07-21,True,2026-07-17,FEDERALBNK_2026-07-17,2026-06-01,4.6,4.63,39.94,38.82,-0.65,2.89,7.39
2026-07-22,FEDERALBNK,352.89438377294664,356.03365272473377,350.3032300426702,352.0472717285156,4288304,-0.7864062948969464,1.6238350468480571,3,2026-07-17,2026-07-22,True,2026-07-17,FEDERALBNK_2026-07-17,2026-06-01,4.6,4.63,39.94,38.82,-0.65,2.89,7.39
2026-07-14,YESBANK,23.75,23.850000381469727,23.5,23.61000061035156,61791520,-0.7148867593995467,1.4736858167146383,-3,2026-07-17,2026-07-14,True,2026-07-17,YESBANK_2026-07-17,2026-06-01,,0.24,,41.24,,,
2026-07-15,YESBANK,23.690000534057617,23.81999969482422,23.520000457763672,23.600000381469727,44964825,-0.042355902682389424,1.2663538636449456,-2,2026-07-17,2026-07-15,True,2026-07-17,YESBANK_2026-07-17,2026-06-01,,0.24,,41.24,,,
2026-07-16,YESBANK,23.799999237060547,23.8700008392334,23.57999992370605,23.75,53414170,0.63559159366815,1.2184912807718404,-1,2026-07-17,2026-07-16,True,2026-07-17,YESBANK_2026-07-17,2026-06-01,,0.24,,41.24,,,
2026-07-17,YESBANK,23.75,23.75,23.209999084472656,23.61000061035156,75453831,-0.5894711143092257,2.2736880653782894,0,2026-07-17,2026-07-17,True,2026-07-17,YESBANK_2026-07-17,2026-06-01,0.34,0.24,98.42,41.24,41.67,138.65,-3.45
2026-07-20,YESBANK,23.64999961853028,23.64999961853028,22.709999084472656,22.93000030517578,133383727,-2.88013675390435,3.9746323434234383,1,2026-07-17,2026-07-20,True,2026-07-17,YESBANK_2026-07-17,2026-06-01,0.34,0.24,98.42,41.24,41.67,138.65,-3.45
2026-07-21,YESBANK,22.950000762939453,23.309999465942383,22.950000762939453,23.13999938964844,76817417,0.9158267844648016,1.5686217474304816,2,2026-07-17,2026-07-21,True,2026-07-17,YESBANK_2026-07-17,2026-06-01,0.34,0.24,98.42,41.24,41.67,138.65,-3.45
2026-07-22,YESBANK,23.15999984741211,23.75,23.0,23.239999771118164,167363949,0.4321537774735429,3.2383419902474864,3,2026-07-17,2026-07-22,True,2026-07-17,YESBANK_2026-07-17,2026-06-01,0.34,0.24,98.42,41.24,41.67,138.65,-3.45
2026-07-15,AXISBANK,1328.0,1348.0,1303.300048828125,1312.300048828125,9442403,-0.4022409574996888,3.3659601786050453,-3,2026-07-18,2026-07-15,False,2026-07-20,AXISBANK_2026-07-18,2026-06-01,,22.99,,216.43,,,
2026-07-16,AXISBANK,1315.0999755859375,1315.5,1299.4000244140625,1307.5999755859375,5001226,-0.35815538118623147,1.224239668833103,-2,2026-07-18,2026-07-16,False,2026-07-20,AXISBANK_2026-07-18,2026-06-01,,22.99,,216.43,,,
2026-07-17,AXISBANK,1307.0,1333.0,1305.0,1328.5,11192836,1.5983500156228736,2.1423106350420813,-1,2026-07-18,2026-07-17,False,2026-07-20,AXISBANK_2026-07-18,2026-06-01,,22.99,,216.43,,,
2026-07-20,AXISBANK,1275.0,1284.0,1249.0999755859375,1256.0,25314148,-5.457282649604823,2.7372568167892157,0,2026-07-18,2026-07-20,False,2026-07-20,AXISBANK_2026-07-18,2026-06-01,22.9,22.99,213.82,216.43,-0.39,-1.21,-5.46
2026-07-21,AXISBANK,1245.0,1267.699951171875,1244.5,1258.199951171875,15014867,0.1751553480792145,1.863449893323293,1,2026-07-18,2026-07-21,False,2026-07-20,AXISBANK_2026-07-18,2026-06-01,22.9,22.99,213.82,216.43,-0.39,-1.21,-5.46
2026-07-22,AXISBANK,1258.199951171875,1258.199951171875,1230.5,1238.4000244140625,8358923,-1.5736709208557076,2.2015539856026494,2,2026-07-18,2026-07-22,False,2026-07-20,AXISBANK_2026-07-18,2026-06-01,22.9,22.99,213.82,216.43,-0.39,-1.21,-5.46
2026-07-23,AXISBANK,1230.0999755859375,1239.4000244140625,1219.199951171875,1223.0,8240787,-1.2435419985839302,1.642148901967544,3,2026-07-18,2026-07-23,False,2026-07-20,AXISBANK_2026-07-18,2026-06-01,22.9,22.99,213.82,216.43,-0.39,-1.21,-5.46
2026-07-15,HDFCBANK,811.0,819.7000122070312,809.7000122070312,815.4500122070312,21488739,0.7474657289945563,1.2330456226880395,-3,2026-07-18,2026-07-15,False,2026-07-20,HDFCBANK_2026-07-18,2026-06-01,,12.6,,472.33,,,
2026-07-16,HDFCBANK,814.5,818.0,806.5,808.2999877929688,18698186,-0.8768194625089043,1.4119091467157765,-2,2026-07-18,2026-07-16,False,2026-07-20,HDFCBANK_2026-07-18,2026-06-01,,12.6,,472.33,,,
2026-07-17,HDFCBANK,810.0,823.7000122070312,808.5,819.5999755859375,17415322,1.3979943045431487,1.8765447169174383,-1,2026-07-18,2026-07-17,False,2026-07-20,HDFCBANK_2026-07-18,2026-06-01,,12.6,,472.33,,,
2026-07-20,HDFCBANK,790.0,790.0,774.5499877929688,777.5999755859375,56061789,-5.1244511043297525,1.9556977477254747,0,2026-07-18,2026-07-20,False,2026-07-20,HDFCBANK_2026-07-18,2026-06-01,12.4,12.6,463.56,472.33,-1.59,-1.86,-5.12
2026-07-21,HDFCBANK,769.1500244140625,772.5,760.0999755859375,761.4500122070312,42246009,-2.076898647886005,1.6121724007626241,1,2026-07-18,2026-07-21,False,2026-07-20,HDFCBANK_2026-07-18,2026-06-01,12.4,12.6,463.56,472.33,-1.59,-1.86,-5.12
2026-07-22,HDFCBANK,760.25,761.3499755859375,750.3499755859375,753.1500244140625,23385446,-1.0900239884311769,1.4468924695823742,2,2026-07-18,2026-07-22,False,2026-07-20,HDFCBANK_2026-07-18,2026-06-01,12.4,12.6,463.56,472.33,-1.59,-1.86,-5.12
2026-07-23,HDFCBANK,749.4000244140625,751.0,743.25,747.25,32532090,-0.7833797016275179,1.0341606281717879,3,2026-07-18,2026-07-23,False,2026-07-20,HDFCBANK_2026-07-18,2026-06-01,12.4,12.6,463.56,472.33,-1.59,-1.86,-5.12
2026-07-15,ICICIBANK,1401.0881343697583,1416.061873669893,1397.4189938599209,1404.3604736328125,12961648,0.603822964528522,1.3306000780856013,-3,2026-07-18,2026-07-15,False,2026-07-20,ICICIBANK_2026-07-18,2026-06-01,,18.83,,315.18,,,
2026-07-16,ICICIBANK,1408.2278901435363,1411.797769807721,1394.4440704195183,1406.34375,10165264,0.14122274191163964,1.2323076051585498,-2,2026-07-18,2026-07-16,False,2026-07-20,ICICIBANK_2026-07-18,2026-06-01,,18.83,,315.18,,,
2026-07-17,ICICIBANK,1410.2112272612976,1442.935347434669,1407.8312670387277,1432.2257080078125,11112550,1.8403721001933215,2.489278181688798,-1,2026-07-18,2026-07-17,False,2026-07-20,ICICIBANK_2026-07-18,2026-06-01,,18.83,,315.18,,,
2026-07-20,ICICIBANK,1432.4239762420166,1467.6271961496604,1427.4657762550246,1447.99267578125,22236415,1.1008717191209216,2.8037383177570008,0,2026-07-18,2026-07-20,False,2026-07-20,ICICIBANK_2026-07-18,2026-06-01,20.62,18.83,329.6,315.18,9.51,4.58,1.1
2026-07-21,ICICIBANK,1457.7107481698004,1461.578168242252,1444.4227484323062,1450.868408203125,18269907,0.19860130993571978,1.17687406994049,1,2026-07-18,2026-07-21,False,2026-07-20,ICICIBANK_2026-07-18,2026-06-01,20.62,18.83,329.6,315.18,9.51,4.58,1.1
2026-07-22,ICICIBANK,1454.1408592092237,1454.1408592092237,1426.374940373995,1428.6556396484375,8345136,-1.530998154560248,1.9094380478606443,2,2026-07-18,2026-07-22,False,2026-07-20,ICICIBANK_2026-07-18,2026-06-01,20.62,18.83,329.6,315.18,9.51,4.58,1.1
2026-07-23,ICICIBANK,1420.5242697074934,1433.9114094220142,1414.673569622298,1422.606689453125,12409328,-0.42340155510119937,1.3542774460078506,3,2026-07-18,2026-07-23,False,2026-07-20,ICICIBANK_2026-07-18,2026-06-01,20.62,18.83,329.6,315.18,9.51,4.58,1.1
2026-07-15,KOTAKBANK,378.69620814243245,382.1402438955259,375.6015448032169,377.7478332519531,8082156,-0.0660249911615507,1.726634424036724,-3,2026-07-18,2026-07-15,False,2026-07-20,KOTAKBANK_2026-07-18,2026-06-01,,4.06,,111.02,,,
2026-07-16,KOTAKBANK,376.8494028903784,380.5929400051835,375.9010279686346,376.5,10889356,-0.3303349859642535,1.245036346233439,-2,2026-07-18,2026-07-16,False,2026-07-20,KOTAKBANK_2026-07-18,2026-06-01,,4.06,,111.02,,,
2026-07-17,KOTAKBANK,377.5,391.7999877929688,375.7000122070313,389.9500122070313,17847316,3.5723804002739223,4.264894194950331,-1,2026-07-18,2026-07-17,False,2026-07-20,KOTAKBANK_2026-07-18,2026-06-01,,4.06,,111.02,,,
2026-07-20,KOTAKBANK,382.0,383.75,376.1000061035156,382.0499877929688,32539419,-2.025906953906753,2.002616203268161,0,2026-07-18,2026-07-20,False,2026-07-20,KOTAKBANK_2026-07-18,2026-06-01,4.1,4.06,112.67,111.02,0.99,1.49,-2.03
2026-07-21,KOTAKBANK,383.0,386.9500122070313,381.0499877929688,385.9500122070313,17152911,1.0208152175562812,1.5404763483191908,1,2026-07-18,2026-07-21,False,2026-07-20,KOTAKBANK_2026-07-18,2026-06-01,4.1,4.06,112.67,111.02,0.99,1.49,-2.03
2026-07-22,KOTAKBANK,384.2999877929688,390.0,378.1499938964844,381.1499938964844,11688952,-1.2436891200231615,3.0835301795272225,2,2026-07-18,2026-07-22,False,2026-07-20,KOTAKBANK_2026-07-18,2026-06-01,4.1,4.06,112.67,111.02,0.99,1.49,-2.03
2026-07-23,KOTAKBANK,379.7000122070313,386.1000061035156,378.8500061035156,383.3500061035156,12720546,0.5772037891278892,1.909402098214034,3,2026-07-18,2026-07-23,False,2026-07-20,KOTAKBANK_2026-07-18,2026-06-01,4.1,4.06,112.67,111.02,0.99,1.49,-2.03
2026-07-15,PNB,105.5,106.93000030517578,104.87999725341795,105.70999908447266,11898610,0.6761896042596804,1.9431308547467552,-3,2026-07-18,2026-07-15,False,2026-07-20,PNB_2026-07-18,2026-06-01,,3.12,,150.44,,,
2026-07-16,PNB,106.08999633789062,106.08999633789062,104.9000015258789,105.22000122070312,11650044,-0.46353028853777234,1.121684280411937,-2,2026-07-18,2026-07-16,False,2026-07-20,PNB_2026-07-18,2026-06-01,,3.12,,150.44,,,
2026-07-17,PNB,105.25,106.0999984741211,104.58999633789062,105.7699966430664,14161891,0.522709956265488,1.434681364589519,-1,2026-07-18,2026-07-17,False,2026-07-20,PNB_2026-07-18,2026-06-01,,3.12,,150.44,,,
2026-07-20,PNB,108.26000213623048,111.9499969482422,107.4000015258789,111.76000213623048,118992976,5.663236913373537,4.202840691465852,0,2026-07-18,2026-07-20,False,2026-07-20,PNB_2026-07-18,2026-06-01,4.59,3.12,151.32,150.44,47.12,0.58,5.66
2026-07-21,PNB,111.6999969482422,113.37999725341795,111.30999755859376,112.08000183105467,28685665,0.2863275668464338,1.8531779331948903,1,2026-07-18,2026-07-21,False,2026-07-20,PNB_2026-07-18,2026-06-01,4.59,3.12,151.32,150.44,47.12,0.58,5.66
2026-07-22,PNB,112.08000183105467,112.81999969482422,110.3499984741211,110.7300033569336,20951785,-1.2044954069112324,2.203784065266447,2,2026-07-18,2026-07-22,False,2026-07-20,PNB_2026-07-18,2026-06-01,4.59,3.12,151.32,150.44,47.12,0.58,5.66
2026-07-23,PNB,110.0,111.0,109.5500030517578,110.1500015258789,10137716,-0.5237982601563496,1.318179043856547,3,2026-07-18,2026-07-23,False,2026-07-20,PNB_2026-07-18,2026-06-01,4.59,3.12,151.32,150.44,47.12,0.58,5.66
2026-07-16,BANDHANBNK,215.2640955577056,216.12661436132305,211.1695819218432,212.577377319336,7387473,-0.9698879307905806,2.3027678752637293,-3,2026-07-21,2026-07-16,True,2026-07-21,BANDHANBNK_2026-07-21,2026-06-01,,3.47,,34.11,,,
2026-07-17,BANDHANBNK,212.02219325839133,214.23302550266465,209.92041633348555,211.4174346923828,6777972,-0.5456566646838912,2.0340366746057206,-2,2026-07-21,2026-07-17,True,2026-07-21,BANDHANBNK_2026-07-21,2026-06-01,,3.47,,34.11,,,
2026-07-20,BANDHANBNK,211.7644378954524,212.04203050975443,207.76907084568,209.5238494873047,7759701,-0.8956618018912788,2.0177890615344825,-1,2026-07-21,2026-07-20,True,2026-07-21,BANDHANBNK_2026-07-21,2026-06-01,,3.47,,34.11,,,
2026-07-21,BANDHANBNK,210.0790256562791,214.0644839149765,204.82458344954188,207.0354156494141,12313601,-1.1876613779193579,4.398297467617018,0,2026-07-21,2026-07-21,True,2026-07-21,BANDHANBNK_2026-07-21,2026-06-01,3.1,3.47,35.24,34.11,-10.66,3.31,-17.9
2026-07-22,BANDHANBNK,186.3348545567576,190.56816468170985,168.10288904886423,172.009033203125,156943419,-16.91806319050333,12.05640012239508,1,2026-07-21,2026-07-22,True,2026-07-21,BANDHANBNK_2026-07-21,2026-06-01,3.1,3.47,35.24,34.11,-10.66,3.31,-17.9
2026-07-23,BANDHANBNK,172.0586069898368,174.48754997244328,163.4333731701407,164.41485595703125,44729469,-4.414987460063102,6.4246578510051116,2,2026-07-21,2026-07-23,True,2026-07-21,BANDHANBNK_2026-07-21,2026-06-01,3.1,3.47,35.24,34.11,-10.66,3.31,-17.9
2026-07-24,BANDHANBNK,164.07777656085105,166.2687915928503,160.55828044292565,164.5040740966797,29585433,0.05426403783836964,3.4803684384440787,3,2026-07-21,2026-07-24,True,2026-07-21,BANDHANBNK_2026-07-21,2026-06-01,3.1,3.47,35.24,34.11,-10.66,3.31,-17.9
2026-07-17,INDUSINDBK,1013.7999877929688,1031.199951171875,1010.0,1027.199951171875,2257757,1.3517465389121908,2.0911374459598346,-3,2026-07-22,2026-07-17,True,2026-07-22,INDUSINDBK_2026-07-22,2026-06-01,,9.14,,59.32,,,
2026-07-20,INDUSINDBK,1029.0,1034.6500244140625,1017.1500244140624,1032.8499755859375,1686017,0.5500413437147023,1.7006802721088545,-2,2026-07-22,2026-07-20,True,2026-07-22,INDUSINDBK_2026-07-22,2026-06-01,,9.14,,59.32,,,
2026-07-21,INDUSINDBK,1037.800048828125,1068.800048828125,1031.449951171875,1063.449951171875,5124543,2.9626737967029637,3.598968577658616,-1,2026-07-22,2026-07-21,True,2026-07-22,INDUSINDBK_2026-07-22,2026-06-01,,9.14,,59.32,,,
2026-07-22,INDUSINDBK,1058.0,1077.8499755859375,1055.6500244140625,1069.300048828125,5069159,0.5501055926330656,2.098294061613894,0,2026-07-22,2026-07-22,True,2026-07-22,INDUSINDBK_2026-07-22,2026-06-01,12.86,9.14,64.7,59.32,40.7,9.07,-5.45
2026-07-23,INDUSINDBK,1036.5999755859375,1042.199951171875,998.1500244140624,1005.5,7505583,-5.966524447281674,4.24946245372169,1,2026-07-22,2026-07-23,True,2026-07-22,INDUSINDBK_2026-07-22,2026-06-01,12.86,9.14,64.7,59.32,40.7,9.07,-5.45
2026-07-24,INDUSINDBK,1000.0,1003.4500122070312,984.0499877929688,996.0499877929688,1995292,-0.939832143911612,1.9400024414062502,2,2026-07-22,2026-07-24,True,2026-07-22,INDUSINDBK_2026-07-22,2026-06-01,12.86,9.14,64.7,59.32,40.7,9.07,-5.45
2026-07-27,INDUSINDBK,1003.0,1015.5999755859376,1000.0999755859376,1006.6500244140624,1979222,1.0642072939111236,1.5453639082751744,3,2026-07-22,2026-07-27,True,2026-07-22,INDUSINDBK_2026-07-22,2026-06-01,12.86,9.14,64.7,59.32,40.7,9.07,-5.45
2026-07-21,BANKBARODA,254.8500061035156,257.0,247.3000030517578,247.6999969482422,13458334,-2.8055754302666935,3.8061591979331637,-3,2026-07-24,2026-07-21,True,2026-07-24,BANKBARODA_2026-07-24,2026-06-01,,8.7,,161.92,,,
2026-07-22,BANKBARODA,247.9499969482422,247.9499969482422,244.3999938964844,245.75,8257873,-0.7872414098776259,1.4317415186332194,-2,2026-07-24,2026-07-22,True,2026-07-24,BANKBARODA_2026-07-24,2026-06-01,,8.7,,161.92,,,
2026-07-23,BANKBARODA,245.0,246.0,242.25,243.1499938964844,6041550,-1.0579882415119424,1.530612244897959,-1,2026-07-24,2026-07-23,True,2026-07-24,BANKBARODA_2026-07-24,2026-06-01,,8.7,,161.92,,,
2026-07-24,BANKBARODA,242.0,247.1000061035156,239.25,246.4499969482422,8475748,1.3571882108138977,3.243804175006445,0,2026-07-24,2026-07-24,True,2026-07-24,BANKBARODA_2026-07-24,2026-06-01,2.5,8.7,159.95,161.92,-71.26,-1.22,0.35
2026-07-27,BANKBARODA,243.5,247.6999969482422,241.8999938964844,244.0,14707217,-0.9941152276649157,2.3819314380935457,1,2026-07-24,2026-07-27,True,2026-07-24,BANKBARODA_2026-07-24,2026-06-01,2.5,8.7,159.95,161.92,-71.26,-1.22,0.35
2026-07-28,BANKBARODA,242.8000030517578,244.6999969482422,238.4499969482422,239.1999969482422,8526492,-1.9672143654745122,2.5741350582552025,2,2026-07-24,2026-07-28,True,2026-07-24,BANKBARODA_2026-07-24,2026-06-01,2.5,8.7,159.95,161.92,-71.26,-1.22,0.35
2026-07-29,BANKBARODA,239.8999938964844,244.8999938964844,239.3500061035156,243.3500061035156,10011406,1.7349536823662248,2.3134589137853823,3,2026-07-24,2026-07-29,True,2026-07-24,BANKBARODA_2026-07-24,2026-06-01,2.5,8.7,159.95,161.92,-71.26,-1.22,0.35
2026-07-22,AUBANK,1003.0259205134474,1003.0259205134474,974.753389331613,979.2490234375,1427212,-2.3024008046708233,2.8187238837618245,-3,2026-07-25,2026-07-22,False,2026-07-27,AUBANK_2026-07-25,2026-06-01,,10.8,,34.4,,,
2026-07-23,AUBANK,979.049214840442,988.3401798881276,959.0686186192086,977.75048828125,2396795,-0.15302901717375583,2.989794672751924,-2,2026-07-25,2026-07-23,False,2026-07-27,AUBANK_2026-07-25,2026-06-01,,10.8,,34.4,,,
2026-07-24,AUBANK,968.0598962183492,1014.914419197622,966.4614728956716,1003.0259399414062,1826523,2.5850615226576945,5.005159958720332,-1,2026-07-25,2026-07-24,False,2026-07-27,AUBANK_2026-07-25,2026-06-01,,10.8,,34.4,,,
2026-07-27,AUBANK,1020.0093970478056,1060.969617693212,1020.0093970478056,1051.1790771484375,5047131,4.80078682808982,4.015670910871693,0,2026-07-25,2026-07-27,False,2026-07-27,AUBANK_2026-07-25,2026-06-01,10.6,10.8,33.85,34.4,-1.85,-1.6,4.8
2026-07-28,AUBANK,1050.8794700068083,1058.5719506787102,1042.887231614441,1046.6834716796875,1569390,-0.4276726550670462,1.4925326368939043,1,2026-07-25,2026-07-28,False,2026-07-27,AUBANK_2026-07-25,2026-06-01,10.6,10.8,33.85,34.4,-1.85,-1.6,4.8
2026-07-29,AUBANK,1066.863957070997,1067.7631082891778,1038.9910010186777,1041.288818359375,1383599,-0.5154044624068987,2.6968862411934866,2,2026-07-25,2026-07-29,False,2026-07-27,AUBANK_2026-07-25,2026-06-01,10.6,10.8,33.85,34.4,-1.85,-1.6,4.8
2026-07-30,AUBANK,1038.990976958117,1039.2907346745292,1021.6078342994036,1029.699951171875,1294208,-1.1129349497634222,1.701930119441101,3,2026-07-25,2026-07-30,False,2026-07-27,AUBANK_2026-07-25,2026-06-01,10.6,10.8,33.85,34.4,-1.85,-1.6,4.8
2026-07-22,IDFCFIRSTB,81.11171822840082,81.16157481747045,79.48649535916665,80.48356628417969,13767011,-1.1511162539616593,2.065150997771958,-3,2026-07-25,2026-07-22,False,2026-07-27,IDFCFIRSTB_2026-07-25,2026-06-01,,0.74,,80.11,,,
2026-07-23,IDFCFIRSTB,79.97505940663589,80.9422194382492,79.4665510958505,79.66596984863281,11292250,-1.0158551283128037,1.8451606705230512,-2,2026-07-25,2026-07-23,False,2026-07-27,IDFCFIRSTB_2026-07-25,2026-06-01,,0.74,,80.11,,,
2026-07-24,IDFCFIRSTB,79.46654873436535,80.85247669506487,78.64895088987319,80.55335998535156,16260314,1.1138885755170191,2.7728973263422456,-1,2026-07-25,2026-07-24,False,2026-07-27,IDFCFIRSTB_2026-07-25,2026-06-01,,0.74,,80.11,,,
2026-07-27,IDFCFIRSTB,86.0472246820405,88.50001826783308,84.45190510135318,84.63137817382812,177923165,5.06250538676245,4.704524964562648,0,2026-07-25,2026-07-27,False,2026-07-27,IDFCFIRSTB_2026-07-25,2026-06-01,1.25,0.74,82.81,80.11,68.92,3.37,5.06
2026-07-28,IDFCFIRSTB,84.54164551758701,86.54576022752885,84.29237778376009,85.49883270263672,51450994,1.0249797977138986,2.665411147338019,1,2026-07-25,2026-07-28,False,2026-07-27,IDFCFIRSTB_2026-07-25,2026-06-01,1.25,0.74,82.81,80.11,68.92,3.37,5.06
2026-07-29,IDFCFIRSTB,85.4988306889042,85.84780398663311,84.32228670867003,84.77096557617188,19050886,-0.8513182033681677,1.7842551362062693,2,2026-07-25,2026-07-29,False,2026-07-27,IDFCFIRSTB_2026-07-25,2026-06-01,1.25,0.74,82.81,80.11,68.92,3.37,5.06
2026-07-30,IDFCFIRSTB,84.68123424090086,84.75102890159675,83.45483365204745,84.51173400878906,19103686,-0.30580230580230516,1.5306759061421897,3,2026-07-25,2026-07-30,False,2026-07-27,IDFCFIRSTB_2026-07-25,2026-06-01,1.25,0.74,82.81,80.11,68.92,3.37,5.06
2026-07-22,CANBK,127.5,127.5,125.25,126.45999908447266,13596346,-0.831240265446942,1.7647058823529411,-3,2026-07-27,2026-07-22,True,2026-07-27,CANBK_2026-07-27,2026-06-01,,4.44,,156.14,,,
2026-07-23,CANBK,126.0199966430664,127.41999816894533,124.9000015258789,125.22000122070312,13708492,-0.9805455264484397,1.9996799795225753,-2,2026-07-27,2026-07-23,True,2026-07-27,CANBK_2026-07-27,2026-06-01,,4.44,,156.14,,,
2026-07-24,CANBK,124.22000122070312,126.83000183105467,123.0,125.6500015258789,36714624,0.3433958640663981,3.0832408576859245,-1,2026-07-27,2026-07-24,True,2026-07-27,CANBK_2026-07-27,2026-06-01,,4.44,,156.14,,,
2026-07-27,CANBK,126.5,129.6999969482422,125.77999877929688,127.26000213623048,48778366,1.2813375175486863,3.0988127817749502,0,2026-07-27,2026-07-27,True,2026-07-27,CANBK_2026-07-27,2026-06-01,5.4,4.44,169.43,156.14,21.62,8.51,-1.12
2026-07-28,CANBK,127.16999816894533,127.16999816894533,124.0,124.23999786376952,31317720,-2.3730977697360767,2.4927248679629486,1,2026-07-27,2026-07-28,True,2026-07-27,CANBK_2026-07-27,2026-06-01,5.4,4.44,169.43,156.14,21.62,8.51,-1.12
2026-07-29,CANBK,124.5999984741211,125.5500030517578,124.0,124.72000122070312,17108935,0.38635171054972606,1.2439832028406705,2,2026-07-27,2026-07-29,True,2026-07-27,CANBK_2026-07-27,2026-06-01,5.4,4.44,169.43,156.14,21.62,8.51,-1.12
2026-07-30,CANBK,124.6999969482422,124.88999938964844,123.66000366210938,124.27999877929688,13652920,-0.3527922042172116,0.9863638794230144,3,2026-07-27,2026-07-30,True,2026-07-27,CANBK_2026-07-27,2026-06-01,5.4,4.44,169.43,156.14,21.62,8.51,-1.12
2026-08-03,SBIN,1035.0,1051.5,1031.5999755859375,1045.0,10507450,1.7130596814979526,1.9227076728562804,-3,2026-08-06,2026-08-03,True,2026-08-06,SBIN_2026-08-06,2026-06-01,,19.86,,587.33,,,
2026-08-04,SBIN,1047.5999755859375,1047.5999755859375,1030.9000244140625,1042.699951171875,8544184,-0.22010036632774677,1.594115269288211,-2,2026-08-06,2026-08-04,True,2026-08-06,SBIN_2026-08-06,2026-06-01,,19.86,,587.33,,,
2026-08-05,SBIN,1043.0,1055.0,1040.300048828125,1055.0,8707119,1.1796345453264134,1.4093912916466922,-1,2026-08-06,2026-08-05,True,2026-08-06,SBIN_2026-08-06,2026-06-01,,19.86,,587.33,,,
2026-08-06,SBIN,1052.5,1088.0999755859375,1052.5,1085.0,13822265,2.8436018957346043,3.382420483224466,0,2026-08-06,2026-08-06,True,2026-08-06,SBIN_2026-08-06,2026-06-01,22.88,19.86,629.15,587.33,15.21,7.12,4.0
2026-08-07,SBIN,1080.0999755859375,1124.5,1075.699951171875,1097.199951171875,29410622,1.1244194628456272,4.518104798738814,1,2026-08-06,2026-08-07,True,2026-08-06,SBIN_2026-08-06,2026-06-01,22.88,19.86,629.15,587.33,15.21,7.12,4.0
2026-08-10,SBIN,1108.0,1113.300048828125,1068.5999755859375,1071.0,16623448,-2.387892119744617,4.034302639186597,2,2026-08-06,2026-08-10,True,2026-08-06,SBIN_2026-08-06,2026-06-01,22.88,19.86,629.15,587.33,15.21,7.12,4.0
2026-08-11,SBIN,1071.0,1071.0,1060.4000244140625,1066.0,9456913,-0.46685340802987696,0.9897269454656863,3,2026-08-06,2026-08-11,True,2026-08-06,SBIN_2026-08-06,2026-06-01,22.88,19.86,629.15,587.33,15.21,7.12,4.0
