date,symbol,weight,weight_source
2023-01-02,AUBANK,2.489150219707826,RECONSTRUCTED
2023-01-02,AXISBANK,9.83289612608246,RECONSTRUCTED
2023-01-02,BANDHANBNK,1.6725972512049194,RECONSTRUCTED
2023-01-02,BANKBARODA,2.5056650744212416,RECONSTRUCTED
2023-01-02,FEDERALBNK,2.466041529905731,RECONSTRUCTED
2023-01-02,HDFCBANK,29.94336964966738,RECONSTRUCTED
2023-01-02,ICICIBANK,23.02772588324365,RECONSTRUCTED
2023-01-02,IDFCFIRSTB,1.5049059599370764,RECONSTRUCTED
2023-01-02,INDUSINDBK,5.538320241072245,RECONSTRUCTED
2023-01-02,KOTAKBANK,10.24629090101421,RECONSTRUCTED
2023-01-02,PNB,1.3224870765933083,RECONSTRUCTED
2023-01-02,SBIN,9.450550087149946,RECONSTRUCTED
2023-01-03,AUBANK,2.5247040312628,RECONSTRUCTED
2023-01-03,AXISBANK,9.67042868786413,RECONSTRUCTED
2023-01-03,BANDHANBNK,1.678328218452067,RECONSTRUCTED
2023-01-03,BANKBARODA,2.5016485554767103,RECONSTRUCTED
2023-01-03,FEDERALBNK,2.477713267021259,RECONSTRUCTED
2023-01-03,HDFCBANK,29.900499650121503,RECONSTRUCTED
2023-01-03,ICICIBANK,23.17336361117381,RECONSTRUCTED
2023-01-03,IDFCFIRSTB,1.5076469036246372,RECONSTRUCTED
2023-01-03,INDUSINDBK,5.501062260434651,RECONSTRUCTED
2023-01-03,KOTAKBANK,10.254697296901847,RECONSTRUCTED
2023-01-03,PNB,1.3142809674756124,RECONSTRUCTED
2023-01-03,SBIN,9.495626550190984,RECONSTRUCTED
2023-01-04,AUBANK,2.533812337099532,RECONSTRUCTED
2023-01-04,AXISBANK,9.6128936049601,RECONSTRUCTED
2023-01-04,BANDHANBNK,1.6630456175888473,RECONSTRUCTED
2023-01-04,BANKBARODA,2.539236307986523,RECONSTRUCTED
2023-01-04,FEDERALBNK,2.4748127974491942,RECONSTRUCTED
2023-01-04,HDFCBANK,30.110969392565284,RECONSTRUCTED
2023-01-04,ICICIBANK,22.976749495200668,RECONSTRUCTED
2023-01-04,IDFCFIRSTB,1.519608448327593,RECONSTRUCTED
2023-01-04,INDUSINDBK,5.520175896681121,RECONSTRUCTED
2023-01-04,KOTAKBANK,10.209712611693025,RECONSTRUCTED
2023-01-04,PNB,1.3356957518078962,RECONSTRUCTED
2023-01-04,SBIN,9.503287738640218,RECONSTRUCTED
2023-01-05,AUBANK,2.5351168527947388,RECONSTRUCTED
2023-01-05,AXISBANK,9.61472888676991,RECONSTRUCTED
2023-01-05,BANDHANBNK,1.6468946189506477,RECONSTRUCTED
2023-01-05,BANKBARODA,2.5002900318479613,RECONSTRUCTED
2023-01-05,FEDERALBNK,2.449473570042939,RECONSTRUCTED
2023-01-05,HDFCBANK,30.0614653299384,RECONSTRUCTED
2023-01-05,ICICIBANK,23.30870376036969,RECONSTRUCTED
2023-01-05,IDFCFIRSTB,1.5036109929214323,RECONSTRUCTED
2023-01-05,INDUSINDBK,5.508323865520144,RECONSTRUCTED
2023-01-05,KOTAKBANK,10.129906302691262,RECONSTRUCTED
2023-01-05,PNB,1.313254042006624,RECONSTRUCTED
2023-01-05,SBIN,9.428231746146254,RECONSTRUCTED
2023-01-06,AUBANK,2.552163216196113,RECONSTRUCTED
2023-01-06,AXISBANK,9.620413555391918,RECONSTRUCTED
2023-01-06,BANDHANBNK,1.6186702523478738,RECONSTRUCTED
2023-01-06,BANKBARODA,2.4871543967504333,RECONSTRUCTED
2023-01-06,FEDERALBNK,2.463864264631505,RECONSTRUCTED
2023-01-06,HDFCBANK,29.87252956235113,RECONSTRUCTED
2023-01-06,ICICIBANK,23.32558597927129,RECONSTRUCTED
2023-01-06,IDFCFIRSTB,1.510484966051426,RECONSTRUCTED
2023-01-06,INDUSINDBK,5.612279233318114,RECONSTRUCTED
2023-01-06,KOTAKBANK,10.220991358532125,RECONSTRUCTED
2023-01-06,PNB,1.3087482432902116,RECONSTRUCTED
2023-01-06,SBIN,9.407114971867864,RECONSTRUCTED
2023-01-09,AUBANK,2.5447685124394286,RECONSTRUCTED
2023-01-09,AXISBANK,9.515141403530858,RECONSTRUCTED
2023-01-09,BANDHANBNK,1.600701632211488,RECONSTRUCTED
2023-01-09,BANKBARODA,2.483523738474254,RECONSTRUCTED
2023-01-09,FEDERALBNK,2.4665348257400512,RECONSTRUCTED
2023-01-09,HDFCBANK,30.079710519151035,RECONSTRUCTED
2023-01-09,ICICIBANK,23.44545379440021,RECONSTRUCTED
2023-01-09,IDFCFIRSTB,1.51881285463033,RECONSTRUCTED
2023-01-09,INDUSINDBK,5.491440077467226,RECONSTRUCTED
2023-01-09,KOTAKBANK,10.169039824371264,RECONSTRUCTED
2023-01-09,PNB,1.304200454090965,RECONSTRUCTED
2023-01-09,SBIN,9.380672363492875,RECONSTRUCTED
2023-01-10,AUBANK,2.542181861339076,RECONSTRUCTED
2023-01-10,AXISBANK,9.450431641088002,RECONSTRUCTED
2023-01-10,BANDHANBNK,1.5865718129386994,RECONSTRUCTED
2023-01-10,BANKBARODA,2.509980173563112,RECONSTRUCTED
2023-01-10,FEDERALBNK,2.4400921029873985,RECONSTRUCTED
2023-01-10,HDFCBANK,30.221898003566785,RECONSTRUCTED
2023-01-10,ICICIBANK,23.44788543980563,RECONSTRUCTED
2023-01-10,IDFCFIRSTB,1.5210296364831504,RECONSTRUCTED
2023-01-10,INDUSINDBK,5.377277339654914,RECONSTRUCTED
2023-01-10,KOTAKBANK,10.121692206145571,RECONSTRUCTED
2023-01-10,PNB,1.3331077574009758,RECONSTRUCTED
2023-01-10,SBIN,9.447852025026672,RECONSTRUCTED
2023-01-11,AUBANK,2.569589588791087,RECONSTRUCTED
2023-01-11,AXISBANK,9.52820716990421,RECONSTRUCTED
2023-01-11,BANDHANBNK,1.6060406136105103,RECONSTRUCTED
2023-01-11,BANKBARODA,2.516597889748109,RECONSTRUCTED
2023-01-11,FEDERALBNK,2.464907041453453,RECONSTRUCTED
2023-01-11,HDFCBANK,29.962046477298752,RECONSTRUCTED
2023-01-11,ICICIBANK,23.446523437832496,RECONSTRUCTED
2023-01-11,IDFCFIRSTB,1.5041018205502086,RECONSTRUCTED
2023-01-11,INDUSINDBK,5.471605411956756,RECONSTRUCTED
2023-01-11,KOTAKBANK,10.143676694274973,RECONSTRUCTED
2023-01-11,PNB,1.3097885420699165,RECONSTRUCTED
2023-01-11,SBIN,9.476915312509544,RECONSTRUCTED
2023-01-12,AUBANK,2.536309125761652,RECONSTRUCTED
2023-01-12,AXISBANK,9.641176053745651,RECONSTRUCTED
2023-01-12,BANDHANBNK,1.635577437718399,RECONSTRUCTED
2023-01-12,BANKBARODA,2.5021508117366413,RECONSTRUCTED
2023-01-12,FEDERALBNK,2.4495644000586503,RECONSTRUCTED
2023-01-12,HDFCBANK,29.705287636534425,RECONSTRUCTED
2023-01-12,ICICIBANK,23.52321774661088,RECONSTRUCTED
2023-01-12,IDFCFIRSTB,1.504210793411427,RECONSTRUCTED
2023-01-12,INDUSINDBK,5.4721932901885015,RECONSTRUCTED
2023-01-12,KOTAKBANK,10.237469034205084,RECONSTRUCTED
2023-01-12,PNB,1.318358957493038,RECONSTRUCTED
2023-01-12,SBIN,9.474484712535633,RECONSTRUCTED
2023-01-13,AUBANK,2.587495587172099,RECONSTRUCTED
2023-01-13,AXISBANK,9.718761656488118,RECONSTRUCTED
2023-01-13,BANDHANBNK,1.654918674187416,RECONSTRUCTED
2023-01-13,BANKBARODA,2.474925151199016,RECONSTRUCTED
2023-01-13,FEDERALBNK,2.4050331701582275,RECONSTRUCTED
2023-01-13,HDFCBANK,29.87617899502219,RECONSTRUCTED
2023-01-13,ICICIBANK,23.33005637211131,RECONSTRUCTED
2023-01-13,IDFCFIRSTB,1.4989563518117173,RECONSTRUCTED
2023-01-13,INDUSINDBK,5.395307784024928,RECONSTRUCTED
2023-01-13,KOTAKBANK,10.29977974446103,RECONSTRUCTED
2023-01-13,PNB,1.304785115066433,RECONSTRUCTED
2023-01-13,SBIN,9.453801398297518,RECONSTRUCTED
2023-01-16,AUBANK,2.556918781187844,RECONSTRUCTED
2023-01-16,AXISBANK,9.89215383307775,RECONSTRUCTED
2023-01-16,BANDHANBNK,1.6284452164303649,RECONSTRUCTED
2023-01-16,BANKBARODA,2.4505221886233617,RECONSTRUCTED
2023-01-16,FEDERALBNK,2.3613575030149225,RECONSTRUCTED
2023-01-16,HDFCBANK,30.01340842725749,RECONSTRUCTED
2023-01-16,ICICIBANK,23.43244735204009,RECONSTRUCTED
2023-01-16,IDFCFIRSTB,1.4827801267625815,RECONSTRUCTED
2023-01-16,INDUSINDBK,5.347104369410804,RECONSTRUCTED
2023-01-16,KOTAKBANK,10.22202635862037,RECONSTRUCTED
2023-01-16,PNB,1.2519226026247194,RECONSTRUCTED
2023-01-16,SBIN,9.360913240949726,RECONSTRUCTED
2023-01-17,AUBANK,2.5463162589585497,RECONSTRUCTED
2023-01-17,AXISBANK,9.865126197767513,RECONSTRUCTED
2023-01-17,BANDHANBNK,1.6354860915311138,RECONSTRUCTED
2023-01-17,BANKBARODA,2.5100412562206085,RECONSTRUCTED
2023-01-17,FEDERALBNK,2.406083549456927,RECONSTRUCTED
2023-01-17,HDFCBANK,29.63931546974657,RECONSTRUCTED
2023-01-17,ICICIBANK,23.48757917136434,RECONSTRUCTED
2023-01-17,IDFCFIRSTB,1.5199860456397434,RECONSTRUCTED
2023-01-17,INDUSINDBK,5.397831622637379,RECONSTRUCTED
2023-01-17,KOTAKBANK,10.171658390073034,RECONSTRUCTED
2023-01-17,PNB,1.279708882931572,RECONSTRUCTED
2023-01-17,SBIN,9.540867063672655,RECONSTRUCTED
2023-01-18,AUBANK,2.5546037562480155,RECONSTRUCTED
2023-01-18,AXISBANK,9.853234474069923,RECONSTRUCTED
2023-01-18,BANDHANBNK,1.6464424358214689,RECONSTRUCTED
2023-01-18,BANKBARODA,2.574498310235183,RECONSTRUCTED
2023-01-18,FEDERALBNK,2.4426918124374324,RECONSTRUCTED
2023-01-18,HDFCBANK,29.289796068969665,RECONSTRUCTED
2023-01-18,ICICIBANK,23.5021430654439,RECONSTRUCTED
2023-01-18,IDFCFIRSTB,1.5259981352908665,RECONSTRUCTED
2023-01-18,INDUSINDBK,5.460958812365809,RECONSTRUCTED
2023-01-18,KOTAKBANK,10.220896493484483,RECONSTRUCTED
2023-01-18,PNB,1.3096180890834066,RECONSTRUCTED
2023-01-18,SBIN,9.619118546549856,RECONSTRUCTED
2023-01-19,AUBANK,2.580885233360936,RECONSTRUCTED
2023-01-19,AXISBANK,9.774421917750038,RECONSTRUCTED
2023-01-19,BANDHANBNK,1.6669430776401235,RECONSTRUCTED
2023-01-19,BANKBARODA,2.571946980042828,RECONSTRUCTED
2023-01-19,FEDERALBNK,2.4480149793662256,RECONSTRUCTED
2023-01-19,HDFCBANK,29.082529727701896,RECONSTRUCTED
2023-01-19,ICICIBANK,23.523379455518324,RECONSTRUCTED
2023-01-19,IDFCFIRSTB,1.5189309246015847,RECONSTRUCTED
2023-01-19,INDUSINDBK,5.546650938864839,RECONSTRUCTED
2023-01-19,KOTAKBANK,10.374085648861833,RECONSTRUCTED
2023-01-19,PNB,1.295478712802998,RECONSTRUCTED
2023-01-19,SBIN,9.616732403488374,RECONSTRUCTED
2023-01-20,AUBANK,2.6122899578198013,RECONSTRUCTED
2023-01-20,AXISBANK,9.79581260754864,RECONSTRUCTED
2023-01-20,BANDHANBNK,1.667566429660279,RECONSTRUCTED
2023-01-20,BANKBARODA,2.561829531458549,RECONSTRUCTED
2023-01-20,FEDERALBNK,2.4903039421524933,RECONSTRUCTED
2023-01-20,HDFCBANK,28.90796374021289,RECONSTRUCTED
2023-01-20,ICICIBANK,23.50783178526204,RECONSTRUCTED
2023-01-20,IDFCFIRSTB,1.526572460399596,RECONSTRUCTED
2023-01-20,INDUSINDBK,5.561062436000463,RECONSTRUCTED
2023-01-20,KOTAKBANK,10.443501306621622,RECONSTRUCTED
2023-01-20,PNB,1.3066108075122098,RECONSTRUCTED
2023-01-20,SBIN,9.618654995351418,RECONSTRUCTED
2023-01-23,AUBANK,2.53122301389448,RECONSTRUCTED
2023-01-23,AXISBANK,9.847141150603486,RECONSTRUCTED
2023-01-23,BANDHANBNK,1.6069935449581858,RECONSTRUCTED
2023-01-23,BANKBARODA,2.564047543586564,RECONSTRUCTED
2023-01-23,FEDERALBNK,2.4768499573044127,RECONSTRUCTED
2023-01-23,HDFCBANK,28.915061351256497,RECONSTRUCTED
2023-01-23,ICICIBANK,23.64892772739448,RECONSTRUCTED
2023-01-23,IDFCFIRSTB,1.5394139649068928,RECONSTRUCTED
2023-01-23,INDUSINDBK,5.592653203416485,RECONSTRUCTED
2023-01-23,KOTAKBANK,10.399482031500778,RECONSTRUCTED
2023-01-23,PNB,1.319968617545494,RECONSTRUCTED
2023-01-23,SBIN,9.558237893632269,RECONSTRUCTED
2023-01-24,AUBANK,2.5505663200841986,RECONSTRUCTED
2023-01-24,AXISBANK,10.069310825872485,RECONSTRUCTED
2023-01-24,BANDHANBNK,1.6010262777998605,RECONSTRUCTED
2023-01-24,BANKBARODA,2.5960313823583774,RECONSTRUCTED
2023-01-24,FEDERALBNK,2.4899423868236608,RECONSTRUCTED
2023-01-24,HDFCBANK,28.472962874552408,RECONSTRUCTED
2023-01-24,ICICIBANK,23.62486808579377,RECONSTRUCTED
2023-01-24,IDFCFIRSTB,1.5492346334951177,RECONSTRUCTED
2023-01-24,INDUSINDBK,5.5458873868727006,RECONSTRUCTED
2023-01-24,KOTAKBANK,10.516126163066277,RECONSTRUCTED
2023-01-24,PNB,1.3480417895632064,RECONSTRUCTED
2023-01-24,SBIN,9.636001873717932,RECONSTRUCTED
2023-01-25,AUBANK,2.5623576105383554,RECONSTRUCTED
2023-01-25,AXISBANK,10.01258362926249,RECONSTRUCTED
2023-01-25,BANDHANBNK,1.5824499334263145,RECONSTRUCTED
2023-01-25,BANKBARODA,2.6530351456930785,RECONSTRUCTED
2023-01-25,FEDERALBNK,2.477833763606264,RECONSTRUCTED
2023-01-25,HDFCBANK,28.546097414716503,RECONSTRUCTED
2023-01-25,ICICIBANK,23.44710524117523,RECONSTRUCTED
2023-01-25,IDFCFIRSTB,1.5607273637792338,RECONSTRUCTED
2023-01-25,INDUSINDBK,5.669069402747879,RECONSTRUCTED
2023-01-25,KOTAKBANK,10.313035534016334,RECONSTRUCTED
2023-01-25,PNB,1.3582098490898016,RECONSTRUCTED
2023-01-25,SBIN,9.817495111948524,RECONSTRUCTED
2023-01-27,AUBANK,2.5310284920920734,RECONSTRUCTED
2023-01-27,AXISBANK,9.904722464058205,RECONSTRUCTED
2023-01-27,BANDHANBNK,1.5630848478915684,RECONSTRUCTED
2023-01-27,BANKBARODA,2.774023985030244,RECONSTRUCTED
2023-01-27,FEDERALBNK,2.404595518618788,RECONSTRUCTED
2023-01-27,HDFCBANK,28.212120229194987,RECONSTRUCTED
2023-01-27,ICICIBANK,23.769900699188216,RECONSTRUCTED
2023-01-27,IDFCFIRSTB,1.5443019752337317,RECONSTRUCTED
2023-01-27,INDUSINDBK,5.68662003590839,RECONSTRUCTED
2023-01-27,KOTAKBANK,10.203291858622103,RECONSTRUCTED
2023-01-27,PNB,1.3906747824074044,RECONSTRUCTED
2023-01-27,SBIN,10.015635111754293,RECONSTRUCTED
2023-01-30,AUBANK,2.5244190496447176,RECONSTRUCTED
2023-01-30,AXISBANK,9.938090488443969,RECONSTRUCTED
2023-01-30,BANDHANBNK,1.5539422611088711,RECONSTRUCTED
2023-01-30,BANKBARODA,2.7484775456106627,RECONSTRUCTED
2023-01-30,FEDERALBNK,2.38845033726021,RECONSTRUCTED
2023-01-30,HDFCBANK,28.27447854151864,RECONSTRUCTED
2023-01-30,ICICIBANK,23.61605786315885,RECONSTRUCTED
2023-01-30,IDFCFIRSTB,1.5269453797964212,RECONSTRUCTED
2023-01-30,INDUSINDBK,5.836351149350392,RECONSTRUCTED
2023-01-30,KOTAKBANK,10.13758608812292,RECONSTRUCTED
2023-01-30,PNB,1.3950716631979263,RECONSTRUCTED
2023-01-30,SBIN,10.060129632786415,RECONSTRUCTED
2023-01-31,AUBANK,2.49,OFFICIAL
2023-01-31,AXISBANK,10.01,OFFICIAL
2023-01-31,BANDHANBNK,1.55,OFFICIAL
2023-01-31,BANKBARODA,2.62,OFFICIAL
2023-01-31,FEDERALBNK,2.38,OFFICIAL
2023-01-31,HDFCBANK,28.66,OFFICIAL
2023-01-31,ICICIBANK,23.54,OFFICIAL
2023-01-31,IDFCFIRSTB,1.49,OFFICIAL
2023-01-31,INDUSINDBK,5.91,OFFICIAL
2023-01-31,KOTAKBANK,10.18,OFFICIAL
2023-01-31,PNB,1.33,OFFICIAL
2023-01-31,SBIN,9.85,OFFICIAL
2023-02-01,AUBANK,2.348662493029132,RECONSTRUCTED
2023-02-01,AXISBANK,9.69473962981989,RECONSTRUCTED
2023-02-01,BANDHANBNK,1.4498153590196108,RECONSTRUCTED
2023-02-01,BANKBARODA,2.5857982704991533,RECONSTRUCTED
2023-02-01,FEDERALBNK,2.2842482930796804,RECONSTRUCTED
2023-02-01,HDFCBANK,28.5259700777775,RECONSTRUCTED
2023-02-01,ICICIBANK,24.758957500123486,RECONSTRUCTED
2023-02-01,IDFCFIRSTB,1.393967094807576,RECONSTRUCTED
2023-02-01,INDUSINDBK,6.1793986164918255,RECONSTRUCTED
2023-02-01,KOTAKBANK,10.237042702518902,RECONSTRUCTED
2023-02-01,PNB,1.179384271828912,RECONSTRUCTED
2023-02-01,SBIN,9.36201569100432,RECONSTRUCTED
2023-02-02,AUBANK,2.3068035026493066,RECONSTRUCTED
2023-02-02,AXISBANK,9.606539511031151,RECONSTRUCTED
2023-02-02,BANDHANBNK,1.5208348841044317,RECONSTRUCTED
2023-02-02,BANKBARODA,2.6050172404780296,RECONSTRUCTED
2023-02-02,FEDERALBNK,2.259495135628011,RECONSTRUCTED
2023-02-02,HDFCBANK,29.06796247968184,RECONSTRUCTED
2023-02-02,ICICIBANK,24.56598180179068,RECONSTRUCTED
2023-02-02,IDFCFIRSTB,1.3265477356723503,RECONSTRUCTED
2023-02-02,INDUSINDBK,6.006862021916324,RECONSTRUCTED
2023-02-02,KOTAKBANK,10.176986288725558,RECONSTRUCTED
2023-02-02,PNB,1.1722703990213448,RECONSTRUCTED
2023-02-02,SBIN,9.384698999300968,RECONSTRUCTED
2023-02-03,AUBANK,2.339798124921437,RECONSTRUCTED
2023-02-03,AXISBANK,9.645988727605795,RECONSTRUCTED
2023-02-03,BANDHANBNK,1.546168002170834,RECONSTRUCTED
2023-02-03,BANKBARODA,2.503156044063182,RECONSTRUCTED
2023-02-03,FEDERALBNK,2.3040113478598045,RECONSTRUCTED
2023-02-03,HDFCBANK,28.671322244854068,RECONSTRUCTED
2023-02-03,ICICIBANK,24.897541624045218,RECONSTRUCTED
2023-02-03,IDFCFIRSTB,1.372115521167635,RECONSTRUCTED
2023-02-03,INDUSINDBK,5.97621725364585,RECONSTRUCTED
2023-02-03,KOTAKBANK,10.277066252511483,RECONSTRUCTED
2023-02-03,PNB,1.1731690399394896,RECONSTRUCTED
2023-02-03,SBIN,9.2934458172152,RECONSTRUCTED
2023-02-06,AUBANK,2.321598072540641,RECONSTRUCTED
2023-02-06,AXISBANK,9.61452899873954,RECONSTRUCTED
2023-02-06,BANDHANBNK,1.4854354103835148,RECONSTRUCTED
2023-02-06,BANKBARODA,2.43123203926216,RECONSTRUCTED
2023-02-06,FEDERALBNK,2.305267625434527,RECONSTRUCTED
2023-02-06,HDFCBANK,28.70141319740416,RECONSTRUCTED
2023-02-06,ICICIBANK,25.11136285865249,RECONSTRUCTED
2023-02-06,IDFCFIRSTB,1.345971787541945,RECONSTRUCTED
2023-02-06,INDUSINDBK,5.822006546888603,RECONSTRUCTED
2023-02-06,KOTAKBANK,10.439395118061494,RECONSTRUCTED
2023-02-06,PNB,1.1785095947695476,RECONSTRUCTED
2023-02-06,SBIN,9.243278750321386,RECONSTRUCTED
2023-02-07,AUBANK,2.2671060654145982,RECONSTRUCTED
2023-02-07,AXISBANK,9.67957636739487,RECONSTRUCTED
2023-02-07,BANDHANBNK,1.4977116751695183,RECONSTRUCTED
2023-02-07,BANKBARODA,2.4284344292698705,RECONSTRUCTED
2023-02-07,FEDERALBNK,2.3450553098582927,RECONSTRUCTED
2023-02-07,HDFCBANK,28.736754017440163,RECONSTRUCTED
2023-02-07,ICICIBANK,25.20762140601547,RECONSTRUCTED
2023-02-07,IDFCFIRSTB,1.346248133727449,RECONSTRUCTED
2023-02-07,INDUSINDBK,5.767586423509969,RECONSTRUCTED
2023-02-07,KOTAKBANK,10.300304701605846,RECONSTRUCTED
2023-02-07,PNB,1.184014213548905,RECONSTRUCTED
2023-02-07,SBIN,9.23958725704507,RECONSTRUCTED
2023-02-08,AUBANK,2.2698793053234523,RECONSTRUCTED
2023-02-08,AXISBANK,9.773127866004264,RECONSTRUCTED
2023-02-08,BANDHANBNK,1.4738246596399494,RECONSTRUCTED
2023-02-08,BANKBARODA,2.439364930447741,RECONSTRUCTED
2023-02-08,FEDERALBNK,2.3416674076975696,RECONSTRUCTED
2023-02-08,HDFCBANK,28.77538302548,RECONSTRUCTED
2023-02-08,ICICIBANK,25.051907972369325,RECONSTRUCTED
2023-02-08,IDFCFIRSTB,1.3569564663903082,RECONSTRUCTED
2023-02-08,INDUSINDBK,5.762289738190548,RECONSTRUCTED
2023-02-08,KOTAKBANK,10.370731921161996,RECONSTRUCTED
2023-02-08,PNB,1.1785704687199203,RECONSTRUCTED
2023-02-08,SBIN,9.206296238574929,RECONSTRUCTED
2023-02-09,AUBANK,2.29962266732456,RECONSTRUCTED
2023-02-09,AXISBANK,9.822485466247192,RECONSTRUCTED
2023-02-09,BANDHANBNK,1.4561126026075106,RECONSTRUCTED
2023-02-09,BANKBARODA,2.4194127315585297,RECONSTRUCTED
2023-02-09,FEDERALBNK,2.367797217268374,RECONSTRUCTED
2023-02-09,HDFCBANK,28.846518305010253,RECONSTRUCTED
2023-02-09,ICICIBANK,25.01196084581485,RECONSTRUCTED
2023-02-09,IDFCFIRSTB,1.3748030148804111,RECONSTRUCTED
2023-02-09,INDUSINDBK,5.673099826437182,RECONSTRUCTED
2023-02-09,KOTAKBANK,10.343049830376238,RECONSTRUCTED
2023-02-09,PNB,1.1928903761247418,RECONSTRUCTED
2023-02-09,SBIN,9.192247116350163,RECONSTRUCTED
2023-02-10,AUBANK,2.2673723182191448,RECONSTRUCTED
2023-02-10,AXISBANK,9.827353628019624,RECONSTRUCTED
2023-02-10,BANDHANBNK,1.4426681553287886,RECONSTRUCTED
2023-02-10,BANKBARODA,2.421499801010576,RECONSTRUCTED
2023-02-10,FEDERALBNK,2.3407229734591,RECONSTRUCTED
2023-02-10,HDFCBANK,28.73182714169569,RECONSTRUCTED
2023-02-10,ICICIBANK,25.21495789653677,RECONSTRUCTED
2023-02-10,IDFCFIRSTB,1.3901512884624323,RECONSTRUCTED
2023-02-10,INDUSINDBK,5.685670067263327,RECONSTRUCTED
2023-02-10,KOTAKBANK,10.336095812682029,RECONSTRUCTED
2023-02-10,PNB,1.1870437439111994,RECONSTRUCTED
2023-02-10,SBIN,9.154637173411311,RECONSTRUCTED
2023-02-13,AUBANK,2.3066705511769205,RECONSTRUCTED
2023-02-13,AXISBANK,9.8557229212163,RECONSTRUCTED
2023-02-13,BANDHANBNK,1.477070503900086,RECONSTRUCTED
2023-02-13,BANKBARODA,2.465373173504044,RECONSTRUCTED
2023-02-13,FEDERALBNK,2.3441443362507823,RECONSTRUCTED
2023-02-13,HDFCBANK,28.52246699434785,RECONSTRUCTED
2023-02-13,ICICIBANK,25.1443392587455,RECONSTRUCTED
2023-02-13,IDFCFIRSTB,1.396688138751316,RECONSTRUCTED
2023-02-13,INDUSINDBK,5.667287882296014,RECONSTRUCTED
2023-02-13,KOTAKBANK,10.258389116873282,RECONSTRUCTED
2023-02-13,PNB,1.2039490610070938,RECONSTRUCTED
2023-02-13,SBIN,9.3578980619308,RECONSTRUCTED
2023-02-14,AUBANK,2.333691514468741,RECONSTRUCTED
2023-02-14,AXISBANK,9.811416864898078,RECONSTRUCTED
2023-02-14,BANDHANBNK,1.496684433129141,RECONSTRUCTED
2023-02-14,BANKBARODA,2.4345195569223232,RECONSTRUCTED
2023-02-14,FEDERALBNK,2.377101153027665,RECONSTRUCTED
2023-02-14,HDFCBANK,28.51535085063694,RECONSTRUCTED
2023-02-14,ICICIBANK,24.941208905893586,RECONSTRUCTED
2023-02-14,IDFCFIRSTB,1.4141876718436706,RECONSTRUCTED
2023-02-14,INDUSINDBK,5.720788812231283,RECONSTRUCTED
2023-02-14,KOTAKBANK,10.370930984514509,RECONSTRUCTED
2023-02-14,PNB,1.20044204161533,RECONSTRUCTED
2023-02-14,SBIN,9.383677210818744,RECONSTRUCTED
2023-02-15,AUBANK,2.335039461082907,RECONSTRUCTED
2023-02-15,AXISBANK,9.85955928656277,RECONSTRUCTED
2023-02-15,BANDHANBNK,1.4611101041707728,RECONSTRUCTED
2023-02-15,BANKBARODA,2.428790407086545,RECONSTRUCTED
2023-02-15,FEDERALBNK,2.3838809700970622,RECONSTRUCTED
2023-02-15,HDFCBANK,28.632802346104526,RECONSTRUCTED
2023-02-15,ICICIBANK,24.83521349788377,RECONSTRUCTED
2023-02-15,IDFCFIRSTB,1.4109667458246815,RECONSTRUCTED
2023-02-15,INDUSINDBK,5.768837734722702,RECONSTRUCTED
2023-02-15,KOTAKBANK,10.30431472564433,RECONSTRUCTED
2023-02-15,PNB,1.2005746294132775,RECONSTRUCTED
2023-02-15,SBIN,9.378910091406652,RECONSTRUCTED
2023-02-16,AUBANK,2.357391596149508,RECONSTRUCTED
2023-02-16,AXISBANK,9.8765597162625,RECONSTRUCTED
2023-02-16,BANDHANBNK,1.4588495991173065,RECONSTRUCTED
2023-02-16,BANKBARODA,2.415196562002577,RECONSTRUCTED
2023-02-16,FEDERALBNK,2.367272954380851,RECONSTRUCTED
2023-02-16,HDFCBANK,28.668750409295143,RECONSTRUCTED
2023-02-16,ICICIBANK,24.8147904179949,RECONSTRUCTED
2023-02-16,IDFCFIRSTB,1.419968471036262,RECONSTRUCTED
2023-02-16,INDUSINDBK,5.76142329324277,RECONSTRUCTED
2023-02-16,KOTAKBANK,10.265793796399995,RECONSTRUCTED
2023-02-16,PNB,1.2000856454247475,RECONSTRUCTED
2023-02-16,SBIN,9.393917538693456,RECONSTRUCTED
2023-02-17,AUBANK,2.378347232018597,RECONSTRUCTED
2023-02-17,AXISBANK,9.87080595743092,RECONSTRUCTED
2023-02-17,BANDHANBNK,1.4849406003420518,RECONSTRUCTED
2023-02-17,BANKBARODA,2.4335057192941543,RECONSTRUCTED
2023-02-17,FEDERALBNK,2.396912435071553,RECONSTRUCTED
2023-02-17,HDFCBANK,28.468520363063043,RECONSTRUCTED
2023-02-17,ICICIBANK,24.711111070137505,RECONSTRUCTED
2023-02-17,IDFCFIRSTB,1.4305841892106264,RECONSTRUCTED
2023-02-17,INDUSINDBK,5.864320521542252,RECONSTRUCTED
2023-02-17,KOTAKBANK,10.308418282956795,RECONSTRUCTED
2023-02-17,PNB,1.2119682022615477,RECONSTRUCTED
2023-02-17,SBIN,9.44056542667096,RECONSTRUCTED
2023-02-20,AUBANK,2.394208016373569,RECONSTRUCTED
2023-02-20,AXISBANK,9.861388047773506,RECONSTRUCTED
2023-02-20,BANDHANBNK,1.4653281418463096,RECONSTRUCTED
2023-02-20,BANKBARODA,2.4453915230015952,RECONSTRUCTED
2023-02-20,FEDERALBNK,2.3925029425918134,RECONSTRUCTED
2023-02-20,HDFCBANK,28.43726790295896,RECONSTRUCTED
2023-02-20,ICICIBANK,24.75493115739513,RECONSTRUCTED
2023-02-20,IDFCFIRSTB,1.4387584716671926,RECONSTRUCTED
2023-02-20,INDUSINDBK,5.831120256883426,RECONSTRUCTED
2023-02-20,KOTAKBANK,10.329281827770073,RECONSTRUCTED
2023-02-20,PNB,1.2041143866255966,RECONSTRUCTED
2023-02-20,SBIN,9.44570732511283,RECONSTRUCTED
2023-02-21,AUBANK,2.384441145882881,RECONSTRUCTED
2023-02-21,AXISBANK,9.886068996726472,RECONSTRUCTED
2023-02-21,BANDHANBNK,1.501588216654561,RECONSTRUCTED
2023-02-21,BANKBARODA,2.5101742648705514,RECONSTRUCTED
2023-02-21,FEDERALBNK,2.3654986665755806,RECONSTRUCTED
2023-02-21,HDFCBANK,28.311391985315744,RECONSTRUCTED
2023-02-21,ICICIBANK,24.676937338865454,RECONSTRUCTED
2023-02-21,IDFCFIRSTB,1.4482932796891324,RECONSTRUCTED
2023-02-21,INDUSINDBK,5.867006166410566,RECONSTRUCTED
2023-02-21,KOTAKBANK,10.364472152615898,RECONSTRUCTED
2023-02-21,PNB,1.2143182819079854,RECONSTRUCTED
2023-02-21,SBIN,9.469809504485198,RECONSTRUCTED
2023-02-22,AUBANK,2.382952393568883,RECONSTRUCTED
2023-02-22,AXISBANK,9.846341799789007,RECONSTRUCTED
2023-02-22,BANDHANBNK,1.4882522711180393,RECONSTRUCTED
2023-02-22,BANKBARODA,2.51238752789452,RECONSTRUCTED
2023-02-22,FEDERALBNK,2.366071161400712,RECONSTRUCTED
2023-02-22,HDFCBANK,28.39724003915505,RECONSTRUCTED
2023-02-22,ICICIBANK,24.698465840160853,RECONSTRUCTED
2023-02-22,IDFCFIRSTB,1.4561911827502132,RECONSTRUCTED
2023-02-22,INDUSINDBK,5.81686869310229,RECONSTRUCTED
2023-02-22,KOTAKBANK,10.369661212735464,RECONSTRUCTED
2023-02-22,PNB,1.225333018648473,RECONSTRUCTED
2023-02-22,SBIN,9.440234859676474,RECONSTRUCTED
2023-02-23,AUBANK,2.391554682890676,RECONSTRUCTED
2023-02-23,AXISBANK,9.720384291557336,RECONSTRUCTED
2023-02-23,BANDHANBNK,1.481459708265417,RECONSTRUCTED
2023-02-23,BANKBARODA,2.538844266926493,RECONSTRUCTED
2023-02-23,FEDERALBNK,2.317581304397763,RECONSTRUCTED
2023-02-23,HDFCBANK,28.59800700973655,RECONSTRUCTED
2023-02-23,ICICIBANK,24.689646779796995,RECONSTRUCTED
2023-02-23,IDFCFIRSTB,1.4470541327827702,RECONSTRUCTED
2023-02-23,INDUSINDBK,5.911025874039507,RECONSTRUCTED
2023-02-23,KOTAKBANK,10.332035966615164,RECONSTRUCTED
2023-02-23,PNB,1.214194570450492,RECONSTRUCTED
2023-02-23,SBIN,9.35821141254084,RECONSTRUCTED
2023-02-24,AUBANK,2.367465242128108,RECONSTRUCTED
2023-02-24,AXISBANK,9.617574576834166,RECONSTRUCTED
2023-02-24,BANDHANBNK,1.4799677177481856,RECONSTRUCTED
2023-02-24,BANKBARODA,2.547711343803588,RECONSTRUCTED
2023-02-24,FEDERALBNK,2.324944587622856,RECONSTRUCTED
2023-02-24,HDFCBANK,28.78856846679585,RECONSTRUCTED
2023-02-24,ICICIBANK,24.6339488306688,RECONSTRUCTED
2023-02-24,IDFCFIRSTB,1.429080533892842,RECONSTRUCTED
2023-02-24,INDUSINDBK,5.877939848155103,RECONSTRUCTED
2023-02-24,KOTAKBANK,10.36793499614537,RECONSTRUCTED
2023-02-24,PNB,1.229216447106369,RECONSTRUCTED
2023-02-24,SBIN,9.335647409098762,RECONSTRUCTED
2023-02-27,AUBANK,2.39458295975402,RECONSTRUCTED
2023-02-27,AXISBANK,9.68036970878408,RECONSTRUCTED
2023-02-27,BANDHANBNK,1.5039949078579755,RECONSTRUCTED
2023-02-27,BANKBARODA,2.502022490142333,RECONSTRUCTED
2023-02-27,FEDERALBNK,2.3208539184997923,RECONSTRUCTED
2023-02-27,HDFCBANK,29.00483166293341,RECONSTRUCTED
2023-02-27,ICICIBANK,24.39551941135856,RECONSTRUCTED
2023-02-27,IDFCFIRSTB,1.4407418590867185,RECONSTRUCTED
2023-02-27,INDUSINDBK,5.921453684095002,RECONSTRUCTED
2023-02-27,KOTAKBANK,10.297960955383369,RECONSTRUCTED
2023-02-27,PNB,1.2273329915357318,RECONSTRUCTED
2023-02-27,SBIN,9.310335450569026,RECONSTRUCTED
2023-02-28,AUBANK,2.41,OFFICIAL
2023-02-28,AXISBANK,9.79,OFFICIAL
2023-02-28,BANDHANBNK,1.48,OFFICIAL
2023-02-28,BANKBARODA,2.5,OFFICIAL
2023-02-28,FEDERALBNK,2.31,OFFICIAL
2023-02-28,HDFCBANK,28.86,OFFICIAL
2023-02-28,ICICIBANK,24.42,OFFICIAL
2023-02-28,IDFCFIRSTB,1.42,OFFICIAL
2023-02-28,INDUSINDBK,5.94,OFFICIAL
2023-02-28,KOTAKBANK,10.27,OFFICIAL
2023-02-28,PNB,1.22,OFFICIAL
2023-02-28,SBIN,9.39,OFFICIAL
2023-03-01,AUBANK,2.3346372352603955,RECONSTRUCTED
2023-03-01,AXISBANK,10.071879547795504,RECONSTRUCTED
2023-03-01,BANDHANBNK,1.067625560911112,RECONSTRUCTED
2023-03-01,BANKBARODA,2.8608578884448743,RECONSTRUCTED
2023-03-01,FEDERALBNK,2.446955470005681,RECONSTRUCTED
2023-03-01,HDFCBANK,28.095418689423656,RECONSTRUCTED
2023-03-01,ICICIBANK,24.66626511056403,RECONSTRUCTED
2023-03-01,IDFCFIRSTB,1.505212734596458,RECONSTRUCTED
2023-03-01,INDUSINDBK,5.98981647921907,RECONSTRUCTED
2023-03-01,KOTAKBANK,9.940498131252983,RECONSTRUCTED
2023-03-01,PNB,1.1451761259031723,RECONSTRUCTED
2023-03-01,SBIN,9.875657026623047,RECONSTRUCTED
2023-03-02,AUBANK,2.317486347458755,RECONSTRUCTED
2023-03-02,AXISBANK,10.228342833579154,RECONSTRUCTED
2023-03-02,BANDHANBNK,1.0633662809404505,RECONSTRUCTED
2023-03-02,BANKBARODA,2.8348335588837954,RECONSTRUCTED
2023-03-02,FEDERALBNK,2.4465940301373714,RECONSTRUCTED
2023-03-02,HDFCBANK,28.12150899334192,RECONSTRUCTED
2023-03-02,ICICIBANK,24.54498055198515,RECONSTRUCTED
2023-03-02,IDFCFIRSTB,1.5086856908162778,RECONSTRUCTED
2023-03-02,INDUSINDBK,5.935724865945652,RECONSTRUCTED
2023-03-02,KOTAKBANK,9.997984130660068,RECONSTRUCTED
2023-03-02,PNB,1.1456220881592405,RECONSTRUCTED
2023-03-02,SBIN,9.854870628092169,RECONSTRUCTED
2023-03-03,AUBANK,2.3218201930874005,RECONSTRUCTED
2023-03-03,AXISBANK,10.358721723213591,RECONSTRUCTED
2023-03-03,BANDHANBNK,1.0900465924633418,RECONSTRUCTED
2023-03-03,BANKBARODA,2.757262428754199,RECONSTRUCTED
2023-03-03,FEDERALBNK,2.4830545694485795,RECONSTRUCTED
2023-03-03,HDFCBANK,28.163485683899623,RECONSTRUCTED
2023-03-03,ICICIBANK,24.64957786228002,RECONSTRUCTED
2023-03-03,IDFCFIRSTB,1.5067769538216098,RECONSTRUCTED
2023-03-03,INDUSINDBK,5.931522400551584,RECONSTRUCTED
2023-03-03,KOTAKBANK,10.040782148515856,RECONSTRUCTED
2023-03-03,PNB,1.1237985873197596,RECONSTRUCTED
2023-03-03,SBIN,9.573150856644425,RECONSTRUCTED
2023-03-06,AUBANK,2.322683296910665,RECONSTRUCTED
2023-03-06,AXISBANK,10.30142758338747,RECONSTRUCTED
2023-03-06,BANDHANBNK,1.0983722904111155,RECONSTRUCTED
2023-03-06,BANKBARODA,2.7608471012995563,RECONSTRUCTED
2023-03-06,FEDERALBNK,2.490086637342823,RECONSTRUCTED
2023-03-06,HDFCBANK,28.034936400501746,RECONSTRUCTED
2023-03-06,ICICIBANK,24.7329571467229,RECONSTRUCTED
2023-03-06,IDFCFIRSTB,1.4906586338554295,RECONSTRUCTED
2023-03-06,INDUSINDBK,5.976880212643003,RECONSTRUCTED
2023-03-06,KOTAKBANK,10.065466058290603,RECONSTRUCTED
2023-03-06,PNB,1.1375413934411909,RECONSTRUCTED
2023-03-06,SBIN,9.588143245193496,RECONSTRUCTED
2023-03-08,AUBANK,2.3109955725293245,RECONSTRUCTED
2023-03-08,AXISBANK,10.3396399495297,RECONSTRUCTED
2023-03-08,BANDHANBNK,1.114624669100727,RECONSTRUCTED
2023-03-08,BANKBARODA,2.7614058073847234,RECONSTRUCTED
2023-03-08,FEDERALBNK,2.471300962972699,RECONSTRUCTED
2023-03-08,HDFCBANK,28.1302193445346,RECONSTRUCTED
2023-03-08,ICICIBANK,24.74254926282436,RECONSTRUCTED
2023-03-08,IDFCFIRSTB,1.4857137491208898,RECONSTRUCTED
2023-03-08,INDUSINDBK,5.734619786711674,RECONSTRUCTED
2023-03-08,KOTAKBANK,10.182651680561229,RECONSTRUCTED
2023-03-08,PNB,1.1392456270722022,RECONSTRUCTED
2023-03-08,SBIN,9.587033587657867,RECONSTRUCTED
2023-03-09,AUBANK,2.320035620629486,RECONSTRUCTED
2023-03-09,AXISBANK,10.178214806427077,RECONSTRUCTED
2023-03-09,BANDHANBNK,1.1217975163946836,RECONSTRUCTED
2023-03-09,BANKBARODA,2.779052289197969,RECONSTRUCTED
2023-03-09,FEDERALBNK,2.483136480070649,RECONSTRUCTED
2023-03-09,HDFCBANK,27.9087979894684,RECONSTRUCTED
2023-03-09,ICICIBANK,25.01325701948992,RECONSTRUCTED
2023-03-09,IDFCFIRSTB,1.4857522367860028,RECONSTRUCTED
2023-03-09,INDUSINDBK,5.711649183374833,RECONSTRUCTED
2023-03-09,KOTAKBANK,10.241735817229037,RECONSTRUCTED
2023-03-09,PNB,1.1437069043868704,RECONSTRUCTED
2023-03-09,SBIN,9.612864136545086,RECONSTRUCTED
2023-03-10,AUBANK,2.274049336543908,RECONSTRUCTED
2023-03-10,AXISBANK,10.174891885420504,RECONSTRUCTED
2023-03-10,BANDHANBNK,1.1106762675326298,RECONSTRUCTED
2023-03-10,BANKBARODA,2.788191393662487,RECONSTRUCTED
2023-03-10,FEDERALBNK,2.458830560108402,RECONSTRUCTED
2023-03-10,HDFCBANK,28.1134488567346,RECONSTRUCTED
2023-03-10,ICICIBANK,24.93437875247557,RECONSTRUCTED
2023-03-10,IDFCFIRSTB,1.4866431415996584,RECONSTRUCTED
2023-03-10,INDUSINDBK,5.727573077935143,RECONSTRUCTED
2023-03-10,KOTAKBANK,10.153717817593948,RECONSTRUCTED
2023-03-10,PNB,1.1448777782590764,RECONSTRUCTED
2023-03-10,SBIN,9.632721132134067,RECONSTRUCTED
2023-03-13,AUBANK,2.327265807398378,RECONSTRUCTED
2023-03-13,AXISBANK,10.178885092326388,RECONSTRUCTED
2023-03-13,BANDHANBNK,1.120239530939799,RECONSTRUCTED
2023-03-13,BANKBARODA,2.7901231513752363,RECONSTRUCTED
2023-03-13,FEDERALBNK,2.468301260482143,RECONSTRUCTED
2023-03-13,HDFCBANK,27.831185829376665,RECONSTRUCTED
2023-03-13,ICICIBANK,24.79096659040755,RECONSTRUCTED
2023-03-13,IDFCFIRSTB,1.4889261346149747,RECONSTRUCTED
2023-03-13,INDUSINDBK,6.045624695176799,RECONSTRUCTED
2023-03-13,KOTAKBANK,10.075193792242642,RECONSTRUCTED
2023-03-13,PNB,1.1597144985255603,RECONSTRUCTED
2023-03-13,SBIN,9.723573617133868,RECONSTRUCTED
2023-03-14,AUBANK,2.341323623485573,RECONSTRUCTED
2023-03-14,AXISBANK,10.134702212318668,RECONSTRUCTED
2023-03-14,BANDHANBNK,1.1802313343467064,RECONSTRUCTED
2023-03-14,BANKBARODA,2.80535573432535,RECONSTRUCTED
2023-03-14,FEDERALBNK,2.492749622119771,RECONSTRUCTED
2023-03-14,HDFCBANK,27.801471064190235,RECONSTRUCTED
2023-03-14,ICICIBANK,24.640182544831333,RECONSTRUCTED
2023-03-14,IDFCFIRSTB,1.482000569795815,RECONSTRUCTED
2023-03-14,INDUSINDBK,6.000922047378278,RECONSTRUCTED
2023-03-14,KOTAKBANK,10.19369008958136,RECONSTRUCTED
2023-03-14,PNB,1.155374301740679,RECONSTRUCTED
2023-03-14,SBIN,9.77199685588624,RECONSTRUCTED
2023-03-15,AUBANK,2.349587545608011,RECONSTRUCTED
2023-03-15,AXISBANK,10.149429886325128,RECONSTRUCTED
2023-03-15,BANDHANBNK,1.17087851018419,RECONSTRUCTED
2023-03-15,BANKBARODA,2.8356218477078503,RECONSTRUCTED
2023-03-15,FEDERALBNK,2.492432023409662,RECONSTRUCTED
2023-03-15,HDFCBANK,27.948783155381125,RECONSTRUCTED
2023-03-15,ICICIBANK,24.5468141883399,RECONSTRUCTED
2023-03-15,IDFCFIRSTB,1.469813436023659,RECONSTRUCTED
2023-03-15,INDUSINDBK,6.0580246044152215,RECONSTRUCTED
2023-03-15,KOTAKBANK,9.993325212221816,RECONSTRUCTED
2023-03-15,PNB,1.1556281473177166,RECONSTRUCTED
2023-03-15,SBIN,9.829661443065724,RECONSTRUCTED
2023-03-16,AUBANK,2.351060529080582,RECONSTRUCTED
2023-03-16,AXISBANK,10.090136265447418,RECONSTRUCTED
2023-03-16,BANDHANBNK,1.1812555491185912,RECONSTRUCTED
2023-03-16,BANKBARODA,2.831509973959084,RECONSTRUCTED
2023-03-16,FEDERALBNK,2.483682930192702,RECONSTRUCTED
2023-03-16,HDFCBANK,27.82421935374992,RECONSTRUCTED
2023-03-16,ICICIBANK,24.65560378144401,RECONSTRUCTED
2023-03-16,IDFCFIRSTB,1.4567877850810265,RECONSTRUCTED
2023-03-16,INDUSINDBK,6.228482179862434,RECONSTRUCTED
2023-03-16,KOTAKBANK,10.027754367301307,RECONSTRUCTED
2023-03-16,PNB,1.150701842188535,RECONSTRUCTED
2023-03-16,SBIN,9.7188054425744,RECONSTRUCTED
2023-03-17,AUBANK,2.353607255440478,RECONSTRUCTED
2023-03-17,AXISBANK,10.125652446988738,RECONSTRUCTED
2023-03-17,BANDHANBNK,1.1779023840404976,RECONSTRUCTED
2023-03-17,BANKBARODA,2.859542232487726,RECONSTRUCTED
2023-03-17,FEDERALBNK,2.4914536661117324,RECONSTRUCTED
2023-03-17,HDFCBANK,27.78099816711912,RECONSTRUCTED
2023-03-17,ICICIBANK,24.57804056860917,RECONSTRUCTED
2023-03-17,IDFCFIRSTB,1.4779784053766534,RECONSTRUCTED
2023-03-17,INDUSINDBK,6.2852836446451,RECONSTRUCTED
2023-03-17,KOTAKBANK,9.968966726168214,RECONSTRUCTED
2023-03-17,PNB,1.1654903432375237,RECONSTRUCTED
2023-03-17,SBIN,9.73508415977505,RECONSTRUCTED
2023-03-20,AUBANK,2.392733644951941,RECONSTRUCTED
2023-03-20,AXISBANK,10.062844766949992,RECONSTRUCTED
2023-03-20,BANDHANBNK,1.2044892804076544,RECONSTRUCTED
2023-03-20,BANKBARODA,2.865589225074343,RECONSTRUCTED
2023-03-20,FEDERALBNK,2.4630147906363407,RECONSTRUCTED
2023-03-20,HDFCBANK,27.806344547753177,RECONSTRUCTED
2023-03-20,ICICIBANK,24.42411698023177,RECONSTRUCTED
2023-03-20,IDFCFIRSTB,1.4934228995864771,RECONSTRUCTED
2023-03-20,INDUSINDBK,6.360857503578638,RECONSTRUCTED
2023-03-20,KOTAKBANK,9.870718305398771,RECONSTRUCTED
2023-03-20,PNB,1.181884251792194,RECONSTRUCTED
2023-03-20,SBIN,9.873983803638708,RECONSTRUCTED
2023-03-21,AUBANK,2.4148659700784987,RECONSTRUCTED
2023-03-21,AXISBANK,9.984738704485313,RECONSTRUCTED
2023-03-21,BANDHANBNK,1.2136724403057764,RECONSTRUCTED
2023-03-21,BANKBARODA,2.828021894181671,RECONSTRUCTED
2023-03-21,FEDERALBNK,2.50238042310982,RECONSTRUCTED
2023-03-21,HDFCBANK,27.86926453933717,RECONSTRUCTED
2023-03-21,ICICIBANK,24.29357032098471,RECONSTRUCTED
2023-03-21,IDFCFIRSTB,1.4757180284481175,RECONSTRUCTED
2023-03-21,INDUSINDBK,6.317967316329086,RECONSTRUCTED
2023-03-21,KOTAKBANK,9.962970727239554,RECONSTRUCTED
2023-03-21,PNB,1.1791670569932315,RECONSTRUCTED
2023-03-21,SBIN,9.957662578507072,RECONSTRUCTED
2023-03-22,AUBANK,2.421830466101426,RECONSTRUCTED
2023-03-22,AXISBANK,10.081049717093103,RECONSTRUCTED
2023-03-22,BANDHANBNK,1.1676307640364498,RECONSTRUCTED
2023-03-22,BANKBARODA,2.7617632707979194,RECONSTRUCTED
2023-03-22,FEDERALBNK,2.5031179524035694,RECONSTRUCTED
2023-03-22,HDFCBANK,28.007128945277127,RECONSTRUCTED
2023-03-22,ICICIBANK,24.1364689013,RECONSTRUCTED
2023-03-22,IDFCFIRSTB,1.4690416380902616,RECONSTRUCTED
2023-03-22,INDUSINDBK,6.283560286734141,RECONSTRUCTED
2023-03-22,KOTAKBANK,9.9990766609705,RECONSTRUCTED
2023-03-22,PNB,1.179791156870478,RECONSTRUCTED
2023-03-22,SBIN,9.989540240325024,RECONSTRUCTED
2023-03-23,AUBANK,2.4395461107437537,RECONSTRUCTED
2023-03-23,AXISBANK,9.993045262209288,RECONSTRUCTED
2023-03-23,BANDHANBNK,1.1500221848366898,RECONSTRUCTED
2023-03-23,BANKBARODA,2.813919981536801,RECONSTRUCTED
2023-03-23,FEDERALBNK,2.519772058797421,RECONSTRUCTED
2023-03-23,HDFCBANK,27.95931119248774,RECONSTRUCTED
2023-03-23,ICICIBANK,24.034547399007824,RECONSTRUCTED
2023-03-23,IDFCFIRSTB,1.4811626738129329,RECONSTRUCTED
2023-03-23,INDUSINDBK,6.301307340894857,RECONSTRUCTED
2023-03-23,KOTAKBANK,10.051900977972894,RECONSTRUCTED
2023-03-23,PNB,1.1932596037951737,RECONSTRUCTED
2023-03-23,SBIN,10.062205213904628,RECONSTRUCTED
2023-03-24,AUBANK,2.4677910817059066,RECONSTRUCTED
2023-03-24,AXISBANK,10.041008880264323,RECONSTRUCTED
2023-03-24,BANDHANBNK,1.196346560049515,RECONSTRUCTED
2023-03-24,BANKBARODA,2.8485531332864795,RECONSTRUCTED
2023-03-24,FEDERALBNK,2.5082815592454417,RECONSTRUCTED
2023-03-24,HDFCBANK,27.84346970957141,RECONSTRUCTED
2023-03-24,ICICIBANK,23.98219024843493,RECONSTRUCTED
2023-03-24,IDFCFIRSTB,1.4998879842722892,RECONSTRUCTED
2023-03-24,INDUSINDBK,6.319154634738119,RECONSTRUCTED
2023-03-24,KOTAKBANK,9.920712179965507,RECONSTRUCTED
2023-03-24,PNB,1.2216162851513477,RECONSTRUCTED
2023-03-24,SBIN,10.150987743314722,RECONSTRUCTED
2023-03-27,AUBANK,2.439686390587707,RECONSTRUCTED
2023-03-27,AXISBANK,10.129759594324788,RECONSTRUCTED
2023-03-27,BANDHANBNK,1.22959549498465,RECONSTRUCTED
2023-03-27,BANKBARODA,2.825680083206584,RECONSTRUCTED
2023-03-27,FEDERALBNK,2.5387369492091176,RECONSTRUCTED
2023-03-27,HDFCBANK,27.749602582462103,RECONSTRUCTED
2023-03-27,ICICIBANK,24.11013889254986,RECONSTRUCTED
2023-03-27,IDFCFIRSTB,1.531060327562506,RECONSTRUCTED
2023-03-27,INDUSINDBK,6.304683992465727,RECONSTRUCTED
2023-03-27,KOTAKBANK,9.85435074327366,RECONSTRUCTED
2023-03-27,PNB,1.221460641687717,RECONSTRUCTED
2023-03-27,SBIN,10.06524430768558,RECONSTRUCTED
2023-03-28,AUBANK,2.462455560909063,RECONSTRUCTED
2023-03-28,AXISBANK,10.174867661850625,RECONSTRUCTED
2023-03-28,BANDHANBNK,1.301857659757942,RECONSTRUCTED
2023-03-28,BANKBARODA,2.844016206266029,RECONSTRUCTED
2023-03-28,FEDERALBNK,2.5422220113216394,RECONSTRUCTED
2023-03-28,HDFCBANK,27.61841954462332,RECONSTRUCTED
2023-03-28,ICICIBANK,24.020120894794943,RECONSTRUCTED
2023-03-28,IDFCFIRSTB,1.5449542256285942,RECONSTRUCTED
2023-03-28,INDUSINDBK,6.183668155723806,RECONSTRUCTED
2023-03-28,KOTAKBANK,9.924208417747346,RECONSTRUCTED
2023-03-28,PNB,1.2433169517957734,RECONSTRUCTED
2023-03-28,SBIN,10.139892709580916,RECONSTRUCTED
2023-03-29,AUBANK,2.391256828429753,RECONSTRUCTED
2023-03-29,AXISBANK,10.142729831629472,RECONSTRUCTED
2023-03-29,BANDHANBNK,1.2966218354383223,RECONSTRUCTED
2023-03-29,BANKBARODA,2.8050370235351365,RECONSTRUCTED
2023-03-29,FEDERALBNK,2.497536340460226,RECONSTRUCTED
2023-03-29,HDFCBANK,27.73348196040993,RECONSTRUCTED
2023-03-29,ICICIBANK,24.342999917233925,RECONSTRUCTED
2023-03-29,IDFCFIRSTB,1.508797377306618,RECONSTRUCTED
2023-03-29,INDUSINDBK,6.115642077501085,RECONSTRUCTED
2023-03-29,KOTAKBANK,9.884610655621035,RECONSTRUCTED
2023-03-29,PNB,1.2165685886396769,RECONSTRUCTED
2023-03-29,SBIN,10.064717563794815,RECONSTRUCTED
2023-03-31,AUBANK,2.46,OFFICIAL
2023-03-31,AXISBANK,10.13,OFFICIAL
2023-03-31,BANDHANBNK,1.28,OFFICIAL
2023-03-31,BANKBARODA,2.78,OFFICIAL
2023-03-31,FEDERALBNK,2.48,OFFICIAL
2023-03-31,HDFCBANK,27.84,OFFICIAL
2023-03-31,ICICIBANK,24.03,OFFICIAL
2023-03-31,IDFCFIRSTB,1.52,OFFICIAL
2023-03-31,INDUSINDBK,6.16,OFFICIAL
2023-03-31,KOTAKBANK,9.99,OFFICIAL
2023-03-31,PNB,1.23,OFFICIAL
2023-03-31,SBIN,10.1,OFFICIAL
2023-04-03,AUBANK,2.9466761189453723,RECONSTRUCTED
2023-04-03,AXISBANK,8.936076123278204,RECONSTRUCTED
2023-04-03,BANDHANBNK,1.4933131154270574,RECONSTRUCTED
2023-04-03,BANKBARODA,3.0439904689034587,RECONSTRUCTED
2023-04-03,FEDERALBNK,2.2739418254359944,RECONSTRUCTED
2023-04-03,HDFCBANK,27.075409558151687,RECONSTRUCTED
2023-04-03,ICICIBANK,23.10946073307717,RECONSTRUCTED
2023-04-03,IDFCFIRSTB,1.658080704262319,RECONSTRUCTED
2023-04-03,INDUSINDBK,6.296278441967957,RECONSTRUCTED
2023-04-03,KOTAKBANK,10.988927000188587,RECONSTRUCTED
2023-04-03,PNB,1.341920297878588,RECONSTRUCTED
2023-04-03,SBIN,10.8359256124836,RECONSTRUCTED
2023-04-05,AUBANK,2.9822541801791966,RECONSTRUCTED
2023-04-05,AXISBANK,9.016017851581031,RECONSTRUCTED
2023-04-05,BANDHANBNK,1.4806658072922705,RECONSTRUCTED
2023-04-05,BANKBARODA,3.09692585875398,RECONSTRUCTED
2023-04-05,FEDERALBNK,2.365113816145129,RECONSTRUCTED
2023-04-05,HDFCBANK,26.47786772349012,RECONSTRUCTED
2023-04-05,ICICIBANK,23.18464649308648,RECONSTRUCTED
2023-04-05,IDFCFIRSTB,1.684693864153786,RECONSTRUCTED
2023-04-05,INDUSINDBK,6.39090713242286,RECONSTRUCTED
2023-04-05,KOTAKBANK,10.99560778548912,RECONSTRUCTED
2023-04-05,PNB,1.36626033348053,RECONSTRUCTED
2023-04-05,SBIN,10.959039153925506,RECONSTRUCTED
2023-04-06,AUBANK,2.9281725682897464,RECONSTRUCTED
2023-04-06,AXISBANK,9.11829761168192,RECONSTRUCTED
2023-04-06,BANDHANBNK,1.4722558273382935,RECONSTRUCTED
2023-04-06,BANKBARODA,3.102795533351614,RECONSTRUCTED
2023-04-06,FEDERALBNK,2.3961369073434944,RECONSTRUCTED
2023-04-06,HDFCBANK,26.311695507193978,RECONSTRUCTED
2023-04-06,ICICIBANK,23.469375547873423,RECONSTRUCTED
2023-04-06,IDFCFIRSTB,1.6822797387344963,RECONSTRUCTED
2023-04-06,INDUSINDBK,6.311654459067164,RECONSTRUCTED
2023-04-06,KOTAKBANK,10.97726744576701,RECONSTRUCTED
2023-04-06,PNB,1.3535381458169302,RECONSTRUCTED
2023-04-06,SBIN,10.876530707541932,RECONSTRUCTED
2023-04-10,AUBANK,2.939118189280085,RECONSTRUCTED
2023-04-10,AXISBANK,9.122078106665723,RECONSTRUCTED
2023-04-10,BANDHANBNK,1.4516626418783658,RECONSTRUCTED
2023-04-10,BANKBARODA,3.100324288146711,RECONSTRUCTED
2023-04-10,FEDERALBNK,2.385125777865126,RECONSTRUCTED
2023-04-10,HDFCBANK,26.305185991644848,RECONSTRUCTED
2023-04-10,ICICIBANK,23.528459656266936,RECONSTRUCTED
2023-04-10,IDFCFIRSTB,1.7032835907087631,RECONSTRUCTED
2023-04-10,INDUSINDBK,6.354766696141888,RECONSTRUCTED
2023-04-10,KOTAKBANK,10.908864691793022,RECONSTRUCTED
2023-04-10,PNB,1.3510816608419405,RECONSTRUCTED
2023-04-10,SBIN,10.850048708766591,RECONSTRUCTED
2023-04-11,AUBANK,2.9180183151178865,RECONSTRUCTED
2023-04-11,AXISBANK,9.179840484361028,RECONSTRUCTED
2023-04-11,BANDHANBNK,1.4718136836954407,RECONSTRUCTED
2023-04-11,BANKBARODA,3.056352364879844,RECONSTRUCTED
2023-04-11,FEDERALBNK,2.392591796497013,RECONSTRUCTED
2023-04-11,HDFCBANK,26.579904040085044,RECONSTRUCTED
2023-04-11,ICICIBANK,23.48005975310172,RECONSTRUCTED
2023-04-11,IDFCFIRSTB,1.7389624825249843,RECONSTRUCTED
2023-04-11,INDUSINDBK,6.410536095949461,RECONSTRUCTED
2023-04-11,KOTAKBANK,10.532959681561586,RECONSTRUCTED
2023-04-11,PNB,1.363388710564806,RECONSTRUCTED
2023-04-11,SBIN,10.875572591661204,RECONSTRUCTED
2023-04-12,AUBANK,2.910665474531377,RECONSTRUCTED
2023-04-12,AXISBANK,9.243853939740458,RECONSTRUCTED
2023-04-12,BANDHANBNK,1.482405596649157,RECONSTRUCTED
2023-04-12,BANKBARODA,3.077657236383939,RECONSTRUCTED
2023-04-12,FEDERALBNK,2.422751308935001,RECONSTRUCTED
2023-04-12,HDFCBANK,26.35246275198493,RECONSTRUCTED
2023-04-12,ICICIBANK,23.362897715099347,RECONSTRUCTED
2023-04-12,IDFCFIRSTB,1.741606943788013,RECONSTRUCTED
2023-04-12,INDUSINDBK,6.434923191104804,RECONSTRUCTED
2023-04-12,KOTAKBANK,10.592497357597646,RECONSTRUCTED
2023-04-12,PNB,1.3750966445014123,RECONSTRUCTED
2023-04-12,SBIN,11.003181839683911,RECONSTRUCTED
2023-04-13,AUBANK,2.5210984971847097,RECONSTRUCTED
2023-04-13,AXISBANK,9.2293995318613,RECONSTRUCTED
2023-04-13,BANDHANBNK,1.5351153657644945,RECONSTRUCTED
2023-04-13,BANKBARODA,3.1026576015657272,RECONSTRUCTED
2023-04-13,FEDERALBNK,2.440463777207988,RECONSTRUCTED
2023-04-13,HDFCBANK,26.60323496672713,RECONSTRUCTED
2023-04-13,ICICIBANK,23.45768207627497,RECONSTRUCTED
2023-04-13,IDFCFIRSTB,1.7611524507518022,RECONSTRUCTED
2023-04-13,INDUSINDBK,6.322031540489453,RECONSTRUCTED
2023-04-13,KOTAKBANK,10.594987878343815,RECONSTRUCTED
2023-04-13,PNB,1.3739607220096093,RECONSTRUCTED
2023-04-13,SBIN,11.058215591819,RECONSTRUCTED
2023-04-17,AUBANK,2.495581461709081,RECONSTRUCTED
2023-04-17,AXISBANK,9.260955485480078,RECONSTRUCTED
2023-04-17,BANDHANBNK,1.5280489390074825,RECONSTRUCTED
2023-04-17,BANKBARODA,3.0265787579329664,RECONSTRUCTED
2023-04-17,FEDERALBNK,2.388769544194303,RECONSTRUCTED
2023-04-17,HDFCBANK,27.113692831097275,RECONSTRUCTED
2023-04-17,ICICIBANK,23.48325361815968,RECONSTRUCTED
2023-04-17,IDFCFIRSTB,1.7307247471844125,RECONSTRUCTED
2023-04-17,INDUSINDBK,6.2601828748292565,RECONSTRUCTED
2023-04-17,KOTAKBANK,10.489752489765172,RECONSTRUCTED
2023-04-17,PNB,1.349306856470226,RECONSTRUCTED
2023-04-17,SBIN,10.873152394170056,RECONSTRUCTED
2023-04-18,AUBANK,2.4802795777251814,RECONSTRUCTED
2023-04-18,AXISBANK,9.275853935408795,RECONSTRUCTED
2023-04-18,BANDHANBNK,1.4810910815924798,RECONSTRUCTED
2023-04-18,BANKBARODA,3.000865245448776,RECONSTRUCTED
2023-04-18,FEDERALBNK,2.3838471805324315,RECONSTRUCTED
2023-04-18,HDFCBANK,27.23482290995817,RECONSTRUCTED
2023-04-18,ICICIBANK,23.604931575128752,RECONSTRUCTED
2023-04-18,IDFCFIRSTB,1.6897405551499978,RECONSTRUCTED
2023-04-18,INDUSINDBK,6.13843798176708,RECONSTRUCTED
2023-04-18,KOTAKBANK,10.530104827534444,RECONSTRUCTED
2023-04-18,PNB,1.3413557566729823,RECONSTRUCTED
2023-04-18,SBIN,10.838669373080917,RECONSTRUCTED
2023-04-19,AUBANK,2.5261374917221926,RECONSTRUCTED
2023-04-19,AXISBANK,9.143936559290514,RECONSTRUCTED
2023-04-19,BANDHANBNK,1.469788102166343,RECONSTRUCTED
2023-04-19,BANKBARODA,3.003597662818216,RECONSTRUCTED
2023-04-19,FEDERALBNK,2.376397396546471,RECONSTRUCTED
2023-04-19,HDFCBANK,27.06056105582376,RECONSTRUCTED
2023-04-19,ICICIBANK,23.67074617164305,RECONSTRUCTED
2023-04-19,IDFCFIRSTB,1.6895854023361017,RECONSTRUCTED
2023-04-19,INDUSINDBK,6.266368036178391,RECONSTRUCTED
2023-04-19,KOTAKBANK,10.520125726001211,RECONSTRUCTED
2023-04-19,PNB,1.3528255974956411,RECONSTRUCTED
2023-04-19,SBIN,10.919930797978092,RECONSTRUCTED
2023-04-20,AUBANK,2.5303417638456573,RECONSTRUCTED
2023-04-20,AXISBANK,9.219035672405164,RECONSTRUCTED
2023-04-20,BANDHANBNK,1.4502891161382458,RECONSTRUCTED
2023-04-20,BANKBARODA,3.0036706826346617,RECONSTRUCTED
2023-04-20,FEDERALBNK,2.372350842264828,RECONSTRUCTED
2023-04-20,HDFCBANK,27.036919027468777,RECONSTRUCTED
2023-04-20,ICICIBANK,23.671743358438025,RECONSTRUCTED
2023-04-20,IDFCFIRSTB,1.6928904501972477,RECONSTRUCTED
2023-04-20,INDUSINDBK,6.251834297114642,RECONSTRUCTED
2023-04-20,KOTAKBANK,10.555099332453771,RECONSTRUCTED
2023-04-20,PNB,1.3552791228393637,RECONSTRUCTED
2023-04-20,SBIN,10.860546334199626,RECONSTRUCTED
2023-04-21,AUBANK,2.572164354578277,RECONSTRUCTED
2023-04-21,AXISBANK,9.234250732606917,RECONSTRUCTED
2023-04-21,BANDHANBNK,1.4277071034039306,RECONSTRUCTED
2023-04-21,BANKBARODA,3.014920570004278,RECONSTRUCTED
2023-04-21,FEDERALBNK,2.387278558897997,RECONSTRUCTED
2023-04-21,HDFCBANK,26.896269914027787,RECONSTRUCTED
2023-04-21,ICICIBANK,23.81965778122909,RECONSTRUCTED
2023-04-21,IDFCFIRSTB,1.6853093394598375,RECONSTRUCTED
2023-04-21,INDUSINDBK,6.284318492631383,RECONSTRUCTED
2023-04-21,KOTAKBANK,10.46355132819954,RECONSTRUCTED
2023-04-21,PNB,1.360201556662738,RECONSTRUCTED
2023-04-21,SBIN,10.854370268298211,RECONSTRUCTED
2023-04-24,AUBANK,2.6119757645236428,RECONSTRUCTED
2023-04-24,AXISBANK,9.15653439369699,RECONSTRUCTED
2023-04-24,BANDHANBNK,1.4499451612625966,RECONSTRUCTED
2023-04-24,BANKBARODA,2.988644313737076,RECONSTRUCTED
2023-04-24,FEDERALBNK,2.39664154262202,RECONSTRUCTED
2023-04-24,HDFCBANK,27.0099359733819,RECONSTRUCTED
2023-04-24,ICICIBANK,23.604813616701747,RECONSTRUCTED
2023-04-24,IDFCFIRSTB,1.6534045854317927,RECONSTRUCTED
2023-04-24,INDUSINDBK,6.444784719774265,RECONSTRUCTED
2023-04-24,KOTAKBANK,10.57269527178177,RECONSTRUCTED
2023-04-24,PNB,1.3490431027947252,RECONSTRUCTED
2023-04-24,SBIN,10.761581554291482,RECONSTRUCTED
2023-04-25,AUBANK,2.6300319789228386,RECONSTRUCTED
2023-04-25,AXISBANK,9.208982065537336,RECONSTRUCTED
2023-04-25,BANDHANBNK,1.428327937475359,RECONSTRUCTED
2023-04-25,BANKBARODA,2.928916873666212,RECONSTRUCTED
2023-04-25,FEDERALBNK,2.3761938780962866,RECONSTRUCTED
2023-04-25,HDFCBANK,27.433043643025947,RECONSTRUCTED
2023-04-25,ICICIBANK,23.40863872367213,RECONSTRUCTED
2023-04-25,IDFCFIRSTB,1.644140344744586,RECONSTRUCTED
2023-04-25,INDUSINDBK,6.339073186929639,RECONSTRUCTED
2023-04-25,KOTAKBANK,10.630194646291471,RECONSTRUCTED
2023-04-25,PNB,1.3357789070661077,RECONSTRUCTED
2023-04-25,SBIN,10.6366778145721,RECONSTRUCTED
2023-04-26,AUBANK,2.7079010333323974,RECONSTRUCTED
2023-04-26,AXISBANK,9.144241408592425,RECONSTRUCTED
2023-04-26,BANDHANBNK,1.430741441409728,RECONSTRUCTED
2023-04-26,BANKBARODA,2.9479266433465714,RECONSTRUCTED
2023-04-26,FEDERALBNK,2.356211065538745,RECONSTRUCTED
2023-04-26,HDFCBANK,27.40263383155097,RECONSTRUCTED
2023-04-26,ICICIBANK,23.451669395016744,RECONSTRUCTED
2023-04-26,IDFCFIRSTB,1.6428645872801435,RECONSTRUCTED
2023-04-26,INDUSINDBK,6.27142308568683,RECONSTRUCTED
2023-04-26,KOTAKBANK,10.727981472070974,RECONSTRUCTED
2023-04-26,PNB,1.3284280463402445,RECONSTRUCTED
2023-04-26,SBIN,10.58797798983421,RECONSTRUCTED
2023-04-27,AUBANK,2.714562061885732,RECONSTRUCTED
2023-04-27,AXISBANK,9.2468007972875,RECONSTRUCTED
2023-04-27,BANDHANBNK,1.417286359849997,RECONSTRUCTED
2023-04-27,BANKBARODA,2.9249426438102977,RECONSTRUCTED
2023-04-27,FEDERALBNK,2.3844064677217185,RECONSTRUCTED
2023-04-27,HDFCBANK,27.36428060297202,RECONSTRUCTED
2023-04-27,ICICIBANK,23.46054324144602,RECONSTRUCTED
2023-04-27,IDFCFIRSTB,1.6343322827942734,RECONSTRUCTED
2023-04-27,INDUSINDBK,6.258879102925369,RECONSTRUCTED
2023-04-27,KOTAKBANK,10.602603517562695,RECONSTRUCTED
2023-04-27,PNB,1.3298991323617644,RECONSTRUCTED
2023-04-27,SBIN,10.661463789382628,RECONSTRUCTED
2023-04-28,AUBANK,2.65,OFFICIAL
2023-04-28,AXISBANK,9.53,OFFICIAL
2023-04-28,BANDHANBNK,1.41,OFFICIAL
2023-04-28,BANKBARODA,2.91,OFFICIAL
2023-04-28,FEDERALBNK,2.38,OFFICIAL
2023-04-28,HDFCBANK,27.41,OFFICIAL
2023-04-28,ICICIBANK,23.61,OFFICIAL
2023-04-28,IDFCFIRSTB,1.59,OFFICIAL
2023-04-28,INDUSINDBK,6.25,OFFICIAL
2023-04-28,KOTAKBANK,10.5,OFFICIAL
2023-04-28,PNB,1.29,OFFICIAL
2023-04-28,SBIN,10.47,OFFICIAL
2023-05-02,AUBANK,3.36520894636875,RECONSTRUCTED
2023-05-02,AXISBANK,10.179398148730726,RECONSTRUCTED
2023-05-02,BANDHANBNK,1.824645565313939,RECONSTRUCTED
2023-05-02,BANKBARODA,2.6935105548167706,RECONSTRUCTED
2023-05-02,FEDERALBNK,1.9323570477436955,RECONSTRUCTED
2023-05-02,HDFCBANK,24.1309979489722,RECONSTRUCTED
2023-05-02,ICICIBANK,24.006509881569404,RECONSTRUCTED
2023-05-02,IDFCFIRSTB,1.9904725262520868,RECONSTRUCTED
2023-05-02,INDUSINDBK,7.441424803234561,RECONSTRUCTED
2023-05-02,KOTAKBANK,10.923977731350307,RECONSTRUCTED
2023-05-02,PNB,1.2070528018911433,RECONSTRUCTED
2023-05-02,SBIN,10.3044440437564,RECONSTRUCTED
2023-05-03,AUBANK,3.3575180324826577,RECONSTRUCTED
2023-05-03,AXISBANK,10.295725808149596,RECONSTRUCTED
2023-05-03,BANDHANBNK,1.8226046092948085,RECONSTRUCTED
2023-05-03,BANKBARODA,2.74225228454541,RECONSTRUCTED
2023-05-03,FEDERALBNK,1.9126738124240403,RECONSTRUCTED
2023-05-03,HDFCBANK,24.020011972968383,RECONSTRUCTED
2023-05-03,ICICIBANK,23.96017059985346,RECONSTRUCTED
2023-05-03,IDFCFIRSTB,1.978947740137687,RECONSTRUCTED
2023-05-03,INDUSINDBK,7.463905800453026,RECONSTRUCTED
2023-05-03,KOTAKBANK,10.856379135066398,RECONSTRUCTED
2023-05-03,PNB,1.2102913474127497,RECONSTRUCTED
2023-05-03,SBIN,10.379518857211782,RECONSTRUCTED
2023-05-04,AUBANK,3.3814288993283834,RECONSTRUCTED
2023-05-04,AXISBANK,10.30201955522015,RECONSTRUCTED
2023-05-04,BANDHANBNK,1.8248531117030533,RECONSTRUCTED
2023-05-04,BANKBARODA,2.753695975292679,RECONSTRUCTED
2023-05-04,FEDERALBNK,1.903915450474959,RECONSTRUCTED
2023-05-04,HDFCBANK,23.719782148799435,RECONSTRUCTED
2023-05-04,ICICIBANK,24.1750244678484,RECONSTRUCTED
2023-05-04,IDFCFIRSTB,2.0051454986691275,RECONSTRUCTED
2023-05-04,INDUSINDBK,7.598020041852867,RECONSTRUCTED
2023-05-04,KOTAKBANK,10.84655480716698,RECONSTRUCTED
2023-05-04,PNB,1.2013341463396852,RECONSTRUCTED
2023-05-04,SBIN,10.288225897304256,RECONSTRUCTED
2023-05-05,AUBANK,3.360131722680868,RECONSTRUCTED
2023-05-05,AXISBANK,10.078861926233555,RECONSTRUCTED
2023-05-05,BANDHANBNK,1.8135095940998,RECONSTRUCTED
2023-05-05,BANKBARODA,2.7184459042693856,RECONSTRUCTED
2023-05-05,FEDERALBNK,2.031011963240651,RECONSTRUCTED
2023-05-05,HDFCBANK,24.645641824034392,RECONSTRUCTED
2023-05-05,ICICIBANK,23.499747569917176,RECONSTRUCTED
2023-05-05,IDFCFIRSTB,1.9772839185583213,RECONSTRUCTED
2023-05-05,INDUSINDBK,7.852085620615128,RECONSTRUCTED
2023-05-05,KOTAKBANK,10.707544199211949,RECONSTRUCTED
2023-05-05,PNB,1.196863331750634,RECONSTRUCTED
2023-05-05,SBIN,10.118872425388146,RECONSTRUCTED
2023-05-08,AUBANK,3.328054431648689,RECONSTRUCTED
2023-05-08,AXISBANK,10.081191126598672,RECONSTRUCTED
2023-05-08,BANDHANBNK,1.8003289059439689,RECONSTRUCTED
2023-05-08,BANKBARODA,2.7664292043977707,RECONSTRUCTED
2023-05-08,FEDERALBNK,2.047926243576659,RECONSTRUCTED
2023-05-08,HDFCBANK,24.7398557953379,RECONSTRUCTED
2023-05-08,ICICIBANK,23.583792241442787,RECONSTRUCTED
2023-05-08,IDFCFIRSTB,1.978086213047048,RECONSTRUCTED
2023-05-08,INDUSINDBK,7.597724293261328,RECONSTRUCTED
2023-05-08,KOTAKBANK,10.70542893889922,RECONSTRUCTED
2023-05-08,PNB,1.2211645118871346,RECONSTRUCTED
2023-05-08,SBIN,10.150018093958838,RECONSTRUCTED
2023-05-09,AUBANK,3.2798671947817137,RECONSTRUCTED
2023-05-09,AXISBANK,9.953564897708388,RECONSTRUCTED
2023-05-09,BANDHANBNK,1.8008180123576922,RECONSTRUCTED
2023-05-09,BANKBARODA,2.8418540144411675,RECONSTRUCTED
2023-05-09,FEDERALBNK,2.04614756083197,RECONSTRUCTED
2023-05-09,HDFCBANK,24.6984066757486,RECONSTRUCTED
2023-05-09,ICICIBANK,23.63318798995264,RECONSTRUCTED
2023-05-09,IDFCFIRSTB,1.967171750403663,RECONSTRUCTED
2023-05-09,INDUSINDBK,7.490460992670222,RECONSTRUCTED
2023-05-09,KOTAKBANK,10.712700584382093,RECONSTRUCTED
2023-05-09,PNB,1.2640399897928816,RECONSTRUCTED
2023-05-09,SBIN,10.31178033692898,RECONSTRUCTED
2023-05-10,AUBANK,3.3253111208341792,RECONSTRUCTED
2023-05-10,AXISBANK,9.967016972522506,RECONSTRUCTED
2023-05-10,BANDHANBNK,1.792834078455095,RECONSTRUCTED
2023-05-10,BANKBARODA,2.841395105388812,RECONSTRUCTED
2023-05-10,FEDERALBNK,2.0416016634063348,RECONSTRUCTED
2023-05-10,HDFCBANK,24.663746736166463,RECONSTRUCTED
2023-05-10,ICICIBANK,23.66729928704844,RECONSTRUCTED
2023-05-10,IDFCFIRSTB,1.9858141956690645,RECONSTRUCTED
2023-05-10,INDUSINDBK,7.309758461227831,RECONSTRUCTED
2023-05-10,KOTAKBANK,10.72296512616702,RECONSTRUCTED
2023-05-10,PNB,1.3138558153007551,RECONSTRUCTED
2023-05-10,SBIN,10.368401437813516,RECONSTRUCTED
2023-05-11,AUBANK,3.271727393408108,RECONSTRUCTED
2023-05-11,AXISBANK,9.93562616031474,RECONSTRUCTED
2023-05-11,BANDHANBNK,1.7771422436817212,RECONSTRUCTED
2023-05-11,BANKBARODA,2.850903736513492,RECONSTRUCTED
2023-05-11,FEDERALBNK,2.072255593070449,RECONSTRUCTED
2023-05-11,HDFCBANK,24.7367468535254,RECONSTRUCTED
2023-05-11,ICICIBANK,23.673488828557524,RECONSTRUCTED
2023-05-11,IDFCFIRSTB,1.969950604230717,RECONSTRUCTED
2023-05-11,INDUSINDBK,7.244221094875955,RECONSTRUCTED
2023-05-11,KOTAKBANK,10.76598500324336,RECONSTRUCTED
2023-05-11,PNB,1.3186219950003244,RECONSTRUCTED
2023-05-11,SBIN,10.38333049357822,RECONSTRUCTED
2023-05-12,AUBANK,3.2665837473666386,RECONSTRUCTED
2023-05-12,AXISBANK,9.846886515066624,RECONSTRUCTED
2023-05-12,BANDHANBNK,1.8090788282512824,RECONSTRUCTED
2023-05-12,BANKBARODA,2.867782178645856,RECONSTRUCTED
2023-05-12,FEDERALBNK,2.118946034970655,RECONSTRUCTED
2023-05-12,HDFCBANK,24.699913369726463,RECONSTRUCTED
2023-05-12,ICICIBANK,23.72825320318497,RECONSTRUCTED
2023-05-12,IDFCFIRSTB,1.9616841771820257,RECONSTRUCTED
2023-05-12,INDUSINDBK,7.169318090773465,RECONSTRUCTED
2023-05-12,KOTAKBANK,10.830232881857128,RECONSTRUCTED
2023-05-12,PNB,1.326918465357269,RECONSTRUCTED
2023-05-12,SBIN,10.37440250761762,RECONSTRUCTED
2023-05-15,AUBANK,3.269638661784474,RECONSTRUCTED
2023-05-15,AXISBANK,9.855657005162572,RECONSTRUCTED
2023-05-15,BANDHANBNK,1.758869854697251,RECONSTRUCTED
2023-05-15,BANKBARODA,2.806495343359915,RECONSTRUCTED
2023-05-15,FEDERALBNK,2.106062373092768,RECONSTRUCTED
2023-05-15,HDFCBANK,24.743036831663147,RECONSTRUCTED
2023-05-15,ICICIBANK,23.83697825862228,RECONSTRUCTED
2023-05-15,IDFCFIRSTB,1.9390378662610084,RECONSTRUCTED
2023-05-15,INDUSINDBK,7.151787521598436,RECONSTRUCTED
2023-05-15,KOTAKBANK,10.832669049274848,RECONSTRUCTED
2023-05-15,PNB,1.3246969691020716,RECONSTRUCTED
2023-05-15,SBIN,10.375070265381234,RECONSTRUCTED
2023-05-16,AUBANK,3.2138217248487444,RECONSTRUCTED
2023-05-16,AXISBANK,9.827413789821884,RECONSTRUCTED
2023-05-16,BANDHANBNK,1.7626957828171943,RECONSTRUCTED
2023-05-16,BANKBARODA,2.764714015209604,RECONSTRUCTED
2023-05-16,FEDERALBNK,2.1137313762701586,RECONSTRUCTED
2023-05-16,HDFCBANK,24.868606640679563,RECONSTRUCTED
2023-05-16,ICICIBANK,23.805475104533983,RECONSTRUCTED
2023-05-16,IDFCFIRSTB,1.9190166322142668,RECONSTRUCTED
2023-05-16,INDUSINDBK,7.142473969176821,RECONSTRUCTED
2023-05-16,KOTAKBANK,10.969491987620348,RECONSTRUCTED
2023-05-16,PNB,1.322434644434748,RECONSTRUCTED
2023-05-16,SBIN,10.290124332372692,RECONSTRUCTED
2023-05-17,AUBANK,3.1902906254877723,RECONSTRUCTED
2023-05-17,AXISBANK,9.813635309070309,RECONSTRUCTED
2023-05-17,BANDHANBNK,1.7595121805319822,RECONSTRUCTED
2023-05-17,BANKBARODA,2.760694969746683,RECONSTRUCTED
2023-05-17,FEDERALBNK,2.0923311126615314,RECONSTRUCTED
2023-05-17,HDFCBANK,24.886265622370445,RECONSTRUCTED
2023-05-17,ICICIBANK,23.8709597968258,RECONSTRUCTED
2023-05-17,IDFCFIRSTB,1.922900539091215,RECONSTRUCTED
2023-05-17,INDUSINDBK,7.017992297303856,RECONSTRUCTED
2023-05-17,KOTAKBANK,11.135054670272908,RECONSTRUCTED
2023-05-17,PNB,1.308254235673114,RECONSTRUCTED
2023-05-17,SBIN,10.242108640964393,RECONSTRUCTED
2023-05-18,AUBANK,3.1228067690355776,RECONSTRUCTED
2023-05-18,AXISBANK,9.827277992231023,RECONSTRUCTED
2023-05-18,BANDHANBNK,1.7588778230533502,RECONSTRUCTED
2023-05-18,BANKBARODA,2.849295931359017,RECONSTRUCTED
2023-05-18,FEDERALBNK,2.1098867966700663,RECONSTRUCTED
2023-05-18,HDFCBANK,24.818922618821368,RECONSTRUCTED
2023-05-18,ICICIBANK,23.720979995486093,RECONSTRUCTED
2023-05-18,IDFCFIRSTB,1.9325800837794769,RECONSTRUCTED
2023-05-18,INDUSINDBK,7.011382047354671,RECONSTRUCTED
2023-05-18,KOTAKBANK,11.04374710309189,RECONSTRUCTED
2023-05-18,PNB,1.3329111769407205,RECONSTRUCTED
2023-05-18,SBIN,10.47133166217674,RECONSTRUCTED
2023-05-19,AUBANK,3.1124089556888337,RECONSTRUCTED
2023-05-19,AXISBANK,9.775858164349245,RECONSTRUCTED
2023-05-19,BANDHANBNK,1.81250083832232,RECONSTRUCTED
2023-05-19,BANKBARODA,2.838961019936985,RECONSTRUCTED
2023-05-19,FEDERALBNK,2.1303859268607326,RECONSTRUCTED
2023-05-19,HDFCBANK,24.912654685394475,RECONSTRUCTED
2023-05-19,ICICIBANK,23.64322653557841,RECONSTRUCTED
2023-05-19,IDFCFIRSTB,1.9392115805271903,RECONSTRUCTED
2023-05-19,INDUSINDBK,6.994613895904648,RECONSTRUCTED
2023-05-19,KOTAKBANK,11.016807905329872,RECONSTRUCTED
2023-05-19,PNB,1.3177321012046228,RECONSTRUCTED
2023-05-19,SBIN,10.505638390902664,RECONSTRUCTED
2023-05-22,AUBANK,3.0876693893781946,RECONSTRUCTED
2023-05-22,AXISBANK,9.827752577786864,RECONSTRUCTED
2023-05-22,BANDHANBNK,1.7764558732253553,RECONSTRUCTED
2023-05-22,BANKBARODA,2.8472603507002527,RECONSTRUCTED
2023-05-22,FEDERALBNK,2.12578718169134,RECONSTRUCTED
2023-05-22,HDFCBANK,24.95738073973696,RECONSTRUCTED
2023-05-22,ICICIBANK,23.69963686792519,RECONSTRUCTED
2023-05-22,IDFCFIRSTB,1.9474538661464065,RECONSTRUCTED
2023-05-22,INDUSINDBK,6.992646698944611,RECONSTRUCTED
2023-05-22,KOTAKBANK,11.005601890043334,RECONSTRUCTED
2023-05-22,PNB,1.2815803008158226,RECONSTRUCTED
2023-05-22,SBIN,10.45077426360566,RECONSTRUCTED
2023-05-23,AUBANK,3.075792529657288,RECONSTRUCTED
2023-05-23,AXISBANK,9.859202812265174,RECONSTRUCTED
2023-05-23,BANDHANBNK,1.6991444662177502,RECONSTRUCTED
2023-05-23,BANKBARODA,2.817005346971611,RECONSTRUCTED
2023-05-23,FEDERALBNK,2.1386567003354173,RECONSTRUCTED
2023-05-23,HDFCBANK,25.057832433638467,RECONSTRUCTED
2023-05-23,ICICIBANK,23.66325675885213,RECONSTRUCTED
2023-05-23,IDFCFIRSTB,1.9610418860781216,RECONSTRUCTED
2023-05-23,INDUSINDBK,6.926229357708488,RECONSTRUCTED
2023-05-23,KOTAKBANK,11.13125993613803,RECONSTRUCTED
2023-05-23,PNB,1.2824512674950286,RECONSTRUCTED
2023-05-23,SBIN,10.388126504642498,RECONSTRUCTED
2023-05-24,AUBANK,3.0440829879155435,RECONSTRUCTED
2023-05-24,AXISBANK,9.781949394034942,RECONSTRUCTED
2023-05-24,BANDHANBNK,1.6414695323512505,RECONSTRUCTED
2023-05-24,BANKBARODA,2.809624037100607,RECONSTRUCTED
2023-05-24,FEDERALBNK,2.157250873200488,RECONSTRUCTED
2023-05-24,HDFCBANK,25.233378082554133,RECONSTRUCTED
2023-05-24,ICICIBANK,23.83633066680673,RECONSTRUCTED
2023-05-24,IDFCFIRSTB,1.95044415897854,RECONSTRUCTED
2023-05-24,INDUSINDBK,6.821067516402413,RECONSTRUCTED
2023-05-24,KOTAKBANK,11.127293363202671,RECONSTRUCTED
2023-05-24,PNB,1.2924345695187796,RECONSTRUCTED
2023-05-24,SBIN,10.304674817933895,RECONSTRUCTED
2023-05-25,AUBANK,3.028978532062057,RECONSTRUCTED
2023-05-25,AXISBANK,9.748660369923453,RECONSTRUCTED
2023-05-25,BANDHANBNK,1.6225901718417288,RECONSTRUCTED
2023-05-25,BANKBARODA,2.823423166647937,RECONSTRUCTED
2023-05-25,FEDERALBNK,2.16738646159092,RECONSTRUCTED
2023-05-25,HDFCBANK,25.33652328197346,RECONSTRUCTED
2023-05-25,ICICIBANK,23.86222279954167,RECONSTRUCTED
2023-05-25,IDFCFIRSTB,1.89352278544164,RECONSTRUCTED
2023-05-25,INDUSINDBK,6.867761417817126,RECONSTRUCTED
2023-05-25,KOTAKBANK,11.016875151157691,RECONSTRUCTED
2023-05-25,PNB,1.2992473505130493,RECONSTRUCTED
2023-05-25,SBIN,10.33280851148927,RECONSTRUCTED
2023-05-26,AUBANK,3.019852887532726,RECONSTRUCTED
2023-05-26,AXISBANK,9.761538861230283,RECONSTRUCTED
2023-05-26,BANDHANBNK,1.655823690643028,RECONSTRUCTED
2023-05-26,BANKBARODA,2.8181361907253804,RECONSTRUCTED
2023-05-26,FEDERALBNK,2.1492753809875698,RECONSTRUCTED
2023-05-26,HDFCBANK,25.43453752282046,RECONSTRUCTED
2023-05-26,ICICIBANK,23.77236625585929,RECONSTRUCTED
2023-05-26,IDFCFIRSTB,1.8576313314469173,RECONSTRUCTED
2023-05-26,INDUSINDBK,6.895506173960345,RECONSTRUCTED
2023-05-26,KOTAKBANK,11.015905291076248,RECONSTRUCTED
2023-05-26,PNB,1.2910947306456315,RECONSTRUCTED
2023-05-26,SBIN,10.328331683072124,RECONSTRUCTED
2023-05-29,AUBANK,2.992962678739861,RECONSTRUCTED
2023-05-29,AXISBANK,9.796170547471457,RECONSTRUCTED
2023-05-29,BANDHANBNK,1.6462993328770863,RECONSTRUCTED
2023-05-29,BANKBARODA,2.833741644399148,RECONSTRUCTED
2023-05-29,FEDERALBNK,2.1592219850769028,RECONSTRUCTED
2023-05-29,HDFCBANK,25.294852875583345,RECONSTRUCTED
2023-05-29,ICICIBANK,23.99441017741548,RECONSTRUCTED
2023-05-29,IDFCFIRSTB,1.8619563255972893,RECONSTRUCTED
2023-05-29,INDUSINDBK,6.849953608151643,RECONSTRUCTED
2023-05-29,KOTAKBANK,11.042705100834915,RECONSTRUCTED
2023-05-29,PNB,1.2881461595240096,RECONSTRUCTED
2023-05-29,SBIN,10.239579564328857,RECONSTRUCTED
2023-05-30,AUBANK,3.056718766663407,RECONSTRUCTED
2023-05-30,AXISBANK,9.744298318169044,RECONSTRUCTED
2023-05-30,BANDHANBNK,1.6291603898530576,RECONSTRUCTED
2023-05-30,BANKBARODA,2.843475658356221,RECONSTRUCTED
2023-05-30,FEDERALBNK,2.168916332439073,RECONSTRUCTED
2023-05-30,HDFCBANK,25.348555812613448,RECONSTRUCTED
2023-05-30,ICICIBANK,24.018132922667952,RECONSTRUCTED
2023-05-30,IDFCFIRSTB,1.8282425433854363,RECONSTRUCTED
2023-05-30,INDUSINDBK,6.8256525677201845,RECONSTRUCTED
2023-05-30,KOTAKBANK,10.954029327732863,RECONSTRUCTED
2023-05-30,PNB,1.2755465704171605,RECONSTRUCTED
2023-05-30,SBIN,10.30727078998216,RECONSTRUCTED
2023-05-31,AUBANK,3.04,OFFICIAL
2023-05-31,AXISBANK,9.94,OFFICIAL
2023-05-31,BANDHANBNK,1.62,OFFICIAL
2023-05-31,BANKBARODA,2.81,OFFICIAL
2023-05-31,FEDERALBNK,2.16,OFFICIAL
2023-05-31,HDFCBANK,25.64,OFFICIAL
2023-05-31,ICICIBANK,23.93,OFFICIAL
2023-05-31,IDFCFIRSTB,1.82,OFFICIAL
2023-05-31,INDUSINDBK,6.83,OFFICIAL
2023-05-31,KOTAKBANK,10.69,OFFICIAL
2023-05-31,PNB,1.26,OFFICIAL
2023-05-31,SBIN,10.29,OFFICIAL
2023-06-01,AUBANK,2.494256704388884,RECONSTRUCTED
2023-06-01,AXISBANK,10.657871950580104,RECONSTRUCTED
2023-06-01,BANDHANBNK,1.1445308430643726,RECONSTRUCTED
2023-06-01,BANKBARODA,2.649789043233274,RECONSTRUCTED
2023-06-01,FEDERALBNK,1.893570574304114,RECONSTRUCTED
2023-06-01,HDFCBANK,28.720311831432472,RECONSTRUCTED
2023-06-01,ICICIBANK,23.514812589287,RECONSTRUCTED
2023-06-01,IDFCFIRSTB,1.9108102884042488,RECONSTRUCTED
2023-06-01,INDUSINDBK,6.802606512240255,RECONSTRUCTED
2023-06-01,KOTAKBANK,9.357091211322487,RECONSTRUCTED
2023-06-01,PNB,1.0963622779430833,RECONSTRUCTED
2023-06-01,SBIN,9.75798617379971,RECONSTRUCTED
2023-06-02,AUBANK,2.4924357972360145,RECONSTRUCTED
2023-06-02,AXISBANK,10.627330583548712,RECONSTRUCTED
2023-06-02,BANDHANBNK,1.16196625079244,RECONSTRUCTED
2023-06-02,BANKBARODA,2.63351293760144,RECONSTRUCTED
2023-06-02,FEDERALBNK,1.8914868111197896,RECONSTRUCTED
2023-06-02,HDFCBANK,28.792421562243938,RECONSTRUCTED
2023-06-02,ICICIBANK,23.5589992912216,RECONSTRUCTED
2023-06-02,IDFCFIRSTB,1.91069800159098,RECONSTRUCTED
2023-06-02,INDUSINDBK,6.766423541059928,RECONSTRUCTED
2023-06-02,KOTAKBANK,9.35304433678857,RECONSTRUCTED
2023-06-02,PNB,1.0881991023329598,RECONSTRUCTED
2023-06-02,SBIN,9.723481784463644,RECONSTRUCTED
2023-06-05,AUBANK,2.577226576778731,RECONSTRUCTED
2023-06-05,AXISBANK,10.39148123408176,RECONSTRUCTED
2023-06-05,BANDHANBNK,1.1749548822452316,RECONSTRUCTED
2023-06-05,BANKBARODA,2.6595525548142978,RECONSTRUCTED
2023-06-05,FEDERALBNK,1.881783030709737,RECONSTRUCTED
2023-06-05,HDFCBANK,28.94367297375407,RECONSTRUCTED
2023-06-05,ICICIBANK,23.43695565814208,RECONSTRUCTED
2023-06-05,IDFCFIRSTB,1.89740265027229,RECONSTRUCTED
2023-06-05,INDUSINDBK,6.722108995672197,RECONSTRUCTED
2023-06-05,KOTAKBANK,9.45744934813517,RECONSTRUCTED
2023-06-05,PNB,1.0956279287629866,RECONSTRUCTED
2023-06-05,SBIN,9.761784166631465,RECONSTRUCTED
2023-06-06,AUBANK,2.5770198042754378,RECONSTRUCTED
2023-06-06,AXISBANK,10.217358800149972,RECONSTRUCTED
2023-06-06,BANDHANBNK,1.1752321083065136,RECONSTRUCTED
2023-06-06,BANKBARODA,2.6677324973490792,RECONSTRUCTED
2023-06-06,FEDERALBNK,1.90118747634574,RECONSTRUCTED
2023-06-06,HDFCBANK,29.068555363757635,RECONSTRUCTED
2023-06-06,ICICIBANK,23.580538882687936,RECONSTRUCTED
2023-06-06,IDFCFIRSTB,1.897076405565724,RECONSTRUCTED
2023-06-06,INDUSINDBK,6.708430055495231,RECONSTRUCTED
2023-06-06,KOTAKBANK,9.303597147844018,RECONSTRUCTED
2023-06-06,PNB,1.099033480744548,RECONSTRUCTED
2023-06-06,SBIN,9.804237977478158,RECONSTRUCTED
2023-06-07,AUBANK,2.5476589820957853,RECONSTRUCTED
2023-06-07,AXISBANK,10.15434784781362,RECONSTRUCTED
2023-06-07,BANDHANBNK,1.1740698155512763,RECONSTRUCTED
2023-06-07,BANKBARODA,2.644721484778397,RECONSTRUCTED
2023-06-07,FEDERALBNK,1.905393315873236,RECONSTRUCTED
2023-06-07,HDFCBANK,28.99394515443856,RECONSTRUCTED
2023-06-07,ICICIBANK,23.689846301475743,RECONSTRUCTED
2023-06-07,IDFCFIRSTB,1.9071951407483123,RECONSTRUCTED
2023-06-07,INDUSINDBK,6.699261519993854,RECONSTRUCTED
2023-06-07,KOTAKBANK,9.422383232720978,RECONSTRUCTED
2023-06-07,PNB,1.095586725084159,RECONSTRUCTED
2023-06-07,SBIN,9.765590479426082,RECONSTRUCTED
2023-06-08,AUBANK,2.5564617183882685,RECONSTRUCTED
2023-06-08,AXISBANK,10.247593293219824,RECONSTRUCTED
2023-06-08,BANDHANBNK,1.1872636480241594,RECONSTRUCTED
2023-06-08,BANKBARODA,2.62827425407796,RECONSTRUCTED
2023-06-08,FEDERALBNK,1.895551163248845,RECONSTRUCTED
2023-06-08,HDFCBANK,28.80341032491976,RECONSTRUCTED
2023-06-08,ICICIBANK,23.60655329188468,RECONSTRUCTED
2023-06-08,IDFCFIRSTB,1.93260182351404,RECONSTRUCTED
2023-06-08,INDUSINDBK,6.696916121213568,RECONSTRUCTED
2023-06-08,KOTAKBANK,9.62892926587592,RECONSTRUCTED
2023-06-08,PNB,1.0974492367954112,RECONSTRUCTED
2023-06-08,SBIN,9.718995858837568,RECONSTRUCTED
2023-06-09,AUBANK,2.533388698241278,RECONSTRUCTED
2023-06-09,AXISBANK,10.114207390916642,RECONSTRUCTED
2023-06-09,BANDHANBNK,1.204108104304439,RECONSTRUCTED
2023-06-09,BANKBARODA,2.665138083777359,RECONSTRUCTED
2023-06-09,FEDERALBNK,1.9106289950726736,RECONSTRUCTED
2023-06-09,HDFCBANK,28.768302884172524,RECONSTRUCTED
2023-06-09,ICICIBANK,23.60185695757764,RECONSTRUCTED
2023-06-09,IDFCFIRSTB,1.9460028511315712,RECONSTRUCTED
2023-06-09,INDUSINDBK,6.559807534525973,RECONSTRUCTED
2023-06-09,KOTAKBANK,9.703133702938253,RECONSTRUCTED
2023-06-09,PNB,1.1102291480020208,RECONSTRUCTED
2023-06-09,SBIN,9.88319564933962,RECONSTRUCTED
2023-06-12,AUBANK,2.5328974519516327,RECONSTRUCTED
2023-06-12,AXISBANK,10.107334652588309,RECONSTRUCTED
2023-06-12,BANDHANBNK,1.200038343659211,RECONSTRUCTED
2023-06-12,BANKBARODA,2.6312205256633368,RECONSTRUCTED
2023-06-12,FEDERALBNK,1.9067291546876388,RECONSTRUCTED
2023-06-12,HDFCBANK,28.908434085912933,RECONSTRUCTED
2023-06-12,ICICIBANK,23.625402348142785,RECONSTRUCTED
2023-06-12,IDFCFIRSTB,1.914215737955168,RECONSTRUCTED
2023-06-12,INDUSINDBK,6.544767940323378,RECONSTRUCTED
2023-06-12,KOTAKBANK,9.652653654581242,RECONSTRUCTED
2023-06-12,PNB,1.104546708974108,RECONSTRUCTED
2023-06-12,SBIN,9.871759395560256,RECONSTRUCTED
2023-06-13,AUBANK,2.532682940439539,RECONSTRUCTED
2023-06-13,AXISBANK,10.017871791286415,RECONSTRUCTED
2023-06-13,BANDHANBNK,1.182709164534043,RECONSTRUCTED
2023-06-13,BANKBARODA,2.635594151884125,RECONSTRUCTED
2023-06-13,FEDERALBNK,1.922432437307204,RECONSTRUCTED
2023-06-13,HDFCBANK,28.946374708715595,RECONSTRUCTED
2023-06-13,ICICIBANK,23.50544023956928,RECONSTRUCTED
2023-06-13,IDFCFIRSTB,1.8686251124558333,RECONSTRUCTED
2023-06-13,INDUSINDBK,6.545743034999591,RECONSTRUCTED
2023-06-13,KOTAKBANK,9.804212869231655,RECONSTRUCTED
2023-06-13,PNB,1.0982744860255238,RECONSTRUCTED
2023-06-13,SBIN,9.940039063551184,RECONSTRUCTED
2023-06-14,AUBANK,2.50022583203196,RECONSTRUCTED
2023-06-14,AXISBANK,10.081594711245236,RECONSTRUCTED
2023-06-14,BANDHANBNK,1.2229252612547723,RECONSTRUCTED
2023-06-14,BANKBARODA,2.6276255259312307,RECONSTRUCTED
2023-06-14,FEDERALBNK,1.920980761270417,RECONSTRUCTED
2023-06-14,HDFCBANK,28.92124437357405,RECONSTRUCTED
2023-06-14,ICICIBANK,23.55301372001785,RECONSTRUCTED
2023-06-14,IDFCFIRSTB,1.8175818683251608,RECONSTRUCTED
2023-06-14,INDUSINDBK,6.597104519072908,RECONSTRUCTED
2023-06-14,KOTAKBANK,9.739357435705925,RECONSTRUCTED
2023-06-14,PNB,1.1003555845555348,RECONSTRUCTED
2023-06-14,SBIN,9.91799040701496,RECONSTRUCTED
2023-06-15,AUBANK,2.45782837202758,RECONSTRUCTED
2023-06-15,AXISBANK,9.9611602354878,RECONSTRUCTED
2023-06-15,BANDHANBNK,1.2350215620840943,RECONSTRUCTED
2023-06-15,BANKBARODA,2.65207581719475,RECONSTRUCTED
2023-06-15,FEDERALBNK,1.9334897513199711,RECONSTRUCTED
2023-06-15,HDFCBANK,28.915306101752485,RECONSTRUCTED
2023-06-15,ICICIBANK,23.58988981479521,RECONSTRUCTED
2023-06-15,IDFCFIRSTB,1.7437393471220914,RECONSTRUCTED
2023-06-15,INDUSINDBK,6.645965829018865,RECONSTRUCTED
2023-06-15,KOTAKBANK,9.780993719860575,RECONSTRUCTED
2023-06-15,PNB,1.116782474560782,RECONSTRUCTED
2023-06-15,SBIN,9.967746974775803,RECONSTRUCTED
2023-06-16,AUBANK,2.4760143786421245,RECONSTRUCTED
2023-06-16,AXISBANK,10.029161652135867,RECONSTRUCTED
2023-06-16,BANDHANBNK,1.2146222074492654,RECONSTRUCTED
2023-06-16,BANKBARODA,2.6151841480740448,RECONSTRUCTED
2023-06-16,FEDERALBNK,1.9285919432860903,RECONSTRUCTED
2023-06-16,HDFCBANK,28.866101611082563,RECONSTRUCTED
2023-06-16,ICICIBANK,23.66378446200611,RECONSTRUCTED
2023-06-16,IDFCFIRSTB,1.705267461558163,RECONSTRUCTED
2023-06-16,INDUSINDBK,6.635017698912694,RECONSTRUCTED
2023-06-16,KOTAKBANK,9.764821712806947,RECONSTRUCTED
2023-06-16,PNB,1.104272682510992,RECONSTRUCTED
2023-06-16,SBIN,9.997160041535142,RECONSTRUCTED
2023-06-19,AUBANK,2.4804548485758326,RECONSTRUCTED
2023-06-19,AXISBANK,10.125370426204215,RECONSTRUCTED
2023-06-19,BANDHANBNK,1.2264522319679627,RECONSTRUCTED
2023-06-19,BANKBARODA,2.5217557414662326,RECONSTRUCTED
2023-06-19,FEDERALBNK,1.9256667142650987,RECONSTRUCTED
2023-06-19,HDFCBANK,28.64590448180483,RECONSTRUCTED
2023-06-19,ICICIBANK,23.78512374730882,RECONSTRUCTED
2023-06-19,IDFCFIRSTB,1.7020708112975198,RECONSTRUCTED
2023-06-19,INDUSINDBK,6.653960388659759,RECONSTRUCTED
2023-06-19,KOTAKBANK,9.873420508708278,RECONSTRUCTED
2023-06-19,PNB,1.0883611808298708,RECONSTRUCTED
2023-06-19,SBIN,9.971458918911573,RECONSTRUCTED
2023-06-20,AUBANK,2.5027067701286114,RECONSTRUCTED
2023-06-20,AXISBANK,10.060154764606006,RECONSTRUCTED
2023-06-20,BANDHANBNK,1.244107547752035,RECONSTRUCTED
2023-06-20,BANKBARODA,2.5138147876580463,RECONSTRUCTED
2023-06-20,FEDERALBNK,1.9267964223936849,RECONSTRUCTED
2023-06-20,HDFCBANK,28.672682650253893,RECONSTRUCTED
2023-06-20,ICICIBANK,23.795214813092965,RECONSTRUCTED
2023-06-20,IDFCFIRSTB,1.6762917869937335,RECONSTRUCTED
2023-06-20,INDUSINDBK,6.68951073706944,RECONSTRUCTED
2023-06-20,KOTAKBANK,9.798832013306564,RECONSTRUCTED
2023-06-20,PNB,1.0927053819599786,RECONSTRUCTED
2023-06-20,SBIN,10.027182324785034,RECONSTRUCTED
2023-06-21,AUBANK,2.569671613931264,RECONSTRUCTED
2023-06-21,AXISBANK,10.179511008678755,RECONSTRUCTED
2023-06-21,BANDHANBNK,1.2753209305942868,RECONSTRUCTED
2023-06-21,BANKBARODA,2.4804675912789684,RECONSTRUCTED
2023-06-21,FEDERALBNK,1.931174389856364,RECONSTRUCTED
2023-06-21,HDFCBANK,28.255549333586107,RECONSTRUCTED
2023-06-21,ICICIBANK,23.88087309295916,RECONSTRUCTED
2023-06-21,IDFCFIRSTB,1.6930496264625152,RECONSTRUCTED
2023-06-21,INDUSINDBK,6.768943420639907,RECONSTRUCTED
2023-06-21,KOTAKBANK,9.816823530482443,RECONSTRUCTED
2023-06-21,PNB,1.0759373882207703,RECONSTRUCTED
2023-06-21,SBIN,10.072678073309447,RECONSTRUCTED
2023-06-22,AUBANK,2.593377367181361,RECONSTRUCTED
2023-06-22,AXISBANK,10.147188573924202,RECONSTRUCTED
2023-06-22,BANDHANBNK,1.2880551617270906,RECONSTRUCTED
2023-06-22,BANKBARODA,2.5355645977179977,RECONSTRUCTED
2023-06-22,FEDERALBNK,1.92079215305184,RECONSTRUCTED
2023-06-22,HDFCBANK,28.04614703099289,RECONSTRUCTED
2023-06-22,ICICIBANK,23.79281660700208,RECONSTRUCTED
2023-06-22,IDFCFIRSTB,1.7888267050204631,RECONSTRUCTED
2023-06-22,INDUSINDBK,6.825380263686538,RECONSTRUCTED
2023-06-22,KOTAKBANK,9.842125710291455,RECONSTRUCTED
2023-06-22,PNB,1.1121165228380712,RECONSTRUCTED
2023-06-22,SBIN,10.107609306566,RECONSTRUCTED
2023-06-23,AUBANK,2.6022088663023872,RECONSTRUCTED
2023-06-23,AXISBANK,10.21202391433767,RECONSTRUCTED
2023-06-23,BANDHANBNK,1.3008263743775266,RECONSTRUCTED
2023-06-23,BANKBARODA,2.544598454903697,RECONSTRUCTED
2023-06-23,FEDERALBNK,1.942556641321057,RECONSTRUCTED
2023-06-23,HDFCBANK,27.9876051750987,RECONSTRUCTED
2023-06-23,ICICIBANK,23.799553552097112,RECONSTRUCTED
2023-06-23,IDFCFIRSTB,1.7815407850471416,RECONSTRUCTED
2023-06-23,INDUSINDBK,6.6233686122428015,RECONSTRUCTED
2023-06-23,KOTAKBANK,9.861535027199167,RECONSTRUCTED
2023-06-23,PNB,1.106431356178006,RECONSTRUCTED
2023-06-23,SBIN,10.237751240894728,RECONSTRUCTED
2023-06-26,AUBANK,2.572668118171189,RECONSTRUCTED
2023-06-26,AXISBANK,10.19245971896883,RECONSTRUCTED
2023-06-26,BANDHANBNK,1.2968460037939744,RECONSTRUCTED
2023-06-26,BANKBARODA,2.564770084593413,RECONSTRUCTED
2023-06-26,FEDERALBNK,1.9568011915000367,RECONSTRUCTED
2023-06-26,HDFCBANK,28.1327380582592,RECONSTRUCTED
2023-06-26,ICICIBANK,23.705849540333748,RECONSTRUCTED
2023-06-26,IDFCFIRSTB,1.7821165708572135,RECONSTRUCTED
2023-06-26,INDUSINDBK,6.593515846790214,RECONSTRUCTED
2023-06-26,KOTAKBANK,9.89502645398928,RECONSTRUCTED
2023-06-26,PNB,1.111189826161269,RECONSTRUCTED
2023-06-26,SBIN,10.196018586581646,RECONSTRUCTED
2023-06-27,AUBANK,2.5861250670492115,RECONSTRUCTED
2023-06-27,AXISBANK,10.171765822678497,RECONSTRUCTED
2023-06-27,BANDHANBNK,1.303335526018699,RECONSTRUCTED
2023-06-27,BANKBARODA,2.590688260221888,RECONSTRUCTED
2023-06-27,FEDERALBNK,1.950507741823896,RECONSTRUCTED
2023-06-27,HDFCBANK,28.0514905861729,RECONSTRUCTED
2023-06-27,ICICIBANK,23.749015398620905,RECONSTRUCTED
2023-06-27,IDFCFIRSTB,1.7904983336201137,RECONSTRUCTED
2023-06-27,INDUSINDBK,6.66256999440906,RECONSTRUCTED
2023-06-27,KOTAKBANK,9.8875290673466,RECONSTRUCTED
2023-06-27,PNB,1.1114427576360153,RECONSTRUCTED
2023-06-27,SBIN,10.145031444402225,RECONSTRUCTED
2023-06-28,AUBANK,2.6054532186478867,RECONSTRUCTED
2023-06-28,AXISBANK,10.168735046369989,RECONSTRUCTED
2023-06-28,BANDHANBNK,1.335097856427568,RECONSTRUCTED
2023-06-28,BANKBARODA,2.616104186327353,RECONSTRUCTED
2023-06-28,FEDERALBNK,1.9742840292846973,RECONSTRUCTED
2023-06-28,HDFCBANK,27.89064299946879,RECONSTRUCTED
2023-06-28,ICICIBANK,23.82832373665205,RECONSTRUCTED
2023-06-28,IDFCFIRSTB,1.766337784295186,RECONSTRUCTED
2023-06-28,INDUSINDBK,6.603631314153565,RECONSTRUCTED
2023-06-28,KOTAKBANK,9.957257030882204,RECONSTRUCTED
2023-06-28,PNB,1.1267336966138348,RECONSTRUCTED
2023-06-28,SBIN,10.12739910087687,RECONSTRUCTED
2023-06-30,AUBANK,2.61,OFFICIAL
2023-06-30,AXISBANK,10.17,OFFICIAL
2023-06-30,BANDHANBNK,1.3,OFFICIAL
2023-06-30,BANKBARODA,2.56,OFFICIAL
2023-06-30,FEDERALBNK,1.93,OFFICIAL
2023-06-30,HDFCBANK,27.74,OFFICIAL
2023-06-30,ICICIBANK,24.13,OFFICIAL
2023-06-30,IDFCFIRSTB,1.79,OFFICIAL
2023-06-30,INDUSINDBK,6.47,OFFICIAL
2023-06-30,KOTAKBANK,10.02,OFFICIAL
2023-06-30,PNB,1.11,OFFICIAL
2023-06-30,SBIN,10.17,OFFICIAL
2023-07-03,AUBANK,2.4310032119588727,RECONSTRUCTED
2023-07-03,AXISBANK,8.980457391719836,RECONSTRUCTED
2023-07-03,BANDHANBNK,1.1341397959365231,RECONSTRUCTED
2023-07-03,BANKBARODA,2.758921141838296,RECONSTRUCTED
2023-07-03,FEDERALBNK,2.447890622941931,RECONSTRUCTED
2023-07-03,HDFCBANK,26.95519832465968,RECONSTRUCTED
2023-07-03,ICICIBANK,25.15288872630953,RECONSTRUCTED
2023-07-03,IDFCFIRSTB,2.081274910233548,RECONSTRUCTED
2023-07-03,INDUSINDBK,6.838597963412017,RECONSTRUCTED
2023-07-03,KOTAKBANK,9.349364303700746,RECONSTRUCTED
2023-07-03,PNB,1.5203918938394498,RECONSTRUCTED
2023-07-03,SBIN,10.34987171344956,RECONSTRUCTED
2023-07-04,AUBANK,2.3858793955769264,RECONSTRUCTED
2023-07-04,AXISBANK,9.116086537540529,RECONSTRUCTED
2023-07-04,BANDHANBNK,1.1585714869579964,RECONSTRUCTED
2023-07-04,BANKBARODA,2.7236210407949986,RECONSTRUCTED
2023-07-04,FEDERALBNK,2.3732196054942247,RECONSTRUCTED
2023-07-04,HDFCBANK,26.91323097393185,RECONSTRUCTED
2023-07-04,ICICIBANK,25.17895327302155,RECONSTRUCTED
2023-07-04,IDFCFIRSTB,2.1757999057827555,RECONSTRUCTED
2023-07-04,INDUSINDBK,6.926532672530635,RECONSTRUCTED
2023-07-04,KOTAKBANK,9.290965830797887,RECONSTRUCTED
2023-07-04,PNB,1.4398753856821267,RECONSTRUCTED
2023-07-04,SBIN,10.317263891888516,RECONSTRUCTED
2023-07-05,AUBANK,2.4042621360196708,RECONSTRUCTED
2023-07-05,AXISBANK,9.129494466225584,RECONSTRUCTED
2023-07-05,BANDHANBNK,1.187609565193855,RECONSTRUCTED
2023-07-05,BANKBARODA,2.678105489766024,RECONSTRUCTED
2023-07-05,FEDERALBNK,2.3433476823964536,RECONSTRUCTED
2023-07-05,HDFCBANK,27.71667399193442,RECONSTRUCTED
2023-07-05,ICICIBANK,24.75832002312521,RECONSTRUCTED
2023-07-05,IDFCFIRSTB,2.1236693123919723,RECONSTRUCTED
2023-07-05,INDUSINDBK,6.747801015174377,RECONSTRUCTED
2023-07-05,KOTAKBANK,9.248721842659826,RECONSTRUCTED
2023-07-05,PNB,1.3977775869926683,RECONSTRUCTED
2023-07-05,SBIN,10.264216888119964,RECONSTRUCTED
2023-07-06,AUBANK,2.350197451730598,RECONSTRUCTED
2023-07-06,AXISBANK,9.030551730230217,RECONSTRUCTED
2023-07-06,BANDHANBNK,1.1625849746411203,RECONSTRUCTED
2023-07-06,BANKBARODA,2.685415482011257,RECONSTRUCTED
2023-07-06,FEDERALBNK,2.3161186958870905,RECONSTRUCTED
2023-07-06,HDFCBANK,27.79794559458541,RECONSTRUCTED
2023-07-06,ICICIBANK,24.819871844572567,RECONSTRUCTED
2023-07-06,IDFCFIRSTB,2.1280877480490727,RECONSTRUCTED
2023-07-06,INDUSINDBK,6.820026137876173,RECONSTRUCTED
2023-07-06,KOTAKBANK,9.223687152778986,RECONSTRUCTED
2023-07-06,PNB,1.3937865533022815,RECONSTRUCTED
2023-07-06,SBIN,10.271726634335208,RECONSTRUCTED
2023-07-07,AUBANK,2.4150391550373227,RECONSTRUCTED
2023-07-07,AXISBANK,8.978166160860637,RECONSTRUCTED
2023-07-07,BANDHANBNK,1.1542590792234129,RECONSTRUCTED
2023-07-07,BANKBARODA,2.615784503947998,RECONSTRUCTED
2023-07-07,FEDERALBNK,2.2992919463858943,RECONSTRUCTED
2023-07-07,HDFCBANK,27.78724052930656,RECONSTRUCTED
2023-07-07,ICICIBANK,24.931887959936937,RECONSTRUCTED
2023-07-07,IDFCFIRSTB,2.129892645214996,RECONSTRUCTED
2023-07-07,INDUSINDBK,6.922804414083961,RECONSTRUCTED
2023-07-07,KOTAKBANK,9.257128172233765,RECONSTRUCTED
2023-07-07,PNB,1.349093221766622,RECONSTRUCTED
2023-07-07,SBIN,10.159412212001907,RECONSTRUCTED
2023-07-10,AUBANK,2.4051547505395785,RECONSTRUCTED
2023-07-10,AXISBANK,9.08372453122829,RECONSTRUCTED
2023-07-10,BANDHANBNK,1.1610242857462505,RECONSTRUCTED
2023-07-10,BANKBARODA,2.6841821824709458,RECONSTRUCTED
2023-07-10,FEDERALBNK,2.3176305087862885,RECONSTRUCTED
2023-07-10,HDFCBANK,27.81598760732817,RECONSTRUCTED
2023-07-10,ICICIBANK,24.84579919588318,RECONSTRUCTED
2023-07-10,IDFCFIRSTB,2.139101637679276,RECONSTRUCTED
2023-07-10,INDUSINDBK,6.863411980557775,RECONSTRUCTED
2023-07-10,KOTAKBANK,9.178304490534728,RECONSTRUCTED
2023-07-10,PNB,1.3428297021479745,RECONSTRUCTED
2023-07-10,SBIN,10.162849127097545,RECONSTRUCTED
2023-07-11,AUBANK,2.400099538574642,RECONSTRUCTED
2023-07-11,AXISBANK,9.165410346153166,RECONSTRUCTED
2023-07-11,BANDHANBNK,1.188700068557826,RECONSTRUCTED
2023-07-11,BANKBARODA,2.658883947267292,RECONSTRUCTED
2023-07-11,FEDERALBNK,2.2933140637454272,RECONSTRUCTED
2023-07-11,HDFCBANK,27.88576908612182,RECONSTRUCTED
2023-07-11,ICICIBANK,24.87758224817461,RECONSTRUCTED
2023-07-11,IDFCFIRSTB,2.042550366968051,RECONSTRUCTED
2023-07-11,INDUSINDBK,6.778024262852404,RECONSTRUCTED
2023-07-11,KOTAKBANK,9.158085384050336,RECONSTRUCTED
2023-07-11,PNB,1.3429804375011722,RECONSTRUCTED
2023-07-11,SBIN,10.208600250033264,RECONSTRUCTED
2023-07-12,AUBANK,2.3715657980714107,RECONSTRUCTED
2023-07-12,AXISBANK,9.17263994577457,RECONSTRUCTED
2023-07-12,BANDHANBNK,1.1912593999207104,RECONSTRUCTED
2023-07-12,BANKBARODA,2.653991462969689,RECONSTRUCTED
2023-07-12,FEDERALBNK,2.300196564165065,RECONSTRUCTED
2023-07-12,HDFCBANK,28.07723745154253,RECONSTRUCTED
2023-07-12,ICICIBANK,24.828070967078773,RECONSTRUCTED
2023-07-12,IDFCFIRSTB,2.029944168075265,RECONSTRUCTED
2023-07-12,INDUSINDBK,6.807427727440962,RECONSTRUCTED
2023-07-12,KOTAKBANK,9.078606989377937,RECONSTRUCTED
2023-07-12,PNB,1.3188020604996429,RECONSTRUCTED
2023-07-12,SBIN,10.170257465083443,RECONSTRUCTED
2023-07-13,AUBANK,2.405689061147238,RECONSTRUCTED
2023-07-13,AXISBANK,9.080243580385176,RECONSTRUCTED
2023-07-13,BANDHANBNK,1.2244446762528782,RECONSTRUCTED
2023-07-13,BANKBARODA,2.759114576601164,RECONSTRUCTED
2023-07-13,FEDERALBNK,2.4375295769304217,RECONSTRUCTED
2023-07-13,HDFCBANK,27.9518709782404,RECONSTRUCTED
2023-07-13,ICICIBANK,24.54686563225816,RECONSTRUCTED
2023-07-13,IDFCFIRSTB,2.074656522953058,RECONSTRUCTED
2023-07-13,INDUSINDBK,6.786854394808521,RECONSTRUCTED
2023-07-13,KOTAKBANK,9.123987624514166,RECONSTRUCTED
2023-07-13,PNB,1.3708159651098308,RECONSTRUCTED
2023-07-13,SBIN,10.237927410799005,RECONSTRUCTED
2023-07-14,AUBANK,2.34600863545392,RECONSTRUCTED
2023-07-14,AXISBANK,9.141676375403517,RECONSTRUCTED
2023-07-14,BANDHANBNK,1.196588473179526,RECONSTRUCTED
2023-07-14,BANKBARODA,2.749275284951028,RECONSTRUCTED
2023-07-14,FEDERALBNK,2.3978567573964567,RECONSTRUCTED
2023-07-14,HDFCBANK,27.992128650719287,RECONSTRUCTED
2023-07-14,ICICIBANK,24.521537160931604,RECONSTRUCTED
2023-07-14,IDFCFIRSTB,2.052928017502275,RECONSTRUCTED
2023-07-14,INDUSINDBK,6.807248737044397,RECONSTRUCTED
2023-07-14,KOTAKBANK,9.159488082245833,RECONSTRUCTED
2023-07-14,PNB,1.3393739501122754,RECONSTRUCTED
2023-07-14,SBIN,10.295889875059885,RECONSTRUCTED
2023-07-17,AUBANK,2.4219650674131863,RECONSTRUCTED
2023-07-17,AXISBANK,9.196001814380828,RECONSTRUCTED
2023-07-17,BANDHANBNK,1.2487284702199648,RECONSTRUCTED
2023-07-17,BANKBARODA,2.7452580914299887,RECONSTRUCTED
2023-07-17,FEDERALBNK,2.37124601904654,RECONSTRUCTED
2023-07-17,HDFCBANK,27.806306818214683,RECONSTRUCTED
2023-07-17,ICICIBANK,24.64623431078876,RECONSTRUCTED
2023-07-17,IDFCFIRSTB,2.1023449825195994,RECONSTRUCTED
2023-07-17,INDUSINDBK,6.836486225455088,RECONSTRUCTED
2023-07-17,KOTAKBANK,9.151664052407348,RECONSTRUCTED
2023-07-17,PNB,1.322368243801611,RECONSTRUCTED
2023-07-17,SBIN,10.151395904322376,RECONSTRUCTED
2023-07-18,AUBANK,2.412227536551901,RECONSTRUCTED
2023-07-18,AXISBANK,9.199710230245376,RECONSTRUCTED
2023-07-18,BANDHANBNK,1.2537915022786508,RECONSTRUCTED
2023-07-18,BANKBARODA,2.7921411360650032,RECONSTRUCTED
2023-07-18,FEDERALBNK,2.3288570118025738,RECONSTRUCTED
2023-07-18,HDFCBANK,27.80610994551001,RECONSTRUCTED
2023-07-18,ICICIBANK,24.455101830176773,RECONSTRUCTED
2023-07-18,IDFCFIRSTB,2.1161174088502044,RECONSTRUCTED
2023-07-18,INDUSINDBK,6.831965123298675,RECONSTRUCTED
2023-07-18,KOTAKBANK,9.17395042395192,RECONSTRUCTED
2023-07-18,PNB,1.3373429118147393,RECONSTRUCTED
2023-07-18,SBIN,10.292684939454174,RECONSTRUCTED
2023-07-19,AUBANK,2.4277440363721987,RECONSTRUCTED
2023-07-19,AXISBANK,9.24603599562722,RECONSTRUCTED
2023-07-19,BANDHANBNK,1.2594857928214651,RECONSTRUCTED
2023-07-19,BANKBARODA,2.7793108856345943,RECONSTRUCTED
2023-07-19,FEDERALBNK,2.3274972532041374,RECONSTRUCTED
2023-07-19,HDFCBANK,27.83885271544477,RECONSTRUCTED
2023-07-19,ICICIBANK,24.645358294300703,RECONSTRUCTED
2023-07-19,IDFCFIRSTB,2.1099955918366566,RECONSTRUCTED
2023-07-19,INDUSINDBK,6.729179172580851,RECONSTRUCTED
2023-07-19,KOTAKBANK,9.150148888802054,RECONSTRUCTED
2023-07-19,PNB,1.2915199203891192,RECONSTRUCTED
2023-07-19,SBIN,10.194871452986218,RECONSTRUCTED
2023-07-20,AUBANK,2.445795326104252,RECONSTRUCTED
2023-07-20,AXISBANK,9.22105485392212,RECONSTRUCTED
2023-07-20,BANDHANBNK,1.2912515807881324,RECONSTRUCTED
2023-07-20,BANKBARODA,2.824309558497983,RECONSTRUCTED
2023-07-20,FEDERALBNK,2.3350250429774224,RECONSTRUCTED
2023-07-20,HDFCBANK,28.094351431556948,RECONSTRUCTED
2023-07-20,ICICIBANK,24.37088165184615,RECONSTRUCTED
2023-07-20,IDFCFIRSTB,2.1444593517785013,RECONSTRUCTED
2023-07-20,INDUSINDBK,6.778905396313315,RECONSTRUCTED
2023-07-20,KOTAKBANK,9.016260282762335,RECONSTRUCTED
2023-07-20,PNB,1.3123336284439735,RECONSTRUCTED
2023-07-20,SBIN,10.165371895008857,RECONSTRUCTED
2023-07-21,AUBANK,2.4560674456358287,RECONSTRUCTED
2023-07-21,AXISBANK,9.261748608683456,RECONSTRUCTED
2023-07-21,BANDHANBNK,1.250673487083004,RECONSTRUCTED
2023-07-21,BANKBARODA,2.852740392865993,RECONSTRUCTED
2023-07-21,FEDERALBNK,2.3763861896931906,RECONSTRUCTED
2023-07-21,HDFCBANK,28.24531430086538,RECONSTRUCTED
2023-07-21,ICICIBANK,24.27908219596977,RECONSTRUCTED
2023-07-21,IDFCFIRSTB,2.1019434016667047,RECONSTRUCTED
2023-07-21,INDUSINDBK,6.848403564483315,RECONSTRUCTED
2023-07-21,KOTAKBANK,8.934207631397745,RECONSTRUCTED
2023-07-21,PNB,1.3353715038415186,RECONSTRUCTED
2023-07-21,SBIN,10.058061277814089,RECONSTRUCTED
2023-07-24,AUBANK,2.541973074361984,RECONSTRUCTED
2023-07-24,AXISBANK,9.23212349171366,RECONSTRUCTED
2023-07-24,BANDHANBNK,1.243222891768899,RECONSTRUCTED
2023-07-24,BANKBARODA,2.819106835039673,RECONSTRUCTED
2023-07-24,FEDERALBNK,2.3728097953043488,RECONSTRUCTED
2023-07-24,HDFCBANK,28.11630241055818,RECONSTRUCTED
2023-07-24,ICICIBANK,24.328412467650505,RECONSTRUCTED
2023-07-24,IDFCFIRSTB,2.0743694008075275,RECONSTRUCTED
2023-07-24,INDUSINDBK,6.693076039322482,RECONSTRUCTED
2023-07-24,KOTAKBANK,9.249958943452716,RECONSTRUCTED
2023-07-24,PNB,1.3420936730236726,RECONSTRUCTED
2023-07-24,SBIN,9.98655097699634,RECONSTRUCTED
2023-07-25,AUBANK,2.564479430921952,RECONSTRUCTED
2023-07-25,AXISBANK,9.30111256911978,RECONSTRUCTED
2023-07-25,BANDHANBNK,1.243468986145066,RECONSTRUCTED
2023-07-25,BANKBARODA,2.845422310052661,RECONSTRUCTED
2023-07-25,FEDERALBNK,2.392508065375178,RECONSTRUCTED
2023-07-25,HDFCBANK,27.762938980615125,RECONSTRUCTED
2023-07-25,ICICIBANK,24.217236669447026,RECONSTRUCTED
2023-07-25,IDFCFIRSTB,2.0867151571615783,RECONSTRUCTED
2023-07-25,INDUSINDBK,6.776199932657321,RECONSTRUCTED
2023-07-25,KOTAKBANK,9.339821146709196,RECONSTRUCTED
2023-07-25,PNB,1.3704935221835084,RECONSTRUCTED
2023-07-25,SBIN,10.099603229611608,RECONSTRUCTED
2023-07-26,AUBANK,2.5744886588684266,RECONSTRUCTED
2023-07-26,AXISBANK,9.209526752702908,RECONSTRUCTED
2023-07-26,BANDHANBNK,1.2353631217239538,RECONSTRUCTED
2023-07-26,BANKBARODA,2.836128078631474,RECONSTRUCTED
2023-07-26,FEDERALBNK,2.380803891761814,RECONSTRUCTED
2023-07-26,HDFCBANK,27.99533653644616,RECONSTRUCTED
2023-07-26,ICICIBANK,24.29228889805797,RECONSTRUCTED
2023-07-26,IDFCFIRSTB,2.057231304954831,RECONSTRUCTED
2023-07-26,INDUSINDBK,6.750735003545434,RECONSTRUCTED
2023-07-26,KOTAKBANK,9.28720445716536,RECONSTRUCTED
2023-07-26,PNB,1.323730609484523,RECONSTRUCTED
2023-07-26,SBIN,10.057162686657149,RECONSTRUCTED
2023-07-27,AUBANK,2.563099909652496,RECONSTRUCTED
2023-07-27,AXISBANK,9.294522075380849,RECONSTRUCTED
2023-07-27,BANDHANBNK,1.248673555663847,RECONSTRUCTED
2023-07-27,BANKBARODA,2.7916062485969064,RECONSTRUCTED
2023-07-27,FEDERALBNK,2.361205523270721,RECONSTRUCTED
2023-07-27,HDFCBANK,28.0561122297496,RECONSTRUCTED
2023-07-27,ICICIBANK,24.24316363654589,RECONSTRUCTED
2023-07-27,IDFCFIRSTB,2.0921997735655844,RECONSTRUCTED
2023-07-27,INDUSINDBK,6.752391600998814,RECONSTRUCTED
2023-07-27,KOTAKBANK,9.316685610574448,RECONSTRUCTED
2023-07-27,PNB,1.3286130716190925,RECONSTRUCTED
2023-07-27,SBIN,9.951726764381757,RECONSTRUCTED
2023-07-28,AUBANK,2.565687256071373,RECONSTRUCTED
2023-07-28,AXISBANK,9.34978550374293,RECONSTRUCTED
2023-07-28,BANDHANBNK,1.2399285538526748,RECONSTRUCTED
2023-07-28,BANKBARODA,2.7535292491022068,RECONSTRUCTED
2023-07-28,FEDERALBNK,2.323724749084828,RECONSTRUCTED
2023-07-28,HDFCBANK,28.434261430355107,RECONSTRUCTED
2023-07-28,ICICIBANK,23.99036681708281,RECONSTRUCTED
2023-07-28,IDFCFIRSTB,2.0480892808047733,RECONSTRUCTED
2023-07-28,INDUSINDBK,6.787580315049498,RECONSTRUCTED
2023-07-28,KOTAKBANK,9.259612670722808,RECONSTRUCTED
2023-07-28,PNB,1.3322664874094117,RECONSTRUCTED
2023-07-28,SBIN,9.91516768672158,RECONSTRUCTED
2023-07-31,AUBANK,2.56,OFFICIAL
2023-07-31,AXISBANK,9.35,OFFICIAL
2023-07-31,BANDHANBNK,1.21,OFFICIAL
2023-07-31,BANKBARODA,2.75,OFFICIAL
2023-07-31,FEDERALBNK,2.33,OFFICIAL
2023-07-31,HDFCBANK,28.42,OFFICIAL
2023-07-31,ICICIBANK,24.04,OFFICIAL
2023-07-31,IDFCFIRSTB,1.98,OFFICIAL
2023-07-31,INDUSINDBK,6.74,OFFICIAL
2023-07-31,KOTAKBANK,9.4,OFFICIAL
2023-07-31,PNB,1.34,OFFICIAL
2023-07-31,SBIN,9.89,OFFICIAL
2023-08-01,AUBANK,2.723290593380532,RECONSTRUCTED
2023-08-01,AXISBANK,10.36910983936248,RECONSTRUCTED
2023-08-01,BANDHANBNK,1.3516392691076575,RECONSTRUCTED
2023-08-01,BANKBARODA,2.537336068260297,RECONSTRUCTED
2023-08-01,FEDERALBNK,2.8381866227445163,RECONSTRUCTED
2023-08-01,HDFCBANK,27.405831985179567,RECONSTRUCTED
2023-08-01,ICICIBANK,24.05038734856068,RECONSTRUCTED
2023-08-01,IDFCFIRSTB,2.396569693422374,RECONSTRUCTED
2023-08-01,INDUSINDBK,6.939882143039906,RECONSTRUCTED
2023-08-01,KOTAKBANK,9.079421452046429,RECONSTRUCTED
2023-08-01,PNB,1.5059504574955211,RECONSTRUCTED
2023-08-01,SBIN,8.802394527400022,RECONSTRUCTED
2023-08-02,AUBANK,2.6720610247995804,RECONSTRUCTED
2023-08-02,AXISBANK,10.392580559069703,RECONSTRUCTED
2023-08-02,BANDHANBNK,1.3476294986718094,RECONSTRUCTED
2023-08-02,BANKBARODA,2.5859207366099874,RECONSTRUCTED
2023-08-02,FEDERALBNK,2.850784412657749,RECONSTRUCTED
2023-08-02,HDFCBANK,27.407261303954005,RECONSTRUCTED
2023-08-02,ICICIBANK,23.919720583928854,RECONSTRUCTED
2023-08-02,IDFCFIRSTB,2.4033543261547083,RECONSTRUCTED
2023-08-02,INDUSINDBK,6.915634765545947,RECONSTRUCTED
2023-08-02,KOTAKBANK,9.090317829337348,RECONSTRUCTED
2023-08-02,PNB,1.532536570342263,RECONSTRUCTED
2023-08-02,SBIN,8.882198388928051,RECONSTRUCTED
2023-08-03,AUBANK,2.634973575635904,RECONSTRUCTED
2023-08-03,AXISBANK,10.388112016834292,RECONSTRUCTED
2023-08-03,BANDHANBNK,1.3264623070210693,RECONSTRUCTED
2023-08-03,BANKBARODA,2.577474304537133,RECONSTRUCTED
2023-08-03,FEDERALBNK,2.8331219236660354,RECONSTRUCTED
2023-08-03,HDFCBANK,27.311633037845567,RECONSTRUCTED
2023-08-03,ICICIBANK,24.202348234322507,RECONSTRUCTED
2023-08-03,IDFCFIRSTB,2.3817705120454487,RECONSTRUCTED
2023-08-03,INDUSINDBK,6.925710206967974,RECONSTRUCTED
2023-08-03,KOTAKBANK,8.99538581668465,RECONSTRUCTED
2023-08-03,PNB,1.5174328646136133,RECONSTRUCTED
2023-08-03,SBIN,8.905575199825803,RECONSTRUCTED
2023-08-04,AUBANK,2.619072979177917,RECONSTRUCTED
2023-08-04,AXISBANK,10.292696343191434,RECONSTRUCTED
2023-08-04,BANDHANBNK,1.329235285828967,RECONSTRUCTED
2023-08-04,BANKBARODA,2.6258761406231144,RECONSTRUCTED
2023-08-04,FEDERALBNK,2.805200309146785,RECONSTRUCTED
2023-08-04,HDFCBANK,27.15122129880005,RECONSTRUCTED
2023-08-04,ICICIBANK,24.269777400536043,RECONSTRUCTED
2023-08-04,IDFCFIRSTB,2.3882850625204943,RECONSTRUCTED
2023-08-04,INDUSINDBK,6.761117918295878,RECONSTRUCTED
2023-08-04,KOTAKBANK,8.989207529177529,RECONSTRUCTED
2023-08-04,PNB,1.517569755342281,RECONSTRUCTED
2023-08-04,SBIN,9.250739977359524,RECONSTRUCTED
2023-08-07,AUBANK,2.6632913198825414,RECONSTRUCTED
2023-08-07,AXISBANK,10.335676210213329,RECONSTRUCTED
2023-08-07,BANDHANBNK,1.3181634032326162,RECONSTRUCTED
2023-08-07,BANKBARODA,2.650421174135749,RECONSTRUCTED
2023-08-07,FEDERALBNK,2.8140659709163947,RECONSTRUCTED
2023-08-07,HDFCBANK,27.141338749752222,RECONSTRUCTED
2023-08-07,ICICIBANK,24.1190065692589,RECONSTRUCTED
2023-08-07,IDFCFIRSTB,2.3805987889048628,RECONSTRUCTED
2023-08-07,INDUSINDBK,6.727804470041739,RECONSTRUCTED
2023-08-07,KOTAKBANK,9.014848654505665,RECONSTRUCTED
2023-08-07,PNB,1.504849528932566,RECONSTRUCTED
2023-08-07,SBIN,9.32993516022341,RECONSTRUCTED
2023-08-08,AUBANK,2.690326913472171,RECONSTRUCTED
2023-08-08,AXISBANK,10.306693942168298,RECONSTRUCTED
2023-08-08,BANDHANBNK,1.3005913783708611,RECONSTRUCTED
2023-08-08,BANKBARODA,2.583978485270828,RECONSTRUCTED
2023-08-08,FEDERALBNK,2.793293305727915,RECONSTRUCTED
2023-08-08,HDFCBANK,27.24462943062769,RECONSTRUCTED
2023-08-08,ICICIBANK,24.08608287979144,RECONSTRUCTED
2023-08-08,IDFCFIRSTB,2.3931656045373244,RECONSTRUCTED
2023-08-08,INDUSINDBK,6.8021989252586845,RECONSTRUCTED
2023-08-08,KOTAKBANK,9.059317422617443,RECONSTRUCTED
2023-08-08,PNB,1.4668419711531506,RECONSTRUCTED
2023-08-08,SBIN,9.272879741004198,RECONSTRUCTED
2023-08-09,AUBANK,2.7031903335008862,RECONSTRUCTED
2023-08-09,AXISBANK,10.338589852594616,RECONSTRUCTED
2023-08-09,BANDHANBNK,1.3079245509697646,RECONSTRUCTED
2023-08-09,BANKBARODA,2.5947399033409995,RECONSTRUCTED
2023-08-09,FEDERALBNK,2.811050459385259,RECONSTRUCTED
2023-08-09,HDFCBANK,27.235865967279967,RECONSTRUCTED
2023-08-09,ICICIBANK,24.0672803158938,RECONSTRUCTED
2023-08-09,IDFCFIRSTB,2.3742608468840865,RECONSTRUCTED
2023-08-09,INDUSINDBK,6.78074979438032,RECONSTRUCTED
2023-08-09,KOTAKBANK,9.042383923481026,RECONSTRUCTED
2023-08-09,PNB,1.4812029966400888,RECONSTRUCTED
2023-08-09,SBIN,9.262761055649204,RECONSTRUCTED
2023-08-10,AUBANK,2.7419243930433987,RECONSTRUCTED
2023-08-10,AXISBANK,10.372066004645202,RECONSTRUCTED
2023-08-10,BANDHANBNK,1.3178579812283098,RECONSTRUCTED
2023-08-10,BANKBARODA,2.6039056272208394,RECONSTRUCTED
2023-08-10,FEDERALBNK,2.798040150635112,RECONSTRUCTED
2023-08-10,HDFCBANK,27.271308857652883,RECONSTRUCTED
2023-08-10,ICICIBANK,24.09775410249869,RECONSTRUCTED
2023-08-10,IDFCFIRSTB,2.372396737734656,RECONSTRUCTED
2023-08-10,INDUSINDBK,6.626971884457053,RECONSTRUCTED
2023-08-10,KOTAKBANK,9.1265162555694,RECONSTRUCTED
2023-08-10,PNB,1.4771658922258446,RECONSTRUCTED
2023-08-10,SBIN,9.194092113088608,RECONSTRUCTED
2023-08-11,AUBANK,2.7102792315456434,RECONSTRUCTED
2023-08-11,AXISBANK,10.3249263972307,RECONSTRUCTED
2023-08-11,BANDHANBNK,1.3109039202305048,RECONSTRUCTED
2023-08-11,BANKBARODA,2.574973793161779,RECONSTRUCTED
2023-08-11,FEDERALBNK,2.777765034191268,RECONSTRUCTED
2023-08-11,HDFCBANK,27.358852028902263,RECONSTRUCTED
2023-08-11,ICICIBANK,24.205594028140524,RECONSTRUCTED
2023-08-11,IDFCFIRSTB,2.3391752946607105,RECONSTRUCTED
2023-08-11,INDUSINDBK,6.734096931283741,RECONSTRUCTED
2023-08-11,KOTAKBANK,9.1079263646556,RECONSTRUCTED
2023-08-11,PNB,1.4359841155367428,RECONSTRUCTED
2023-08-11,SBIN,9.119522860460537,RECONSTRUCTED
2023-08-14,AUBANK,2.697757713987392,RECONSTRUCTED
2023-08-14,AXISBANK,10.271141226304646,RECONSTRUCTED
2023-08-14,BANDHANBNK,1.3027331578860968,RECONSTRUCTED
2023-08-14,BANKBARODA,2.6221593535026977,RECONSTRUCTED
2023-08-14,FEDERALBNK,2.775570918566985,RECONSTRUCTED
2023-08-14,HDFCBANK,27.43005446746073,RECONSTRUCTED
2023-08-14,ICICIBANK,23.981530419204667,RECONSTRUCTED
2023-08-14,IDFCFIRSTB,2.3338179348621586,RECONSTRUCTED
2023-08-14,INDUSINDBK,6.759066482732666,RECONSTRUCTED
2023-08-14,KOTAKBANK,9.073644653998992,RECONSTRUCTED
2023-08-14,PNB,1.4372910049871526,RECONSTRUCTED
2023-08-14,SBIN,9.315232666505825,RECONSTRUCTED
2023-08-16,AUBANK,2.711424619479304,RECONSTRUCTED
2023-08-16,AXISBANK,10.312682882773547,RECONSTRUCTED
2023-08-16,BANDHANBNK,1.3166101709064078,RECONSTRUCTED
2023-08-16,BANKBARODA,2.641426629037394,RECONSTRUCTED
2023-08-16,FEDERALBNK,2.783079710381679,RECONSTRUCTED
2023-08-16,HDFCBANK,27.41881934484768,RECONSTRUCTED
2023-08-16,ICICIBANK,23.97797992307315,RECONSTRUCTED
2023-08-16,IDFCFIRSTB,2.320790015462982,RECONSTRUCTED
2023-08-16,INDUSINDBK,6.776593804529867,RECONSTRUCTED
2023-08-16,KOTAKBANK,9.083462357280364,RECONSTRUCTED
2023-08-16,PNB,1.4476018011406422,RECONSTRUCTED
2023-08-16,SBIN,9.209528741086988,RECONSTRUCTED
2023-08-17,AUBANK,2.71735455296734,RECONSTRUCTED
2023-08-17,AXISBANK,10.262814681673287,RECONSTRUCTED
2023-08-17,BANDHANBNK,1.2867984868846674,RECONSTRUCTED
2023-08-17,BANKBARODA,2.594747094272619,RECONSTRUCTED
2023-08-17,FEDERALBNK,2.730441504769655,RECONSTRUCTED
2023-08-17,HDFCBANK,27.541194565610205,RECONSTRUCTED
2023-08-17,ICICIBANK,24.07360818557157,RECONSTRUCTED
2023-08-17,IDFCFIRSTB,2.312994996194645,RECONSTRUCTED
2023-08-17,INDUSINDBK,6.800645594349944,RECONSTRUCTED
2023-08-17,KOTAKBANK,9.17879068195229,RECONSTRUCTED
2023-08-17,PNB,1.4105699819885291,RECONSTRUCTED
2023-08-17,SBIN,9.090039673765242,RECONSTRUCTED
2023-08-18,AUBANK,2.666797454436125,RECONSTRUCTED
2023-08-18,AXISBANK,10.183622843189823,RECONSTRUCTED
2023-08-18,BANDHANBNK,1.2862915591911874,RECONSTRUCTED
2023-08-18,BANKBARODA,2.568251146449995,RECONSTRUCTED
2023-08-18,FEDERALBNK,2.7373282612168577,RECONSTRUCTED
2023-08-18,HDFCBANK,27.63165708576909,RECONSTRUCTED
2023-08-18,ICICIBANK,24.07894108495908,RECONSTRUCTED
2023-08-18,IDFCFIRSTB,2.3006837740909685,RECONSTRUCTED
2023-08-18,INDUSINDBK,6.807883846177676,RECONSTRUCTED
2023-08-18,KOTAKBANK,9.249226699176702,RECONSTRUCTED
2023-08-18,PNB,1.4194991101232224,RECONSTRUCTED
2023-08-18,SBIN,9.069817135219267,RECONSTRUCTED
2023-08-21,AUBANK,2.684487536493959,RECONSTRUCTED
2023-08-21,AXISBANK,10.117005601819832,RECONSTRUCTED
2023-08-21,BANDHANBNK,1.284658950783207,RECONSTRUCTED
2023-08-21,BANKBARODA,2.5880891231772885,RECONSTRUCTED
2023-08-21,FEDERALBNK,2.744914357106931,RECONSTRUCTED
2023-08-21,HDFCBANK,27.75069577256849,RECONSTRUCTED
2023-08-21,ICICIBANK,24.04857066383932,RECONSTRUCTED
2023-08-21,IDFCFIRSTB,2.289475503554461,RECONSTRUCTED
2023-08-21,INDUSINDBK,6.704273735224263,RECONSTRUCTED
2023-08-21,KOTAKBANK,9.231419331454935,RECONSTRUCTED
2023-08-21,PNB,1.4347751202769492,RECONSTRUCTED
2023-08-21,SBIN,9.121634303700365,RECONSTRUCTED
2023-08-22,AUBANK,2.6118910268795785,RECONSTRUCTED
2023-08-22,AXISBANK,10.069243292337603,RECONSTRUCTED
2023-08-22,BANDHANBNK,1.275988595361965,RECONSTRUCTED
2023-08-22,BANKBARODA,2.5967456516772263,RECONSTRUCTED
2023-08-22,FEDERALBNK,2.708403807739717,RECONSTRUCTED
2023-08-22,HDFCBANK,27.8679305676318,RECONSTRUCTED
2023-08-22,ICICIBANK,24.127679072043364,RECONSTRUCTED
2023-08-22,IDFCFIRSTB,2.2332925651107347,RECONSTRUCTED
2023-08-22,INDUSINDBK,6.687766408871287,RECONSTRUCTED
2023-08-22,KOTAKBANK,9.216360853556909,RECONSTRUCTED
2023-08-22,PNB,1.4323751419382125,RECONSTRUCTED
2023-08-22,SBIN,9.172323016851616,RECONSTRUCTED
2023-08-23,AUBANK,2.631081877858594,RECONSTRUCTED
2023-08-23,AXISBANK,9.950698111628252,RECONSTRUCTED
2023-08-23,BANDHANBNK,1.262209211674575,RECONSTRUCTED
2023-08-23,BANKBARODA,2.583601293883518,RECONSTRUCTED
2023-08-23,FEDERALBNK,2.629406729417988,RECONSTRUCTED
2023-08-23,HDFCBANK,28.109393662020988,RECONSTRUCTED
2023-08-23,ICICIBANK,24.021993512070463,RECONSTRUCTED
2023-08-23,IDFCFIRSTB,2.250850234226497,RECONSTRUCTED
2023-08-23,INDUSINDBK,6.763059621914398,RECONSTRUCTED
2023-08-23,KOTAKBANK,9.230385858378316,RECONSTRUCTED
2023-08-23,PNB,1.4277700171378864,RECONSTRUCTED
2023-08-23,SBIN,9.13954986978853,RECONSTRUCTED
2023-08-24,AUBANK,2.58058372721326,RECONSTRUCTED
2023-08-24,AXISBANK,9.932607969737704,RECONSTRUCTED
2023-08-24,BANDHANBNK,1.2752479521644735,RECONSTRUCTED
2023-08-24,BANKBARODA,2.604641765022808,RECONSTRUCTED
2023-08-24,FEDERALBNK,2.648949178773869,RECONSTRUCTED
2023-08-24,HDFCBANK,28.24843410854391,RECONSTRUCTED
2023-08-24,ICICIBANK,23.977663232347584,RECONSTRUCTED
2023-08-24,IDFCFIRSTB,2.27127319939154,RECONSTRUCTED
2023-08-24,INDUSINDBK,6.650600650688461,RECONSTRUCTED
2023-08-24,KOTAKBANK,9.228698381048154,RECONSTRUCTED
2023-08-24,PNB,1.439592812620899,RECONSTRUCTED
2023-08-24,SBIN,9.141707022447344,RECONSTRUCTED
2023-08-25,AUBANK,2.593932137284726,RECONSTRUCTED
2023-08-25,AXISBANK,9.8559683604725,RECONSTRUCTED
2023-08-25,BANDHANBNK,1.262290933002643,RECONSTRUCTED
2023-08-25,BANKBARODA,2.6178080674713247,RECONSTRUCTED
2023-08-25,FEDERALBNK,2.6331972429180914,RECONSTRUCTED
2023-08-25,HDFCBANK,28.40055408838531,RECONSTRUCTED
2023-08-25,ICICIBANK,23.799465767469847,RECONSTRUCTED
2023-08-25,IDFCFIRSTB,2.2664411807931035,RECONSTRUCTED
2023-08-25,INDUSINDBK,6.724292373407388,RECONSTRUCTED
2023-08-25,KOTAKBANK,9.184650114880997,RECONSTRUCTED
2023-08-25,PNB,1.462445237569701,RECONSTRUCTED
2023-08-25,SBIN,9.198954496344374,RECONSTRUCTED
2023-08-28,AUBANK,2.6051025807633,RECONSTRUCTED
2023-08-28,AXISBANK,9.844092541297956,RECONSTRUCTED
2023-08-28,BANDHANBNK,1.2752813687689577,RECONSTRUCTED
2023-08-28,BANKBARODA,2.627996917853241,RECONSTRUCTED
2023-08-28,FEDERALBNK,2.5901107347351173,RECONSTRUCTED
2023-08-28,HDFCBANK,28.276928044486848,RECONSTRUCTED
2023-08-28,ICICIBANK,23.93876371497408,RECONSTRUCTED
2023-08-28,IDFCFIRSTB,2.2813109811927927,RECONSTRUCTED
2023-08-28,INDUSINDBK,6.724858822482216,RECONSTRUCTED
2023-08-28,KOTAKBANK,9.180483752610542,RECONSTRUCTED
2023-08-28,PNB,1.4476925077651064,RECONSTRUCTED
2023-08-28,SBIN,9.207378033069846,RECONSTRUCTED
2023-08-29,AUBANK,2.6313398736181024,RECONSTRUCTED
2023-08-29,AXISBANK,9.93967734405853,RECONSTRUCTED
2023-08-29,BANDHANBNK,1.2704427427133145,RECONSTRUCTED
2023-08-29,BANKBARODA,2.614307992147704,RECONSTRUCTED
2023-08-29,FEDERALBNK,2.580307423366321,RECONSTRUCTED
2023-08-29,HDFCBANK,28.05441233078896,RECONSTRUCTED
2023-08-29,ICICIBANK,24.008571165337507,RECONSTRUCTED
2023-08-29,IDFCFIRSTB,2.300310932330948,RECONSTRUCTED
2023-08-29,INDUSINDBK,6.769679914737302,RECONSTRUCTED
2023-08-29,KOTAKBANK,9.21802192387232,RECONSTRUCTED
2023-08-29,PNB,1.4373761725254393,RECONSTRUCTED
2023-08-29,SBIN,9.175552184503555,RECONSTRUCTED
2023-08-30,AUBANK,2.6248821559781885,RECONSTRUCTED
2023-08-30,AXISBANK,9.854765692415446,RECONSTRUCTED
2023-08-30,BANDHANBNK,1.2900750105264294,RECONSTRUCTED
2023-08-30,BANKBARODA,2.5921983168206686,RECONSTRUCTED
2023-08-30,FEDERALBNK,2.5839603196200307,RECONSTRUCTED
2023-08-30,HDFCBANK,28.09484490768753,RECONSTRUCTED
2023-08-30,ICICIBANK,24.08807578409296,RECONSTRUCTED
2023-08-30,IDFCFIRSTB,2.238483534203723,RECONSTRUCTED
2023-08-30,INDUSINDBK,6.767200824099344,RECONSTRUCTED
2023-08-30,KOTAKBANK,9.206307248817422,RECONSTRUCTED
2023-08-30,PNB,1.4176875843705878,RECONSTRUCTED
2023-08-30,SBIN,9.241518621367666,RECONSTRUCTED
2023-08-31,AUBANK,2.63,OFFICIAL
2023-08-31,AXISBANK,9.9,OFFICIAL
2023-08-31,BANDHANBNK,1.29,OFFICIAL
2023-08-31,BANKBARODA,2.64,OFFICIAL
2023-08-31,FEDERALBNK,2.56,OFFICIAL
2023-08-31,HDFCBANK,28.07,OFFICIAL
2023-08-31,ICICIBANK,23.96,OFFICIAL
2023-08-31,IDFCFIRSTB,2.2,OFFICIAL
2023-08-31,INDUSINDBK,6.8,OFFICIAL
2023-08-31,KOTAKBANK,9.24,OFFICIAL
2023-08-31,PNB,1.42,OFFICIAL
2023-08-31,SBIN,9.29,OFFICIAL
2023-09-01,AUBANK,2.253668294599012,RECONSTRUCTED
2023-09-01,AXISBANK,10.40254477849212,RECONSTRUCTED
2023-09-01,BANDHANBNK,1.3331020913230482,RECONSTRUCTED
2023-09-01,BANKBARODA,2.9867304222585096,RECONSTRUCTED
2023-09-01,FEDERALBNK,2.3666402942827807,RECONSTRUCTED
2023-09-01,HDFCBANK,28.02109946693791,RECONSTRUCTED
2023-09-01,ICICIBANK,22.66004377001767,RECONSTRUCTED
2023-09-01,IDFCFIRSTB,2.0582741854753333,RECONSTRUCTED
2023-09-01,INDUSINDBK,6.282465731190312,RECONSTRUCTED
2023-09-01,KOTAKBANK,9.385347894903344,RECONSTRUCTED
2023-09-01,PNB,1.9552933108784647,RECONSTRUCTED
2023-09-01,SBIN,10.2947897596415,RECONSTRUCTED
2023-09-04,AUBANK,2.289483154493316,RECONSTRUCTED
2023-09-04,AXISBANK,10.532090756445749,RECONSTRUCTED
2023-09-04,BANDHANBNK,1.3310730157685504,RECONSTRUCTED
2023-09-04,BANKBARODA,2.9224086629432007,RECONSTRUCTED
2023-09-04,FEDERALBNK,2.3870469768355065,RECONSTRUCTED
2023-09-04,HDFCBANK,27.94053408204148,RECONSTRUCTED
2023-09-04,ICICIBANK,22.767959410832983,RECONSTRUCTED
2023-09-04,IDFCFIRSTB,1.9592600027591711,RECONSTRUCTED
2023-09-04,INDUSINDBK,6.280311607629417,RECONSTRUCTED
2023-09-04,KOTAKBANK,9.464461261874618,RECONSTRUCTED
2023-09-04,PNB,1.903651455446573,RECONSTRUCTED
2023-09-04,SBIN,10.22171961292944,RECONSTRUCTED
2023-09-05,AUBANK,2.29248454132744,RECONSTRUCTED
2023-09-05,AXISBANK,10.528722398790176,RECONSTRUCTED
2023-09-05,BANDHANBNK,1.3386294611788958,RECONSTRUCTED
2023-09-05,BANKBARODA,2.913876439970825,RECONSTRUCTED
2023-09-05,FEDERALBNK,2.3571520063298523,RECONSTRUCTED
2023-09-05,HDFCBANK,28.07985723296197,RECONSTRUCTED
2023-09-05,ICICIBANK,22.71748042923571,RECONSTRUCTED
2023-09-05,IDFCFIRSTB,1.9422420396607656,RECONSTRUCTED
2023-09-05,INDUSINDBK,6.264597375894921,RECONSTRUCTED
2023-09-05,KOTAKBANK,9.406488034576272,RECONSTRUCTED
2023-09-05,PNB,1.902904471691636,RECONSTRUCTED
2023-09-05,SBIN,10.255565568381542,RECONSTRUCTED
2023-09-06,AUBANK,2.2719624614454013,RECONSTRUCTED
2023-09-06,AXISBANK,10.677100416388864,RECONSTRUCTED
2023-09-06,BANDHANBNK,1.338518462664682,RECONSTRUCTED
2023-09-06,BANKBARODA,2.9174841678724173,RECONSTRUCTED
2023-09-06,FEDERALBNK,2.3651377430953624,RECONSTRUCTED
2023-09-06,HDFCBANK,27.638241064028307,RECONSTRUCTED
2023-09-06,ICICIBANK,22.910546081716067,RECONSTRUCTED
2023-09-06,IDFCFIRSTB,1.9674425112368947,RECONSTRUCTED
2023-09-06,INDUSINDBK,6.313688223165627,RECONSTRUCTED
2023-09-06,KOTAKBANK,9.38362772959282,RECONSTRUCTED
2023-09-06,PNB,1.945129418406625,RECONSTRUCTED
2023-09-06,SBIN,10.271121720386928,RECONSTRUCTED
2023-09-07,AUBANK,2.2772222537388584,RECONSTRUCTED
2023-09-07,AXISBANK,10.646015308969565,RECONSTRUCTED
2023-09-07,BANDHANBNK,1.3272827726377527,RECONSTRUCTED
2023-09-07,BANKBARODA,2.929847928438324,RECONSTRUCTED
2023-09-07,FEDERALBNK,2.3706040617658752,RECONSTRUCTED
2023-09-07,HDFCBANK,27.66710309661344,RECONSTRUCTED
2023-09-07,ICICIBANK,22.959694724838947,RECONSTRUCTED
2023-09-07,IDFCFIRSTB,2.0268443065716206,RECONSTRUCTED
2023-09-07,INDUSINDBK,6.243900895223673,RECONSTRUCTED
2023-09-07,KOTAKBANK,9.384667354216234,RECONSTRUCTED
2023-09-07,PNB,1.9393278834287315,RECONSTRUCTED
2023-09-07,SBIN,10.227489413556992,RECONSTRUCTED
2023-09-08,AUBANK,2.261394978786872,RECONSTRUCTED
2023-09-08,AXISBANK,10.68827190102701,RECONSTRUCTED
2023-09-08,BANDHANBNK,1.3085278450731173,RECONSTRUCTED
2023-09-08,BANKBARODA,2.924691830682576,RECONSTRUCTED
2023-09-08,FEDERALBNK,2.344696801269232,RECONSTRUCTED
2023-09-08,HDFCBANK,27.62135432664686,RECONSTRUCTED
2023-09-08,ICICIBANK,22.983684533542142,RECONSTRUCTED
2023-09-08,IDFCFIRSTB,2.0488819654331487,RECONSTRUCTED
2023-09-08,INDUSINDBK,6.242033605090418,RECONSTRUCTED
2023-09-08,KOTAKBANK,9.420027903118855,RECONSTRUCTED
2023-09-08,PNB,1.9439083652877256,RECONSTRUCTED
2023-09-08,SBIN,10.212525944042053,RECONSTRUCTED
2023-09-11,AUBANK,2.282369126370805,RECONSTRUCTED
2023-09-11,AXISBANK,10.573539251543504,RECONSTRUCTED
2023-09-11,BANDHANBNK,1.322653830784399,RECONSTRUCTED
2023-09-11,BANKBARODA,2.8798248327485143,RECONSTRUCTED
2023-09-11,FEDERALBNK,2.34483156316164,RECONSTRUCTED
2023-09-11,HDFCBANK,27.741577645279,RECONSTRUCTED
2023-09-11,ICICIBANK,23.0205315078828,RECONSTRUCTED
2023-09-11,IDFCFIRSTB,2.0427393109013074,RECONSTRUCTED
2023-09-11,INDUSINDBK,6.295776284213416,RECONSTRUCTED
2023-09-11,KOTAKBANK,9.432659780597172,RECONSTRUCTED
2023-09-11,PNB,1.8971976762232987,RECONSTRUCTED
2023-09-11,SBIN,10.166299190294154,RECONSTRUCTED
2023-09-12,AUBANK,2.3318627717905995,RECONSTRUCTED
2023-09-12,AXISBANK,10.55287181883493,RECONSTRUCTED
2023-09-12,BANDHANBNK,1.378866222374035,RECONSTRUCTED
2023-09-12,BANKBARODA,2.916620476950801,RECONSTRUCTED
2023-09-12,FEDERALBNK,2.44486011849285,RECONSTRUCTED
2023-09-12,HDFCBANK,27.614881684071168,RECONSTRUCTED
2023-09-12,ICICIBANK,22.702723378755305,RECONSTRUCTED
2023-09-12,IDFCFIRSTB,2.107429998056355,RECONSTRUCTED
2023-09-12,INDUSINDBK,6.379205194790702,RECONSTRUCTED
2023-09-12,KOTAKBANK,9.401764840896812,RECONSTRUCTED
2023-09-12,PNB,1.959614568462464,RECONSTRUCTED
2023-09-12,SBIN,10.20929892652397,RECONSTRUCTED
2023-09-13,AUBANK,2.3370677357901,RECONSTRUCTED
2023-09-13,AXISBANK,10.507779034457364,RECONSTRUCTED
2023-09-13,BANDHANBNK,1.3695059008495407,RECONSTRUCTED
2023-09-13,BANKBARODA,2.820740808893449,RECONSTRUCTED
2023-09-13,FEDERALBNK,2.424023548313488,RECONSTRUCTED
2023-09-13,HDFCBANK,27.750462591028107,RECONSTRUCTED
2023-09-13,ICICIBANK,22.92795177101134,RECONSTRUCTED
2023-09-13,IDFCFIRSTB,2.13482880853224,RECONSTRUCTED
2023-09-13,INDUSINDBK,6.323343254878769,RECONSTRUCTED
2023-09-13,KOTAKBANK,9.418644035513156,RECONSTRUCTED
2023-09-13,PNB,1.8222789985554328,RECONSTRUCTED
2023-09-13,SBIN,10.163373512177005,RECONSTRUCTED
2023-09-14,AUBANK,2.2932847949550004,RECONSTRUCTED
2023-09-14,AXISBANK,10.462467210000591,RECONSTRUCTED
2023-09-14,BANDHANBNK,1.3553710708804565,RECONSTRUCTED
2023-09-14,BANKBARODA,2.783084072877499,RECONSTRUCTED
2023-09-14,FEDERALBNK,2.390218116669923,RECONSTRUCTED
2023-09-14,HDFCBANK,27.823402372891543,RECONSTRUCTED
2023-09-14,ICICIBANK,23.023074939510195,RECONSTRUCTED
2023-09-14,IDFCFIRSTB,2.1265748139344383,RECONSTRUCTED
2023-09-14,INDUSINDBK,6.322202330580254,RECONSTRUCTED
2023-09-14,KOTAKBANK,9.45345800885134,RECONSTRUCTED
2023-09-14,PNB,1.797465491211229,RECONSTRUCTED
2023-09-14,SBIN,10.169396777637548,RECONSTRUCTED
2023-09-15,AUBANK,2.32451046769392,RECONSTRUCTED
2023-09-15,AXISBANK,10.451220334135837,RECONSTRUCTED
2023-09-15,BANDHANBNK,1.308665220410907,RECONSTRUCTED
2023-09-15,BANKBARODA,2.8117082431284577,RECONSTRUCTED
2023-09-15,FEDERALBNK,2.390112924075045,RECONSTRUCTED
2023-09-15,HDFCBANK,27.64644055872244,RECONSTRUCTED
2023-09-15,ICICIBANK,23.028376931758444,RECONSTRUCTED
2023-09-15,IDFCFIRSTB,2.1169492799361653,RECONSTRUCTED
2023-09-15,INDUSINDBK,6.390222331931829,RECONSTRUCTED
2023-09-15,KOTAKBANK,9.541178817606308,RECONSTRUCTED
2023-09-15,PNB,1.7955622082421363,RECONSTRUCTED
2023-09-15,SBIN,10.195052682358495,RECONSTRUCTED
2023-09-18,AUBANK,2.322950175851805,RECONSTRUCTED
2023-09-18,AXISBANK,10.419360352292218,RECONSTRUCTED
2023-09-18,BANDHANBNK,1.3161427169709397,RECONSTRUCTED
2023-09-18,BANKBARODA,2.71231008044419,RECONSTRUCTED
2023-09-18,FEDERALBNK,2.412242624926058,RECONSTRUCTED
2023-09-18,HDFCBANK,28.049726310925173,RECONSTRUCTED
2023-09-18,ICICIBANK,22.956579888935124,RECONSTRUCTED
2023-09-18,IDFCFIRSTB,2.137210536011569,RECONSTRUCTED
2023-09-18,INDUSINDBK,6.325754632653041,RECONSTRUCTED
2023-09-18,KOTAKBANK,9.571924498826045,RECONSTRUCTED
2023-09-18,PNB,1.7220407132063895,RECONSTRUCTED
2023-09-18,SBIN,10.05375746895744,RECONSTRUCTED
2023-09-20,AUBANK,2.21179462739006,RECONSTRUCTED
2023-09-20,AXISBANK,10.254512178256707,RECONSTRUCTED
2023-09-20,BANDHANBNK,1.3072899326568168,RECONSTRUCTED
2023-09-20,BANKBARODA,2.724934926132489,RECONSTRUCTED
2023-09-20,FEDERALBNK,2.373487304322263,RECONSTRUCTED
2023-09-20,HDFCBANK,28.83121410473005,RECONSTRUCTED
2023-09-20,ICICIBANK,22.719577648229645,RECONSTRUCTED
2023-09-20,IDFCFIRSTB,2.0984934206201924,RECONSTRUCTED
2023-09-20,INDUSINDBK,6.31243949863656,RECONSTRUCTED
2023-09-20,KOTAKBANK,9.490895450364343,RECONSTRUCTED
2023-09-20,PNB,1.7090138978574734,RECONSTRUCTED
2023-09-20,SBIN,9.966347010803394,RECONSTRUCTED
2023-09-21,AUBANK,2.212869556910004,RECONSTRUCTED
2023-09-21,AXISBANK,10.212730587123872,RECONSTRUCTED
2023-09-21,BANDHANBNK,1.2827975018692013,RECONSTRUCTED
2023-09-21,BANKBARODA,2.761388954031608,RECONSTRUCTED
2023-09-21,FEDERALBNK,2.345455488722149,RECONSTRUCTED
2023-09-21,HDFCBANK,28.54350305788281,RECONSTRUCTED
2023-09-21,ICICIBANK,22.992658173103425,RECONSTRUCTED
2023-09-21,IDFCFIRSTB,2.0682202501076428,RECONSTRUCTED
2023-09-21,INDUSINDBK,6.336307629839324,RECONSTRUCTED
2023-09-21,KOTAKBANK,9.513419759466348,RECONSTRUCTED
2023-09-21,PNB,1.713254930780349,RECONSTRUCTED
2023-09-21,SBIN,10.017394110163275,RECONSTRUCTED
2023-09-22,AUBANK,2.205395880840212,RECONSTRUCTED
2023-09-22,AXISBANK,10.166882525962594,RECONSTRUCTED
2023-09-22,BANDHANBNK,1.2620306400159262,RECONSTRUCTED
2023-09-22,BANKBARODA,2.654222587559248,RECONSTRUCTED
2023-09-22,FEDERALBNK,2.341263753386179,RECONSTRUCTED
2023-09-22,HDFCBANK,28.963710368448787,RECONSTRUCTED
2023-09-22,ICICIBANK,23.192768467399617,RECONSTRUCTED
2023-09-22,IDFCFIRSTB,2.062232010825113,RECONSTRUCTED
2023-09-22,INDUSINDBK,6.150204362241729,RECONSTRUCTED
2023-09-22,KOTAKBANK,9.502128566353845,RECONSTRUCTED
2023-09-22,PNB,1.6567281940930985,RECONSTRUCTED
2023-09-22,SBIN,9.842432642873652,RECONSTRUCTED
2023-09-25,AUBANK,2.219538757200048,RECONSTRUCTED
2023-09-25,AXISBANK,10.194837449921462,RECONSTRUCTED
2023-09-25,BANDHANBNK,1.2483477871357944,RECONSTRUCTED
2023-09-25,BANKBARODA,2.6382359372906463,RECONSTRUCTED
2023-09-25,FEDERALBNK,2.3309488858332736,RECONSTRUCTED
2023-09-25,HDFCBANK,29.03769028628684,RECONSTRUCTED
2023-09-25,ICICIBANK,23.12530349639849,RECONSTRUCTED
2023-09-25,IDFCFIRSTB,2.05396320419868,RECONSTRUCTED
2023-09-25,INDUSINDBK,6.214771493744137,RECONSTRUCTED
2023-09-25,KOTAKBANK,9.385457485458156,RECONSTRUCTED
2023-09-25,PNB,1.6064588138599067,RECONSTRUCTED
2023-09-25,SBIN,9.944446402672575,RECONSTRUCTED
2023-09-26,AUBANK,2.19001045301014,RECONSTRUCTED
2023-09-26,AXISBANK,10.212332253253091,RECONSTRUCTED
2023-09-26,BANDHANBNK,1.2465703960678995,RECONSTRUCTED
2023-09-26,BANKBARODA,2.676481302518209,RECONSTRUCTED
2023-09-26,FEDERALBNK,2.312160602904524,RECONSTRUCTED
2023-09-26,HDFCBANK,28.82528897001787,RECONSTRUCTED
2023-09-26,ICICIBANK,23.24177629356539,RECONSTRUCTED
2023-09-26,IDFCFIRSTB,2.0210057767858705,RECONSTRUCTED
2023-09-26,INDUSINDBK,6.281885256408522,RECONSTRUCTED
2023-09-26,KOTAKBANK,9.464951654148749,RECONSTRUCTED
2023-09-26,PNB,1.6187913164357624,RECONSTRUCTED
2023-09-26,SBIN,9.908745724883987,RECONSTRUCTED
2023-09-27,AUBANK,2.200178814985261,RECONSTRUCTED
2023-09-27,AXISBANK,10.090308904013554,RECONSTRUCTED
2023-09-27,BANDHANBNK,1.245588972144973,RECONSTRUCTED
2023-09-27,BANKBARODA,2.658383713428333,RECONSTRUCTED
2023-09-27,FEDERALBNK,2.2680073618073897,RECONSTRUCTED
2023-09-27,HDFCBANK,28.994841533239924,RECONSTRUCTED
2023-09-27,ICICIBANK,23.352126362650903,RECONSTRUCTED
2023-09-27,IDFCFIRSTB,1.9772286145718283,RECONSTRUCTED
2023-09-27,INDUSINDBK,6.215923366083663,RECONSTRUCTED
2023-09-27,KOTAKBANK,9.44813039054994,RECONSTRUCTED
2023-09-27,PNB,1.5742226088959483,RECONSTRUCTED
2023-09-27,SBIN,9.975059357628274,RECONSTRUCTED
2023-09-28,AUBANK,2.263873091937513,RECONSTRUCTED
2023-09-28,AXISBANK,9.974038369334464,RECONSTRUCTED
2023-09-28,BANDHANBNK,1.2534737303093548,RECONSTRUCTED
2023-09-28,BANKBARODA,2.6950454988064445,RECONSTRUCTED
2023-09-28,FEDERALBNK,2.324592943950578,RECONSTRUCTED
2023-09-28,HDFCBANK,28.87966521394295,RECONSTRUCTED
2023-09-28,ICICIBANK,23.223688968094866,RECONSTRUCTED
2023-09-28,IDFCFIRSTB,2.027669314818426,RECONSTRUCTED
2023-09-28,INDUSINDBK,6.28099543732137,RECONSTRUCTED
2023-09-28,KOTAKBANK,9.564303474742292,RECONSTRUCTED
2023-09-28,PNB,1.6010780414875272,RECONSTRUCTED
2023-09-28,SBIN,9.911575915254216,RECONSTRUCTED
2023-09-29,AUBANK,2.3,OFFICIAL
2023-09-29,AXISBANK,9.98,OFFICIAL
2023-09-29,BANDHANBNK,1.25,OFFICIAL
2023-09-29,BANKBARODA,2.67,OFFICIAL
2023-09-29,FEDERALBNK,2.32,OFFICIAL
2023-09-29,HDFCBANK,29.01,OFFICIAL
2023-09-29,ICICIBANK,23.14,OFFICIAL
2023-09-29,IDFCFIRSTB,2.02,OFFICIAL
2023-09-29,INDUSINDBK,6.25,OFFICIAL
2023-09-29,KOTAKBANK,9.61,OFFICIAL
2023-09-29,PNB,1.6,OFFICIAL
2023-09-29,SBIN,9.83,OFFICIAL
2023-10-03,AUBANK,2.2109261791286983,RECONSTRUCTED
2023-10-03,AXISBANK,9.60583841842899,RECONSTRUCTED
2023-10-03,BANDHANBNK,0.9694290732394898,RECONSTRUCTED
2023-10-03,BANKBARODA,2.3771039821214406,RECONSTRUCTED
2023-10-03,FEDERALBNK,2.2315418430228204,RECONSTRUCTED
2023-10-03,HDFCBANK,29.591513990636663,RECONSTRUCTED
2023-10-03,ICICIBANK,23.33597384280605,RECONSTRUCTED
2023-10-03,IDFCFIRSTB,1.6547147866722671,RECONSTRUCTED
2023-10-03,INDUSINDBK,6.817920190074597,RECONSTRUCTED
2023-10-03,KOTAKBANK,10.445492801614728,RECONSTRUCTED
2023-10-03,PNB,1.371333778325002,RECONSTRUCTED
2023-10-03,SBIN,9.38821111392924,RECONSTRUCTED
2023-10-04,AUBANK,2.193564358515395,RECONSTRUCTED
2023-10-04,AXISBANK,9.949009811770011,RECONSTRUCTED
2023-10-04,BANDHANBNK,0.9599896271889702,RECONSTRUCTED
2023-10-04,BANKBARODA,2.41483411031748,RECONSTRUCTED
2023-10-04,FEDERALBNK,2.262033629805692,RECONSTRUCTED
2023-10-04,HDFCBANK,28.897171024346896,RECONSTRUCTED
2023-10-04,ICICIBANK,23.36803070956724,RECONSTRUCTED
2023-10-04,IDFCFIRSTB,1.6817966675438685,RECONSTRUCTED
2023-10-04,INDUSINDBK,6.91719121450807,RECONSTRUCTED
2023-10-04,KOTAKBANK,10.375861861811256,RECONSTRUCTED
2023-10-04,PNB,1.4170064346523903,RECONSTRUCTED
2023-10-04,SBIN,9.563510549972737,RECONSTRUCTED
2023-10-05,AUBANK,2.1729441655287,RECONSTRUCTED
2023-10-05,AXISBANK,9.929961441842218,RECONSTRUCTED
2023-10-05,BANDHANBNK,0.9833822037607656,RECONSTRUCTED
2023-10-05,BANKBARODA,2.427138038497955,RECONSTRUCTED
2023-10-05,FEDERALBNK,2.302529251932171,RECONSTRUCTED
2023-10-05,HDFCBANK,28.947580229870663,RECONSTRUCTED
2023-10-05,ICICIBANK,23.23388607196188,RECONSTRUCTED
2023-10-05,IDFCFIRSTB,1.6878802798541488,RECONSTRUCTED
2023-10-05,INDUSINDBK,6.9546172057409015,RECONSTRUCTED
2023-10-05,KOTAKBANK,10.362677754136683,RECONSTRUCTED
2023-10-05,PNB,1.474218799941842,RECONSTRUCTED
2023-10-05,SBIN,9.523184556932051,RECONSTRUCTED
2023-10-06,AUBANK,2.183046401035992,RECONSTRUCTED
2023-10-06,AXISBANK,9.987153020469826,RECONSTRUCTED
2023-10-06,BANDHANBNK,0.972536794135583,RECONSTRUCTED
2023-10-06,BANKBARODA,2.4044122131650534,RECONSTRUCTED
2023-10-06,FEDERALBNK,2.2947103201162165,RECONSTRUCTED
2023-10-06,HDFCBANK,29.07974757412048,RECONSTRUCTED
2023-10-06,ICICIBANK,23.206830270539733,RECONSTRUCTED
2023-10-06,IDFCFIRSTB,1.703901557364059,RECONSTRUCTED
2023-10-06,INDUSINDBK,6.818371934945046,RECONSTRUCTED
2023-10-06,KOTAKBANK,10.340926633688166,RECONSTRUCTED
2023-10-06,PNB,1.486056448019258,RECONSTRUCTED
2023-10-06,SBIN,9.522306832400576,RECONSTRUCTED
2023-10-09,AUBANK,2.1676614980781084,RECONSTRUCTED
2023-10-09,AXISBANK,9.927946632715315,RECONSTRUCTED
2023-10-09,BANDHANBNK,0.9874150011930702,RECONSTRUCTED
2023-10-09,BANKBARODA,2.418817997282158,RECONSTRUCTED
2023-10-09,FEDERALBNK,2.294673734728603,RECONSTRUCTED
2023-10-09,HDFCBANK,29.10938450728188,RECONSTRUCTED
2023-10-09,ICICIBANK,23.12238629118612,RECONSTRUCTED
2023-10-09,IDFCFIRSTB,1.711120649413854,RECONSTRUCTED
2023-10-09,INDUSINDBK,6.775639301874953,RECONSTRUCTED
2023-10-09,KOTAKBANK,10.377747520026857,RECONSTRUCTED
2023-10-09,PNB,1.5384636177242506,RECONSTRUCTED
2023-10-09,SBIN,9.568743248494824,RECONSTRUCTED
2023-10-10,AUBANK,2.178125930156692,RECONSTRUCTED
2023-10-10,AXISBANK,9.876190557802236,RECONSTRUCTED
2023-10-10,BANDHANBNK,0.9762558391323242,RECONSTRUCTED
2023-10-10,BANKBARODA,2.4157606806252097,RECONSTRUCTED
2023-10-10,FEDERALBNK,2.272341845085658,RECONSTRUCTED
2023-10-10,HDFCBANK,29.256755193219767,RECONSTRUCTED
2023-10-10,ICICIBANK,23.061674147956683,RECONSTRUCTED
2023-10-10,IDFCFIRSTB,1.725705383882011,RECONSTRUCTED
2023-10-10,INDUSINDBK,6.887136923801174,RECONSTRUCTED
2023-10-10,KOTAKBANK,10.269632923292384,RECONSTRUCTED
2023-10-10,PNB,1.515759602646003,RECONSTRUCTED
2023-10-10,SBIN,9.56466097239986,RECONSTRUCTED
2023-10-11,AUBANK,2.184380485053817,RECONSTRUCTED
2023-10-11,AXISBANK,9.84554041047241,RECONSTRUCTED
2023-10-11,BANDHANBNK,0.9924167330989396,RECONSTRUCTED
2023-10-11,BANKBARODA,2.507641726963459,RECONSTRUCTED
2023-10-11,FEDERALBNK,2.2953581218540133,RECONSTRUCTED
2023-10-11,HDFCBANK,29.082016682078297,RECONSTRUCTED
2023-10-11,ICICIBANK,23.09954181946856,RECONSTRUCTED
2023-10-11,IDFCFIRSTB,1.7073974764298925,RECONSTRUCTED
2023-10-11,INDUSINDBK,6.909063484652295,RECONSTRUCTED
2023-10-11,KOTAKBANK,10.218019519896629,RECONSTRUCTED
2023-10-11,PNB,1.5052780356488935,RECONSTRUCTED
2023-10-11,SBIN,9.65334550438279,RECONSTRUCTED
2023-10-12,AUBANK,2.186630002643952,RECONSTRUCTED
2023-10-12,AXISBANK,9.869546805637889,RECONSTRUCTED
2023-10-12,BANDHANBNK,0.9852898382250164,RECONSTRUCTED
2023-10-12,BANKBARODA,2.505502039186231,RECONSTRUCTED
2023-10-12,FEDERALBNK,2.264063069199928,RECONSTRUCTED
2023-10-12,HDFCBANK,28.94165275931047,RECONSTRUCTED
2023-10-12,ICICIBANK,23.113207896475103,RECONSTRUCTED
2023-10-12,IDFCFIRSTB,1.7245972536272334,RECONSTRUCTED
2023-10-12,INDUSINDBK,6.906669797742243,RECONSTRUCTED
2023-10-12,KOTAKBANK,10.280217505298442,RECONSTRUCTED
2023-10-12,PNB,1.513958161294518,RECONSTRUCTED
2023-10-12,SBIN,9.708664871358971,RECONSTRUCTED
2023-10-13,AUBANK,2.169812385629884,RECONSTRUCTED
2023-10-13,AXISBANK,10.043141050449975,RECONSTRUCTED
2023-10-13,BANDHANBNK,1.0204753119333572,RECONSTRUCTED
2023-10-13,BANKBARODA,2.5404594538417147,RECONSTRUCTED
2023-10-13,FEDERALBNK,2.2471839281441053,RECONSTRUCTED
2023-10-13,HDFCBANK,29.00903800621084,RECONSTRUCTED
2023-10-13,ICICIBANK,23.02744697894152,RECONSTRUCTED
2023-10-13,IDFCFIRSTB,1.7233251489789572,RECONSTRUCTED
2023-10-13,INDUSINDBK,6.674884405052177,RECONSTRUCTED
2023-10-13,KOTAKBANK,10.221128931767792,RECONSTRUCTED
2023-10-13,PNB,1.5146752350808,RECONSTRUCTED
2023-10-13,SBIN,9.808429163968883,RECONSTRUCTED
2023-10-16,AUBANK,2.189864995800728,RECONSTRUCTED
2023-10-16,AXISBANK,9.921217499089538,RECONSTRUCTED
2023-10-16,BANDHANBNK,1.0047952925990784,RECONSTRUCTED
2023-10-16,BANKBARODA,2.508407545759532,RECONSTRUCTED
2023-10-16,FEDERALBNK,2.256749224844785,RECONSTRUCTED
2023-10-16,HDFCBANK,29.083238068653262,RECONSTRUCTED
2023-10-16,ICICIBANK,22.99147811147916,RECONSTRUCTED
2023-10-16,IDFCFIRSTB,1.7075700753526095,RECONSTRUCTED
2023-10-16,INDUSINDBK,6.744879142912658,RECONSTRUCTED
2023-10-16,KOTAKBANK,10.277689994769574,RECONSTRUCTED
2023-10-16,PNB,1.5114636079104704,RECONSTRUCTED
2023-10-16,SBIN,9.80264644082861,RECONSTRUCTED
2023-10-17,AUBANK,2.207547791848886,RECONSTRUCTED
2023-10-17,AXISBANK,9.9304379606104,RECONSTRUCTED
2023-10-17,BANDHANBNK,1.0275033161558682,RECONSTRUCTED
2023-10-17,BANKBARODA,2.500030203183868,RECONSTRUCTED
2023-10-17,FEDERALBNK,2.268443622492027,RECONSTRUCTED
2023-10-17,HDFCBANK,28.98461443657218,RECONSTRUCTED
2023-10-17,ICICIBANK,23.026772579192524,RECONSTRUCTED
2023-10-17,IDFCFIRSTB,1.7025176958103128,RECONSTRUCTED
2023-10-17,INDUSINDBK,6.822036008551745,RECONSTRUCTED
2023-10-17,KOTAKBANK,10.193516830072,RECONSTRUCTED
2023-10-17,PNB,1.506748667741494,RECONSTRUCTED
2023-10-17,SBIN,9.82983088776868,RECONSTRUCTED
2023-10-18,AUBANK,2.188308982056667,RECONSTRUCTED
2023-10-18,AXISBANK,9.964187928380218,RECONSTRUCTED
2023-10-18,BANDHANBNK,1.0222731509688026,RECONSTRUCTED
2023-10-18,BANKBARODA,2.515590956121391,RECONSTRUCTED
2023-10-18,FEDERALBNK,2.270132037717978,RECONSTRUCTED
2023-10-18,HDFCBANK,29.048883980475587,RECONSTRUCTED
2023-10-18,ICICIBANK,23.00138678763369,RECONSTRUCTED
2023-10-18,IDFCFIRSTB,1.6945699143771853,RECONSTRUCTED
2023-10-18,INDUSINDBK,6.816292163446004,RECONSTRUCTED
2023-10-18,KOTAKBANK,10.178213081357471,RECONSTRUCTED
2023-10-18,PNB,1.5211821960651124,RECONSTRUCTED
2023-10-18,SBIN,9.77897882139987,RECONSTRUCTED
2023-10-19,AUBANK,2.1796791682320564,RECONSTRUCTED
2023-10-19,AXISBANK,9.94928619773281,RECONSTRUCTED
2023-10-19,BANDHANBNK,1.059062945450751,RECONSTRUCTED
2023-10-19,BANKBARODA,2.4898216178466286,RECONSTRUCTED
2023-10-19,FEDERALBNK,2.258802588869381,RECONSTRUCTED
2023-10-19,HDFCBANK,29.05484741362012,RECONSTRUCTED
2023-10-19,ICICIBANK,23.129511577458462,RECONSTRUCTED
2023-10-19,IDFCFIRSTB,1.6923554597100745,RECONSTRUCTED
2023-10-19,INDUSINDBK,6.655581748209374,RECONSTRUCTED
2023-10-19,KOTAKBANK,10.235418158432378,RECONSTRUCTED
2023-10-19,PNB,1.5207880497359114,RECONSTRUCTED
2023-10-19,SBIN,9.774845074702071,RECONSTRUCTED
2023-10-20,AUBANK,2.194814900266266,RECONSTRUCTED
2023-10-20,AXISBANK,10.054428616869352,RECONSTRUCTED
2023-10-20,BANDHANBNK,1.07545635273145,RECONSTRUCTED
2023-10-20,BANKBARODA,2.5231411819598373,RECONSTRUCTED
2023-10-20,FEDERALBNK,2.2727072300861697,RECONSTRUCTED
2023-10-20,HDFCBANK,28.88496032448087,RECONSTRUCTED
2023-10-20,ICICIBANK,23.187758625609835,RECONSTRUCTED
2023-10-20,IDFCFIRSTB,1.727322363418902,RECONSTRUCTED
2023-10-20,INDUSINDBK,6.566066019895446,RECONSTRUCTED
2023-10-20,KOTAKBANK,10.04824987905205,RECONSTRUCTED
2023-10-20,PNB,1.5565402112129858,RECONSTRUCTED
2023-10-20,SBIN,9.90855429441684,RECONSTRUCTED
2023-10-23,AUBANK,2.1794549700669914,RECONSTRUCTED
2023-10-23,AXISBANK,10.087148188177643,RECONSTRUCTED
2023-10-23,BANDHANBNK,1.0814337135681262,RECONSTRUCTED
2023-10-23,BANKBARODA,2.5804750066049538,RECONSTRUCTED
2023-10-23,FEDERALBNK,2.281092288389772,RECONSTRUCTED
2023-10-23,HDFCBANK,28.821541145160896,RECONSTRUCTED
2023-10-23,ICICIBANK,22.95125368265552,RECONSTRUCTED
2023-10-23,IDFCFIRSTB,1.7528801035000894,RECONSTRUCTED
2023-10-23,INDUSINDBK,6.633559702858103,RECONSTRUCTED
2023-10-23,KOTAKBANK,10.080245913150089,RECONSTRUCTED
2023-10-23,PNB,1.5933785316971882,RECONSTRUCTED
2023-10-23,SBIN,9.957536754170624,RECONSTRUCTED
2023-10-25,AUBANK,2.130228216785296,RECONSTRUCTED
2023-10-25,AXISBANK,10.105163554294776,RECONSTRUCTED
2023-10-25,BANDHANBNK,1.0884233920352648,RECONSTRUCTED
2023-10-25,BANKBARODA,2.5666180409071044,RECONSTRUCTED
2023-10-25,FEDERALBNK,2.288934463455928,RECONSTRUCTED
2023-10-25,HDFCBANK,28.79059468990676,RECONSTRUCTED
2023-10-25,ICICIBANK,23.1256487792888,RECONSTRUCTED
2023-10-25,IDFCFIRSTB,1.7259196256546847,RECONSTRUCTED
2023-10-25,INDUSINDBK,6.688356182970892,RECONSTRUCTED
2023-10-25,KOTAKBANK,10.0791061092009,RECONSTRUCTED
2023-10-25,PNB,1.584988572550411,RECONSTRUCTED
2023-10-25,SBIN,9.826018372949182,RECONSTRUCTED
2023-10-26,AUBANK,2.163503073252228,RECONSTRUCTED
2023-10-26,AXISBANK,9.806359293793918,RECONSTRUCTED
2023-10-26,BANDHANBNK,1.103927192247002,RECONSTRUCTED
2023-10-26,BANKBARODA,2.609689938187786,RECONSTRUCTED
2023-10-26,FEDERALBNK,2.320368291393196,RECONSTRUCTED
2023-10-26,HDFCBANK,29.067616488283303,RECONSTRUCTED
2023-10-26,ICICIBANK,23.01893327596172,RECONSTRUCTED
2023-10-26,IDFCFIRSTB,1.7481135556884475,RECONSTRUCTED
2023-10-26,INDUSINDBK,6.5942494277834856,RECONSTRUCTED
2023-10-26,KOTAKBANK,10.145935034787334,RECONSTRUCTED
2023-10-26,PNB,1.5570034509787125,RECONSTRUCTED
2023-10-26,SBIN,9.864300977642856,RECONSTRUCTED
2023-10-27,AUBANK,2.177941621379944,RECONSTRUCTED
2023-10-27,AXISBANK,9.619053023573468,RECONSTRUCTED
2023-10-27,BANDHANBNK,1.1068811384665584,RECONSTRUCTED
2023-10-27,BANKBARODA,2.5373968983668447,RECONSTRUCTED
2023-10-27,FEDERALBNK,2.3243767977916985,RECONSTRUCTED
2023-10-27,HDFCBANK,29.297793388377467,RECONSTRUCTED
2023-10-27,ICICIBANK,23.187749002193268,RECONSTRUCTED
2023-10-27,IDFCFIRSTB,1.7462673554773591,RECONSTRUCTED
2023-10-27,INDUSINDBK,6.54920465045234,RECONSTRUCTED
2023-10-27,KOTAKBANK,10.219127796433993,RECONSTRUCTED
2023-10-27,PNB,1.5044238937543393,RECONSTRUCTED
2023-10-27,SBIN,9.72978443373271,RECONSTRUCTED
2023-10-30,AUBANK,2.2707300187280373,RECONSTRUCTED
2023-10-30,AXISBANK,9.81046842161972,RECONSTRUCTED
2023-10-30,BANDHANBNK,1.11235585913372,RECONSTRUCTED
2023-10-30,BANKBARODA,2.5348924438917253,RECONSTRUCTED
2023-10-30,FEDERALBNK,2.316190824897977,RECONSTRUCTED
2023-10-30,HDFCBANK,29.16044783049589,RECONSTRUCTED
2023-10-30,ICICIBANK,23.02313890795005,RECONSTRUCTED
2023-10-30,IDFCFIRSTB,1.817134905395609,RECONSTRUCTED
2023-10-30,INDUSINDBK,6.528799605316882,RECONSTRUCTED
2023-10-30,KOTAKBANK,10.1930476414909,RECONSTRUCTED
2023-10-30,PNB,1.513627834595502,RECONSTRUCTED
2023-10-30,SBIN,9.71916570648399,RECONSTRUCTED
2023-10-31,AUBANK,2.25,OFFICIAL
2023-10-31,AXISBANK,9.84,OFFICIAL
2023-10-31,BANDHANBNK,1.11,OFFICIAL
2023-10-31,BANKBARODA,2.55,OFFICIAL
2023-10-31,FEDERALBNK,2.31,OFFICIAL
2023-10-31,HDFCBANK,29.2,OFFICIAL
2023-10-31,ICICIBANK,23.16,OFFICIAL
2023-10-31,IDFCFIRSTB,1.82,OFFICIAL
2023-10-31,INDUSINDBK,6.56,OFFICIAL
2023-10-31,KOTAKBANK,10.02,OFFICIAL
2023-10-31,PNB,1.51,OFFICIAL
2023-10-31,SBIN,9.67,OFFICIAL
2023-11-01,AUBANK,2.5518024441442977,RECONSTRUCTED
2023-11-01,AXISBANK,10.992318807098837,RECONSTRUCTED
2023-11-01,BANDHANBNK,1.1475277715091994,RECONSTRUCTED
2023-11-01,BANKBARODA,2.3879156166033715,RECONSTRUCTED
2023-11-01,FEDERALBNK,2.3432134259928508,RECONSTRUCTED
2023-11-01,HDFCBANK,30.10815971192527,RECONSTRUCTED
2023-11-01,ICICIBANK,22.3534663059946,RECONSTRUCTED
2023-11-01,IDFCFIRSTB,1.8233892763079764,RECONSTRUCTED
2023-11-01,INDUSINDBK,6.3100335977124455,RECONSTRUCTED
2023-11-01,KOTAKBANK,9.508051159976564,RECONSTRUCTED
2023-11-01,PNB,1.5821512156854465,RECONSTRUCTED
2023-11-01,SBIN,8.891970667049168,RECONSTRUCTED
2023-11-02,AUBANK,2.5777092471047247,RECONSTRUCTED
2023-11-02,AXISBANK,10.946764683618346,RECONSTRUCTED
2023-11-02,BANDHANBNK,1.1480866193268793,RECONSTRUCTED
2023-11-02,BANKBARODA,2.352360819635544,RECONSTRUCTED
2023-11-02,FEDERALBNK,2.3444241362547875,RECONSTRUCTED
2023-11-02,HDFCBANK,30.281191646630624,RECONSTRUCTED
2023-11-02,ICICIBANK,22.37183374135836,RECONSTRUCTED
2023-11-02,IDFCFIRSTB,1.809886898843136,RECONSTRUCTED
2023-11-02,INDUSINDBK,6.231577640335197,RECONSTRUCTED
2023-11-02,KOTAKBANK,9.50398522698758,RECONSTRUCTED
2023-11-02,PNB,1.5646966062582175,RECONSTRUCTED
2023-11-02,SBIN,8.867482733646618,RECONSTRUCTED
2023-11-03,AUBANK,2.5857616093572005,RECONSTRUCTED
2023-11-03,AXISBANK,10.956370753197382,RECONSTRUCTED
2023-11-03,BANDHANBNK,1.1429638127084611,RECONSTRUCTED
2023-11-03,BANKBARODA,2.323231237758234,RECONSTRUCTED
2023-11-03,FEDERALBNK,2.32684333163783,RECONSTRUCTED
2023-11-03,HDFCBANK,30.34583815537417,RECONSTRUCTED
2023-11-03,ICICIBANK,22.191765083118927,RECONSTRUCTED
2023-11-03,IDFCFIRSTB,1.81134353458714,RECONSTRUCTED
2023-11-03,INDUSINDBK,6.321857399204539,RECONSTRUCTED
2023-11-03,KOTAKBANK,9.593989635336769,RECONSTRUCTED
2023-11-03,PNB,1.5649312472963697,RECONSTRUCTED
2023-11-03,SBIN,8.835104200422983,RECONSTRUCTED
2023-11-06,AUBANK,2.5862300073285134,RECONSTRUCTED
2023-11-06,AXISBANK,10.81065023045798,RECONSTRUCTED
2023-11-06,BANDHANBNK,1.148821199716328,RECONSTRUCTED
2023-11-06,BANKBARODA,2.438067740628114,RECONSTRUCTED
2023-11-06,FEDERALBNK,2.3338504158753666,RECONSTRUCTED
2023-11-06,HDFCBANK,30.344635398899385,RECONSTRUCTED
2023-11-06,ICICIBANK,22.07624276817671,RECONSTRUCTED
2023-11-06,IDFCFIRSTB,1.825497304478426,RECONSTRUCTED
2023-11-06,INDUSINDBK,6.280791572612113,RECONSTRUCTED
2023-11-06,KOTAKBANK,9.624523745417433,RECONSTRUCTED
2023-11-06,PNB,1.5730503237802749,RECONSTRUCTED
2023-11-06,SBIN,8.95763929262937,RECONSTRUCTED
2023-11-07,AUBANK,2.608461720138646,RECONSTRUCTED
2023-11-07,AXISBANK,10.715970747010427,RECONSTRUCTED
2023-11-07,BANDHANBNK,1.161060534914283,RECONSTRUCTED
2023-11-07,BANKBARODA,2.499843430231957,RECONSTRUCTED
2023-11-07,FEDERALBNK,2.2889372195137296,RECONSTRUCTED
2023-11-07,HDFCBANK,30.569861915519663,RECONSTRUCTED
2023-11-07,ICICIBANK,22.070348773174704,RECONSTRUCTED
2023-11-07,IDFCFIRSTB,1.821321186482558,RECONSTRUCTED
2023-11-07,INDUSINDBK,6.228299155017194,RECONSTRUCTED
2023-11-07,KOTAKBANK,9.588041738110274,RECONSTRUCTED
2023-11-07,PNB,1.5511513119443996,RECONSTRUCTED
2023-11-07,SBIN,8.896702267942171,RECONSTRUCTED
2023-11-08,AUBANK,2.583337535907881,RECONSTRUCTED
2023-11-08,AXISBANK,10.690719947266448,RECONSTRUCTED
2023-11-08,BANDHANBNK,1.152035508962578,RECONSTRUCTED
2023-11-08,BANKBARODA,2.479699921653399,RECONSTRUCTED
2023-11-08,FEDERALBNK,2.289218350947777,RECONSTRUCTED
2023-11-08,HDFCBANK,30.43373246444965,RECONSTRUCTED
2023-11-08,ICICIBANK,22.326420923441603,RECONSTRUCTED
2023-11-08,IDFCFIRSTB,1.806504137914644,RECONSTRUCTED
2023-11-08,INDUSINDBK,6.207842706800223,RECONSTRUCTED
2023-11-08,KOTAKBANK,9.600353652144427,RECONSTRUCTED
2023-11-08,PNB,1.5558597925642716,RECONSTRUCTED
2023-11-08,SBIN,8.874275057947104,RECONSTRUCTED
2023-11-09,AUBANK,2.527792348677695,RECONSTRUCTED
2023-11-09,AXISBANK,10.694202303926396,RECONSTRUCTED
2023-11-09,BANDHANBNK,1.15396300548737,RECONSTRUCTED
2023-11-09,BANKBARODA,2.4745656936777527,RECONSTRUCTED
2023-11-09,FEDERALBNK,2.2826509114215283,RECONSTRUCTED
2023-11-09,HDFCBANK,30.57053240446009,RECONSTRUCTED
2023-11-09,ICICIBANK,22.29993716906084,RECONSTRUCTED
2023-11-09,IDFCFIRSTB,1.787161875168761,RECONSTRUCTED
2023-11-09,INDUSINDBK,6.13526253620442,RECONSTRUCTED
2023-11-09,KOTAKBANK,9.612517752224417,RECONSTRUCTED
2023-11-09,PNB,1.552574806778521,RECONSTRUCTED
2023-11-09,SBIN,8.908839192912213,RECONSTRUCTED
2023-11-10,AUBANK,2.504444471356663,RECONSTRUCTED
2023-11-10,AXISBANK,10.65281508945173,RECONSTRUCTED
2023-11-10,BANDHANBNK,1.154784424172452,RECONSTRUCTED
2023-11-10,BANKBARODA,2.4590268472300907,RECONSTRUCTED
2023-11-10,FEDERALBNK,2.254910764977565,RECONSTRUCTED
2023-11-10,HDFCBANK,30.54946650188652,RECONSTRUCTED
2023-11-10,ICICIBANK,22.34252215832951,RECONSTRUCTED
2023-11-10,IDFCFIRSTB,1.7782577518876823,RECONSTRUCTED
2023-11-10,INDUSINDBK,6.19028903815661,RECONSTRUCTED
2023-11-10,KOTAKBANK,9.64095590161588,RECONSTRUCTED
2023-11-10,PNB,1.5525073300376098,RECONSTRUCTED
2023-11-10,SBIN,8.920019720897699,RECONSTRUCTED
2023-11-13,AUBANK,2.403411286153782,RECONSTRUCTED
2023-11-13,AXISBANK,10.709034927180763,RECONSTRUCTED
2023-11-13,BANDHANBNK,1.1475769935403528,RECONSTRUCTED
2023-11-13,BANKBARODA,2.439594703595199,RECONSTRUCTED
2023-11-13,FEDERALBNK,2.21328315856116,RECONSTRUCTED
2023-11-13,HDFCBANK,30.65129572435889,RECONSTRUCTED
2023-11-13,ICICIBANK,22.47579174440755,RECONSTRUCTED
2023-11-13,IDFCFIRSTB,1.7603304380416744,RECONSTRUCTED
2023-11-13,INDUSINDBK,6.155325564054497,RECONSTRUCTED
2023-11-13,KOTAKBANK,9.64039142963154,RECONSTRUCTED
2023-11-13,PNB,1.4988403911818062,RECONSTRUCTED
2023-11-13,SBIN,8.905123639292787,RECONSTRUCTED
2023-11-15,AUBANK,2.4316503987723364,RECONSTRUCTED
2023-11-15,AXISBANK,10.621604757969523,RECONSTRUCTED
2023-11-15,BANDHANBNK,1.1421764839873132,RECONSTRUCTED
2023-11-15,BANKBARODA,2.445004955569004,RECONSTRUCTED
2023-11-15,FEDERALBNK,2.2703014759448714,RECONSTRUCTED
2023-11-15,HDFCBANK,30.55528121750011,RECONSTRUCTED
2023-11-15,ICICIBANK,22.480175877552448,RECONSTRUCTED
2023-11-15,IDFCFIRSTB,1.7629952859236384,RECONSTRUCTED
2023-11-15,INDUSINDBK,6.265291559024188,RECONSTRUCTED
2023-11-15,KOTAKBANK,9.59399805977008,RECONSTRUCTED
2023-11-15,PNB,1.512669729304236,RECONSTRUCTED
2023-11-15,SBIN,8.918850198682259,RECONSTRUCTED
2023-11-16,AUBANK,2.4191148497836936,RECONSTRUCTED
2023-11-16,AXISBANK,10.766290460667138,RECONSTRUCTED
2023-11-16,BANDHANBNK,1.1405450668900898,RECONSTRUCTED
2023-11-16,BANKBARODA,2.434606916492698,RECONSTRUCTED
2023-11-16,FEDERALBNK,2.2673239254642144,RECONSTRUCTED
2023-11-16,HDFCBANK,30.44543476870973,RECONSTRUCTED
2023-11-16,ICICIBANK,22.580540303610714,RECONSTRUCTED
2023-11-16,IDFCFIRSTB,1.7303875576246217,RECONSTRUCTED
2023-11-16,INDUSINDBK,6.239528673750097,RECONSTRUCTED
2023-11-16,KOTAKBANK,9.566496316824054,RECONSTRUCTED
2023-11-16,PNB,1.498848917655802,RECONSTRUCTED
2023-11-16,SBIN,8.910882242527137,RECONSTRUCTED
2023-11-17,AUBANK,2.385572880253222,RECONSTRUCTED
2023-11-17,AXISBANK,10.967699252707696,RECONSTRUCTED
2023-11-17,BANDHANBNK,1.1526302572798086,RECONSTRUCTED
2023-11-17,BANKBARODA,2.421749380634504,RECONSTRUCTED
2023-11-17,FEDERALBNK,2.2694555024532543,RECONSTRUCTED
2023-11-17,HDFCBANK,30.11287390027885,RECONSTRUCTED
2023-11-17,ICICIBANK,22.62784269107204,RECONSTRUCTED
2023-11-17,IDFCFIRSTB,1.7740233527224671,RECONSTRUCTED
2023-11-17,INDUSINDBK,6.158897628897146,RECONSTRUCTED
2023-11-17,KOTAKBANK,9.485753288012308,RECONSTRUCTED
2023-11-17,PNB,1.5115643841908686,RECONSTRUCTED
2023-11-17,SBIN,9.131937481497836,RECONSTRUCTED
2023-11-20,AUBANK,2.372492542198,RECONSTRUCTED
2023-11-20,AXISBANK,11.029236235667533,RECONSTRUCTED
2023-11-20,BANDHANBNK,1.1689409670167823,RECONSTRUCTED
2023-11-20,BANKBARODA,2.4110856389761284,RECONSTRUCTED
2023-11-20,FEDERALBNK,2.279998012954591,RECONSTRUCTED
2023-11-20,HDFCBANK,30.1077657890202,RECONSTRUCTED
2023-11-20,ICICIBANK,22.635326799846293,RECONSTRUCTED
2023-11-20,IDFCFIRSTB,1.7885519563777517,RECONSTRUCTED
2023-11-20,INDUSINDBK,6.13227490190113,RECONSTRUCTED
2023-11-20,KOTAKBANK,9.452901142339472,RECONSTRUCTED
2023-11-20,PNB,1.5017692920394166,RECONSTRUCTED
2023-11-20,SBIN,9.119656721662688,RECONSTRUCTED
2023-11-21,AUBANK,2.425879146790569,RECONSTRUCTED
2023-11-21,AXISBANK,11.022425825495173,RECONSTRUCTED
2023-11-21,BANDHANBNK,1.1721560132394986,RECONSTRUCTED
2023-11-21,BANKBARODA,2.4406136767113056,RECONSTRUCTED
2023-11-21,FEDERALBNK,2.296640929357332,RECONSTRUCTED
2023-11-21,HDFCBANK,29.92998845389504,RECONSTRUCTED
2023-11-21,ICICIBANK,22.578339122561864,RECONSTRUCTED
2023-11-21,IDFCFIRSTB,1.7888132007592428,RECONSTRUCTED
2023-11-21,INDUSINDBK,6.158958534717646,RECONSTRUCTED
2023-11-21,KOTAKBANK,9.49464914731104,RECONSTRUCTED
2023-11-21,PNB,1.5122990473262092,RECONSTRUCTED
2023-11-21,SBIN,9.179236901835088,RECONSTRUCTED
2023-11-22,AUBANK,2.4222543679310875,RECONSTRUCTED
2023-11-22,AXISBANK,10.895462424548178,RECONSTRUCTED
2023-11-22,BANDHANBNK,1.1753555437171974,RECONSTRUCTED
2023-11-22,BANKBARODA,2.4415456489461658,RECONSTRUCTED
2023-11-22,FEDERALBNK,2.304241274249234,RECONSTRUCTED
2023-11-22,HDFCBANK,29.879453574906258,RECONSTRUCTED
2023-11-22,ICICIBANK,22.54157495084444,RECONSTRUCTED
2023-11-22,IDFCFIRSTB,1.809382849823036,RECONSTRUCTED
2023-11-22,INDUSINDBK,6.258563430663801,RECONSTRUCTED
2023-11-22,KOTAKBANK,9.561496401695845,RECONSTRUCTED
2023-11-22,PNB,1.5378714844233952,RECONSTRUCTED
2023-11-22,SBIN,9.17279804825136,RECONSTRUCTED
2023-11-23,AUBANK,2.4219110585896058,RECONSTRUCTED
2023-11-23,AXISBANK,10.91694891968796,RECONSTRUCTED
2023-11-23,BANDHANBNK,1.1776844696767113,RECONSTRUCTED
2023-11-23,BANKBARODA,2.452468581572604,RECONSTRUCTED
2023-11-23,FEDERALBNK,2.284284646993384,RECONSTRUCTED
2023-11-23,HDFCBANK,29.79451748373052,RECONSTRUCTED
2023-11-23,ICICIBANK,22.601403481480688,RECONSTRUCTED
2023-11-23,IDFCFIRSTB,1.7941900864902989,RECONSTRUCTED
2023-11-23,INDUSINDBK,6.21056239210415,RECONSTRUCTED
2023-11-23,KOTAKBANK,9.624481847473684,RECONSTRUCTED
2023-11-23,PNB,1.5383409595257924,RECONSTRUCTED
2023-11-23,SBIN,9.183206072674604,RECONSTRUCTED
2023-11-24,AUBANK,2.4230235226780734,RECONSTRUCTED
2023-11-24,AXISBANK,10.863242440833826,RECONSTRUCTED
2023-11-24,BANDHANBNK,1.1832541427962644,RECONSTRUCTED
2023-11-24,BANKBARODA,2.479434474203392,RECONSTRUCTED
2023-11-24,FEDERALBNK,2.290656168159384,RECONSTRUCTED
2023-11-24,HDFCBANK,29.717414498228045,RECONSTRUCTED
2023-11-24,ICICIBANK,22.54661441954629,RECONSTRUCTED
2023-11-24,IDFCFIRSTB,1.7990443221536965,RECONSTRUCTED
2023-11-24,INDUSINDBK,6.280304055295486,RECONSTRUCTED
2023-11-24,KOTAKBANK,9.641669937196754,RECONSTRUCTED
2023-11-24,PNB,1.557460226424049,RECONSTRUCTED
2023-11-24,SBIN,9.217881792484738,RECONSTRUCTED
2023-11-28,AUBANK,2.3801489501128126,RECONSTRUCTED
2023-11-28,AXISBANK,10.75698940176968,RECONSTRUCTED
2023-11-28,BANDHANBNK,1.1617583757374157,RECONSTRUCTED
2023-11-28,BANKBARODA,2.4423436065132944,RECONSTRUCTED
2023-11-28,FEDERALBNK,2.257645510381747,RECONSTRUCTED
2023-11-28,HDFCBANK,29.863107475297152,RECONSTRUCTED
2023-11-28,ICICIBANK,22.70139063247093,RECONSTRUCTED
2023-11-28,IDFCFIRSTB,1.783692595741467,RECONSTRUCTED
2023-11-28,INDUSINDBK,6.291128368466227,RECONSTRUCTED
2023-11-28,KOTAKBANK,9.676830863946364,RECONSTRUCTED
2023-11-28,PNB,1.5098835274475704,RECONSTRUCTED
2023-11-28,SBIN,9.175080692115325,RECONSTRUCTED
2023-11-29,AUBANK,2.3819500759977617,RECONSTRUCTED
2023-11-29,AXISBANK,10.525247109808475,RECONSTRUCTED
2023-11-29,BANDHANBNK,1.1509526370318552,RECONSTRUCTED
2023-11-29,BANKBARODA,2.4703131742907742,RECONSTRUCTED
2023-11-29,FEDERALBNK,2.288796027541831,RECONSTRUCTED
2023-11-29,HDFCBANK,29.74229401643866,RECONSTRUCTED
2023-11-29,ICICIBANK,22.71460803906376,RECONSTRUCTED
2023-11-29,IDFCFIRSTB,1.8193909631426328,RECONSTRUCTED
2023-11-29,INDUSINDBK,6.364845770484857,RECONSTRUCTED
2023-11-29,KOTAKBANK,9.76718915628236,RECONSTRUCTED
2023-11-29,PNB,1.5221521423629905,RECONSTRUCTED
2023-11-29,SBIN,9.25226088755402,RECONSTRUCTED
2023-11-30,AUBANK,2.4,OFFICIAL
2023-11-30,AXISBANK,10.37,OFFICIAL
2023-11-30,BANDHANBNK,1.13,OFFICIAL
2023-11-30,BANKBARODA,2.47,OFFICIAL
2023-11-30,FEDERALBNK,2.33,OFFICIAL
2023-11-30,HDFCBANK,29.7,OFFICIAL
2023-11-30,ICICIBANK,22.79,OFFICIAL
2023-11-30,IDFCFIRSTB,1.81,OFFICIAL
2023-11-30,INDUSINDBK,6.43,OFFICIAL
2023-11-30,KOTAKBANK,9.74,OFFICIAL
2023-11-30,PNB,1.55,OFFICIAL
2023-11-30,SBIN,9.3,OFFICIAL
2023-12-01,AUBANK,2.260905912602522,RECONSTRUCTED
2023-12-01,AXISBANK,9.138154828875004,RECONSTRUCTED
2023-12-01,BANDHANBNK,1.097736567119873,RECONSTRUCTED
2023-12-01,BANKBARODA,2.780346441426353,RECONSTRUCTED
2023-12-01,FEDERALBNK,2.0724835168649016,RECONSTRUCTED
2023-12-01,HDFCBANK,29.93570751992697,RECONSTRUCTED
2023-12-01,ICICIBANK,22.02249312541919,RECONSTRUCTED
2023-12-01,IDFCFIRSTB,1.971479773311584,RECONSTRUCTED
2023-12-01,INDUSINDBK,6.522396259911677,RECONSTRUCTED
2023-12-01,KOTAKBANK,10.02252449532262,RECONSTRUCTED
2023-12-01,PNB,1.9025574223891808,RECONSTRUCTED
2023-12-01,SBIN,10.273214136830145,RECONSTRUCTED
2023-12-04,AUBANK,2.307610055896081,RECONSTRUCTED
2023-12-04,AXISBANK,9.292642510676206,RECONSTRUCTED
2023-12-04,BANDHANBNK,1.0983847121906092,RECONSTRUCTED
2023-12-04,BANKBARODA,2.7817468252715285,RECONSTRUCTED
2023-12-04,FEDERALBNK,2.073606832190122,RECONSTRUCTED
2023-12-04,HDFCBANK,29.97834741622416,RECONSTRUCTED
2023-12-04,ICICIBANK,21.79503891526575,RECONSTRUCTED
2023-12-04,IDFCFIRSTB,2.022860745411444,RECONSTRUCTED
2023-12-04,INDUSINDBK,6.519286645156447,RECONSTRUCTED
2023-12-04,KOTAKBANK,9.99664074759706,RECONSTRUCTED
2023-12-04,PNB,1.8996193657215752,RECONSTRUCTED
2023-12-04,SBIN,10.23421522839901,RECONSTRUCTED
2023-12-05,AUBANK,2.314150873690515,RECONSTRUCTED
2023-12-05,AXISBANK,9.35109167364978,RECONSTRUCTED
2023-12-05,BANDHANBNK,1.0903796703081272,RECONSTRUCTED
2023-12-05,BANKBARODA,2.7922360825015384,RECONSTRUCTED
2023-12-05,FEDERALBNK,2.065822633908643,RECONSTRUCTED
2023-12-05,HDFCBANK,30.083194825596262,RECONSTRUCTED
2023-12-05,ICICIBANK,21.58114943882617,RECONSTRUCTED
2023-12-05,IDFCFIRSTB,1.9951947996215385,RECONSTRUCTED
2023-12-05,INDUSINDBK,6.635481335594825,RECONSTRUCTED
2023-12-05,KOTAKBANK,10.06593803276418,RECONSTRUCTED
2023-12-05,PNB,1.894918348842807,RECONSTRUCTED
2023-12-05,SBIN,10.1304422846956,RECONSTRUCTED
2023-12-06,AUBANK,2.347568416957106,RECONSTRUCTED
2023-12-06,AXISBANK,9.417835335396742,RECONSTRUCTED
2023-12-06,BANDHANBNK,1.0934382573967871,RECONSTRUCTED
2023-12-06,BANKBARODA,2.7997531520200125,RECONSTRUCTED
2023-12-06,FEDERALBNK,2.0771891517092067,RECONSTRUCTED
2023-12-06,HDFCBANK,29.902691750694576,RECONSTRUCTED
2023-12-06,ICICIBANK,21.72448216644948,RECONSTRUCTED
2023-12-06,IDFCFIRSTB,1.9629387598832284,RECONSTRUCTED
2023-12-06,INDUSINDBK,6.63434055750145,RECONSTRUCTED
2023-12-06,KOTAKBANK,10.069633706574622,RECONSTRUCTED
2023-12-06,PNB,1.8783608616755183,RECONSTRUCTED
2023-12-06,SBIN,10.091767883741278,RECONSTRUCTED
2023-12-07,AUBANK,2.337301553027232,RECONSTRUCTED
2023-12-07,AXISBANK,9.442883495465647,RECONSTRUCTED
2023-12-07,BANDHANBNK,1.090538689977442,RECONSTRUCTED
2023-12-07,BANKBARODA,2.7793395203821807,RECONSTRUCTED
2023-12-07,FEDERALBNK,2.084505719966509,RECONSTRUCTED
2023-12-07,HDFCBANK,29.862703545054465,RECONSTRUCTED
2023-12-07,ICICIBANK,21.8231960192031,RECONSTRUCTED
2023-12-07,IDFCFIRSTB,2.023954985687709,RECONSTRUCTED
2023-12-07,INDUSINDBK,6.622362111845893,RECONSTRUCTED
2023-12-07,KOTAKBANK,10.042489415992204,RECONSTRUCTED
2023-12-07,PNB,1.8496799629473504,RECONSTRUCTED
2023-12-07,SBIN,10.041044980450277,RECONSTRUCTED
2023-12-08,AUBANK,2.391336479860845,RECONSTRUCTED
2023-12-08,AXISBANK,9.413689692578734,RECONSTRUCTED
2023-12-08,BANDHANBNK,1.1052557394369626,RECONSTRUCTED
2023-12-08,BANKBARODA,2.792594253901428,RECONSTRUCTED
2023-12-08,FEDERALBNK,2.1049198098267485,RECONSTRUCTED
2023-12-08,HDFCBANK,29.71134297763271,RECONSTRUCTED
2023-12-08,ICICIBANK,21.757459471458912,RECONSTRUCTED
2023-12-08,IDFCFIRSTB,2.0336776365183327,RECONSTRUCTED
2023-12-08,INDUSINDBK,6.662135995076272,RECONSTRUCTED
2023-12-08,KOTAKBANK,10.067078872526618,RECONSTRUCTED
2023-12-08,PNB,1.871372504630591,RECONSTRUCTED
2023-12-08,SBIN,10.089136566551836,RECONSTRUCTED
2023-12-11,AUBANK,2.3966670686163662,RECONSTRUCTED
2023-12-11,AXISBANK,9.549210036064398,RECONSTRUCTED
2023-12-11,BANDHANBNK,1.102412203457222,RECONSTRUCTED
2023-12-11,BANKBARODA,2.7544089204010427,RECONSTRUCTED
2023-12-11,FEDERALBNK,2.11226066833053,RECONSTRUCTED
2023-12-11,HDFCBANK,29.787049610482995,RECONSTRUCTED
2023-12-11,ICICIBANK,21.650013850687657,RECONSTRUCTED
2023-12-11,IDFCFIRSTB,2.052463989068131,RECONSTRUCTED
2023-12-11,INDUSINDBK,6.613683800824319,RECONSTRUCTED
2023-12-11,KOTAKBANK,10.048692140515984,RECONSTRUCTED
2023-12-11,PNB,1.8333968800067493,RECONSTRUCTED
2023-12-11,SBIN,10.099740831544588,RECONSTRUCTED
2023-12-12,AUBANK,2.3798020343205377,RECONSTRUCTED
2023-12-12,AXISBANK,9.381327567156204,RECONSTRUCTED
2023-12-12,BANDHANBNK,1.1031229881917588,RECONSTRUCTED
2023-12-12,BANKBARODA,2.729710773231901,RECONSTRUCTED
2023-12-12,FEDERALBNK,2.124122215926984,RECONSTRUCTED
2023-12-12,HDFCBANK,29.94083187847455,RECONSTRUCTED
2023-12-12,ICICIBANK,21.575315471918177,RECONSTRUCTED
2023-12-12,IDFCFIRSTB,2.0543261104604382,RECONSTRUCTED
2023-12-12,INDUSINDBK,6.691048970208083,RECONSTRUCTED
2023-12-12,KOTAKBANK,10.108223953865526,RECONSTRUCTED
2023-12-12,PNB,1.830765662960531,RECONSTRUCTED
2023-12-12,SBIN,10.081402373285313,RECONSTRUCTED
2023-12-13,AUBANK,2.3992592472412806,RECONSTRUCTED
2023-12-13,AXISBANK,9.518684582131208,RECONSTRUCTED
2023-12-13,BANDHANBNK,1.0881182300098942,RECONSTRUCTED
2023-12-13,BANKBARODA,2.6689920225967985,RECONSTRUCTED
2023-12-13,FEDERALBNK,2.127236176014723,RECONSTRUCTED
2023-12-13,HDFCBANK,30.013347904437232,RECONSTRUCTED
2023-12-13,ICICIBANK,21.61692336979212,RECONSTRUCTED
2023-12-13,IDFCFIRSTB,2.039377326790594,RECONSTRUCTED
2023-12-13,INDUSINDBK,6.648107360473995,RECONSTRUCTED
2023-12-13,KOTAKBANK,10.099527852580286,RECONSTRUCTED
2023-12-13,PNB,1.8186667889887125,RECONSTRUCTED
2023-12-13,SBIN,9.961759138943146,RECONSTRUCTED
2023-12-14,AUBANK,2.3533601530088086,RECONSTRUCTED
2023-12-14,AXISBANK,9.599376724784058,RECONSTRUCTED
2023-12-14,BANDHANBNK,1.088788039315414,RECONSTRUCTED
2023-12-14,BANKBARODA,2.7168141940604897,RECONSTRUCTED
2023-12-14,FEDERALBNK,2.1518080554383023,RECONSTRUCTED
2023-12-14,HDFCBANK,30.06495009231429,RECONSTRUCTED
2023-12-14,ICICIBANK,21.491050693474943,RECONSTRUCTED
2023-12-14,IDFCFIRSTB,2.0517545909604658,RECONSTRUCTED
2023-12-14,INDUSINDBK,6.543601168010246,RECONSTRUCTED
2023-12-14,KOTAKBANK,10.083630613526315,RECONSTRUCTED
2023-12-14,PNB,1.819717161335356,RECONSTRUCTED
2023-12-14,SBIN,10.0351485137713,RECONSTRUCTED
2023-12-15,AUBANK,2.379132478038563,RECONSTRUCTED
2023-12-15,AXISBANK,9.683658545319815,RECONSTRUCTED
2023-12-15,BANDHANBNK,1.0517318755812723,RECONSTRUCTED
2023-12-15,BANKBARODA,2.6843217766362573,RECONSTRUCTED
2023-12-15,FEDERALBNK,2.109696857931348,RECONSTRUCTED
2023-12-15,HDFCBANK,30.2090444679371,RECONSTRUCTED
2023-12-15,ICICIBANK,21.599443555190973,RECONSTRUCTED
2023-12-15,IDFCFIRSTB,2.027042752997417,RECONSTRUCTED
2023-12-15,INDUSINDBK,6.520206250899172,RECONSTRUCTED
2023-12-15,KOTAKBANK,10.18911938679242,RECONSTRUCTED
2023-12-15,PNB,1.808374615858796,RECONSTRUCTED
2023-12-15,SBIN,9.73822743681688,RECONSTRUCTED
2023-12-18,AUBANK,2.396492822230404,RECONSTRUCTED
2023-12-18,AXISBANK,9.708176057247345,RECONSTRUCTED
2023-12-18,BANDHANBNK,1.0471624094534044,RECONSTRUCTED
2023-12-18,BANKBARODA,2.67426060082556,RECONSTRUCTED
2023-12-18,FEDERALBNK,2.1047486785562555,RECONSTRUCTED
2023-12-18,HDFCBANK,30.0576673946806,RECONSTRUCTED
2023-12-18,ICICIBANK,21.81559338490418,RECONSTRUCTED
2023-12-18,IDFCFIRSTB,2.021465426306757,RECONSTRUCTED
2023-12-18,INDUSINDBK,6.544407214593277,RECONSTRUCTED
2023-12-18,KOTAKBANK,10.152882902701036,RECONSTRUCTED
2023-12-18,PNB,1.7964208412947225,RECONSTRUCTED
2023-12-18,SBIN,9.680722267206464,RECONSTRUCTED
2023-12-19,AUBANK,2.4534610158937427,RECONSTRUCTED
2023-12-19,AXISBANK,9.6314851630991,RECONSTRUCTED
2023-12-19,BANDHANBNK,1.0680655723318655,RECONSTRUCTED
2023-12-19,BANKBARODA,2.6530907964326573,RECONSTRUCTED
2023-12-19,FEDERALBNK,2.093477718806405,RECONSTRUCTED
2023-12-19,HDFCBANK,30.10994952737793,RECONSTRUCTED
2023-12-19,ICICIBANK,21.94549084169676,RECONSTRUCTED
2023-12-19,IDFCFIRSTB,2.0125873310284907,RECONSTRUCTED
2023-12-19,INDUSINDBK,6.502090379629241,RECONSTRUCTED
2023-12-19,KOTAKBANK,10.15554372802725,RECONSTRUCTED
2023-12-19,PNB,1.7955193811650296,RECONSTRUCTED
2023-12-19,SBIN,9.57923854451153,RECONSTRUCTED
2023-12-20,AUBANK,2.339808092680752,RECONSTRUCTED
2023-12-20,AXISBANK,9.632413427388794,RECONSTRUCTED
2023-12-20,BANDHANBNK,1.099554344898147,RECONSTRUCTED
2023-12-20,BANKBARODA,2.7112012844709943,RECONSTRUCTED
2023-12-20,FEDERALBNK,2.1318762038580608,RECONSTRUCTED
2023-12-20,HDFCBANK,29.77020708547756,RECONSTRUCTED
2023-12-20,ICICIBANK,21.94184123748272,RECONSTRUCTED
2023-12-20,IDFCFIRSTB,2.058757954648227,RECONSTRUCTED
2023-12-20,INDUSINDBK,6.487741380204251,RECONSTRUCTED
2023-12-20,KOTAKBANK,10.176356507904542,RECONSTRUCTED
2023-12-20,PNB,1.8728984448861816,RECONSTRUCTED
2023-12-20,SBIN,9.777344036099764,RECONSTRUCTED
2023-12-21,AUBANK,2.325421081790021,RECONSTRUCTED
2023-12-21,AXISBANK,9.84658556767266,RECONSTRUCTED
2023-12-21,BANDHANBNK,1.1138559719683296,RECONSTRUCTED
2023-12-21,BANKBARODA,2.666920229899434,RECONSTRUCTED
2023-12-21,FEDERALBNK,2.1396539188590444,RECONSTRUCTED
2023-12-21,HDFCBANK,29.496399003514973,RECONSTRUCTED
2023-12-21,ICICIBANK,22.17927682307507,RECONSTRUCTED
2023-12-21,IDFCFIRSTB,2.052882700164353,RECONSTRUCTED
2023-12-21,INDUSINDBK,6.4855657625280045,RECONSTRUCTED
2023-12-21,KOTAKBANK,10.118342402366364,RECONSTRUCTED
2023-12-21,PNB,1.8258642810637005,RECONSTRUCTED
2023-12-21,SBIN,9.749232257098058,RECONSTRUCTED
2023-12-22,AUBANK,2.326346606512637,RECONSTRUCTED
2023-12-22,AXISBANK,9.839570584569833,RECONSTRUCTED
2023-12-22,BANDHANBNK,1.1220963518294294,RECONSTRUCTED
2023-12-22,BANKBARODA,2.6625479043945783,RECONSTRUCTED
2023-12-22,FEDERALBNK,2.123581196417883,RECONSTRUCTED
2023-12-22,HDFCBANK,29.56213067198855,RECONSTRUCTED
2023-12-22,ICICIBANK,22.24349284987372,RECONSTRUCTED
2023-12-22,IDFCFIRSTB,2.0358191099748204,RECONSTRUCTED
2023-12-22,INDUSINDBK,6.470465120500496,RECONSTRUCTED
2023-12-22,KOTAKBANK,10.003479960785558,RECONSTRUCTED
2023-12-22,PNB,1.824923575461022,RECONSTRUCTED
2023-12-22,SBIN,9.785546067691476,RECONSTRUCTED
2023-12-26,AUBANK,2.325309934700867,RECONSTRUCTED
2023-12-26,AXISBANK,9.834100794351285,RECONSTRUCTED
2023-12-26,BANDHANBNK,1.1268841675837968,RECONSTRUCTED
2023-12-26,BANKBARODA,2.654838583529989,RECONSTRUCTED
2023-12-26,FEDERALBNK,2.1346973536474128,RECONSTRUCTED
2023-12-26,HDFCBANK,29.50240849127748,RECONSTRUCTED
2023-12-26,ICICIBANK,22.33469983881332,RECONSTRUCTED
2023-12-26,IDFCFIRSTB,2.044655609260748,RECONSTRUCTED
2023-12-26,INDUSINDBK,6.467245937621809,RECONSTRUCTED
2023-12-26,KOTAKBANK,9.912195950863202,RECONSTRUCTED
2023-12-26,PNB,1.8494220430274064,RECONSTRUCTED
2023-12-26,SBIN,9.813541295322675,RECONSTRUCTED
2023-12-27,AUBANK,2.3371795264111843,RECONSTRUCTED
2023-12-27,AXISBANK,9.840349334639328,RECONSTRUCTED
2023-12-27,BANDHANBNK,1.1254587219394163,RECONSTRUCTED
2023-12-27,BANKBARODA,2.6089127223100164,RECONSTRUCTED
2023-12-27,FEDERALBNK,2.1589727970327792,RECONSTRUCTED
2023-12-27,HDFCBANK,29.48222843809486,RECONSTRUCTED
2023-12-27,ICICIBANK,22.434821955358608,RECONSTRUCTED
2023-12-27,IDFCFIRSTB,2.060430069248856,RECONSTRUCTED
2023-12-27,INDUSINDBK,6.433760114309823,RECONSTRUCTED
2023-12-27,KOTAKBANK,9.946463284741858,RECONSTRUCTED
2023-12-27,PNB,1.8038004467264848,RECONSTRUCTED
2023-12-27,SBIN,9.767622589186784,RECONSTRUCTED
2023-12-28,AUBANK,2.306329029838646,RECONSTRUCTED
2023-12-28,AXISBANK,9.873205232142984,RECONSTRUCTED
2023-12-28,BANDHANBNK,1.1243697591150343,RECONSTRUCTED
2023-12-28,BANKBARODA,2.6104829903429336,RECONSTRUCTED
2023-12-28,FEDERALBNK,2.1481942145158244,RECONSTRUCTED
2023-12-28,HDFCBANK,29.5869004886761,RECONSTRUCTED
2023-12-28,ICICIBANK,22.458458010900173,RECONSTRUCTED
2023-12-28,IDFCFIRSTB,2.073613261128112,RECONSTRUCTED
2023-12-28,INDUSINDBK,6.41141629075299,RECONSTRUCTED
2023-12-28,KOTAKBANK,9.894382346778295,RECONSTRUCTED
2023-12-28,PNB,1.742062961785977,RECONSTRUCTED
2023-12-28,SBIN,9.770585414022944,RECONSTRUCTED
2023-12-29,AUBANK,2.3,OFFICIAL
2023-12-29,AXISBANK,9.88,OFFICIAL
2023-12-29,BANDHANBNK,1.11,OFFICIAL
2023-12-29,BANKBARODA,2.62,OFFICIAL
2023-12-29,FEDERALBNK,2.13,OFFICIAL
2023-12-29,HDFCBANK,29.39,OFFICIAL
2023-12-29,ICICIBANK,22.57,OFFICIAL
2023-12-29,IDFCFIRSTB,2.06,OFFICIAL
2023-12-29,INDUSINDBK,6.43,OFFICIAL
2023-12-29,KOTAKBANK,9.92,OFFICIAL
2023-12-29,PNB,1.73,OFFICIAL
2023-12-29,SBIN,9.87,OFFICIAL
2024-01-01,AUBANK,1.6543147721969904,RECONSTRUCTED
2024-01-01,AXISBANK,10.187555675500422,RECONSTRUCTED
2024-01-01,BANDHANBNK,1.0851971154443794,RECONSTRUCTED
2024-01-01,BANKBARODA,3.245371005893368,RECONSTRUCTED
2024-01-01,FEDERALBNK,2.068950597572186,RECONSTRUCTED
2024-01-01,HDFCBANK,23.704666975963367,RECONSTRUCTED
2024-01-01,ICICIBANK,26.21283447230267,RECONSTRUCTED
2024-01-01,IDFCFIRSTB,2.052401653748077,RECONSTRUCTED
2024-01-01,INDUSINDBK,6.469251561094716,RECONSTRUCTED
2024-01-01,KOTAKBANK,9.923378863401055,RECONSTRUCTED
2024-01-01,PNB,2.6452388349670937,RECONSTRUCTED
2024-01-01,SBIN,10.750838471915674,RECONSTRUCTED
2024-01-02,AUBANK,1.677759101408971,RECONSTRUCTED
2024-01-02,AXISBANK,10.12123430278251,RECONSTRUCTED
2024-01-02,BANDHANBNK,1.08151546573923,RECONSTRUCTED
2024-01-02,BANKBARODA,3.253626404995748,RECONSTRUCTED
2024-01-02,FEDERALBNK,2.1098170244091987,RECONSTRUCTED
2024-01-02,HDFCBANK,23.441076103165777,RECONSTRUCTED
2024-01-02,ICICIBANK,26.38946910944432,RECONSTRUCTED
2024-01-02,IDFCFIRSTB,2.07087135930289,RECONSTRUCTED
2024-01-02,INDUSINDBK,6.4955382606803305,RECONSTRUCTED
2024-01-02,KOTAKBANK,10.050982332030657,RECONSTRUCTED
2024-01-02,PNB,2.6389512225375253,RECONSTRUCTED
2024-01-02,SBIN,10.669159313502842,RECONSTRUCTED
2024-01-03,AUBANK,1.6697145140158638,RECONSTRUCTED
2024-01-03,AXISBANK,10.069401678203722,RECONSTRUCTED
2024-01-03,BANDHANBNK,1.03205612289856,RECONSTRUCTED
2024-01-03,BANKBARODA,3.2227698254593387,RECONSTRUCTED
2024-01-03,FEDERALBNK,2.11136869115175,RECONSTRUCTED
2024-01-03,HDFCBANK,23.80217830015934,RECONSTRUCTED
2024-01-03,ICICIBANK,26.334541356689755,RECONSTRUCTED
2024-01-03,IDFCFIRSTB,2.0703480180457188,RECONSTRUCTED
2024-01-03,INDUSINDBK,6.3902716539337305,RECONSTRUCTED
2024-01-03,KOTAKBANK,10.043865173984273,RECONSTRUCTED
2024-01-03,PNB,2.653328947434785,RECONSTRUCTED
2024-01-03,SBIN,10.60015571802316,RECONSTRUCTED
2024-01-04,AUBANK,1.6287857818395362,RECONSTRUCTED
2024-01-04,AXISBANK,9.942405358957664,RECONSTRUCTED
2024-01-04,BANDHANBNK,1.0144745799245578,RECONSTRUCTED
2024-01-04,BANKBARODA,3.186894905466855,RECONSTRUCTED
2024-01-04,FEDERALBNK,2.089124230419457,RECONSTRUCTED
2024-01-04,HDFCBANK,23.77739708245728,RECONSTRUCTED
2024-01-04,ICICIBANK,26.50589478155532,RECONSTRUCTED
2024-01-04,IDFCFIRSTB,2.067570780185629,RECONSTRUCTED
2024-01-04,INDUSINDBK,6.266599404622015,RECONSTRUCTED
2024-01-04,KOTAKBANK,10.153580725844993,RECONSTRUCTED
2024-01-04,PNB,2.652876707724466,RECONSTRUCTED
2024-01-04,SBIN,10.71439566100224,RECONSTRUCTED
2024-01-05,AUBANK,1.6206497187325637,RECONSTRUCTED
2024-01-05,AXISBANK,9.820200304321858,RECONSTRUCTED
2024-01-05,BANDHANBNK,1.0507545837522383,RECONSTRUCTED
2024-01-05,BANKBARODA,3.2277766140132966,RECONSTRUCTED
2024-01-05,FEDERALBNK,2.091711401533005,RECONSTRUCTED
2024-01-05,HDFCBANK,23.8906276809774,RECONSTRUCTED
2024-01-05,ICICIBANK,26.321227439207927,RECONSTRUCTED
2024-01-05,IDFCFIRSTB,2.075132836069323,RECONSTRUCTED
2024-01-05,INDUSINDBK,6.284625732967439,RECONSTRUCTED
2024-01-05,KOTAKBANK,10.237638738291077,RECONSTRUCTED
2024-01-05,PNB,2.65596420490887,RECONSTRUCTED
2024-01-05,SBIN,10.72369074522502,RECONSTRUCTED
2024-01-08,AUBANK,1.5946032455355492,RECONSTRUCTED
2024-01-08,AXISBANK,9.799065404419355,RECONSTRUCTED
2024-01-08,BANDHANBNK,1.1172695471358949,RECONSTRUCTED
2024-01-08,BANKBARODA,3.337793371805088,RECONSTRUCTED
2024-01-08,FEDERALBNK,2.120103709123975,RECONSTRUCTED
2024-01-08,HDFCBANK,23.790919411874142,RECONSTRUCTED
2024-01-08,ICICIBANK,26.228030886395224,RECONSTRUCTED
2024-01-08,IDFCFIRSTB,2.0733312420729137,RECONSTRUCTED
2024-01-08,INDUSINDBK,6.249875436116274,RECONSTRUCTED
2024-01-08,KOTAKBANK,10.19997010049506,RECONSTRUCTED
2024-01-08,PNB,2.677343028358241,RECONSTRUCTED
2024-01-08,SBIN,10.81169461666829,RECONSTRUCTED
2024-01-09,AUBANK,1.6383401632446422,RECONSTRUCTED
2024-01-09,AXISBANK,9.80906211857372,RECONSTRUCTED
2024-01-09,BANDHANBNK,1.1044485059809426,RECONSTRUCTED
2024-01-09,BANKBARODA,3.328693643120056,RECONSTRUCTED
2024-01-09,FEDERALBNK,2.0945270610624687,RECONSTRUCTED
2024-01-09,HDFCBANK,23.88546254791296,RECONSTRUCTED
2024-01-09,ICICIBANK,26.18726492786777,RECONSTRUCTED
2024-01-09,IDFCFIRSTB,2.094783125385865,RECONSTRUCTED
2024-01-09,INDUSINDBK,6.233525013530941,RECONSTRUCTED
2024-01-09,KOTAKBANK,10.157723272992158,RECONSTRUCTED
2024-01-09,PNB,2.668460895811068,RECONSTRUCTED
2024-01-09,SBIN,10.797708724517411,RECONSTRUCTED
2024-01-10,AUBANK,1.6530357862470355,RECONSTRUCTED
2024-01-10,AXISBANK,9.920144979848738,RECONSTRUCTED
2024-01-10,BANDHANBNK,1.1258548853693664,RECONSTRUCTED
2024-01-10,BANKBARODA,3.3279041609168765,RECONSTRUCTED
2024-01-10,FEDERALBNK,2.0959767154002886,RECONSTRUCTED
2024-01-10,HDFCBANK,23.870520006523225,RECONSTRUCTED
2024-01-10,ICICIBANK,25.90563181972777,RECONSTRUCTED
2024-01-10,IDFCFIRSTB,2.109147200883956,RECONSTRUCTED
2024-01-10,INDUSINDBK,6.192844162134537,RECONSTRUCTED
2024-01-10,KOTAKBANK,10.217610726496694,RECONSTRUCTED
2024-01-10,PNB,2.691185993348952,RECONSTRUCTED
2024-01-10,SBIN,10.890143563102544,RECONSTRUCTED
2024-01-11,AUBANK,1.6470651206635705,RECONSTRUCTED
2024-01-11,AXISBANK,9.771903733704656,RECONSTRUCTED
2024-01-11,BANDHANBNK,1.1193371694730967,RECONSTRUCTED
2024-01-11,BANKBARODA,3.3012538142852788,RECONSTRUCTED
2024-01-11,FEDERALBNK,2.119176999538277,RECONSTRUCTED
2024-01-11,HDFCBANK,24.01286341730937,RECONSTRUCTED
2024-01-11,ICICIBANK,26.0004840535988,RECONSTRUCTED
2024-01-11,IDFCFIRSTB,2.0457652800228203,RECONSTRUCTED
2024-01-11,INDUSINDBK,6.137394342023402,RECONSTRUCTED
2024-01-11,KOTAKBANK,10.223890260195214,RECONSTRUCTED
2024-01-11,PNB,2.684496762837887,RECONSTRUCTED
2024-01-11,SBIN,10.936369046347645,RECONSTRUCTED
2024-01-12,AUBANK,1.633561586918623,RECONSTRUCTED
2024-01-12,AXISBANK,9.885846140801236,RECONSTRUCTED
2024-01-12,BANDHANBNK,1.1399331708823612,RECONSTRUCTED
2024-01-12,BANKBARODA,3.268066397534538,RECONSTRUCTED
2024-01-12,FEDERALBNK,2.123012978437483,RECONSTRUCTED
2024-01-12,HDFCBANK,24.291234459375733,RECONSTRUCTED
2024-01-12,ICICIBANK,25.855316910376164,RECONSTRUCTED
2024-01-12,IDFCFIRSTB,2.0478749695826903,RECONSTRUCTED
2024-01-12,INDUSINDBK,6.119560317213649,RECONSTRUCTED
2024-01-12,KOTAKBANK,10.235095226551667,RECONSTRUCTED
2024-01-12,PNB,2.622546018795364,RECONSTRUCTED
2024-01-12,SBIN,10.777951823530502,RECONSTRUCTED
2024-01-15,AUBANK,1.683103449636884,RECONSTRUCTED
2024-01-15,AXISBANK,9.98263180786855,RECONSTRUCTED
2024-01-15,BANDHANBNK,1.145987691243127,RECONSTRUCTED
2024-01-15,BANKBARODA,3.280435648376111,RECONSTRUCTED
2024-01-15,FEDERALBNK,2.116261266638779,RECONSTRUCTED
2024-01-15,HDFCBANK,24.047427614463007,RECONSTRUCTED
2024-01-15,ICICIBANK,25.924596514040072,RECONSTRUCTED
2024-01-15,IDFCFIRSTB,2.07588346015935,RECONSTRUCTED
2024-01-15,INDUSINDBK,6.120490153791805,RECONSTRUCTED
2024-01-15,KOTAKBANK,10.225662990801672,RECONSTRUCTED
2024-01-15,PNB,2.632738822990832,RECONSTRUCTED
2024-01-15,SBIN,10.7647805799898,RECONSTRUCTED
2024-01-16,AUBANK,1.673978444940083,RECONSTRUCTED
2024-01-16,AXISBANK,9.97708647632018,RECONSTRUCTED
2024-01-16,BANDHANBNK,1.1511712013262525,RECONSTRUCTED
2024-01-16,BANKBARODA,3.2753157988173367,RECONSTRUCTED
2024-01-16,FEDERALBNK,2.16023195086927,RECONSTRUCTED
2024-01-16,HDFCBANK,23.934625518210936,RECONSTRUCTED
2024-01-16,ICICIBANK,25.9214708398757,RECONSTRUCTED
2024-01-16,IDFCFIRSTB,2.037582559974672,RECONSTRUCTED
2024-01-16,INDUSINDBK,6.194869052439253,RECONSTRUCTED
2024-01-16,KOTAKBANK,10.2356786895463,RECONSTRUCTED
2024-01-16,PNB,2.628997536634605,RECONSTRUCTED
2024-01-16,SBIN,10.80899193104543,RECONSTRUCTED
2024-01-17,AUBANK,1.644632640081369,RECONSTRUCTED
2024-01-17,AXISBANK,9.898274839916033,RECONSTRUCTED
2024-01-17,BANDHANBNK,1.111537337665517,RECONSTRUCTED
2024-01-17,BANKBARODA,3.222722474735624,RECONSTRUCTED
2024-01-17,FEDERALBNK,2.126676809169244,RECONSTRUCTED
2024-01-17,HDFCBANK,25.08046272433335,RECONSTRUCTED
2024-01-17,ICICIBANK,25.562654674184376,RECONSTRUCTED
2024-01-17,IDFCFIRSTB,2.0261464981473214,RECONSTRUCTED
2024-01-17,INDUSINDBK,6.027537025494554,RECONSTRUCTED
2024-01-17,KOTAKBANK,10.198084286483107,RECONSTRUCTED
2024-01-17,PNB,2.5497116378153017,RECONSTRUCTED
2024-01-17,SBIN,10.551559051974218,RECONSTRUCTED
2024-01-18,AUBANK,1.685870771749374,RECONSTRUCTED
2024-01-18,AXISBANK,9.698128697367377,RECONSTRUCTED
2024-01-18,BANDHANBNK,1.1077530727228315,RECONSTRUCTED
2024-01-18,BANKBARODA,3.17096708607343,RECONSTRUCTED
2024-01-18,FEDERALBNK,2.0992689071640047,RECONSTRUCTED
2024-01-18,HDFCBANK,25.779430890650744,RECONSTRUCTED
2024-01-18,ICICIBANK,25.279072332057456,RECONSTRUCTED
2024-01-18,IDFCFIRSTB,1.985098162176685,RECONSTRUCTED
2024-01-18,INDUSINDBK,6.103699531269377,RECONSTRUCTED
2024-01-18,KOTAKBANK,10.145885378337129,RECONSTRUCTED
2024-01-18,PNB,2.499806162582732,RECONSTRUCTED
2024-01-18,SBIN,10.445019007848872,RECONSTRUCTED
2024-01-19,AUBANK,1.6945408862574274,RECONSTRUCTED
2024-01-19,AXISBANK,9.5353527188885,RECONSTRUCTED
2024-01-19,BANDHANBNK,1.1149237904505154,RECONSTRUCTED
2024-01-19,BANKBARODA,3.131293936830367,RECONSTRUCTED
2024-01-19,FEDERALBNK,2.104159772672173,RECONSTRUCTED
2024-01-19,HDFCBANK,26.05848264233514,RECONSTRUCTED
2024-01-19,ICICIBANK,24.961015678741862,RECONSTRUCTED
2024-01-19,IDFCFIRSTB,2.0018772832613982,RECONSTRUCTED
2024-01-19,INDUSINDBK,6.308010228534498,RECONSTRUCTED
2024-01-19,KOTAKBANK,10.223240249997504,RECONSTRUCTED
2024-01-19,PNB,2.409984346792072,RECONSTRUCTED
2024-01-19,SBIN,10.457118465238535,RECONSTRUCTED
2024-01-23,AUBANK,1.7015726022858186,RECONSTRUCTED
2024-01-23,AXISBANK,9.626137246588744,RECONSTRUCTED
2024-01-23,BANDHANBNK,1.1102900124002226,RECONSTRUCTED
2024-01-23,BANKBARODA,3.198211323688139,RECONSTRUCTED
2024-01-23,FEDERALBNK,2.1653409888550588,RECONSTRUCTED
2024-01-23,HDFCBANK,26.44190097176483,RECONSTRUCTED
2024-01-23,ICICIBANK,23.86947333635394,RECONSTRUCTED
2024-01-23,IDFCFIRSTB,2.065520666949757,RECONSTRUCTED
2024-01-23,INDUSINDBK,6.726867426213349,RECONSTRUCTED
2024-01-23,KOTAKBANK,9.954262451077962,RECONSTRUCTED
2024-01-23,PNB,2.4563634239675,RECONSTRUCTED
2024-01-23,SBIN,10.684059549854686,RECONSTRUCTED
2024-01-24,AUBANK,1.6569766988794057,RECONSTRUCTED
2024-01-24,AXISBANK,9.919429173247831,RECONSTRUCTED
2024-01-24,BANDHANBNK,1.10903205867513,RECONSTRUCTED
2024-01-24,BANKBARODA,3.116989096309542,RECONSTRUCTED
2024-01-24,FEDERALBNK,2.139903203885005,RECONSTRUCTED
2024-01-24,HDFCBANK,25.975031747673565,RECONSTRUCTED
2024-01-24,ICICIBANK,24.63153218532636,RECONSTRUCTED
2024-01-24,IDFCFIRSTB,2.126837752589046,RECONSTRUCTED
2024-01-24,INDUSINDBK,6.518059867450219,RECONSTRUCTED
2024-01-24,KOTAKBANK,9.951233450471117,RECONSTRUCTED
2024-01-24,PNB,2.378172738166948,RECONSTRUCTED
2024-01-24,SBIN,10.476802027325837,RECONSTRUCTED
2024-01-25,AUBANK,1.718134427553265,RECONSTRUCTED
2024-01-25,AXISBANK,10.035510333096562,RECONSTRUCTED
2024-01-25,BANDHANBNK,1.121347182327201,RECONSTRUCTED
2024-01-25,BANKBARODA,3.1250152166595124,RECONSTRUCTED
2024-01-25,FEDERALBNK,2.1364102158688465,RECONSTRUCTED
2024-01-25,HDFCBANK,26.23814693764013,RECONSTRUCTED
2024-01-25,ICICIBANK,24.26113758531476,RECONSTRUCTED
2024-01-25,IDFCFIRSTB,2.1054904054026435,RECONSTRUCTED
2024-01-25,INDUSINDBK,6.398345135638476,RECONSTRUCTED
2024-01-25,KOTAKBANK,10.020210019129678,RECONSTRUCTED
2024-01-25,PNB,2.315501950920774,RECONSTRUCTED
2024-01-25,SBIN,10.524750590448155,RECONSTRUCTED
2024-01-29,AUBANK,1.967536177752702,RECONSTRUCTED
2024-01-29,AXISBANK,9.987000203714487,RECONSTRUCTED
2024-01-29,BANDHANBNK,1.1243119057987427,RECONSTRUCTED
2024-01-29,BANKBARODA,3.0692728105299367,RECONSTRUCTED
2024-01-29,FEDERALBNK,2.11051587638984,RECONSTRUCTED
2024-01-29,HDFCBANK,26.226342325403674,RECONSTRUCTED
2024-01-29,ICICIBANK,24.42799445336281,RECONSTRUCTED
2024-01-29,IDFCFIRSTB,2.0453590235712698,RECONSTRUCTED
2024-01-29,INDUSINDBK,6.420645764856739,RECONSTRUCTED
2024-01-29,KOTAKBANK,9.8499928413734,RECONSTRUCTED
2024-01-29,PNB,2.280837907242081,RECONSTRUCTED
2024-01-29,SBIN,10.490190710004295,RECONSTRUCTED
2024-01-30,AUBANK,1.9679449522591383,RECONSTRUCTED
2024-01-30,AXISBANK,10.039170317128296,RECONSTRUCTED
2024-01-30,BANDHANBNK,1.1218170387716813,RECONSTRUCTED
2024-01-30,BANKBARODA,3.023219891066593,RECONSTRUCTED
2024-01-30,FEDERALBNK,2.112329917866525,RECONSTRUCTED
2024-01-30,HDFCBANK,26.373371547527054,RECONSTRUCTED
2024-01-30,ICICIBANK,24.37816626510596,RECONSTRUCTED
2024-01-30,IDFCFIRSTB,2.0619465102737875,RECONSTRUCTED
2024-01-30,INDUSINDBK,6.439804859186111,RECONSTRUCTED
2024-01-30,KOTAKBANK,9.83096171309922,RECONSTRUCTED
2024-01-30,PNB,2.2408268047336226,RECONSTRUCTED
2024-01-30,SBIN,10.410440182981995,RECONSTRUCTED
2024-01-31,AUBANK,1.96,OFFICIAL
2024-01-31,AXISBANK,10.05,OFFICIAL
2024-01-31,BANDHANBNK,1.11,OFFICIAL
2024-01-31,BANKBARODA,2.94,OFFICIAL
2024-01-31,FEDERALBNK,2.11,OFFICIAL
2024-01-31,HDFCBANK,26.41,OFFICIAL
2024-01-31,ICICIBANK,24.45,OFFICIAL
2024-01-31,IDFCFIRSTB,2.05,OFFICIAL
2024-01-31,INDUSINDBK,6.47,OFFICIAL
2024-01-31,KOTAKBANK,9.96,OFFICIAL
2024-01-31,PNB,2.17,OFFICIAL
2024-01-31,SBIN,10.33,OFFICIAL
2024-02-01,AUBANK,1.5659790763367665,RECONSTRUCTED
2024-02-01,AXISBANK,9.975564888421692,RECONSTRUCTED
2024-02-01,BANDHANBNK,0.8124343751079393,RECONSTRUCTED
2024-02-01,BANKBARODA,3.2573548030816544,RECONSTRUCTED
2024-02-01,FEDERALBNK,2.1853176613991865,RECONSTRUCTED
2024-02-01,HDFCBANK,24.114373372478624,RECONSTRUCTED
2024-02-01,ICICIBANK,25.53338219206282,RECONSTRUCTED
2024-02-01,IDFCFIRSTB,1.908886772072872,RECONSTRUCTED
2024-02-01,INDUSINDBK,5.925652739623439,RECONSTRUCTED
2024-02-01,KOTAKBANK,8.492992227389092,RECONSTRUCTED
2024-02-01,PNB,2.36137669010322,RECONSTRUCTED
2024-02-01,SBIN,13.866685201922696,RECONSTRUCTED
2024-02-02,AUBANK,1.5739489470557466,RECONSTRUCTED
2024-02-02,AXISBANK,10.092483218767722,RECONSTRUCTED
2024-02-02,BANDHANBNK,0.7974320320047481,RECONSTRUCTED
2024-02-02,BANKBARODA,3.2521478943492124,RECONSTRUCTED
2024-02-02,FEDERALBNK,2.190775593944464,RECONSTRUCTED
2024-02-02,HDFCBANK,24.3453568488119,RECONSTRUCTED
2024-02-02,ICICIBANK,25.45139972997331,RECONSTRUCTED
2024-02-02,IDFCFIRSTB,1.920193151653504,RECONSTRUCTED
2024-02-02,INDUSINDBK,5.928466803204097,RECONSTRUCTED
2024-02-02,KOTAKBANK,8.455297502390511,RECONSTRUCTED
2024-02-02,PNB,2.228346546914892,RECONSTRUCTED
2024-02-02,SBIN,13.764151730929894,RECONSTRUCTED
2024-02-05,AUBANK,1.5849666020349058,RECONSTRUCTED
2024-02-05,AXISBANK,10.112317738815678,RECONSTRUCTED
2024-02-05,BANDHANBNK,0.8171554718176224,RECONSTRUCTED
2024-02-05,BANKBARODA,3.2138900893818607,RECONSTRUCTED
2024-02-05,FEDERALBNK,2.162902665948033,RECONSTRUCTED
2024-02-05,HDFCBANK,24.28816120682525,RECONSTRUCTED
2024-02-05,ICICIBANK,25.381171044542427,RECONSTRUCTED
2024-02-05,IDFCFIRSTB,1.8978664484634915,RECONSTRUCTED
2024-02-05,INDUSINDBK,5.893658574252494,RECONSTRUCTED
2024-02-05,KOTAKBANK,8.495892394999203,RECONSTRUCTED
2024-02-05,PNB,2.2895811677660647,RECONSTRUCTED
2024-02-05,SBIN,13.86243659515297,RECONSTRUCTED
2024-02-06,AUBANK,1.5969832147009757,RECONSTRUCTED
2024-02-06,AXISBANK,10.19917124608006,RECONSTRUCTED
2024-02-06,BANDHANBNK,0.8311490952178386,RECONSTRUCTED
2024-02-06,BANKBARODA,3.298126036701509,RECONSTRUCTED
2024-02-06,FEDERALBNK,2.163090509237089,RECONSTRUCTED
2024-02-06,HDFCBANK,24.245117345875173,RECONSTRUCTED
2024-02-06,ICICIBANK,25.25149227650913,RECONSTRUCTED
2024-02-06,IDFCFIRSTB,1.899223442116984,RECONSTRUCTED
2024-02-06,INDUSINDBK,5.982870492318566,RECONSTRUCTED
2024-02-06,KOTAKBANK,8.577706730687504,RECONSTRUCTED
2024-02-06,PNB,2.279652382789605,RECONSTRUCTED
2024-02-06,SBIN,13.675417227765568,RECONSTRUCTED
2024-02-07,AUBANK,1.596871980131754,RECONSTRUCTED
2024-02-07,AXISBANK,10.055732790867358,RECONSTRUCTED
2024-02-07,BANDHANBNK,0.842621692239935,RECONSTRUCTED
2024-02-07,BANKBARODA,3.3871939866201988,RECONSTRUCTED
2024-02-07,FEDERALBNK,2.1378873969814647,RECONSTRUCTED
2024-02-07,HDFCBANK,24.57864411794209,RECONSTRUCTED
2024-02-07,ICICIBANK,25.453427159239595,RECONSTRUCTED
2024-02-07,IDFCFIRSTB,1.9030450086360384,RECONSTRUCTED
2024-02-07,INDUSINDBK,5.990089389764815,RECONSTRUCTED
2024-02-07,KOTAKBANK,8.583601161916718,RECONSTRUCTED
2024-02-07,PNB,2.251428801191862,RECONSTRUCTED
2024-02-07,SBIN,13.21945651446817,RECONSTRUCTED
2024-02-08,AUBANK,1.631861213751672,RECONSTRUCTED
2024-02-08,AXISBANK,10.206141074359298,RECONSTRUCTED
2024-02-08,BANDHANBNK,0.8367929295593209,RECONSTRUCTED
2024-02-08,BANKBARODA,3.2198857874274665,RECONSTRUCTED
2024-02-08,FEDERALBNK,2.139040270518589,RECONSTRUCTED
2024-02-08,HDFCBANK,24.6350192256235,RECONSTRUCTED
2024-02-08,ICICIBANK,25.86307813762504,RECONSTRUCTED
2024-02-08,IDFCFIRSTB,1.9212044323170567,RECONSTRUCTED
2024-02-08,INDUSINDBK,6.0426134936283145,RECONSTRUCTED
2024-02-08,KOTAKBANK,8.748416441467958,RECONSTRUCTED
2024-02-08,PNB,2.207017245702242,RECONSTRUCTED
2024-02-08,SBIN,12.54892974801954,RECONSTRUCTED
2024-02-09,AUBANK,1.6325909374346617,RECONSTRUCTED
2024-02-09,AXISBANK,10.20037044633861,RECONSTRUCTED
2024-02-09,BANDHANBNK,0.8407848913072724,RECONSTRUCTED
2024-02-09,BANKBARODA,3.13730323730005,RECONSTRUCTED
2024-02-09,FEDERALBNK,2.160243453741664,RECONSTRUCTED
2024-02-09,HDFCBANK,24.979700043032697,RECONSTRUCTED
2024-02-09,ICICIBANK,25.67972985069315,RECONSTRUCTED
2024-02-09,IDFCFIRSTB,1.942852190262044,RECONSTRUCTED
2024-02-09,INDUSINDBK,6.092649084110751,RECONSTRUCTED
2024-02-09,KOTAKBANK,8.809361404694197,RECONSTRUCTED
2024-02-09,PNB,2.246001520704344,RECONSTRUCTED
2024-02-09,SBIN,12.27841294038056,RECONSTRUCTED
2024-02-12,AUBANK,1.6306568194584612,RECONSTRUCTED
2024-02-12,AXISBANK,10.078126702553734,RECONSTRUCTED
2024-02-12,BANDHANBNK,0.890863754307667,RECONSTRUCTED
2024-02-12,BANKBARODA,3.192466076268861,RECONSTRUCTED
2024-02-12,FEDERALBNK,2.1342316574312616,RECONSTRUCTED
2024-02-12,HDFCBANK,24.81040300221333,RECONSTRUCTED
2024-02-12,ICICIBANK,25.62877687585714,RECONSTRUCTED
2024-02-12,IDFCFIRSTB,1.9604512682403177,RECONSTRUCTED
2024-02-12,INDUSINDBK,6.154638737385689,RECONSTRUCTED
2024-02-12,KOTAKBANK,8.831632818255878,RECONSTRUCTED
2024-02-12,PNB,2.314719143976187,RECONSTRUCTED
2024-02-12,SBIN,12.373033144051472,RECONSTRUCTED
2024-02-13,AUBANK,1.655953517108094,RECONSTRUCTED
2024-02-13,AXISBANK,9.989452382126718,RECONSTRUCTED
2024-02-13,BANDHANBNK,0.9108025923466364,RECONSTRUCTED
2024-02-13,BANKBARODA,3.1759837198594814,RECONSTRUCTED
2024-02-13,FEDERALBNK,2.1486755405935334,RECONSTRUCTED
2024-02-13,HDFCBANK,25.07688006985502,RECONSTRUCTED
2024-02-13,ICICIBANK,25.38303713215488,RECONSTRUCTED
2024-02-13,IDFCFIRSTB,1.9557491016367168,RECONSTRUCTED
2024-02-13,INDUSINDBK,6.169251552081436,RECONSTRUCTED
2024-02-13,KOTAKBANK,8.81278706771236,RECONSTRUCTED
2024-02-13,PNB,2.2730634311796343,RECONSTRUCTED
2024-02-13,SBIN,12.4483638933455,RECONSTRUCTED
2024-02-14,AUBANK,1.6794479343248192,RECONSTRUCTED
2024-02-14,AXISBANK,9.839307891374926,RECONSTRUCTED
2024-02-14,BANDHANBNK,0.9226887593012716,RECONSTRUCTED
2024-02-14,BANKBARODA,3.106379024772488,RECONSTRUCTED
2024-02-14,FEDERALBNK,2.142581912222132,RECONSTRUCTED
2024-02-14,HDFCBANK,25.49215807164197,RECONSTRUCTED
2024-02-14,ICICIBANK,25.53832043808813,RECONSTRUCTED
2024-02-14,IDFCFIRSTB,1.9647666890035684,RECONSTRUCTED
2024-02-14,INDUSINDBK,6.150695981477713,RECONSTRUCTED
2024-02-14,KOTAKBANK,8.831921624206823,RECONSTRUCTED
2024-02-14,PNB,2.2776172979490137,RECONSTRUCTED
2024-02-14,SBIN,12.054114375637138,RECONSTRUCTED
2024-02-15,AUBANK,1.7162333177018936,RECONSTRUCTED
2024-02-15,AXISBANK,10.131887829265157,RECONSTRUCTED
2024-02-15,BANDHANBNK,0.9330087846405086,RECONSTRUCTED
2024-02-15,BANKBARODA,3.037264545058511,RECONSTRUCTED
2024-02-15,FEDERALBNK,2.0582396299017534,RECONSTRUCTED
2024-02-15,HDFCBANK,25.11585974323917,RECONSTRUCTED
2024-02-15,ICICIBANK,25.8597038397129,RECONSTRUCTED
2024-02-15,IDFCFIRSTB,1.967986134885314,RECONSTRUCTED
2024-02-15,INDUSINDBK,6.210328024274876,RECONSTRUCTED
2024-02-15,KOTAKBANK,8.939742280182442,RECONSTRUCTED
2024-02-15,PNB,2.187656834230669,RECONSTRUCTED
2024-02-15,SBIN,11.842089036906788,RECONSTRUCTED
2024-02-16,AUBANK,1.7227517235916543,RECONSTRUCTED
2024-02-16,AXISBANK,10.20056972451447,RECONSTRUCTED
2024-02-16,BANDHANBNK,0.9202238688503628,RECONSTRUCTED
2024-02-16,BANKBARODA,3.048567269368017,RECONSTRUCTED
2024-02-16,FEDERALBNK,1.9639411929503523,RECONSTRUCTED
2024-02-16,HDFCBANK,25.10090780310025,RECONSTRUCTED
2024-02-16,ICICIBANK,25.78384027990261,RECONSTRUCTED
2024-02-16,IDFCFIRSTB,1.9368110287741176,RECONSTRUCTED
2024-02-16,INDUSINDBK,6.162626385534153,RECONSTRUCTED
2024-02-16,KOTAKBANK,8.992063110051257,RECONSTRUCTED
2024-02-16,PNB,2.173471033833108,RECONSTRUCTED
2024-02-16,SBIN,11.99422657952965,RECONSTRUCTED
2024-02-19,AUBANK,1.678088080576161,RECONSTRUCTED
2024-02-19,AXISBANK,10.29257225598629,RECONSTRUCTED
2024-02-19,BANDHANBNK,0.910113965296158,RECONSTRUCTED
2024-02-19,BANKBARODA,3.1153128529680463,RECONSTRUCTED
2024-02-19,FEDERALBNK,1.992067004510936,RECONSTRUCTED
2024-02-19,HDFCBANK,25.23962540502772,RECONSTRUCTED
2024-02-19,ICICIBANK,25.36699861663604,RECONSTRUCTED
2024-02-19,IDFCFIRSTB,1.9602361020777188,RECONSTRUCTED
2024-02-19,INDUSINDBK,6.226358068711338,RECONSTRUCTED
2024-02-19,KOTAKBANK,9.043992036217698,RECONSTRUCTED
2024-02-19,PNB,2.210039905908147,RECONSTRUCTED
2024-02-19,SBIN,11.96459570608374,RECONSTRUCTED
2024-02-20,AUBANK,1.698988984144722,RECONSTRUCTED
2024-02-20,AXISBANK,10.170985165018775,RECONSTRUCTED
2024-02-20,BANDHANBNK,0.9258364427306782,RECONSTRUCTED
2024-02-20,BANKBARODA,3.123377000804408,RECONSTRUCTED
2024-02-20,FEDERALBNK,2.1276765933728634,RECONSTRUCTED
2024-02-20,HDFCBANK,24.88994925213634,RECONSTRUCTED
2024-02-20,ICICIBANK,25.54984096676638,RECONSTRUCTED
2024-02-20,IDFCFIRSTB,1.9935301213631649,RECONSTRUCTED
2024-02-20,INDUSINDBK,6.214982505894655,RECONSTRUCTED
2024-02-20,KOTAKBANK,8.991311698161702,RECONSTRUCTED
2024-02-20,PNB,2.218497979476376,RECONSTRUCTED
2024-02-20,SBIN,12.09502329012993,RECONSTRUCTED
2024-02-21,AUBANK,1.7280803496490047,RECONSTRUCTED
2024-02-21,AXISBANK,10.197275160118489,RECONSTRUCTED
2024-02-21,BANDHANBNK,0.9343884861995894,RECONSTRUCTED
2024-02-21,BANKBARODA,3.097819873308421,RECONSTRUCTED
2024-02-21,FEDERALBNK,2.1335359263578413,RECONSTRUCTED
2024-02-21,HDFCBANK,25.115055455899267,RECONSTRUCTED
2024-02-21,ICICIBANK,25.434738143275727,RECONSTRUCTED
2024-02-21,IDFCFIRSTB,2.010276994222405,RECONSTRUCTED
2024-02-21,INDUSINDBK,6.152483721825588,RECONSTRUCTED
2024-02-21,KOTAKBANK,9.062441934493744,RECONSTRUCTED
2024-02-21,PNB,2.2350902903811547,RECONSTRUCTED
2024-02-21,SBIN,11.89881366426878,RECONSTRUCTED
2024-02-22,AUBANK,1.7119112319134389,RECONSTRUCTED
2024-02-22,AXISBANK,10.022203467954268,RECONSTRUCTED
2024-02-22,BANDHANBNK,0.9182973893816628,RECONSTRUCTED
2024-02-22,BANKBARODA,3.0859229519641334,RECONSTRUCTED
2024-02-22,FEDERALBNK,2.1312843557406453,RECONSTRUCTED
2024-02-22,HDFCBANK,25.410136056284937,RECONSTRUCTED
2024-02-22,ICICIBANK,25.12633871376498,RECONSTRUCTED
2024-02-22,IDFCFIRSTB,2.00125207794351,RECONSTRUCTED
2024-02-22,INDUSINDBK,6.25585595644064,RECONSTRUCTED
2024-02-22,KOTAKBANK,9.155998700749098,RECONSTRUCTED
2024-02-22,PNB,2.219314409415241,RECONSTRUCTED
2024-02-22,SBIN,11.961484688447449,RECONSTRUCTED
2024-02-23,AUBANK,1.68676827201558,RECONSTRUCTED
2024-02-23,AXISBANK,10.036551014490726,RECONSTRUCTED
2024-02-23,BANDHANBNK,0.8959497207144815,RECONSTRUCTED
2024-02-23,BANKBARODA,3.1561318300975203,RECONSTRUCTED
2024-02-23,FEDERALBNK,2.1424271541318154,RECONSTRUCTED
2024-02-23,HDFCBANK,25.33301123066271,RECONSTRUCTED
2024-02-23,ICICIBANK,25.10166554542289,RECONSTRUCTED
2024-02-23,IDFCFIRSTB,1.9556838672579,RECONSTRUCTED
2024-02-23,INDUSINDBK,6.278795362094789,RECONSTRUCTED
2024-02-23,KOTAKBANK,9.138934273295634,RECONSTRUCTED
2024-02-23,PNB,2.2323853350233707,RECONSTRUCTED
2024-02-23,SBIN,12.041696394792591,RECONSTRUCTED
2024-02-26,AUBANK,1.7177116828248955,RECONSTRUCTED
2024-02-26,AXISBANK,10.093174552248724,RECONSTRUCTED
2024-02-26,BANDHANBNK,0.9163360831943193,RECONSTRUCTED
2024-02-26,BANKBARODA,3.1322143908534854,RECONSTRUCTED
2024-02-26,FEDERALBNK,2.1450949854016845,RECONSTRUCTED
2024-02-26,HDFCBANK,25.17636319231835,RECONSTRUCTED
2024-02-26,ICICIBANK,25.14452418651016,RECONSTRUCTED
2024-02-26,IDFCFIRSTB,1.9204195521393943,RECONSTRUCTED
2024-02-26,INDUSINDBK,6.3062280531365,RECONSTRUCTED
2024-02-26,KOTAKBANK,9.187619716532827,RECONSTRUCTED
2024-02-26,PNB,2.2763890518940304,RECONSTRUCTED
2024-02-26,SBIN,11.98392455294561,RECONSTRUCTED
2024-02-27,AUBANK,1.705957900563283,RECONSTRUCTED
2024-02-27,AXISBANK,10.153471791132109,RECONSTRUCTED
2024-02-27,BANDHANBNK,0.9231935600877532,RECONSTRUCTED
2024-02-27,BANKBARODA,3.1237983525648345,RECONSTRUCTED
2024-02-27,FEDERALBNK,2.108110270856313,RECONSTRUCTED
2024-02-27,HDFCBANK,25.22136392392005,RECONSTRUCTED
2024-02-27,ICICIBANK,25.009048043369663,RECONSTRUCTED
2024-02-27,IDFCFIRSTB,1.9359331199027288,RECONSTRUCTED
2024-02-27,INDUSINDBK,6.195778953151462,RECONSTRUCTED
2024-02-27,KOTAKBANK,9.187705043159765,RECONSTRUCTED
2024-02-27,PNB,2.303766468461319,RECONSTRUCTED
2024-02-27,SBIN,12.131872572830702,RECONSTRUCTED
2024-02-28,AUBANK,1.7398045012540937,RECONSTRUCTED
2024-02-28,AXISBANK,10.062525853689609,RECONSTRUCTED
2024-02-28,BANDHANBNK,0.931654421743306,RECONSTRUCTED
2024-02-28,BANKBARODA,3.183161450879546,RECONSTRUCTED
2024-02-28,FEDERALBNK,2.1338047922146925,RECONSTRUCTED
2024-02-28,HDFCBANK,25.07289739710452,RECONSTRUCTED
2024-02-28,ICICIBANK,25.003814520281264,RECONSTRUCTED
2024-02-28,IDFCFIRSTB,1.9751759703732896,RECONSTRUCTED
2024-02-28,INDUSINDBK,6.297642061435761,RECONSTRUCTED
2024-02-28,KOTAKBANK,9.189122521213411,RECONSTRUCTED
2024-02-28,PNB,2.3227500895798374,RECONSTRUCTED
2024-02-28,SBIN,12.08764642023068,RECONSTRUCTED
2024-02-29,AUBANK,1.75,OFFICIAL
2024-02-29,AXISBANK,10.09,OFFICIAL
2024-02-29,BANDHANBNK,0.94,OFFICIAL
2024-02-29,BANKBARODA,3.15,OFFICIAL
2024-02-29,FEDERALBNK,2.14,OFFICIAL
2024-02-29,HDFCBANK,25.27,OFFICIAL
2024-02-29,ICICIBANK,24.95,OFFICIAL
2024-02-29,IDFCFIRSTB,1.97,OFFICIAL
2024-02-29,INDUSINDBK,6.21,OFFICIAL
2024-02-29,KOTAKBANK,9.19,OFFICIAL
2024-02-29,PNB,2.31,OFFICIAL
2024-02-29,SBIN,12.04,OFFICIAL
2024-03-01,AUBANK,1.7992213476863377,RECONSTRUCTED
2024-03-01,AXISBANK,8.768328366012838,RECONSTRUCTED
2024-03-01,BANDHANBNK,0.902062107877343,RECONSTRUCTED
2024-03-01,BANKBARODA,3.2282910742689306,RECONSTRUCTED
2024-03-01,FEDERALBNK,2.237738613709121,RECONSTRUCTED
2024-03-01,HDFCBANK,29.392800205634085,RECONSTRUCTED
2024-03-01,ICICIBANK,23.90647996249601,RECONSTRUCTED
2024-03-01,IDFCFIRSTB,1.8465612331324408,RECONSTRUCTED
2024-03-01,INDUSINDBK,7.05027751553642,RECONSTRUCTED
2024-03-01,KOTAKBANK,9.429268232732792,RECONSTRUCTED
2024-03-01,PNB,2.4848451653892467,RECONSTRUCTED
2024-03-01,SBIN,8.954126175524417,RECONSTRUCTED
2024-03-04,AUBANK,1.7912257431937548,RECONSTRUCTED
2024-03-04,AXISBANK,8.73874863177058,RECONSTRUCTED
2024-03-04,BANDHANBNK,0.9090192369847668,RECONSTRUCTED
2024-03-04,BANKBARODA,3.2150450331361027,RECONSTRUCTED
2024-03-04,FEDERALBNK,2.230787523823431,RECONSTRUCTED
2024-03-04,HDFCBANK,29.453370328836947,RECONSTRUCTED
2024-03-04,ICICIBANK,23.86871119729264,RECONSTRUCTED
2024-03-04,IDFCFIRSTB,1.855145210029529,RECONSTRUCTED
2024-03-04,INDUSINDBK,7.052951543455466,RECONSTRUCTED
2024-03-04,KOTAKBANK,9.464316203039576,RECONSTRUCTED
2024-03-04,PNB,2.46962223039282,RECONSTRUCTED
2024-03-04,SBIN,8.951057118044387,RECONSTRUCTED
2024-03-05,AUBANK,1.8220154006087144,RECONSTRUCTED
2024-03-05,AXISBANK,8.808365801299649,RECONSTRUCTED
2024-03-05,BANDHANBNK,0.9161691325569352,RECONSTRUCTED
2024-03-05,BANKBARODA,3.166444002785476,RECONSTRUCTED
2024-03-05,FEDERALBNK,2.213414536588137,RECONSTRUCTED
2024-03-05,HDFCBANK,29.36137932017274,RECONSTRUCTED
2024-03-05,ICICIBANK,24.02408527740057,RECONSTRUCTED
2024-03-05,IDFCFIRSTB,1.8724150508509,RECONSTRUCTED
2024-03-05,INDUSINDBK,7.019806416611904,RECONSTRUCTED
2024-03-05,KOTAKBANK,9.552026463146602,RECONSTRUCTED
2024-03-05,PNB,2.406237154868141,RECONSTRUCTED
2024-03-05,SBIN,8.837641443110245,RECONSTRUCTED
2024-03-06,AUBANK,1.8524252805313333,RECONSTRUCTED
2024-03-06,AXISBANK,8.686877125531268,RECONSTRUCTED
2024-03-06,BANDHANBNK,0.937846282045407,RECONSTRUCTED
2024-03-06,BANKBARODA,3.14115886415799,RECONSTRUCTED
2024-03-06,FEDERALBNK,2.201791452400874,RECONSTRUCTED
2024-03-06,HDFCBANK,29.557088704011964,RECONSTRUCTED
2024-03-06,ICICIBANK,24.013856342792224,RECONSTRUCTED
2024-03-06,IDFCFIRSTB,1.881417031474048,RECONSTRUCTED
2024-03-06,INDUSINDBK,7.020109100578839,RECONSTRUCTED
2024-03-06,KOTAKBANK,9.386382844981153,RECONSTRUCTED
2024-03-06,PNB,2.4131244057503616,RECONSTRUCTED
2024-03-06,SBIN,8.907922565744563,RECONSTRUCTED
2024-03-07,AUBANK,1.8334122937141275,RECONSTRUCTED
2024-03-07,AXISBANK,8.770857703724777,RECONSTRUCTED
2024-03-07,BANDHANBNK,0.93478838039461,RECONSTRUCTED
2024-03-07,BANKBARODA,3.1422229782613296,RECONSTRUCTED
2024-03-07,FEDERALBNK,2.208943938008412,RECONSTRUCTED
2024-03-07,HDFCBANK,29.41203154882051,RECONSTRUCTED
2024-03-07,ICICIBANK,24.155440040807044,RECONSTRUCTED
2024-03-07,IDFCFIRSTB,1.8999529863491509,RECONSTRUCTED
2024-03-07,INDUSINDBK,6.961407142062728,RECONSTRUCTED
2024-03-07,KOTAKBANK,9.425647831810323,RECONSTRUCTED
2024-03-07,PNB,2.4163761886477184,RECONSTRUCTED
2024-03-07,SBIN,8.838918967399271,RECONSTRUCTED
2024-03-11,AUBANK,1.773894382045262,RECONSTRUCTED
2024-03-11,AXISBANK,8.728374273712603,RECONSTRUCTED
2024-03-11,BANDHANBNK,0.940618811628612,RECONSTRUCTED
2024-03-11,BANKBARODA,3.157893381643205,RECONSTRUCTED
2024-03-11,FEDERALBNK,2.1990473969684383,RECONSTRUCTED
2024-03-11,HDFCBANK,29.475349947485185,RECONSTRUCTED
2024-03-11,ICICIBANK,24.1060611366686,RECONSTRUCTED
2024-03-11,IDFCFIRSTB,1.886954079932272,RECONSTRUCTED
2024-03-11,INDUSINDBK,6.989571670696713,RECONSTRUCTED
2024-03-11,KOTAKBANK,9.425616413786262,RECONSTRUCTED
2024-03-11,PNB,2.40855530859392,RECONSTRUCTED
2024-03-11,SBIN,8.908063196838926,RECONSTRUCTED
2024-03-12,AUBANK,1.7997601966971777,RECONSTRUCTED
2024-03-12,AXISBANK,8.79657935877173,RECONSTRUCTED
2024-03-12,BANDHANBNK,0.9564799947221582,RECONSTRUCTED
2024-03-12,BANKBARODA,3.226707931663156,RECONSTRUCTED
2024-03-12,FEDERALBNK,2.252902474171271,RECONSTRUCTED
2024-03-12,HDFCBANK,28.84648464031753,RECONSTRUCTED
2024-03-12,ICICIBANK,24.15778952585641,RECONSTRUCTED
2024-03-12,IDFCFIRSTB,1.911505639805079,RECONSTRUCTED
2024-03-12,INDUSINDBK,7.029048125771988,RECONSTRUCTED
2024-03-12,KOTAKBANK,9.480620371019343,RECONSTRUCTED
2024-03-12,PNB,2.466021776686768,RECONSTRUCTED
2024-03-12,SBIN,9.07609996451736,RECONSTRUCTED
2024-03-13,AUBANK,1.7857976667142603,RECONSTRUCTED
2024-03-13,AXISBANK,8.875520305505189,RECONSTRUCTED
2024-03-13,BANDHANBNK,1.003647552302462,RECONSTRUCTED
2024-03-13,BANKBARODA,3.33790003956775,RECONSTRUCTED
2024-03-13,FEDERALBNK,2.287718334511428,RECONSTRUCTED
2024-03-13,HDFCBANK,28.64824081941132,RECONSTRUCTED
2024-03-13,ICICIBANK,23.84850309581317,RECONSTRUCTED
2024-03-13,IDFCFIRSTB,1.948493505426064,RECONSTRUCTED
2024-03-13,INDUSINDBK,7.126116615004224,RECONSTRUCTED
2024-03-13,KOTAKBANK,9.370836052278555,RECONSTRUCTED
2024-03-13,PNB,2.597984199061004,RECONSTRUCTED
2024-03-13,SBIN,9.169241814404588,RECONSTRUCTED
2024-03-14,AUBANK,1.757323179732305,RECONSTRUCTED
2024-03-14,AXISBANK,9.02577915701848,RECONSTRUCTED
2024-03-14,BANDHANBNK,0.9944273715211736,RECONSTRUCTED
2024-03-14,BANKBARODA,3.3466238759543123,RECONSTRUCTED
2024-03-14,FEDERALBNK,2.316978489151943,RECONSTRUCTED
2024-03-14,HDFCBANK,28.63301426036928,RECONSTRUCTED
2024-03-14,ICICIBANK,23.762707025542984,RECONSTRUCTED
2024-03-14,IDFCFIRSTB,1.917353787905248,RECONSTRUCTED
2024-03-14,INDUSINDBK,7.222680061048499,RECONSTRUCTED
2024-03-14,KOTAKBANK,9.26527146684358,RECONSTRUCTED
2024-03-14,PNB,2.548121846351282,RECONSTRUCTED
2024-03-14,SBIN,9.209719478560917,RECONSTRUCTED
2024-03-15,AUBANK,1.7678461944792363,RECONSTRUCTED
2024-03-15,AXISBANK,9.093016693259196,RECONSTRUCTED
2024-03-15,BANDHANBNK,0.971686526987506,RECONSTRUCTED
2024-03-15,BANKBARODA,3.402052295303897,RECONSTRUCTED
2024-03-15,FEDERALBNK,2.240599195529609,RECONSTRUCTED
2024-03-15,HDFCBANK,28.57828292876811,RECONSTRUCTED
2024-03-15,ICICIBANK,23.7428682003898,RECONSTRUCTED
2024-03-15,IDFCFIRSTB,1.9039400527611487,RECONSTRUCTED
2024-03-15,INDUSINDBK,7.158166329920669,RECONSTRUCTED
2024-03-15,KOTAKBANK,9.251540459973754,RECONSTRUCTED
2024-03-15,PNB,2.6008744265863406,RECONSTRUCTED
2024-03-15,SBIN,9.28912669604071,RECONSTRUCTED
2024-03-18,AUBANK,1.7928074702688808,RECONSTRUCTED
2024-03-18,AXISBANK,8.959446673970575,RECONSTRUCTED
2024-03-18,BANDHANBNK,0.9807302772275648,RECONSTRUCTED
2024-03-18,BANKBARODA,3.393290069229104,RECONSTRUCTED
2024-03-18,FEDERALBNK,2.2863373909343108,RECONSTRUCTED
2024-03-18,HDFCBANK,28.691147800542456,RECONSTRUCTED
2024-03-18,ICICIBANK,23.70967956634121,RECONSTRUCTED
2024-03-18,IDFCFIRSTB,1.921082221519391,RECONSTRUCTED
2024-03-18,INDUSINDBK,7.171419971837182,RECONSTRUCTED
2024-03-18,KOTAKBANK,9.248005509890202,RECONSTRUCTED
2024-03-18,PNB,2.550546063576636,RECONSTRUCTED
2024-03-18,SBIN,9.29550698466248,RECONSTRUCTED
2024-03-19,AUBANK,1.8158184110656748,RECONSTRUCTED
2024-03-19,AXISBANK,9.009533306491862,RECONSTRUCTED
2024-03-19,BANDHANBNK,0.981279832812177,RECONSTRUCTED
2024-03-19,BANKBARODA,3.451577351015712,RECONSTRUCTED
2024-03-19,FEDERALBNK,2.273950695799624,RECONSTRUCTED
2024-03-19,HDFCBANK,28.49971549391587,RECONSTRUCTED
2024-03-19,ICICIBANK,23.545348558162228,RECONSTRUCTED
2024-03-19,IDFCFIRSTB,1.945057682007608,RECONSTRUCTED
2024-03-19,INDUSINDBK,7.371830452330494,RECONSTRUCTED
2024-03-19,KOTAKBANK,9.145434022258272,RECONSTRUCTED
2024-03-19,PNB,2.61447601120317,RECONSTRUCTED
2024-03-19,SBIN,9.345978182937326,RECONSTRUCTED
2024-03-20,AUBANK,1.8125420288646856,RECONSTRUCTED
2024-03-20,AXISBANK,9.128696195620114,RECONSTRUCTED
2024-03-20,BANDHANBNK,0.9933851082846544,RECONSTRUCTED
2024-03-20,BANKBARODA,3.433474330308372,RECONSTRUCTED
2024-03-20,FEDERALBNK,2.269603917045037,RECONSTRUCTED
2024-03-20,HDFCBANK,28.79922479731787,RECONSTRUCTED
2024-03-20,ICICIBANK,23.480459099549144,RECONSTRUCTED
2024-03-20,IDFCFIRSTB,1.9483072520328204,RECONSTRUCTED
2024-03-20,INDUSINDBK,7.317232840449267,RECONSTRUCTED
2024-03-20,KOTAKBANK,9.04345044666097,RECONSTRUCTED
2024-03-20,PNB,2.606358004914556,RECONSTRUCTED
2024-03-20,SBIN,9.167265978952509,RECONSTRUCTED
2024-03-21,AUBANK,1.808879394843407,RECONSTRUCTED
2024-03-21,AXISBANK,9.201131856534817,RECONSTRUCTED
2024-03-21,BANDHANBNK,0.9876516104346004,RECONSTRUCTED
2024-03-21,BANKBARODA,3.384321175831932,RECONSTRUCTED
2024-03-21,FEDERALBNK,2.251321137645975,RECONSTRUCTED
2024-03-21,HDFCBANK,28.75620333130244,RECONSTRUCTED
2024-03-21,ICICIBANK,23.745332476531367,RECONSTRUCTED
2024-03-21,IDFCFIRSTB,1.926274147747969,RECONSTRUCTED
2024-03-21,INDUSINDBK,7.169725557955073,RECONSTRUCTED
2024-03-21,KOTAKBANK,9.08794864312821,RECONSTRUCTED
2024-03-21,PNB,2.533629397166105,RECONSTRUCTED
2024-03-21,SBIN,9.147581270878115,RECONSTRUCTED
2024-03-22,AUBANK,1.8212373548997616,RECONSTRUCTED
2024-03-22,AXISBANK,9.256722931190014,RECONSTRUCTED
2024-03-22,BANDHANBNK,0.984320715460258,RECONSTRUCTED
2024-03-22,BANKBARODA,3.3435942937802485,RECONSTRUCTED
2024-03-22,FEDERALBNK,2.265180195214774,RECONSTRUCTED
2024-03-22,HDFCBANK,28.92370677432211,RECONSTRUCTED
2024-03-22,ICICIBANK,23.649916351333022,RECONSTRUCTED
2024-03-22,IDFCFIRSTB,1.9298921438889705,RECONSTRUCTED
2024-03-22,INDUSINDBK,7.063754452145246,RECONSTRUCTED
2024-03-22,KOTAKBANK,9.100725520644769,RECONSTRUCTED
2024-03-22,PNB,2.508053570384529,RECONSTRUCTED
2024-03-22,SBIN,9.152895696736303,RECONSTRUCTED
2024-03-26,AUBANK,1.815007161872637,RECONSTRUCTED
2024-03-26,AXISBANK,9.140488027386978,RECONSTRUCTED
2024-03-26,BANDHANBNK,0.9787804298419064,RECONSTRUCTED
2024-03-26,BANKBARODA,3.302529102029005,RECONSTRUCTED
2024-03-26,FEDERALBNK,2.2494231411186227,RECONSTRUCTED
2024-03-26,HDFCBANK,29.11300496988957,RECONSTRUCTED
2024-03-26,ICICIBANK,23.660028999626988,RECONSTRUCTED
2024-03-26,IDFCFIRSTB,1.9276740274206248,RECONSTRUCTED
2024-03-26,INDUSINDBK,6.993470856288145,RECONSTRUCTED
2024-03-26,KOTAKBANK,9.166639137609984,RECONSTRUCTED
2024-03-26,PNB,2.4697922606036125,RECONSTRUCTED
2024-03-26,SBIN,9.183161886311929,RECONSTRUCTED
2024-03-27,AUBANK,1.828011960491729,RECONSTRUCTED
2024-03-27,AXISBANK,9.07419111157476,RECONSTRUCTED
2024-03-27,BANDHANBNK,0.9880598356701112,RECONSTRUCTED
2024-03-27,BANKBARODA,3.353227700508428,RECONSTRUCTED
2024-03-27,FEDERALBNK,2.2595045684815656,RECONSTRUCTED
2024-03-27,HDFCBANK,28.932924828862987,RECONSTRUCTED
2024-03-27,ICICIBANK,23.76496788020751,RECONSTRUCTED
2024-03-27,IDFCFIRSTB,1.9338246430829853,RECONSTRUCTED
2024-03-27,INDUSINDBK,6.956789850087124,RECONSTRUCTED
2024-03-27,KOTAKBANK,9.094155127591277,RECONSTRUCTED
2024-03-27,PNB,2.505114183001239,RECONSTRUCTED
2024-03-27,SBIN,9.309228310440272,RECONSTRUCTED
2024-03-28,AUBANK,1.83,OFFICIAL
2024-03-28,AXISBANK,9.19,OFFICIAL
2024-03-28,BANDHANBNK,1.0,OFFICIAL
2024-03-28,BANKBARODA,3.31,OFFICIAL
2024-03-28,FEDERALBNK,2.27,OFFICIAL
2024-03-28,HDFCBANK,29.0,OFFICIAL
2024-03-28,ICICIBANK,23.73,OFFICIAL
2024-03-28,IDFCFIRSTB,2.01,OFFICIAL
2024-03-28,INDUSINDBK,6.92,OFFICIAL
2024-03-28,KOTAKBANK,9.11,OFFICIAL
2024-03-28,PNB,2.49,OFFICIAL
2024-03-28,SBIN,9.14,OFFICIAL
2024-04-01,AUBANK,2.024474426293219,RECONSTRUCTED
2024-04-01,AXISBANK,10.381399229140376,RECONSTRUCTED
2024-04-01,BANDHANBNK,0.95342948053715,RECONSTRUCTED
2024-04-01,BANKBARODA,3.4167890273835613,RECONSTRUCTED
2024-04-01,FEDERALBNK,2.3994311144200755,RECONSTRUCTED
2024-04-01,HDFCBANK,28.84151325055614,RECONSTRUCTED
2024-04-01,ICICIBANK,23.94144905506317,RECONSTRUCTED
2024-04-01,IDFCFIRSTB,2.128464982871476,RECONSTRUCTED
2024-04-01,INDUSINDBK,6.089621013665786,RECONSTRUCTED
2024-04-01,KOTAKBANK,6.891925683892665,RECONSTRUCTED
2024-04-01,PNB,2.913141136633437,RECONSTRUCTED
2024-04-01,SBIN,10.018361599542963,RECONSTRUCTED
2024-04-02,AUBANK,2.015761803488423,RECONSTRUCTED
2024-04-02,AXISBANK,10.434643580285323,RECONSTRUCTED
2024-04-02,BANDHANBNK,0.9270417994260224,RECONSTRUCTED
2024-04-02,BANKBARODA,3.357798383249567,RECONSTRUCTED
2024-04-02,FEDERALBNK,2.3717606700002056,RECONSTRUCTED
2024-04-02,HDFCBANK,28.63908490906353,RECONSTRUCTED
2024-04-02,ICICIBANK,24.337764748883146,RECONSTRUCTED
2024-04-02,IDFCFIRSTB,2.0830468928416,RECONSTRUCTED
2024-04-02,INDUSINDBK,6.020208889338607,RECONSTRUCTED
2024-04-02,KOTAKBANK,7.0189898367450985,RECONSTRUCTED
2024-04-02,PNB,2.8863989530069936,RECONSTRUCTED
2024-04-02,SBIN,9.907499533671494,RECONSTRUCTED
2024-04-03,AUBANK,1.975542350226788,RECONSTRUCTED
2024-04-03,AXISBANK,10.301065549533016,RECONSTRUCTED
2024-04-03,BANDHANBNK,0.9418827947742768,RECONSTRUCTED
2024-04-03,BANKBARODA,3.329415790725124,RECONSTRUCTED
2024-04-03,FEDERALBNK,2.370359985774275,RECONSTRUCTED
2024-04-03,HDFCBANK,28.66414545530405,RECONSTRUCTED
2024-04-03,ICICIBANK,24.48503486307776,RECONSTRUCTED
2024-04-03,IDFCFIRSTB,2.1078717300324654,RECONSTRUCTED
2024-04-03,INDUSINDBK,6.099748107916836,RECONSTRUCTED
2024-04-03,KOTAKBANK,7.142015425741886,RECONSTRUCTED
2024-04-03,PNB,2.712234016635344,RECONSTRUCTED
2024-04-03,SBIN,9.87068393025817,RECONSTRUCTED
2024-04-04,AUBANK,1.941148261999284,RECONSTRUCTED
2024-04-04,AXISBANK,10.39064249540823,RECONSTRUCTED
2024-04-04,BANDHANBNK,0.9140586864038124,RECONSTRUCTED
2024-04-04,BANKBARODA,3.4172298667013505,RECONSTRUCTED
2024-04-04,FEDERALBNK,2.4224403025409944,RECONSTRUCTED
2024-04-04,HDFCBANK,28.04808511754685,RECONSTRUCTED
2024-04-04,ICICIBANK,24.653221023114074,RECONSTRUCTED
2024-04-04,IDFCFIRSTB,2.0975103228415923,RECONSTRUCTED
2024-04-04,INDUSINDBK,6.143887045710703,RECONSTRUCTED
2024-04-04,KOTAKBANK,7.127975595012997,RECONSTRUCTED
2024-04-04,PNB,2.7360595411527493,RECONSTRUCTED
2024-04-04,SBIN,10.107741741567366,RECONSTRUCTED
2024-04-05,AUBANK,1.9149539411509555,RECONSTRUCTED
2024-04-05,AXISBANK,10.516324303100298,RECONSTRUCTED
2024-04-05,BANDHANBNK,0.9245664921395116,RECONSTRUCTED
2024-04-05,BANKBARODA,3.453085245685662,RECONSTRUCTED
2024-04-05,FEDERALBNK,2.4096678959596862,RECONSTRUCTED
2024-04-05,HDFCBANK,27.88386283200397,RECONSTRUCTED
2024-04-05,ICICIBANK,24.756630444265053,RECONSTRUCTED
2024-04-05,IDFCFIRSTB,2.0837196260635,RECONSTRUCTED
2024-04-05,INDUSINDBK,6.163949857952893,RECONSTRUCTED
2024-04-05,KOTAKBANK,7.043105576930504,RECONSTRUCTED
2024-04-05,PNB,2.729825578120096,RECONSTRUCTED
2024-04-05,SBIN,10.120308206627872,RECONSTRUCTED
2024-04-08,AUBANK,1.921521949947844,RECONSTRUCTED
2024-04-08,AXISBANK,10.372263259568795,RECONSTRUCTED
2024-04-08,BANDHANBNK,0.9886122651218076,RECONSTRUCTED
2024-04-08,BANKBARODA,3.477099117947747,RECONSTRUCTED
2024-04-08,FEDERALBNK,2.41704101470188,RECONSTRUCTED
2024-04-08,HDFCBANK,27.99533377899636,RECONSTRUCTED
2024-04-08,ICICIBANK,24.72270766522916,RECONSTRUCTED
2024-04-08,IDFCFIRSTB,2.041243461350471,RECONSTRUCTED
2024-04-08,INDUSINDBK,6.113991955963099,RECONSTRUCTED
2024-04-08,KOTAKBANK,7.044973652175724,RECONSTRUCTED
2024-04-08,PNB,2.810649778856271,RECONSTRUCTED
2024-04-08,SBIN,10.094562100140822,RECONSTRUCTED
2024-04-09,AUBANK,1.933104372112936,RECONSTRUCTED
2024-04-09,AXISBANK,10.36955814404401,RECONSTRUCTED
2024-04-09,BANDHANBNK,1.0041990533178542,RECONSTRUCTED
2024-04-09,BANKBARODA,3.516548541447732,RECONSTRUCTED
2024-04-09,FEDERALBNK,2.403487439763344,RECONSTRUCTED
2024-04-09,HDFCBANK,28.05539128680044,RECONSTRUCTED
2024-04-09,ICICIBANK,24.361063247034725,RECONSTRUCTED
2024-04-09,IDFCFIRSTB,2.0569282372579147,RECONSTRUCTED
2024-04-09,INDUSINDBK,6.187701678673539,RECONSTRUCTED
2024-04-09,KOTAKBANK,7.099956121851872,RECONSTRUCTED
2024-04-09,PNB,2.828745161236897,RECONSTRUCTED
2024-04-09,SBIN,10.183316716458732,RECONSTRUCTED
2024-04-10,AUBANK,1.9366588411634715,RECONSTRUCTED
2024-04-10,AXISBANK,10.350023218593815,RECONSTRUCTED
2024-04-10,BANDHANBNK,1.009822608567373,RECONSTRUCTED
2024-04-10,BANKBARODA,3.466082579630052,RECONSTRUCTED
2024-04-10,FEDERALBNK,2.3676562208416985,RECONSTRUCTED
2024-04-10,HDFCBANK,28.428756370727985,RECONSTRUCTED
2024-04-10,ICICIBANK,24.438903841438727,RECONSTRUCTED
2024-04-10,IDFCFIRSTB,2.0056252628993283,RECONSTRUCTED
2024-04-10,INDUSINDBK,6.229063663267017,RECONSTRUCTED
2024-04-10,KOTAKBANK,6.960486069905499,RECONSTRUCTED
2024-04-10,PNB,2.7645234558667826,RECONSTRUCTED
2024-04-10,SBIN,10.042397867098275,RECONSTRUCTED
2024-04-12,AUBANK,1.9067167092328496,RECONSTRUCTED
2024-04-12,AXISBANK,10.396212048289891,RECONSTRUCTED
2024-04-12,BANDHANBNK,0.9993068811089696,RECONSTRUCTED
2024-04-12,BANKBARODA,3.4721645877102976,RECONSTRUCTED
2024-04-12,FEDERALBNK,2.3927474400333604,RECONSTRUCTED
2024-04-12,HDFCBANK,28.50172485277239,RECONSTRUCTED
2024-04-12,ICICIBANK,24.333804856734943,RECONSTRUCTED
2024-04-12,IDFCFIRSTB,1.9962485015234832,RECONSTRUCTED
2024-04-12,INDUSINDBK,6.163208531580784,RECONSTRUCTED
2024-04-12,KOTAKBANK,6.948406343790289,RECONSTRUCTED
2024-04-12,PNB,2.769693407689398,RECONSTRUCTED
2024-04-12,SBIN,10.119765839533352,RECONSTRUCTED
2024-04-15,AUBANK,1.8943064386255384,RECONSTRUCTED
2024-04-15,AXISBANK,10.374044952330395,RECONSTRUCTED
2024-04-15,BANDHANBNK,1.0218763590199456,RECONSTRUCTED
2024-04-15,BANKBARODA,3.5002967007582853,RECONSTRUCTED
2024-04-15,FEDERALBNK,2.3675922585043403,RECONSTRUCTED
2024-04-15,HDFCBANK,28.485040209948444,RECONSTRUCTED
2024-04-15,ICICIBANK,24.509418464332526,RECONSTRUCTED
2024-04-15,IDFCFIRSTB,2.001188594009817,RECONSTRUCTED
2024-04-15,INDUSINDBK,6.123257998803835,RECONSTRUCTED
2024-04-15,KOTAKBANK,6.890097039645765,RECONSTRUCTED
2024-04-15,PNB,2.7648869755884187,RECONSTRUCTED
2024-04-15,SBIN,10.067994008432697,RECONSTRUCTED
2024-04-16,AUBANK,1.94013459478729,RECONSTRUCTED
2024-04-16,AXISBANK,10.366712037725858,RECONSTRUCTED
2024-04-16,BANDHANBNK,1.0275789000025009,RECONSTRUCTED
2024-04-16,BANKBARODA,3.5693058482079545,RECONSTRUCTED
2024-04-16,FEDERALBNK,2.397240476021469,RECONSTRUCTED
2024-04-16,HDFCBANK,28.029280909130566,RECONSTRUCTED
2024-04-16,ICICIBANK,24.609921748384505,RECONSTRUCTED
2024-04-16,IDFCFIRSTB,1.9895404738057847,RECONSTRUCTED
2024-04-16,INDUSINDBK,6.28368344710708,RECONSTRUCTED
2024-04-16,KOTAKBANK,6.867049231787246,RECONSTRUCTED
2024-04-16,PNB,2.8390246028469805,RECONSTRUCTED
2024-04-16,SBIN,10.080527730192772,RECONSTRUCTED
2024-04-18,AUBANK,1.8987684069874309,RECONSTRUCTED
2024-04-18,AXISBANK,10.552939567668265,RECONSTRUCTED
2024-04-18,BANDHANBNK,1.0215254404902478,RECONSTRUCTED
2024-04-18,BANKBARODA,3.4783301311268366,RECONSTRUCTED
2024-04-18,FEDERALBNK,2.374798536611767,RECONSTRUCTED
2024-04-18,HDFCBANK,28.0463909453204,RECONSTRUCTED
2024-04-18,ICICIBANK,24.655579281494727,RECONSTRUCTED
2024-04-18,IDFCFIRSTB,1.9739498293080908,RECONSTRUCTED
2024-04-18,INDUSINDBK,6.296799874812329,RECONSTRUCTED
2024-04-18,KOTAKBANK,6.827278483896376,RECONSTRUCTED
2024-04-18,PNB,2.791654595623764,RECONSTRUCTED
2024-04-18,SBIN,10.081984906659777,RECONSTRUCTED
2024-04-19,AUBANK,1.9384846491391543,RECONSTRUCTED
2024-04-19,AXISBANK,10.609817244871532,RECONSTRUCTED
2024-04-19,BANDHANBNK,1.0306593686775678,RECONSTRUCTED
2024-04-19,BANKBARODA,3.5425334929566925,RECONSTRUCTED
2024-04-19,FEDERALBNK,2.4042295253789394,RECONSTRUCTED
2024-04-19,HDFCBANK,27.660674653153865,RECONSTRUCTED
2024-04-19,ICICIBANK,24.636484057489085,RECONSTRUCTED
2024-04-19,IDFCFIRSTB,2.0127484463713587,RECONSTRUCTED
2024-04-19,INDUSINDBK,6.329426724064112,RECONSTRUCTED
2024-04-19,KOTAKBANK,6.875557827275316,RECONSTRUCTED
2024-04-19,PNB,2.849271138496011,RECONSTRUCTED
2024-04-19,SBIN,10.110112872126372,RECONSTRUCTED
2024-04-22,AUBANK,1.9776172008606103,RECONSTRUCTED
2024-04-22,AXISBANK,10.44671739321752,RECONSTRUCTED
2024-04-22,BANDHANBNK,0.99764433617024,RECONSTRUCTED
2024-04-22,BANKBARODA,3.512833717181365,RECONSTRUCTED
2024-04-22,FEDERALBNK,2.398373114731268,RECONSTRUCTED
2024-04-22,HDFCBANK,28.245433398359083,RECONSTRUCTED
2024-04-22,ICICIBANK,24.39998556574453,RECONSTRUCTED
2024-04-22,IDFCFIRSTB,1.9967295709478847,RECONSTRUCTED
2024-04-22,INDUSINDBK,6.402272687927352,RECONSTRUCTED
2024-04-22,KOTAKBANK,6.867066254503805,RECONSTRUCTED
2024-04-22,PNB,2.7685188190828334,RECONSTRUCTED
2024-04-22,SBIN,9.986807941273504,RECONSTRUCTED
2024-04-23,AUBANK,1.973555009326527,RECONSTRUCTED
2024-04-23,AXISBANK,10.440029375891624,RECONSTRUCTED
2024-04-23,BANDHANBNK,0.9875115566294622,RECONSTRUCTED
2024-04-23,BANKBARODA,3.532125715229028,RECONSTRUCTED
2024-04-23,FEDERALBNK,2.3970274189367533,RECONSTRUCTED
2024-04-23,HDFCBANK,28.36183357310576,RECONSTRUCTED
2024-04-23,ICICIBANK,24.345360017382056,RECONSTRUCTED
2024-04-23,IDFCFIRSTB,1.9928712583596484,RECONSTRUCTED
2024-04-23,INDUSINDBK,6.422141067534418,RECONSTRUCTED
2024-04-23,KOTAKBANK,6.862637904581819,RECONSTRUCTED
2024-04-23,PNB,2.77668707063777,RECONSTRUCTED
2024-04-23,SBIN,9.908220032385136,RECONSTRUCTED
2024-04-24,AUBANK,1.951760148858812,RECONSTRUCTED
2024-04-24,AXISBANK,10.410859117763504,RECONSTRUCTED
2024-04-24,BANDHANBNK,0.9863536156901156,RECONSTRUCTED
2024-04-24,BANKBARODA,3.56165326664256,RECONSTRUCTED
2024-04-24,FEDERALBNK,2.409661241438404,RECONSTRUCTED
2024-04-24,HDFCBANK,28.406253389925663,RECONSTRUCTED
2024-04-24,ICICIBANK,24.304896278468068,RECONSTRUCTED
2024-04-24,IDFCFIRSTB,2.0038215253041214,RECONSTRUCTED
2024-04-24,INDUSINDBK,6.449035669293533,RECONSTRUCTED
2024-04-24,KOTAKBANK,6.780812735043276,RECONSTRUCTED
2024-04-24,PNB,2.7854540537101427,RECONSTRUCTED
2024-04-24,SBIN,9.949438957861794,RECONSTRUCTED
2024-04-25,AUBANK,2.001901216116271,RECONSTRUCTED
2024-04-25,AXISBANK,9.90989074400422,RECONSTRUCTED
2024-04-25,BANDHANBNK,0.9911409390237926,RECONSTRUCTED
2024-04-25,BANKBARODA,3.465797049033931,RECONSTRUCTED
2024-04-25,FEDERALBNK,2.3945985640352228,RECONSTRUCTED
2024-04-25,HDFCBANK,28.678591007484687,RECONSTRUCTED
2024-04-25,ICICIBANK,24.148188458816232,RECONSTRUCTED
2024-04-25,IDFCFIRSTB,2.020549580022577,RECONSTRUCTED
2024-04-25,INDUSINDBK,6.413483599212739,RECONSTRUCTED
2024-04-25,KOTAKBANK,7.676065611913042,RECONSTRUCTED
2024-04-25,PNB,2.750420422414434,RECONSTRUCTED
2024-04-25,SBIN,9.549372807922865,RECONSTRUCTED
2024-04-26,AUBANK,2.0197254627228256,RECONSTRUCTED
2024-04-26,AXISBANK,9.820755773905642,RECONSTRUCTED
2024-04-26,BANDHANBNK,0.9872415558721128,RECONSTRUCTED
2024-04-26,BANKBARODA,3.4523912126821337,RECONSTRUCTED
2024-04-26,FEDERALBNK,2.362586850297458,RECONSTRUCTED
2024-04-26,HDFCBANK,28.52179517626,RECONSTRUCTED
2024-04-26,ICICIBANK,24.127791115924506,RECONSTRUCTED
2024-04-26,IDFCFIRSTB,1.9750837161886108,RECONSTRUCTED
2024-04-26,INDUSINDBK,6.593440086145298,RECONSTRUCTED
2024-04-26,KOTAKBANK,7.790324838399427,RECONSTRUCTED
2024-04-26,PNB,2.7226437083345103,RECONSTRUCTED
2024-04-26,SBIN,9.626220503267485,RECONSTRUCTED
2024-04-29,AUBANK,1.947458169860148,RECONSTRUCTED
2024-04-29,AXISBANK,9.820137555687948,RECONSTRUCTED
2024-04-29,BANDHANBNK,1.0141152557421318,RECONSTRUCTED
2024-04-29,BANKBARODA,3.481496436700461,RECONSTRUCTED
2024-04-29,FEDERALBNK,2.3723581264717684,RECONSTRUCTED
2024-04-29,HDFCBANK,28.873722105821564,RECONSTRUCTED
2024-04-29,ICICIBANK,23.62979812047197,RECONSTRUCTED
2024-04-29,IDFCFIRSTB,2.1036873648205288,RECONSTRUCTED
2024-04-29,INDUSINDBK,6.576161831509244,RECONSTRUCTED
2024-04-29,KOTAKBANK,7.83398899349796,RECONSTRUCTED
2024-04-29,PNB,2.7759267995313577,RECONSTRUCTED
2024-04-29,SBIN,9.571149239884916,RECONSTRUCTED
2024-04-30,AUBANK,1.96,OFFICIAL
2024-04-30,AXISBANK,9.76,OFFICIAL
2024-04-30,BANDHANBNK,0.99,OFFICIAL
2024-04-30,BANKBARODA,3.37,OFFICIAL
2024-04-30,FEDERALBNK,2.34,OFFICIAL
2024-04-30,HDFCBANK,29.04,OFFICIAL
2024-04-30,ICICIBANK,23.82,OFFICIAL
2024-04-30,IDFCFIRSTB,2.09,OFFICIAL
2024-04-30,INDUSINDBK,6.45,OFFICIAL
2024-04-30,KOTAKBANK,7.91,OFFICIAL
2024-04-30,PNB,2.7,OFFICIAL
2024-04-30,SBIN,9.57,OFFICIAL
2024-05-02,AUBANK,2.3749054038901654,RECONSTRUCTED
2024-05-02,AXISBANK,9.870072441684338,RECONSTRUCTED
2024-05-02,BANDHANBNK,0.9857032408828396,RECONSTRUCTED
2024-05-02,BANKBARODA,3.0199982369508627,RECONSTRUCTED
2024-05-02,FEDERALBNK,2.2634353489436707,RECONSTRUCTED
2024-05-02,HDFCBANK,29.76425378531896,RECONSTRUCTED
2024-05-02,ICICIBANK,22.919490799892937,RECONSTRUCTED
2024-05-02,IDFCFIRSTB,1.8241666110944963,RECONSTRUCTED
2024-05-02,INDUSINDBK,6.061067454518828,RECONSTRUCTED
2024-05-02,KOTAKBANK,8.764218216644974,RECONSTRUCTED
2024-05-02,PNB,2.3314463646236248,RECONSTRUCTED
2024-05-02,SBIN,9.821242095554291,RECONSTRUCTED
2024-05-03,AUBANK,2.3608530484989947,RECONSTRUCTED
2024-05-03,AXISBANK,9.878849167410534,RECONSTRUCTED
2024-05-03,BANDHANBNK,0.9958607597056344,RECONSTRUCTED
2024-05-03,BANKBARODA,3.040452674353487,RECONSTRUCTED
2024-05-03,FEDERALBNK,2.276778724012779,RECONSTRUCTED
2024-05-03,HDFCBANK,29.82058031746883,RECONSTRUCTED
2024-05-03,ICICIBANK,22.721435417040023,RECONSTRUCTED
2024-05-03,IDFCFIRSTB,1.827093012665595,RECONSTRUCTED
2024-05-03,INDUSINDBK,6.109672486276314,RECONSTRUCTED
2024-05-03,KOTAKBANK,8.871307448765377,RECONSTRUCTED
2024-05-03,PNB,2.354955908603711,RECONSTRUCTED
2024-05-03,SBIN,9.742161035198718,RECONSTRUCTED
2024-05-06,AUBANK,2.401838110162659,RECONSTRUCTED
2024-05-06,AXISBANK,9.858819604228694,RECONSTRUCTED
2024-05-06,BANDHANBNK,0.9997102758766706,RECONSTRUCTED
2024-05-06,BANKBARODA,3.1549901563270666,RECONSTRUCTED
2024-05-06,FEDERALBNK,2.307731185866948,RECONSTRUCTED
2024-05-06,HDFCBANK,29.75644698850935,RECONSTRUCTED
2024-05-06,ICICIBANK,22.633850642844987,RECONSTRUCTED
2024-05-06,IDFCFIRSTB,1.8462207325190567,RECONSTRUCTED
2024-05-06,INDUSINDBK,6.052474651810854,RECONSTRUCTED
2024-05-06,KOTAKBANK,8.446236355211353,RECONSTRUCTED
2024-05-06,PNB,2.515781164064105,RECONSTRUCTED
2024-05-06,SBIN,10.025900132578268,RECONSTRUCTED
2024-05-07,AUBANK,2.3863391969098573,RECONSTRUCTED
2024-05-07,AXISBANK,9.87497770855264,RECONSTRUCTED
2024-05-07,BANDHANBNK,1.0184520701829494,RECONSTRUCTED
2024-05-07,BANKBARODA,3.1960798690134684,RECONSTRUCTED
2024-05-07,FEDERALBNK,2.3356333300595726,RECONSTRUCTED
2024-05-07,HDFCBANK,29.71149921921353,RECONSTRUCTED
2024-05-07,ICICIBANK,22.63915982801402,RECONSTRUCTED
2024-05-07,IDFCFIRSTB,1.874985805099609,RECONSTRUCTED
2024-05-07,INDUSINDBK,6.162832145598827,RECONSTRUCTED
2024-05-07,KOTAKBANK,8.24262766204246,RECONSTRUCTED
2024-05-07,PNB,2.5822811267551145,RECONSTRUCTED
2024-05-07,SBIN,9.975132038557962,RECONSTRUCTED
2024-05-08,AUBANK,2.393569281807326,RECONSTRUCTED
2024-05-08,AXISBANK,9.81332082007672,RECONSTRUCTED
2024-05-08,BANDHANBNK,1.0177211108013884,RECONSTRUCTED
2024-05-08,BANKBARODA,3.137021588596528,RECONSTRUCTED
2024-05-08,FEDERALBNK,2.3599373635239704,RECONSTRUCTED
2024-05-08,HDFCBANK,30.019243625802822,RECONSTRUCTED
2024-05-08,ICICIBANK,22.69520884078956,RECONSTRUCTED
2024-05-08,IDFCFIRSTB,1.8866597572168964,RECONSTRUCTED
2024-05-08,INDUSINDBK,6.172217180931506,RECONSTRUCTED
2024-05-08,KOTAKBANK,8.175931242504449,RECONSTRUCTED
2024-05-08,PNB,2.5168712030873355,RECONSTRUCTED
2024-05-08,SBIN,9.812297984861502,RECONSTRUCTED
2024-05-09,AUBANK,2.354710102953899,RECONSTRUCTED
2024-05-09,AXISBANK,9.814950283216929,RECONSTRUCTED
2024-05-09,BANDHANBNK,0.9924053291167044,RECONSTRUCTED
2024-05-09,BANKBARODA,3.099632721587991,RECONSTRUCTED
2024-05-09,FEDERALBNK,2.3361136613118387,RECONSTRUCTED
2024-05-09,HDFCBANK,30.399092142391808,RECONSTRUCTED
2024-05-09,ICICIBANK,22.5843364239814,RECONSTRUCTED
2024-05-09,IDFCFIRSTB,1.8922886311109688,RECONSTRUCTED
2024-05-09,INDUSINDBK,6.280876130328364,RECONSTRUCTED
2024-05-09,KOTAKBANK,8.108928328627849,RECONSTRUCTED
2024-05-09,PNB,2.542277387631033,RECONSTRUCTED
2024-05-09,SBIN,9.594388857741215,RECONSTRUCTED
2024-05-10,AUBANK,2.334266844239952,RECONSTRUCTED
2024-05-10,AXISBANK,9.801428461720247,RECONSTRUCTED
2024-05-10,BANDHANBNK,0.9723836542955964,RECONSTRUCTED
2024-05-10,BANKBARODA,3.202823643048874,RECONSTRUCTED
2024-05-10,FEDERALBNK,2.2997346769173705,RECONSTRUCTED
2024-05-10,HDFCBANK,30.268451265799595,RECONSTRUCTED
2024-05-10,ICICIBANK,22.61581487648096,RECONSTRUCTED
2024-05-10,IDFCFIRSTB,1.8798700430530428,RECONSTRUCTED
2024-05-10,INDUSINDBK,6.258389275904283,RECONSTRUCTED
2024-05-10,KOTAKBANK,8.205716561805703,RECONSTRUCTED
2024-05-10,PNB,2.512899730567652,RECONSTRUCTED
2024-05-10,SBIN,9.648220966166738,RECONSTRUCTED
2024-05-13,AUBANK,2.35533250444822,RECONSTRUCTED
2024-05-13,AXISBANK,9.766654186175153,RECONSTRUCTED
2024-05-13,BANDHANBNK,0.9735028591700776,RECONSTRUCTED
2024-05-13,BANKBARODA,3.1730739289738747,RECONSTRUCTED
2024-05-13,FEDERALBNK,2.2908574228913707,RECONSTRUCTED
2024-05-13,HDFCBANK,30.11808844040183,RECONSTRUCTED
2024-05-13,ICICIBANK,22.55391002662937,RECONSTRUCTED
2024-05-13,IDFCFIRSTB,1.878379020340424,RECONSTRUCTED
2024-05-13,INDUSINDBK,6.3275672253296085,RECONSTRUCTED
2024-05-13,KOTAKBANK,8.19675953770828,RECONSTRUCTED
2024-05-13,PNB,2.5470327412012312,RECONSTRUCTED
2024-05-13,SBIN,9.818842106730555,RECONSTRUCTED
2024-05-14,AUBANK,2.342933572480637,RECONSTRUCTED
2024-05-14,AXISBANK,9.869352830196473,RECONSTRUCTED
2024-05-14,BANDHANBNK,0.973717800434996,RECONSTRUCTED
2024-05-14,BANKBARODA,3.15857448263054,RECONSTRUCTED
2024-05-14,FEDERALBNK,2.2654128365768704,RECONSTRUCTED
2024-05-14,HDFCBANK,30.070999264098084,RECONSTRUCTED
2024-05-14,ICICIBANK,22.75715111846597,RECONSTRUCTED
2024-05-14,IDFCFIRSTB,1.8742852246274813,RECONSTRUCTED
2024-05-14,INDUSINDBK,6.268997583215281,RECONSTRUCTED
2024-05-14,KOTAKBANK,8.190545670634524,RECONSTRUCTED
2024-05-14,PNB,2.499210333438241,RECONSTRUCTED
2024-05-14,SBIN,9.72881928320091,RECONSTRUCTED
2024-05-15,AUBANK,2.392777882821121,RECONSTRUCTED
2024-05-15,AXISBANK,9.785448975237571,RECONSTRUCTED
2024-05-15,BANDHANBNK,0.9630157085873924,RECONSTRUCTED
2024-05-15,BANKBARODA,3.1098632217344586,RECONSTRUCTED
2024-05-15,FEDERALBNK,2.272500203951345,RECONSTRUCTED
2024-05-15,HDFCBANK,30.42089886196568,RECONSTRUCTED
2024-05-15,ICICIBANK,22.591564225023227,RECONSTRUCTED
2024-05-15,IDFCFIRSTB,1.8815235876601148,RECONSTRUCTED
2024-05-15,INDUSINDBK,6.261672557741063,RECONSTRUCTED
2024-05-15,KOTAKBANK,8.13628275654867,RECONSTRUCTED
2024-05-15,PNB,2.518478881215996,RECONSTRUCTED
2024-05-15,SBIN,9.665973137513369,RECONSTRUCTED
2024-05-16,AUBANK,2.4126883803776904,RECONSTRUCTED
2024-05-16,AXISBANK,9.749058026454447,RECONSTRUCTED
2024-05-16,BANDHANBNK,1.0245747362616873,RECONSTRUCTED
2024-05-16,BANKBARODA,3.1410998495197155,RECONSTRUCTED
2024-05-16,FEDERALBNK,2.267816741045827,RECONSTRUCTED
2024-05-16,HDFCBANK,30.15409497005832,RECONSTRUCTED
2024-05-16,ICICIBANK,22.59735416702261,RECONSTRUCTED
2024-05-16,IDFCFIRSTB,1.8895352706903608,RECONSTRUCTED
2024-05-16,INDUSINDBK,6.337946367854933,RECONSTRUCTED
2024-05-16,KOTAKBANK,8.082819770351382,RECONSTRUCTED
2024-05-16,PNB,2.516924832488333,RECONSTRUCTED
2024-05-16,SBIN,9.826086887874682,RECONSTRUCTED
2024-05-17,AUBANK,2.409240809975752,RECONSTRUCTED
2024-05-17,AXISBANK,9.759846999211735,RECONSTRUCTED
2024-05-17,BANDHANBNK,1.018762001381187,RECONSTRUCTED
2024-05-17,BANKBARODA,3.16831098807601,RECONSTRUCTED
2024-05-17,FEDERALBNK,2.277881918913856,RECONSTRUCTED
2024-05-17,HDFCBANK,30.16225632244087,RECONSTRUCTED
2024-05-17,ICICIBANK,22.674095157388933,RECONSTRUCTED
2024-05-17,IDFCFIRSTB,1.891347972574687,RECONSTRUCTED
2024-05-17,INDUSINDBK,6.340174987339352,RECONSTRUCTED
2024-05-17,KOTAKBANK,7.989260046239364,RECONSTRUCTED
2024-05-17,PNB,2.525252556104322,RECONSTRUCTED
2024-05-17,SBIN,9.783570240353908,RECONSTRUCTED
2024-05-21,AUBANK,2.440411598626168,RECONSTRUCTED
2024-05-21,AXISBANK,9.777683837406348,RECONSTRUCTED
2024-05-21,BANDHANBNK,1.0010137819476084,RECONSTRUCTED
2024-05-21,BANKBARODA,3.1149543128677024,RECONSTRUCTED
2024-05-21,FEDERALBNK,2.2774272798977915,RECONSTRUCTED
2024-05-21,HDFCBANK,30.22885097194747,RECONSTRUCTED
2024-05-21,ICICIBANK,22.83479754429791,RECONSTRUCTED
2024-05-21,IDFCFIRSTB,1.8825658794686888,RECONSTRUCTED
2024-05-21,INDUSINDBK,6.357504502263013,RECONSTRUCTED
2024-05-21,KOTAKBANK,7.969929557503423,RECONSTRUCTED
2024-05-21,PNB,2.4957318241553272,RECONSTRUCTED
2024-05-21,SBIN,9.619128909618553,RECONSTRUCTED
2024-05-22,AUBANK,2.4801171360257848,RECONSTRUCTED
2024-05-22,AXISBANK,9.840578707003491,RECONSTRUCTED
2024-05-22,BANDHANBNK,1.0003964956579083,RECONSTRUCTED
2024-05-22,BANKBARODA,3.128219596329116,RECONSTRUCTED
2024-05-22,FEDERALBNK,2.2860664275419262,RECONSTRUCTED
2024-05-22,HDFCBANK,30.10349566149806,RECONSTRUCTED
2024-05-22,ICICIBANK,22.94798660511509,RECONSTRUCTED
2024-05-22,IDFCFIRSTB,1.882565043467694,RECONSTRUCTED
2024-05-22,INDUSINDBK,6.339863198258266,RECONSTRUCTED
2024-05-22,KOTAKBANK,7.93298174617829,RECONSTRUCTED
2024-05-22,PNB,2.496928498490284,RECONSTRUCTED
2024-05-22,SBIN,9.560800884434082,RECONSTRUCTED
2024-05-23,AUBANK,2.4656749727147,RECONSTRUCTED
2024-05-23,AXISBANK,9.706809799336868,RECONSTRUCTED
2024-05-23,BANDHANBNK,0.994107836716112,RECONSTRUCTED
2024-05-23,BANKBARODA,3.1232838395081983,RECONSTRUCTED
2024-05-23,FEDERALBNK,2.327861247284446,RECONSTRUCTED
2024-05-23,HDFCBANK,30.04173135567473,RECONSTRUCTED
2024-05-23,ICICIBANK,22.941924804665263,RECONSTRUCTED
2024-05-23,IDFCFIRSTB,1.89954518005798,RECONSTRUCTED
2024-05-23,INDUSINDBK,6.310425313767956,RECONSTRUCTED
2024-05-23,KOTAKBANK,8.052899510109697,RECONSTRUCTED
2024-05-23,PNB,2.532740946861809,RECONSTRUCTED
2024-05-23,SBIN,9.602995193302217,RECONSTRUCTED
2024-05-24,AUBANK,2.47156305354093,RECONSTRUCTED
2024-05-24,AXISBANK,9.67618007904276,RECONSTRUCTED
2024-05-24,BANDHANBNK,1.0102023782780651,RECONSTRUCTED
2024-05-24,BANKBARODA,3.140306197697451,RECONSTRUCTED
2024-05-24,FEDERALBNK,2.328643195302276,RECONSTRUCTED
2024-05-24,HDFCBANK,29.68260176886142,RECONSTRUCTED
2024-05-24,ICICIBANK,23.09316732503266,RECONSTRUCTED
2024-05-24,IDFCFIRSTB,1.9163636385100853,RECONSTRUCTED
2024-05-24,INDUSINDBK,6.333572569306445,RECONSTRUCTED
2024-05-24,KOTAKBANK,8.114355317844524,RECONSTRUCTED
2024-05-24,PNB,2.547730652997687,RECONSTRUCTED
2024-05-24,SBIN,9.685313823585712,RECONSTRUCTED
2024-05-27,AUBANK,2.432713682432515,RECONSTRUCTED
2024-05-27,AXISBANK,9.63149940065522,RECONSTRUCTED
2024-05-27,BANDHANBNK,1.0018832996139837,RECONSTRUCTED
2024-05-27,BANKBARODA,3.141728398490585,RECONSTRUCTED
2024-05-27,FEDERALBNK,2.340693003797798,RECONSTRUCTED
2024-05-27,HDFCBANK,29.667384693692988,RECONSTRUCTED
2024-05-27,ICICIBANK,23.28529323898977,RECONSTRUCTED
2024-05-27,IDFCFIRSTB,1.9053412809361543,RECONSTRUCTED
2024-05-27,INDUSINDBK,6.272766234872712,RECONSTRUCTED
2024-05-27,KOTAKBANK,8.130288590825959,RECONSTRUCTED
2024-05-27,PNB,2.502692624585784,RECONSTRUCTED
2024-05-27,SBIN,9.68771555110652,RECONSTRUCTED
2024-05-28,AUBANK,2.419218134033668,RECONSTRUCTED
2024-05-28,AXISBANK,9.633697611453114,RECONSTRUCTED
2024-05-28,BANDHANBNK,0.9925102090017336,RECONSTRUCTED
2024-05-28,BANKBARODA,3.207000136421408,RECONSTRUCTED
2024-05-28,FEDERALBNK,2.3873740362531604,RECONSTRUCTED
2024-05-28,HDFCBANK,29.530037998625648,RECONSTRUCTED
2024-05-28,ICICIBANK,23.27869770983576,RECONSTRUCTED
2024-05-28,IDFCFIRSTB,1.917058649245091,RECONSTRUCTED
2024-05-28,INDUSINDBK,6.279815870870708,RECONSTRUCTED
2024-05-28,KOTAKBANK,8.142459638479085,RECONSTRUCTED
2024-05-28,PNB,2.521952522599416,RECONSTRUCTED
2024-05-28,SBIN,9.6901774831812,RECONSTRUCTED
2024-05-29,AUBANK,2.343687545333128,RECONSTRUCTED
2024-05-29,AXISBANK,9.702080514918322,RECONSTRUCTED
2024-05-29,BANDHANBNK,0.9724255078329448,RECONSTRUCTED
2024-05-29,BANKBARODA,3.1760329878225684,RECONSTRUCTED
2024-05-29,FEDERALBNK,2.363656610797665,RECONSTRUCTED
2024-05-29,HDFCBANK,29.574283269762457,RECONSTRUCTED
2024-05-29,ICICIBANK,23.49558806968449,RECONSTRUCTED
2024-05-29,IDFCFIRSTB,1.9117020626819832,RECONSTRUCTED
2024-05-29,INDUSINDBK,6.194179108758147,RECONSTRUCTED
2024-05-29,KOTAKBANK,8.11160448668032,RECONSTRUCTED
2024-05-29,PNB,2.492010937206147,RECONSTRUCTED
2024-05-29,SBIN,9.66274889852184,RECONSTRUCTED
2024-05-30,AUBANK,2.38820074487322,RECONSTRUCTED
2024-05-30,AXISBANK,9.670055856991338,RECONSTRUCTED
2024-05-30,BANDHANBNK,1.0040909753139813,RECONSTRUCTED
2024-05-30,BANKBARODA,3.194602092968473,RECONSTRUCTED
2024-05-30,FEDERALBNK,2.360671516607324,RECONSTRUCTED
2024-05-30,HDFCBANK,29.556727417164147,RECONSTRUCTED
2024-05-30,ICICIBANK,23.33585443814785,RECONSTRUCTED
2024-05-30,IDFCFIRSTB,1.9089665572580368,RECONSTRUCTED
2024-05-30,INDUSINDBK,6.275183872430974,RECONSTRUCTED
2024-05-30,KOTAKBANK,8.131155271220761,RECONSTRUCTED
2024-05-30,PNB,2.5131228197015,RECONSTRUCTED
2024-05-30,SBIN,9.661368437322388,RECONSTRUCTED
2024-05-31,AUBANK,2.35,OFFICIAL
2024-05-31,AXISBANK,9.78,OFFICIAL
2024-05-31,BANDHANBNK,1.0,OFFICIAL
2024-05-31,BANKBARODA,3.19,OFFICIAL
2024-05-31,FEDERALBNK,2.35,OFFICIAL
2024-05-31,HDFCBANK,29.42,OFFICIAL
2024-05-31,ICICIBANK,23.33,OFFICIAL
2024-05-31,IDFCFIRSTB,1.95,OFFICIAL
2024-05-31,INDUSINDBK,6.25,OFFICIAL
2024-05-31,KOTAKBANK,8.23,OFFICIAL
2024-05-31,PNB,2.49,OFFICIAL
2024-05-31,SBIN,9.67,OFFICIAL
2024-06-03,AUBANK,2.157513326279731,RECONSTRUCTED
2024-06-03,AXISBANK,10.042903538251826,RECONSTRUCTED
2024-06-03,BANDHANBNK,0.9642021625002452,RECONSTRUCTED
2024-06-03,BANKBARODA,2.704268583239629,RECONSTRUCTED
2024-06-03,FEDERALBNK,2.514529244375153,RECONSTRUCTED
2024-06-03,HDFCBANK,29.52731838739153,RECONSTRUCTED
2024-06-03,ICICIBANK,23.568690082185192,RECONSTRUCTED
2024-06-03,IDFCFIRSTB,1.9008650844375383,RECONSTRUCTED
2024-06-03,INDUSINDBK,5.200344158922596,RECONSTRUCTED
2024-06-03,KOTAKBANK,10.355287228269496,RECONSTRUCTED
2024-06-03,PNB,1.8483178283796728,RECONSTRUCTED
2024-06-03,SBIN,9.215760375767385,RECONSTRUCTED
2024-06-04,AUBANK,2.039428703650324,RECONSTRUCTED
2024-06-04,AXISBANK,10.018969333453327,RECONSTRUCTED
2024-06-04,BANDHANBNK,0.9783725764355002,RECONSTRUCTED
2024-06-04,BANKBARODA,2.982773884156647,RECONSTRUCTED
2024-06-04,FEDERALBNK,2.4640693478088083,RECONSTRUCTED
2024-06-04,HDFCBANK,28.86178488042293,RECONSTRUCTED
2024-06-04,ICICIBANK,23.52870177952134,RECONSTRUCTED
2024-06-04,IDFCFIRSTB,1.8868672332153973,RECONSTRUCTED
2024-06-04,INDUSINDBK,5.271467772085631,RECONSTRUCTED
2024-06-04,KOTAKBANK,10.015524995242634,RECONSTRUCTED
2024-06-04,PNB,2.024212093726094,RECONSTRUCTED
2024-06-04,SBIN,9.927827400281352,RECONSTRUCTED
2024-06-05,AUBANK,2.0005994912982583,RECONSTRUCTED
2024-06-05,AXISBANK,9.995470754281504,RECONSTRUCTED
2024-06-05,BANDHANBNK,0.950189743670231,RECONSTRUCTED
2024-06-05,BANKBARODA,2.975040362959914,RECONSTRUCTED
2024-06-05,FEDERALBNK,2.3972903230007474,RECONSTRUCTED
2024-06-05,HDFCBANK,28.81569733132365,RECONSTRUCTED
2024-06-05,ICICIBANK,23.75374106054222,RECONSTRUCTED
2024-06-05,IDFCFIRSTB,1.851129994143189,RECONSTRUCTED
2024-06-05,INDUSINDBK,5.105110788381063,RECONSTRUCTED
2024-06-05,KOTAKBANK,9.974302657860097,RECONSTRUCTED
2024-06-05,PNB,2.0017264809993107,RECONSTRUCTED
2024-06-05,SBIN,10.179701011539818,RECONSTRUCTED
2024-06-06,AUBANK,2.038470345988542,RECONSTRUCTED
2024-06-06,AXISBANK,10.164052661933423,RECONSTRUCTED
2024-06-06,BANDHANBNK,0.950674606101791,RECONSTRUCTED
2024-06-06,BANKBARODA,2.8916276210967027,RECONSTRUCTED
2024-06-06,FEDERALBNK,2.431803710102572,RECONSTRUCTED
2024-06-06,HDFCBANK,28.81978725504024,RECONSTRUCTED
2024-06-06,ICICIBANK,23.840422902653536,RECONSTRUCTED
2024-06-06,IDFCFIRSTB,1.860817802087018,RECONSTRUCTED
2024-06-06,INDUSINDBK,5.200606095590906,RECONSTRUCTED
2024-06-06,KOTAKBANK,9.930554844734358,RECONSTRUCTED
2024-06-06,PNB,1.9789091820005549,RECONSTRUCTED
2024-06-06,SBIN,9.892272972670362,RECONSTRUCTED
2024-06-07,AUBANK,2.033755177974238,RECONSTRUCTED
2024-06-07,AXISBANK,10.133102258423952,RECONSTRUCTED
2024-06-07,BANDHANBNK,0.9361722398889644,RECONSTRUCTED
2024-06-07,BANKBARODA,2.901343800365104,RECONSTRUCTED
2024-06-07,FEDERALBNK,2.4497717515482,RECONSTRUCTED
2024-06-07,HDFCBANK,28.8682999944838,RECONSTRUCTED
2024-06-07,ICICIBANK,23.8468729333598,RECONSTRUCTED
2024-06-07,IDFCFIRSTB,1.869373341685872,RECONSTRUCTED
2024-06-07,INDUSINDBK,5.216210704383326,RECONSTRUCTED
2024-06-07,KOTAKBANK,9.9256133054888,RECONSTRUCTED
2024-06-07,PNB,1.980407620856148,RECONSTRUCTED
2024-06-07,SBIN,9.839076871541776,RECONSTRUCTED
2024-06-10,AUBANK,2.031425747148103,RECONSTRUCTED
2024-06-10,AXISBANK,10.016892485259788,RECONSTRUCTED
2024-06-10,BANDHANBNK,0.9273774708158458,RECONSTRUCTED
2024-06-10,BANKBARODA,2.84121506185914,RECONSTRUCTED
2024-06-10,FEDERALBNK,2.451581953242413,RECONSTRUCTED
2024-06-10,HDFCBANK,29.0773250504133,RECONSTRUCTED
2024-06-10,ICICIBANK,23.791039243746493,RECONSTRUCTED
2024-06-10,IDFCFIRSTB,1.8725851396198552,RECONSTRUCTED
2024-06-10,INDUSINDBK,5.235671147116118,RECONSTRUCTED
2024-06-10,KOTAKBANK,9.9666622138946,RECONSTRUCTED
2024-06-10,PNB,1.975679533013119,RECONSTRUCTED
2024-06-10,SBIN,9.812544953871218,RECONSTRUCTED
2024-06-11,AUBANK,2.02131968345427,RECONSTRUCTED
2024-06-11,AXISBANK,10.044267690511994,RECONSTRUCTED
2024-06-11,BANDHANBNK,0.925121058276254,RECONSTRUCTED
2024-06-11,BANKBARODA,2.852672995693681,RECONSTRUCTED
2024-06-11,FEDERALBNK,2.407209349790034,RECONSTRUCTED
2024-06-11,HDFCBANK,28.960664409426023,RECONSTRUCTED
2024-06-11,ICICIBANK,23.867639726582027,RECONSTRUCTED
2024-06-11,IDFCFIRSTB,1.8697355284458728,RECONSTRUCTED
2024-06-11,INDUSINDBK,5.243293211809976,RECONSTRUCTED
2024-06-11,KOTAKBANK,10.097295375192296,RECONSTRUCTED
2024-06-11,PNB,1.959656324498378,RECONSTRUCTED
2024-06-11,SBIN,9.751124646319187,RECONSTRUCTED
2024-06-12,AUBANK,2.042255152780897,RECONSTRUCTED
2024-06-12,AXISBANK,10.136397433185843,RECONSTRUCTED
2024-06-12,BANDHANBNK,0.9377263258714348,RECONSTRUCTED
2024-06-12,BANKBARODA,2.775821974195578,RECONSTRUCTED
2024-06-12,FEDERALBNK,2.3285472670991587,RECONSTRUCTED
2024-06-12,HDFCBANK,28.88976481058145,RECONSTRUCTED
2024-06-12,ICICIBANK,23.922589394807577,RECONSTRUCTED
2024-06-12,IDFCFIRSTB,1.868828381554129,RECONSTRUCTED
2024-06-12,INDUSINDBK,5.250365715138053,RECONSTRUCTED
2024-06-12,KOTAKBANK,10.157860610481457,RECONSTRUCTED
2024-06-12,PNB,1.945868269200404,RECONSTRUCTED
2024-06-12,SBIN,9.743974665104016,RECONSTRUCTED
2024-06-13,AUBANK,2.036489755862732,RECONSTRUCTED
2024-06-13,AXISBANK,10.2386549291945,RECONSTRUCTED
2024-06-13,BANDHANBNK,0.9474230059445782,RECONSTRUCTED
2024-06-13,BANKBARODA,2.779415432423893,RECONSTRUCTED
2024-06-13,FEDERALBNK,2.3474056227639504,RECONSTRUCTED
2024-06-13,HDFCBANK,28.735234133864346,RECONSTRUCTED
2024-06-13,ICICIBANK,24.157649674876417,RECONSTRUCTED
2024-06-13,IDFCFIRSTB,1.8753011849138128,RECONSTRUCTED
2024-06-13,INDUSINDBK,5.164153653018887,RECONSTRUCTED
2024-06-13,KOTAKBANK,10.083591338668038,RECONSTRUCTED
2024-06-13,PNB,1.9575486847278023,RECONSTRUCTED
2024-06-13,SBIN,9.677132583741049,RECONSTRUCTED
2024-06-14,AUBANK,2.06342896966004,RECONSTRUCTED
2024-06-14,AXISBANK,10.211325350452656,RECONSTRUCTED
2024-06-14,BANDHANBNK,0.9495044667421544,RECONSTRUCTED
2024-06-14,BANKBARODA,2.752534401000087,RECONSTRUCTED
2024-06-14,FEDERALBNK,2.3250113671403603,RECONSTRUCTED
2024-06-14,HDFCBANK,28.523266214263508,RECONSTRUCTED
2024-06-14,ICICIBANK,24.2616817129863,RECONSTRUCTED
2024-06-14,IDFCFIRSTB,1.8674667762288963,RECONSTRUCTED
2024-06-14,INDUSINDBK,5.195320290350703,RECONSTRUCTED
2024-06-14,KOTAKBANK,10.16534620815952,RECONSTRUCTED
2024-06-14,PNB,1.926879754105114,RECONSTRUCTED
2024-06-14,SBIN,9.75823448891066,RECONSTRUCTED
2024-06-18,AUBANK,2.0715181641791123,RECONSTRUCTED
2024-06-18,AXISBANK,10.20796078427752,RECONSTRUCTED
2024-06-18,BANDHANBNK,0.9400150452347912,RECONSTRUCTED
2024-06-18,BANKBARODA,2.766757956681972,RECONSTRUCTED
2024-06-18,FEDERALBNK,2.3363541652406705,RECONSTRUCTED
2024-06-18,HDFCBANK,28.58073446521988,RECONSTRUCTED
2024-06-18,ICICIBANK,24.101569144570018,RECONSTRUCTED
2024-06-18,IDFCFIRSTB,1.8039792897575389,RECONSTRUCTED
2024-06-18,INDUSINDBK,5.222030218098444,RECONSTRUCTED
2024-06-18,KOTAKBANK,10.242232873202928,RECONSTRUCTED
2024-06-18,PNB,1.9486260920148268,RECONSTRUCTED
2024-06-18,SBIN,9.7782218015223,RECONSTRUCTED
2024-06-19,AUBANK,2.1353661682920366,RECONSTRUCTED
2024-06-19,AXISBANK,10.108325230486516,RECONSTRUCTED
2024-06-19,BANDHANBNK,0.9541721861401948,RECONSTRUCTED
2024-06-19,BANKBARODA,2.852895615724035,RECONSTRUCTED
2024-06-19,FEDERALBNK,2.3883675510033555,RECONSTRUCTED
2024-06-19,HDFCBANK,28.247575470371988,RECONSTRUCTED
2024-06-19,ICICIBANK,24.09856781999812,RECONSTRUCTED
2024-06-19,IDFCFIRSTB,1.8225677772973377,RECONSTRUCTED
2024-06-19,INDUSINDBK,5.251129633746268,RECONSTRUCTED
2024-06-19,KOTAKBANK,10.27482025410144,RECONSTRUCTED
2024-06-19,PNB,1.9911272214058016,RECONSTRUCTED
2024-06-19,SBIN,9.875085071432911,RECONSTRUCTED
2024-06-20,AUBANK,2.11987034473896,RECONSTRUCTED
2024-06-20,AXISBANK,10.0790805858197,RECONSTRUCTED
2024-06-20,BANDHANBNK,0.9182000334102636,RECONSTRUCTED
2024-06-20,BANKBARODA,2.861843023419907,RECONSTRUCTED
2024-06-20,FEDERALBNK,2.348155428712108,RECONSTRUCTED
2024-06-20,HDFCBANK,28.26484853540505,RECONSTRUCTED
2024-06-20,ICICIBANK,24.021347382853893,RECONSTRUCTED
2024-06-20,IDFCFIRSTB,1.799754715905285,RECONSTRUCTED
2024-06-20,INDUSINDBK,5.291999867170176,RECONSTRUCTED
2024-06-20,KOTAKBANK,10.237831731766626,RECONSTRUCTED
2024-06-20,PNB,2.003041981168605,RECONSTRUCTED
2024-06-20,SBIN,10.054026369629414,RECONSTRUCTED
2024-06-21,AUBANK,2.1131949902072003,RECONSTRUCTED
2024-06-21,AXISBANK,10.076817622606711,RECONSTRUCTED
2024-06-21,BANDHANBNK,0.9118763367650996,RECONSTRUCTED
2024-06-21,BANKBARODA,2.916286814651689,RECONSTRUCTED
2024-06-21,FEDERALBNK,2.375080135591632,RECONSTRUCTED
2024-06-21,HDFCBANK,28.272734269970663,RECONSTRUCTED
2024-06-21,ICICIBANK,23.93795070398569,RECONSTRUCTED
2024-06-21,IDFCFIRSTB,1.804337299950974,RECONSTRUCTED
2024-06-21,INDUSINDBK,5.28448198061583,RECONSTRUCTED
2024-06-21,KOTAKBANK,10.164508073673447,RECONSTRUCTED
2024-06-21,PNB,2.0181922955299405,RECONSTRUCTED
2024-06-21,SBIN,10.124539476451115,RECONSTRUCTED
2024-06-24,AUBANK,2.0780560289193923,RECONSTRUCTED
2024-06-24,AXISBANK,10.162677225977374,RECONSTRUCTED
2024-06-24,BANDHANBNK,0.9183593703194994,RECONSTRUCTED
2024-06-24,BANKBARODA,2.90590930409358,RECONSTRUCTED
2024-06-24,FEDERALBNK,2.3864113774603672,RECONSTRUCTED
2024-06-24,HDFCBANK,28.18566357568284,RECONSTRUCTED
2024-06-24,ICICIBANK,23.72504598551554,RECONSTRUCTED
2024-06-24,IDFCFIRSTB,1.817502093064702,RECONSTRUCTED
2024-06-24,INDUSINDBK,5.419660421894197,RECONSTRUCTED
2024-06-24,KOTAKBANK,10.191450792211556,RECONSTRUCTED
2024-06-24,PNB,2.0317994887395034,RECONSTRUCTED
2024-06-24,SBIN,10.177464336121444,RECONSTRUCTED
2024-06-25,AUBANK,2.10566345771009,RECONSTRUCTED
2024-06-25,AXISBANK,9.986114759277324,RECONSTRUCTED
2024-06-25,BANDHANBNK,0.954875967171311,RECONSTRUCTED
2024-06-25,BANKBARODA,2.955688582660771,RECONSTRUCTED
2024-06-25,FEDERALBNK,2.42551699786028,RECONSTRUCTED
2024-06-25,HDFCBANK,28.02099442476626,RECONSTRUCTED
2024-06-25,ICICIBANK,23.57465442702564,RECONSTRUCTED
2024-06-25,IDFCFIRSTB,1.8496347332484784,RECONSTRUCTED
2024-06-25,INDUSINDBK,5.494497183299773,RECONSTRUCTED
2024-06-25,KOTAKBANK,10.313478263228031,RECONSTRUCTED
2024-06-25,PNB,2.0826256916329937,RECONSTRUCTED
2024-06-25,SBIN,10.23625551211904,RECONSTRUCTED
2024-06-26,AUBANK,2.0856282142705784,RECONSTRUCTED
2024-06-26,AXISBANK,9.930752980737466,RECONSTRUCTED
2024-06-26,BANDHANBNK,0.9501004956604914,RECONSTRUCTED
2024-06-26,BANKBARODA,2.9683789037431363,RECONSTRUCTED
2024-06-26,FEDERALBNK,2.4224313823161205,RECONSTRUCTED
2024-06-26,HDFCBANK,28.33446928277587,RECONSTRUCTED
2024-06-26,ICICIBANK,23.31102263347625,RECONSTRUCTED
2024-06-26,IDFCFIRSTB,1.863382592359771,RECONSTRUCTED
2024-06-26,INDUSINDBK,5.515320002935323,RECONSTRUCTED
2024-06-26,KOTAKBANK,10.275127093914884,RECONSTRUCTED
2024-06-26,PNB,2.0899307676010315,RECONSTRUCTED
2024-06-26,SBIN,10.253455650209071,RECONSTRUCTED
2024-06-27,AUBANK,2.1666943998889714,RECONSTRUCTED
2024-06-27,AXISBANK,9.896831886399132,RECONSTRUCTED
2024-06-27,BANDHANBNK,0.9744513189741538,RECONSTRUCTED
2024-06-27,BANKBARODA,2.97806941671752,RECONSTRUCTED
2024-06-27,FEDERALBNK,2.422875527823783,RECONSTRUCTED
2024-06-27,HDFCBANK,28.4049850663378,RECONSTRUCTED
2024-06-27,ICICIBANK,23.259276785154903,RECONSTRUCTED
2024-06-27,IDFCFIRSTB,1.8743794292858325,RECONSTRUCTED
2024-06-27,INDUSINDBK,5.493872402379293,RECONSTRUCTED
2024-06-27,KOTAKBANK,10.086566174710727,RECONSTRUCTED
2024-06-27,PNB,2.1789544556827445,RECONSTRUCTED
2024-06-27,SBIN,10.263043136645146,RECONSTRUCTED
2024-06-28,AUBANK,2.13,OFFICIAL
2024-06-28,AXISBANK,10.0,OFFICIAL
2024-06-28,BANDHANBNK,0.95,OFFICIAL
2024-06-28,BANKBARODA,2.92,OFFICIAL
2024-06-28,FEDERALBNK,2.4,OFFICIAL
2024-06-28,HDFCBANK,28.38,OFFICIAL
2024-06-28,ICICIBANK,23.46,OFFICIAL
2024-06-28,IDFCFIRSTB,1.86,OFFICIAL
2024-06-28,INDUSINDBK,5.53,OFFICIAL
2024-06-28,KOTAKBANK,10.16,OFFICIAL
2024-06-28,PNB,2.09,OFFICIAL
2024-06-28,SBIN,10.12,OFFICIAL
2024-07-01,AUBANK,2.033012155114072,RECONSTRUCTED
2024-07-01,AXISBANK,8.782437353172664,RECONSTRUCTED
2024-07-01,BANDHANBNK,1.1106280312505956,RECONSTRUCTED
2024-07-01,BANKBARODA,2.589862273266191,RECONSTRUCTED
2024-07-01,FEDERALBNK,3.18309259798275,RECONSTRUCTED
2024-07-01,HDFCBANK,26.59993544552973,RECONSTRUCTED
2024-07-01,ICICIBANK,24.551319364692564,RECONSTRUCTED
2024-07-01,IDFCFIRSTB,1.87791171283998,RECONSTRUCTED
2024-07-01,INDUSINDBK,5.4465038237500565,RECONSTRUCTED
2024-07-01,KOTAKBANK,10.514650214832804,RECONSTRUCTED
2024-07-01,PNB,2.1944182312137914,RECONSTRUCTED
2024-07-01,SBIN,11.116228796354802,RECONSTRUCTED
2024-07-02,AUBANK,2.016903277063635,RECONSTRUCTED
2024-07-02,AXISBANK,8.764775208594692,RECONSTRUCTED
2024-07-02,BANDHANBNK,1.1206344958483745,RECONSTRUCTED
2024-07-02,BANKBARODA,2.636511218053725,RECONSTRUCTED
2024-07-02,FEDERALBNK,3.204330454903924,RECONSTRUCTED
2024-07-02,HDFCBANK,25.98063163461094,RECONSTRUCTED
2024-07-02,ICICIBANK,24.771272703034647,RECONSTRUCTED
2024-07-02,IDFCFIRSTB,1.914602882615842,RECONSTRUCTED
2024-07-02,INDUSINDBK,5.502614406584344,RECONSTRUCTED
2024-07-02,KOTAKBANK,10.64958488714271,RECONSTRUCTED
2024-07-02,PNB,2.208252892300521,RECONSTRUCTED
2024-07-02,SBIN,11.22988593924664,RECONSTRUCTED
2024-07-03,AUBANK,2.074035470537431,RECONSTRUCTED
2024-07-03,AXISBANK,8.733337502595306,RECONSTRUCTED
2024-07-03,BANDHANBNK,1.092297215402877,RECONSTRUCTED
2024-07-03,BANKBARODA,2.6542604989564955,RECONSTRUCTED
2024-07-03,FEDERALBNK,3.14487800160501,RECONSTRUCTED
2024-07-03,HDFCBANK,25.868078990503264,RECONSTRUCTED
2024-07-03,ICICIBANK,24.975487635576656,RECONSTRUCTED
2024-07-03,IDFCFIRSTB,1.900287149193996,RECONSTRUCTED
2024-07-03,INDUSINDBK,5.499023036080966,RECONSTRUCTED
2024-07-03,KOTAKBANK,10.59061074175793,RECONSTRUCTED
2024-07-03,PNB,2.228370763721184,RECONSTRUCTED
2024-07-03,SBIN,11.23933299406888,RECONSTRUCTED
2024-07-04,AUBANK,2.054373870554521,RECONSTRUCTED
2024-07-04,AXISBANK,8.737886848553469,RECONSTRUCTED
2024-07-04,BANDHANBNK,1.109771676723457,RECONSTRUCTED
2024-07-04,BANKBARODA,2.634885283152412,RECONSTRUCTED
2024-07-04,FEDERALBNK,3.157254201817519,RECONSTRUCTED
2024-07-04,HDFCBANK,26.522075330108585,RECONSTRUCTED
2024-07-04,ICICIBANK,24.36925601025234,RECONSTRUCTED
2024-07-04,IDFCFIRSTB,1.895816451646684,RECONSTRUCTED
2024-07-04,INDUSINDBK,5.554027903138871,RECONSTRUCTED
2024-07-04,KOTAKBANK,10.469722556454618,RECONSTRUCTED
2024-07-04,PNB,2.233118663439757,RECONSTRUCTED
2024-07-04,SBIN,11.261811204157778,RECONSTRUCTED
2024-07-05,AUBANK,2.0415155068470585,RECONSTRUCTED
2024-07-05,AXISBANK,8.630797563751331,RECONSTRUCTED
2024-07-05,BANDHANBNK,1.1215401031310803,RECONSTRUCTED
2024-07-05,BANKBARODA,2.5802270599569965,RECONSTRUCTED
2024-07-05,FEDERALBNK,3.045681647518862,RECONSTRUCTED
2024-07-05,HDFCBANK,27.58536433073779,RECONSTRUCTED
2024-07-05,ICICIBANK,24.178318923251567,RECONSTRUCTED
2024-07-05,IDFCFIRSTB,1.8811091705449,RECONSTRUCTED
2024-07-05,INDUSINDBK,5.545351391660148,RECONSTRUCTED
2024-07-05,KOTAKBANK,10.285337911777503,RECONSTRUCTED
2024-07-05,PNB,2.1934192351574944,RECONSTRUCTED
2024-07-05,SBIN,10.911337155665274,RECONSTRUCTED
2024-07-08,AUBANK,2.127114245392641,RECONSTRUCTED
2024-07-08,AXISBANK,8.587577430488464,RECONSTRUCTED
2024-07-08,BANDHANBNK,1.1158527325216514,RECONSTRUCTED
2024-07-08,BANKBARODA,2.6810187491680364,RECONSTRUCTED
2024-07-08,FEDERALBNK,3.0021612222664524,RECONSTRUCTED
2024-07-08,HDFCBANK,27.678408887416207,RECONSTRUCTED
2024-07-08,ICICIBANK,24.040032544325808,RECONSTRUCTED
2024-07-08,IDFCFIRSTB,1.906430367589288,RECONSTRUCTED
2024-07-08,INDUSINDBK,5.50642181872988,RECONSTRUCTED
2024-07-08,KOTAKBANK,10.237429615453388,RECONSTRUCTED
2024-07-08,PNB,2.2097036052879697,RECONSTRUCTED
2024-07-08,SBIN,10.90784878136021,RECONSTRUCTED
2024-07-09,AUBANK,2.14165114054176,RECONSTRUCTED
2024-07-09,AXISBANK,8.600263346442956,RECONSTRUCTED
2024-07-09,BANDHANBNK,1.1395222266567404,RECONSTRUCTED
2024-07-09,BANKBARODA,2.694887843228817,RECONSTRUCTED
2024-07-09,FEDERALBNK,3.015184889743701,RECONSTRUCTED
2024-07-09,HDFCBANK,27.73316001885425,RECONSTRUCTED
2024-07-09,ICICIBANK,23.849623143560663,RECONSTRUCTED
2024-07-09,IDFCFIRSTB,1.925303685954048,RECONSTRUCTED
2024-07-09,INDUSINDBK,5.535822199300139,RECONSTRUCTED
2024-07-09,KOTAKBANK,10.294611920725169,RECONSTRUCTED
2024-07-09,PNB,2.196985332488673,RECONSTRUCTED
2024-07-09,SBIN,10.872984252503096,RECONSTRUCTED
2024-07-10,AUBANK,2.159660146048865,RECONSTRUCTED
2024-07-10,AXISBANK,8.520860371581174,RECONSTRUCTED
2024-07-10,BANDHANBNK,1.1799296441307627,RECONSTRUCTED
2024-07-10,BANKBARODA,2.728357866677509,RECONSTRUCTED
2024-07-10,FEDERALBNK,2.9781252892560084,RECONSTRUCTED
2024-07-10,HDFCBANK,27.701097436179783,RECONSTRUCTED
2024-07-10,ICICIBANK,23.76681672749422,RECONSTRUCTED
2024-07-10,IDFCFIRSTB,1.9348005731398648,RECONSTRUCTED
2024-07-10,INDUSINDBK,5.526263557553012,RECONSTRUCTED
2024-07-10,KOTAKBANK,10.317871676899282,RECONSTRUCTED
2024-07-10,PNB,2.238478079599267,RECONSTRUCTED
2024-07-10,SBIN,10.947738631440249,RECONSTRUCTED
2024-07-11,AUBANK,2.151558810736149,RECONSTRUCTED
2024-07-11,AXISBANK,8.501819129728892,RECONSTRUCTED
2024-07-11,BANDHANBNK,1.156165947690707,RECONSTRUCTED
2024-07-11,BANKBARODA,2.7314122155219422,RECONSTRUCTED
2024-07-11,FEDERALBNK,2.921265612930358,RECONSTRUCTED
2024-07-11,HDFCBANK,27.820181408853745,RECONSTRUCTED
2024-07-11,ICICIBANK,23.89864822105183,RECONSTRUCTED
2024-07-11,IDFCFIRSTB,1.937851433565388,RECONSTRUCTED
2024-07-11,INDUSINDBK,5.5209723409895055,RECONSTRUCTED
2024-07-11,KOTAKBANK,10.253373725574525,RECONSTRUCTED
2024-07-11,PNB,2.2389141465517666,RECONSTRUCTED
2024-07-11,SBIN,10.8678370068052,RECONSTRUCTED
2024-07-12,AUBANK,2.1133578452548125,RECONSTRUCTED
2024-07-12,AXISBANK,8.36232898801461,RECONSTRUCTED
2024-07-12,BANDHANBNK,1.1808405411495109,RECONSTRUCTED
2024-07-12,BANKBARODA,2.7977630146185173,RECONSTRUCTED
2024-07-12,FEDERALBNK,2.878983593962804,RECONSTRUCTED
2024-07-12,HDFCBANK,27.80511488487759,RECONSTRUCTED
2024-07-12,ICICIBANK,24.00506070981308,RECONSTRUCTED
2024-07-12,IDFCFIRSTB,1.9365194705497413,RECONSTRUCTED
2024-07-12,INDUSINDBK,5.502231420936276,RECONSTRUCTED
2024-07-12,KOTAKBANK,10.318043674375405,RECONSTRUCTED
2024-07-12,PNB,2.270369894516475,RECONSTRUCTED
2024-07-12,SBIN,10.82938596193118,RECONSTRUCTED
2024-07-15,AUBANK,2.130978379179432,RECONSTRUCTED
2024-07-15,AXISBANK,8.456649340135803,RECONSTRUCTED
2024-07-15,BANDHANBNK,1.1687248124669865,RECONSTRUCTED
2024-07-15,BANKBARODA,2.7218169604287743,RECONSTRUCTED
2024-07-15,FEDERALBNK,2.9005173236983306,RECONSTRUCTED
2024-07-15,HDFCBANK,27.91879808499741,RECONSTRUCTED
2024-07-15,ICICIBANK,24.152085980502505,RECONSTRUCTED
2024-07-15,IDFCFIRSTB,1.9464534049254505,RECONSTRUCTED
2024-07-15,INDUSINDBK,5.486352623393016,RECONSTRUCTED
2024-07-15,KOTAKBANK,10.296291272637683,RECONSTRUCTED
2024-07-15,PNB,2.2186970730606026,RECONSTRUCTED
2024-07-15,SBIN,10.602634744574004,RECONSTRUCTED
2024-07-16,AUBANK,2.150087106906824,RECONSTRUCTED
2024-07-16,AXISBANK,8.469618713578006,RECONSTRUCTED
2024-07-16,BANDHANBNK,1.1491315316945545,RECONSTRUCTED
2024-07-16,BANKBARODA,2.722483348275487,RECONSTRUCTED
2024-07-16,FEDERALBNK,2.888401586013523,RECONSTRUCTED
2024-07-16,HDFCBANK,27.92829346067625,RECONSTRUCTED
2024-07-16,ICICIBANK,23.931698448072066,RECONSTRUCTED
2024-07-16,IDFCFIRSTB,1.9495328018382216,RECONSTRUCTED
2024-07-16,INDUSINDBK,5.4732561734289575,RECONSTRUCTED
2024-07-16,KOTAKBANK,10.50278332855936,RECONSTRUCTED
2024-07-16,PNB,2.2360208123451204,RECONSTRUCTED
2024-07-16,SBIN,10.598692688611637,RECONSTRUCTED
2024-07-18,AUBANK,2.163727244682557,RECONSTRUCTED
2024-07-18,AXISBANK,8.46946749563187,RECONSTRUCTED
2024-07-18,BANDHANBNK,1.168592668412553,RECONSTRUCTED
2024-07-18,BANKBARODA,2.7631383990627763,RECONSTRUCTED
2024-07-18,FEDERALBNK,2.88187079649398,RECONSTRUCTED
2024-07-18,HDFCBANK,28.1294145265739,RECONSTRUCTED
2024-07-18,ICICIBANK,23.83048602630743,RECONSTRUCTED
2024-07-18,IDFCFIRSTB,1.9628592768262296,RECONSTRUCTED
2024-07-18,INDUSINDBK,5.45432903594934,RECONSTRUCTED
2024-07-18,KOTAKBANK,10.422255581167333,RECONSTRUCTED
2024-07-18,PNB,2.2645116446940325,RECONSTRUCTED
2024-07-18,SBIN,10.489347304198004,RECONSTRUCTED
2024-07-19,AUBANK,2.147192927899312,RECONSTRUCTED
2024-07-19,AXISBANK,8.52370433479007,RECONSTRUCTED
2024-07-19,BANDHANBNK,1.1817516394829608,RECONSTRUCTED
2024-07-19,BANKBARODA,2.797740867213869,RECONSTRUCTED
2024-07-19,FEDERALBNK,2.939255494110612,RECONSTRUCTED
2024-07-19,HDFCBANK,28.071296932744417,RECONSTRUCTED
2024-07-19,ICICIBANK,23.70208226961136,RECONSTRUCTED
2024-07-19,IDFCFIRSTB,1.9938198034268444,RECONSTRUCTED
2024-07-19,INDUSINDBK,5.510254471845082,RECONSTRUCTED
2024-07-19,KOTAKBANK,10.37031830635962,RECONSTRUCTED
2024-07-19,PNB,2.2943200545729145,RECONSTRUCTED
2024-07-19,SBIN,10.46826289794293,RECONSTRUCTED
2024-07-22,AUBANK,2.0771027151541848,RECONSTRUCTED
2024-07-22,AXISBANK,8.59399255273417,RECONSTRUCTED
2024-07-22,BANDHANBNK,1.1496203258698727,RECONSTRUCTED
2024-07-22,BANKBARODA,2.772757725966765,RECONSTRUCTED
2024-07-22,FEDERALBNK,2.9186510098386584,RECONSTRUCTED
2024-07-22,HDFCBANK,27.48430330824165,RECONSTRUCTED
2024-07-22,ICICIBANK,23.858700586199703,RECONSTRUCTED
2024-07-22,IDFCFIRSTB,1.9545727589703064,RECONSTRUCTED
2024-07-22,INDUSINDBK,5.548403162112746,RECONSTRUCTED
2024-07-22,KOTAKBANK,10.75427953966489,RECONSTRUCTED
2024-07-22,PNB,2.263552539888608,RECONSTRUCTED
2024-07-22,SBIN,10.624063775358463,RECONSTRUCTED
2024-07-23,AUBANK,2.055041656001514,RECONSTRUCTED
2024-07-23,AXISBANK,8.643479975472559,RECONSTRUCTED
2024-07-23,BANDHANBNK,1.1529814756856644,RECONSTRUCTED
2024-07-23,BANKBARODA,2.767650731990888,RECONSTRUCTED
2024-07-23,FEDERALBNK,2.8179286129277044,RECONSTRUCTED
2024-07-23,HDFCBANK,27.633951720118063,RECONSTRUCTED
2024-07-23,ICICIBANK,23.91335861985829,RECONSTRUCTED
2024-07-23,IDFCFIRSTB,1.961603036712269,RECONSTRUCTED
2024-07-23,INDUSINDBK,5.536265584561955,RECONSTRUCTED
2024-07-23,KOTAKBANK,10.58549716770901,RECONSTRUCTED
2024-07-23,PNB,2.2502237709365733,RECONSTRUCTED
2024-07-23,SBIN,10.6820176480255,RECONSTRUCTED
2024-07-24,AUBANK,2.026502050182447,RECONSTRUCTED
2024-07-24,AXISBANK,8.732203310146073,RECONSTRUCTED
2024-07-24,BANDHANBNK,1.1877623630372602,RECONSTRUCTED
2024-07-24,BANKBARODA,2.766627494736339,RECONSTRUCTED
2024-07-24,FEDERALBNK,2.747385220895416,RECONSTRUCTED
2024-07-24,HDFCBANK,27.63221959971981,RECONSTRUCTED
2024-07-24,ICICIBANK,23.772508339803643,RECONSTRUCTED
2024-07-24,IDFCFIRSTB,1.9679842311244908,RECONSTRUCTED
2024-07-24,INDUSINDBK,5.55185050110317,RECONSTRUCTED
2024-07-24,KOTAKBANK,10.627359318726384,RECONSTRUCTED
2024-07-24,PNB,2.2530931004920465,RECONSTRUCTED
2024-07-24,SBIN,10.73450447003292,RECONSTRUCTED
2024-07-25,AUBANK,2.0992594177599853,RECONSTRUCTED
2024-07-25,AXISBANK,9.129778067519116,RECONSTRUCTED
2024-07-25,BANDHANBNK,1.1927526979868297,RECONSTRUCTED
2024-07-25,BANKBARODA,2.784996090354377,RECONSTRUCTED
2024-07-25,FEDERALBNK,2.6798221292240734,RECONSTRUCTED
2024-07-25,HDFCBANK,27.20063008225257,RECONSTRUCTED
2024-07-25,ICICIBANK,24.078463408383648,RECONSTRUCTED
2024-07-25,IDFCFIRSTB,1.9785534989881968,RECONSTRUCTED
2024-07-25,INDUSINDBK,5.577986393637178,RECONSTRUCTED
2024-07-25,KOTAKBANK,10.37127570384236,RECONSTRUCTED
2024-07-25,PNB,2.2130388566804338,RECONSTRUCTED
2024-07-25,SBIN,10.693443653371231,RECONSTRUCTED
2024-07-26,AUBANK,2.0554316337595586,RECONSTRUCTED
2024-07-26,AXISBANK,9.193184744342252,RECONSTRUCTED
2024-07-26,BANDHANBNK,1.1608509987652094,RECONSTRUCTED
2024-07-26,BANKBARODA,2.7588818191031814,RECONSTRUCTED
2024-07-26,FEDERALBNK,2.792774688328194,RECONSTRUCTED
2024-07-26,HDFCBANK,27.39704576323925,RECONSTRUCTED
2024-07-26,ICICIBANK,24.08857341257128,RECONSTRUCTED
2024-07-26,IDFCFIRSTB,1.9995721089372007,RECONSTRUCTED
2024-07-26,INDUSINDBK,5.524309443508808,RECONSTRUCTED
2024-07-26,KOTAKBANK,10.23309131481792,RECONSTRUCTED
2024-07-26,PNB,2.189676845382841,RECONSTRUCTED
2024-07-26,SBIN,10.606607227244286,RECONSTRUCTED
2024-07-29,AUBANK,2.061360089989313,RECONSTRUCTED
2024-07-29,AXISBANK,9.27222881043158,RECONSTRUCTED
2024-07-29,BANDHANBNK,1.023382400572995,RECONSTRUCTED
2024-07-29,BANKBARODA,2.698350566301228,RECONSTRUCTED
2024-07-29,FEDERALBNK,2.757404313773488,RECONSTRUCTED
2024-07-29,HDFCBANK,27.685409223649582,RECONSTRUCTED
2024-07-29,ICICIBANK,24.03554243721052,RECONSTRUCTED
2024-07-29,IDFCFIRSTB,1.9948857478855369,RECONSTRUCTED
2024-07-29,INDUSINDBK,5.5074463916696565,RECONSTRUCTED
2024-07-29,KOTAKBANK,10.371151342152263,RECONSTRUCTED
2024-07-29,PNB,2.072972473567598,RECONSTRUCTED
2024-07-29,SBIN,10.51986620279624,RECONSTRUCTED
2024-07-30,AUBANK,2.0607426132595883,RECONSTRUCTED
2024-07-30,AXISBANK,9.289812582174315,RECONSTRUCTED
2024-07-30,BANDHANBNK,1.021080603409167,RECONSTRUCTED
2024-07-30,BANKBARODA,2.6996597183564432,RECONSTRUCTED
2024-07-30,FEDERALBNK,2.751155527282216,RECONSTRUCTED
2024-07-30,HDFCBANK,27.556455779884647,RECONSTRUCTED
2024-07-30,ICICIBANK,24.14480222935969,RECONSTRUCTED
2024-07-30,IDFCFIRSTB,1.966780533187737,RECONSTRUCTED
2024-07-30,INDUSINDBK,5.447415538331661,RECONSTRUCTED
2024-07-30,KOTAKBANK,10.435750165372246,RECONSTRUCTED
2024-07-30,PNB,2.101469978353204,RECONSTRUCTED
2024-07-30,SBIN,10.52487473102909,RECONSTRUCTED
2024-07-31,AUBANK,2.08,OFFICIAL
2024-07-31,AXISBANK,9.33,OFFICIAL
2024-07-31,BANDHANBNK,1.03,OFFICIAL
2024-07-31,BANKBARODA,2.73,OFFICIAL
2024-07-31,FEDERALBNK,2.76,OFFICIAL
2024-07-31,HDFCBANK,27.58,OFFICIAL
2024-07-31,ICICIBANK,24.06,OFFICIAL
2024-07-31,IDFCFIRSTB,1.97,OFFICIAL
2024-07-31,INDUSINDBK,5.46,OFFICIAL
2024-07-31,KOTAKBANK,10.32,OFFICIAL
2024-07-31,PNB,2.13,OFFICIAL
2024-07-31,SBIN,10.54,OFFICIAL
2024-08-01,AUBANK,2.374375501157097,RECONSTRUCTED
2024-08-01,AXISBANK,9.475913706845557,RECONSTRUCTED
2024-08-01,BANDHANBNK,0.8983715396211764,RECONSTRUCTED
2024-08-01,BANKBARODA,2.691095098778108,RECONSTRUCTED
2024-08-01,FEDERALBNK,2.618024052822725,RECONSTRUCTED
2024-08-01,HDFCBANK,28.06348049275909,RECONSTRUCTED
2024-08-01,ICICIBANK,25.071649194807005,RECONSTRUCTED
2024-08-01,IDFCFIRSTB,1.8829412703017887,RECONSTRUCTED
2024-08-01,INDUSINDBK,5.4978590052556005,RECONSTRUCTED
2024-08-01,KOTAKBANK,10.155541433246592,RECONSTRUCTED
2024-08-01,PNB,1.9081478357350807,RECONSTRUCTED
2024-08-01,SBIN,9.362600868670166,RECONSTRUCTED
2024-08-02,AUBANK,2.3909129428450684,RECONSTRUCTED
2024-08-02,AXISBANK,9.529170707248728,RECONSTRUCTED
2024-08-02,BANDHANBNK,0.8995636765487465,RECONSTRUCTED
2024-08-02,BANKBARODA,2.762809222244572,RECONSTRUCTED
2024-08-02,FEDERALBNK,2.647109293733594,RECONSTRUCTED
2024-08-02,HDFCBANK,27.60280182452728,RECONSTRUCTED
2024-08-02,ICICIBANK,25.249024317057977,RECONSTRUCTED
2024-08-02,IDFCFIRSTB,1.9022808034071348,RECONSTRUCTED
2024-08-02,INDUSINDBK,5.5353801796439965,RECONSTRUCTED
2024-08-02,KOTAKBANK,10.0523068326096,RECONSTRUCTED
2024-08-02,PNB,1.9426323755275177,RECONSTRUCTED
2024-08-02,SBIN,9.48600782460578,RECONSTRUCTED
2024-08-05,AUBANK,2.35364418959029,RECONSTRUCTED
2024-08-05,AXISBANK,9.522600256833051,RECONSTRUCTED
2024-08-05,BANDHANBNK,0.9224246662336848,RECONSTRUCTED
2024-08-05,BANKBARODA,2.737987930256659,RECONSTRUCTED
2024-08-05,FEDERALBNK,2.6480533008154303,RECONSTRUCTED
2024-08-05,HDFCBANK,27.65734593403205,RECONSTRUCTED
2024-08-05,ICICIBANK,25.14035578631588,RECONSTRUCTED
2024-08-05,IDFCFIRSTB,1.9154678555910565,RECONSTRUCTED
2024-08-05,INDUSINDBK,5.458964663336587,RECONSTRUCTED
2024-08-05,KOTAKBANK,9.97350360054326,RECONSTRUCTED
2024-08-05,PNB,2.00069764194444,RECONSTRUCTED
2024-08-05,SBIN,9.668954174507588,RECONSTRUCTED
2024-08-06,AUBANK,2.323335906402659,RECONSTRUCTED
2024-08-06,AXISBANK,9.52013456991836,RECONSTRUCTED
2024-08-06,BANDHANBNK,0.921450656223453,RECONSTRUCTED
2024-08-06,BANKBARODA,2.72451833648152,RECONSTRUCTED
2024-08-06,FEDERALBNK,2.6504245558502206,RECONSTRUCTED
2024-08-06,HDFCBANK,27.71928685259481,RECONSTRUCTED
2024-08-06,ICICIBANK,25.09280552906741,RECONSTRUCTED
2024-08-06,IDFCFIRSTB,1.9090979598108704,RECONSTRUCTED
2024-08-06,INDUSINDBK,5.4550972122460895,RECONSTRUCTED
2024-08-06,KOTAKBANK,9.923171704555775,RECONSTRUCTED
2024-08-06,PNB,1.989391316398668,RECONSTRUCTED
2024-08-06,SBIN,9.771285400450145,RECONSTRUCTED
2024-08-07,AUBANK,2.358968650286184,RECONSTRUCTED
2024-08-07,AXISBANK,9.499118494929352,RECONSTRUCTED
2024-08-07,BANDHANBNK,0.9166197916612006,RECONSTRUCTED
2024-08-07,BANKBARODA,2.700362450460077,RECONSTRUCTED
2024-08-07,FEDERALBNK,2.6512764910423945,RECONSTRUCTED
2024-08-07,HDFCBANK,27.537387052259245,RECONSTRUCTED
2024-08-07,ICICIBANK,25.15459543094861,RECONSTRUCTED
2024-08-07,IDFCFIRSTB,1.9025689505407943,RECONSTRUCTED
2024-08-07,INDUSINDBK,5.6412170962172485,RECONSTRUCTED
2024-08-07,KOTAKBANK,9.961589036471736,RECONSTRUCTED
2024-08-07,PNB,1.9672165555488608,RECONSTRUCTED
2024-08-07,SBIN,9.7090799996343,RECONSTRUCTED
2024-08-08,AUBANK,2.378087685411157,RECONSTRUCTED
2024-08-08,AXISBANK,9.49273157298176,RECONSTRUCTED
2024-08-08,BANDHANBNK,0.9374884702961972,RECONSTRUCTED
2024-08-08,BANKBARODA,2.724699571202015,RECONSTRUCTED
2024-08-08,FEDERALBNK,2.6378558465320947,RECONSTRUCTED
2024-08-08,HDFCBANK,27.229525761961447,RECONSTRUCTED
2024-08-08,ICICIBANK,25.33717526657216,RECONSTRUCTED
2024-08-08,IDFCFIRSTB,1.916761139749002,RECONSTRUCTED
2024-08-08,INDUSINDBK,5.635112021662562,RECONSTRUCTED
2024-08-08,KOTAKBANK,9.988076932993977,RECONSTRUCTED
2024-08-08,PNB,2.001199098050078,RECONSTRUCTED
2024-08-08,SBIN,9.721286632587564,RECONSTRUCTED
2024-08-09,AUBANK,2.394045156112941,RECONSTRUCTED
2024-08-09,AXISBANK,9.515682479803088,RECONSTRUCTED
2024-08-09,BANDHANBNK,0.942039600485123,RECONSTRUCTED
2024-08-09,BANKBARODA,2.6921306963278493,RECONSTRUCTED
2024-08-09,FEDERALBNK,2.6041226846564767,RECONSTRUCTED
2024-08-09,HDFCBANK,27.28111918095494,RECONSTRUCTED
2024-08-09,ICICIBANK,25.348719118314733,RECONSTRUCTED
2024-08-09,IDFCFIRSTB,1.9071841551924849,RECONSTRUCTED
2024-08-09,INDUSINDBK,5.661061293790042,RECONSTRUCTED
2024-08-09,KOTAKBANK,10.070300315174634,RECONSTRUCTED
2024-08-09,PNB,1.9923034756518048,RECONSTRUCTED
2024-08-09,SBIN,9.59129184353588,RECONSTRUCTED
2024-08-12,AUBANK,2.467146815173389,RECONSTRUCTED
2024-08-12,AXISBANK,9.375643311627512,RECONSTRUCTED
2024-08-12,BANDHANBNK,0.9574376136540896,RECONSTRUCTED
2024-08-12,BANKBARODA,2.7135704489934422,RECONSTRUCTED
2024-08-12,FEDERALBNK,2.5663802458844645,RECONSTRUCTED
2024-08-12,HDFCBANK,27.22321056505203,RECONSTRUCTED
2024-08-12,ICICIBANK,25.20365365226222,RECONSTRUCTED
2024-08-12,IDFCFIRSTB,1.943088998870164,RECONSTRUCTED
2024-08-12,INDUSINDBK,5.678518333876824,RECONSTRUCTED
2024-08-12,KOTAKBANK,10.092671855751112,RECONSTRUCTED
2024-08-12,PNB,2.0116943675758345,RECONSTRUCTED
2024-08-12,SBIN,9.766983791278896,RECONSTRUCTED
2024-08-13,AUBANK,2.4231714549845007,RECONSTRUCTED
2024-08-13,AXISBANK,9.279211596049402,RECONSTRUCTED
2024-08-13,BANDHANBNK,0.9582200570402566,RECONSTRUCTED
2024-08-13,BANKBARODA,2.7091185460543272,RECONSTRUCTED
2024-08-13,FEDERALBNK,2.517719799850029,RECONSTRUCTED
2024-08-13,HDFCBANK,27.786840538776687,RECONSTRUCTED
2024-08-13,ICICIBANK,24.93835276969815,RECONSTRUCTED
2024-08-13,IDFCFIRSTB,1.926611578107456,RECONSTRUCTED
2024-08-13,INDUSINDBK,5.598460861925006,RECONSTRUCTED
2024-08-13,KOTAKBANK,10.06494441928874,RECONSTRUCTED
2024-08-13,PNB,1.988170531241164,RECONSTRUCTED
2024-08-13,SBIN,9.809177846984296,RECONSTRUCTED
2024-08-14,AUBANK,2.4533295509373825,RECONSTRUCTED
2024-08-14,AXISBANK,9.310251295400858,RECONSTRUCTED
2024-08-14,BANDHANBNK,0.9691699716847983,RECONSTRUCTED
2024-08-14,BANKBARODA,2.72890719989718,RECONSTRUCTED
2024-08-14,FEDERALBNK,2.5054149026185075,RECONSTRUCTED
2024-08-14,HDFCBANK,27.644193170423986,RECONSTRUCTED
2024-08-14,ICICIBANK,25.02502699325653,RECONSTRUCTED
2024-08-14,IDFCFIRSTB,1.9431856673991688,RECONSTRUCTED
2024-08-14,INDUSINDBK,5.637881707733486,RECONSTRUCTED
2024-08-14,KOTAKBANK,10.065850459358462,RECONSTRUCTED
2024-08-14,PNB,1.9963897683886525,RECONSTRUCTED
2024-08-14,SBIN,9.720399312900993,RECONSTRUCTED
2024-08-16,AUBANK,2.4513654653875903,RECONSTRUCTED
2024-08-16,AXISBANK,9.347906573141364,RECONSTRUCTED
2024-08-16,BANDHANBNK,0.9764699539822252,RECONSTRUCTED
2024-08-16,BANKBARODA,2.727060803854486,RECONSTRUCTED
2024-08-16,FEDERALBNK,2.5337957962386337,RECONSTRUCTED
2024-08-16,HDFCBANK,27.6687917665287,RECONSTRUCTED
2024-08-16,ICICIBANK,24.87761342061389,RECONSTRUCTED
2024-08-16,IDFCFIRSTB,1.9369967997255488,RECONSTRUCTED
2024-08-16,INDUSINDBK,5.618797724359447,RECONSTRUCTED
2024-08-16,KOTAKBANK,10.057899729788955,RECONSTRUCTED
2024-08-16,PNB,2.037876304422485,RECONSTRUCTED
2024-08-16,SBIN,9.765425661956684,RECONSTRUCTED
2024-08-19,AUBANK,2.4357493064306164,RECONSTRUCTED
2024-08-19,AXISBANK,9.429309814453712,RECONSTRUCTED
2024-08-19,BANDHANBNK,0.9713130493851636,RECONSTRUCTED
2024-08-19,BANKBARODA,2.6758801493078224,RECONSTRUCTED
2024-08-19,FEDERALBNK,2.538284751060876,RECONSTRUCTED
2024-08-19,HDFCBANK,27.59374124748152,RECONSTRUCTED
2024-08-19,ICICIBANK,25.041160384236505,RECONSTRUCTED
2024-08-19,IDFCFIRSTB,1.9297506353041487,RECONSTRUCTED
2024-08-19,INDUSINDBK,5.670463195342986,RECONSTRUCTED
2024-08-19,KOTAKBANK,10.00443958125766,RECONSTRUCTED
2024-08-19,PNB,1.9933970444059244,RECONSTRUCTED
2024-08-19,SBIN,9.716510841333063,RECONSTRUCTED
2024-08-20,AUBANK,2.4334021120194325,RECONSTRUCTED
2024-08-20,AXISBANK,9.390456931337932,RECONSTRUCTED
2024-08-20,BANDHANBNK,0.955353552589428,RECONSTRUCTED
2024-08-20,BANKBARODA,2.624660033584606,RECONSTRUCTED
2024-08-20,FEDERALBNK,2.5474629645485063,RECONSTRUCTED
2024-08-20,HDFCBANK,27.72699506098733,RECONSTRUCTED
2024-08-20,ICICIBANK,25.180917172681617,RECONSTRUCTED
2024-08-20,IDFCFIRSTB,1.9108215328696605,RECONSTRUCTED
2024-08-20,INDUSINDBK,5.579787959841604,RECONSTRUCTED
2024-08-20,KOTAKBANK,9.954848567900877,RECONSTRUCTED
2024-08-20,PNB,1.9739089551772635,RECONSTRUCTED
2024-08-20,SBIN,9.721385156461723,RECONSTRUCTED
2024-08-21,AUBANK,2.4120371853390767,RECONSTRUCTED
2024-08-21,AXISBANK,9.31764378850525,RECONSTRUCTED
2024-08-21,BANDHANBNK,0.921052078944674,RECONSTRUCTED
2024-08-21,BANKBARODA,2.628395735177941,RECONSTRUCTED
2024-08-21,FEDERALBNK,2.5471873218599,RECONSTRUCTED
2024-08-21,HDFCBANK,27.86522528541318,RECONSTRUCTED
2024-08-21,ICICIBANK,25.22093624305944,RECONSTRUCTED
2024-08-21,IDFCFIRSTB,1.8991444779209004,RECONSTRUCTED
2024-08-21,INDUSINDBK,5.555999390364068,RECONSTRUCTED
2024-08-21,KOTAKBANK,9.891792140190642,RECONSTRUCTED
2024-08-21,PNB,1.985237408632896,RECONSTRUCTED
2024-08-21,SBIN,9.755348944592049,RECONSTRUCTED
2024-08-22,AUBANK,2.3952667894388826,RECONSTRUCTED
2024-08-22,AXISBANK,9.409876003646923,RECONSTRUCTED
2024-08-22,BANDHANBNK,0.919156798245153,RECONSTRUCTED
2024-08-22,BANKBARODA,2.637070282240979,RECONSTRUCTED
2024-08-22,FEDERALBNK,2.5617712278842206,RECONSTRUCTED
2024-08-22,HDFCBANK,27.93990266610988,RECONSTRUCTED
2024-08-22,ICICIBANK,25.02789882404825,RECONSTRUCTED
2024-08-22,IDFCFIRSTB,1.866813468656118,RECONSTRUCTED
2024-08-22,INDUSINDBK,5.598229110941374,RECONSTRUCTED
2024-08-22,KOTAKBANK,9.905140201423654,RECONSTRUCTED
2024-08-22,PNB,1.981123927041109,RECONSTRUCTED
2024-08-22,SBIN,9.757750700323443,RECONSTRUCTED
2024-08-23,AUBANK,2.4226338956549305,RECONSTRUCTED
2024-08-23,AXISBANK,9.43544982342916,RECONSTRUCTED
2024-08-23,BANDHANBNK,0.9353967973023624,RECONSTRUCTED
2024-08-23,BANKBARODA,2.651895113068655,RECONSTRUCTED
2024-08-23,FEDERALBNK,2.5927908089318445,RECONSTRUCTED
2024-08-23,HDFCBANK,28.02743747727281,RECONSTRUCTED
2024-08-23,ICICIBANK,24.75243352930385,RECONSTRUCTED
2024-08-23,IDFCFIRSTB,1.889050284948037,RECONSTRUCTED
2024-08-23,INDUSINDBK,5.567460195837054,RECONSTRUCTED
2024-08-23,KOTAKBANK,9.91715964364271,RECONSTRUCTED
2024-08-23,PNB,1.9982760089446592,RECONSTRUCTED
2024-08-23,SBIN,9.81001642166392,RECONSTRUCTED
2024-08-26,AUBANK,2.403686488952929,RECONSTRUCTED
2024-08-26,AXISBANK,9.44087234626703,RECONSTRUCTED
2024-08-26,BANDHANBNK,0.9472212108112248,RECONSTRUCTED
2024-08-26,BANKBARODA,2.674972466985216,RECONSTRUCTED
2024-08-26,FEDERALBNK,2.6148355617531496,RECONSTRUCTED
2024-08-26,HDFCBANK,27.89242786838293,RECONSTRUCTED
2024-08-26,ICICIBANK,24.65827084161953,RECONSTRUCTED
2024-08-26,IDFCFIRSTB,1.90512374324887,RECONSTRUCTED
2024-08-26,INDUSINDBK,5.607800411892574,RECONSTRUCTED
2024-08-26,KOTAKBANK,9.990102568926623,RECONSTRUCTED
2024-08-26,PNB,2.008784453560512,RECONSTRUCTED
2024-08-26,SBIN,9.855902037599414,RECONSTRUCTED
2024-08-27,AUBANK,2.4036933684780872,RECONSTRUCTED
2024-08-27,AXISBANK,9.37774788813476,RECONSTRUCTED
2024-08-27,BANDHANBNK,0.9449677771640832,RECONSTRUCTED
2024-08-27,BANKBARODA,2.6840830500071613,RECONSTRUCTED
2024-08-27,FEDERALBNK,2.645751189516095,RECONSTRUCTED
2024-08-27,HDFCBANK,28.002727727366604,RECONSTRUCTED
2024-08-27,ICICIBANK,24.4594899938991,RECONSTRUCTED
2024-08-27,IDFCFIRSTB,1.898054114578388,RECONSTRUCTED
2024-08-27,INDUSINDBK,5.627707594988117,RECONSTRUCTED
2024-08-27,KOTAKBANK,10.0669739124977,RECONSTRUCTED
2024-08-27,PNB,2.017496392623639,RECONSTRUCTED
2024-08-27,SBIN,9.871306990746262,RECONSTRUCTED
2024-08-28,AUBANK,2.4071553300506565,RECONSTRUCTED
2024-08-28,AXISBANK,9.43582350496785,RECONSTRUCTED
2024-08-28,BANDHANBNK,0.9636168689128332,RECONSTRUCTED
2024-08-28,BANKBARODA,2.6916214577398723,RECONSTRUCTED
2024-08-28,FEDERALBNK,2.657275381889737,RECONSTRUCTED
2024-08-28,HDFCBANK,27.94154996801121,RECONSTRUCTED
2024-08-28,ICICIBANK,24.44620191065257,RECONSTRUCTED
2024-08-28,IDFCFIRSTB,1.905676680586512,RECONSTRUCTED
2024-08-28,INDUSINDBK,5.484129680508308,RECONSTRUCTED
2024-08-28,KOTAKBANK,10.108539395217605,RECONSTRUCTED
2024-08-28,PNB,2.033508796668037,RECONSTRUCTED
2024-08-28,SBIN,9.924901024794831,RECONSTRUCTED
2024-08-29,AUBANK,2.3783501739155306,RECONSTRUCTED
2024-08-29,AXISBANK,9.402139174528484,RECONSTRUCTED
2024-08-29,BANDHANBNK,0.9773939950252908,RECONSTRUCTED
2024-08-29,BANKBARODA,2.692744383435828,RECONSTRUCTED
2024-08-29,FEDERALBNK,2.6529683199381515,RECONSTRUCTED
2024-08-29,HDFCBANK,27.922882684126808,RECONSTRUCTED
2024-08-29,ICICIBANK,24.49052726375317,RECONSTRUCTED
2024-08-29,IDFCFIRSTB,1.928474806965888,RECONSTRUCTED
2024-08-29,INDUSINDBK,5.478741015467745,RECONSTRUCTED
2024-08-29,KOTAKBANK,10.190663621342445,RECONSTRUCTED
2024-08-29,PNB,2.020217843256139,RECONSTRUCTED
2024-08-29,SBIN,9.864896718244518,RECONSTRUCTED
2024-08-30,AUBANK,2.22,OFFICIAL
2024-08-30,AXISBANK,9.44,OFFICIAL
2024-08-30,BANDHANBNK,0.95,OFFICIAL
2024-08-30,BANKBARODA,2.7,OFFICIAL
2024-08-30,FEDERALBNK,2.68,OFFICIAL
2024-08-30,HDFCBANK,28.06,OFFICIAL
2024-08-30,ICICIBANK,24.44,OFFICIAL
2024-08-30,IDFCFIRSTB,1.92,OFFICIAL
2024-08-30,INDUSINDBK,5.47,OFFICIAL
2024-08-30,KOTAKBANK,10.21,OFFICIAL
2024-08-30,PNB,2.01,OFFICIAL
2024-08-30,SBIN,9.89,OFFICIAL
2024-09-02,AUBANK,2.190976183530509,RECONSTRUCTED
2024-09-02,AXISBANK,9.53335634268254,RECONSTRUCTED
2024-09-02,BANDHANBNK,0.9546627913940054,RECONSTRUCTED
2024-09-02,BANKBARODA,2.736579196780173,RECONSTRUCTED
2024-09-02,FEDERALBNK,2.675929644285101,RECONSTRUCTED
2024-09-02,HDFCBANK,27.844211077342123,RECONSTRUCTED
2024-09-02,ICICIBANK,24.415261162576265,RECONSTRUCTED
2024-09-02,IDFCFIRSTB,1.947260292722805,RECONSTRUCTED
2024-09-02,INDUSINDBK,5.552325298790207,RECONSTRUCTED
2024-09-02,KOTAKBANK,10.190296568679594,RECONSTRUCTED
2024-09-02,PNB,2.005880266583897,RECONSTRUCTED
2024-09-02,SBIN,9.953261174632775,RECONSTRUCTED
2024-09-03,AUBANK,2.159419030523912,RECONSTRUCTED
2024-09-03,AXISBANK,9.509668276171436,RECONSTRUCTED
2024-09-03,BANDHANBNK,0.9489220367377028,RECONSTRUCTED
2024-09-03,BANKBARODA,2.6890415481612666,RECONSTRUCTED
2024-09-03,FEDERALBNK,2.6615041502276817,RECONSTRUCTED
2024-09-03,HDFCBANK,27.886895273081723,RECONSTRUCTED
2024-09-03,ICICIBANK,24.64801682706165,RECONSTRUCTED
2024-09-03,IDFCFIRSTB,1.939407568408811,RECONSTRUCTED
2024-09-03,INDUSINDBK,5.478421803880811,RECONSTRUCTED
2024-09-03,KOTAKBANK,10.161313920199676,RECONSTRUCTED
2024-09-03,PNB,1.9802618350595231,RECONSTRUCTED
2024-09-03,SBIN,9.937127730485823,RECONSTRUCTED
2024-09-04,AUBANK,2.21503406874534,RECONSTRUCTED
2024-09-04,AXISBANK,9.451556949267456,RECONSTRUCTED
2024-09-04,BANDHANBNK,0.9459145411321108,RECONSTRUCTED
2024-09-04,BANKBARODA,2.626491271723506,RECONSTRUCTED
2024-09-04,FEDERALBNK,2.5837661492620883,RECONSTRUCTED
2024-09-04,HDFCBANK,28.1198287395444,RECONSTRUCTED
2024-09-04,ICICIBANK,24.56105668372853,RECONSTRUCTED
2024-09-04,IDFCFIRSTB,1.9393952841846576,RECONSTRUCTED
2024-09-04,INDUSINDBK,5.500389807651549,RECONSTRUCTED
2024-09-04,KOTAKBANK,10.218418380817605,RECONSTRUCTED
2024-09-04,PNB,1.9457363087678463,RECONSTRUCTED
2024-09-04,SBIN,9.892411815174928,RECONSTRUCTED
2024-09-05,AUBANK,2.2606313981226136,RECONSTRUCTED
2024-09-05,AXISBANK,9.461052964314035,RECONSTRUCTED
2024-09-05,BANDHANBNK,0.9637440899418386,RECONSTRUCTED
2024-09-05,BANKBARODA,2.626552825423451,RECONSTRUCTED
2024-09-05,FEDERALBNK,2.6045636722264267,RECONSTRUCTED
2024-09-05,HDFCBANK,28.142552524404223,RECONSTRUCTED
2024-09-05,ICICIBANK,24.518444529193147,RECONSTRUCTED
2024-09-05,IDFCFIRSTB,1.946774623812744,RECONSTRUCTED
2024-09-05,INDUSINDBK,5.448588027002557,RECONSTRUCTED
2024-09-05,KOTAKBANK,10.170526082019732,RECONSTRUCTED
2024-09-05,PNB,1.9509027195658784,RECONSTRUCTED
2024-09-05,SBIN,9.905666543973354,RECONSTRUCTED
2024-09-06,AUBANK,2.3010123913523826,RECONSTRUCTED
2024-09-06,AXISBANK,9.450879425950774,RECONSTRUCTED
2024-09-06,BANDHANBNK,0.9455186247162082,RECONSTRUCTED
2024-09-06,BANKBARODA,2.5853939301822515,RECONSTRUCTED
2024-09-06,FEDERALBNK,2.56405502108891,RECONSTRUCTED
2024-09-06,HDFCBANK,28.493227371029363,RECONSTRUCTED
2024-09-06,ICICIBANK,24.39160057040125,RECONSTRUCTED
2024-09-06,IDFCFIRSTB,1.9448318980121315,RECONSTRUCTED
2024-09-06,INDUSINDBK,5.492320459159741,RECONSTRUCTED
2024-09-06,KOTAKBANK,10.270387448212862,RECONSTRUCTED
2024-09-06,PNB,1.9259397822351445,RECONSTRUCTED
2024-09-06,SBIN,9.634833077658971,RECONSTRUCTED
2024-09-09,AUBANK,2.3129344083348573,RECONSTRUCTED
2024-09-09,AXISBANK,9.448516106490592,RECONSTRUCTED
2024-09-09,BANDHANBNK,0.9311294731669334,RECONSTRUCTED
2024-09-09,BANKBARODA,2.554781545797768,RECONSTRUCTED
2024-09-09,FEDERALBNK,2.558219048815197,RECONSTRUCTED
2024-09-09,HDFCBANK,28.35618655005768,RECONSTRUCTED
2024-09-09,ICICIBANK,24.669833898739885,RECONSTRUCTED
2024-09-09,IDFCFIRSTB,1.89708349418869,RECONSTRUCTED
2024-09-09,INDUSINDBK,5.50649792695862,RECONSTRUCTED
2024-09-09,KOTAKBANK,10.311470764788364,RECONSTRUCTED
2024-09-09,PNB,1.8991500352410715,RECONSTRUCTED
2024-09-09,SBIN,9.554196747420344,RECONSTRUCTED
2024-09-10,AUBANK,2.318880832617444,RECONSTRUCTED
2024-09-10,AXISBANK,9.551591807797704,RECONSTRUCTED
2024-09-10,BANDHANBNK,0.9503195277839138,RECONSTRUCTED
2024-09-10,BANKBARODA,2.5487062840458874,RECONSTRUCTED
2024-09-10,FEDERALBNK,2.555750512683996,RECONSTRUCTED
2024-09-10,HDFCBANK,28.336857694100832,RECONSTRUCTED
2024-09-10,ICICIBANK,24.64131462812861,RECONSTRUCTED
2024-09-10,IDFCFIRSTB,1.8905862501281945,RECONSTRUCTED
2024-09-10,INDUSINDBK,5.518547000199457,RECONSTRUCTED
2024-09-10,KOTAKBANK,10.28873024290379,RECONSTRUCTED
2024-09-10,PNB,1.892737190192878,RECONSTRUCTED
2024-09-10,SBIN,9.505978029417289,RECONSTRUCTED
2024-09-11,AUBANK,2.343949401270795,RECONSTRUCTED
2024-09-11,AXISBANK,9.591816369909033,RECONSTRUCTED
2024-09-11,BANDHANBNK,0.9344350207481944,RECONSTRUCTED
2024-09-11,BANKBARODA,2.5302932721143128,RECONSTRUCTED
2024-09-11,FEDERALBNK,2.5385440367544696,RECONSTRUCTED
2024-09-11,HDFCBANK,28.37126504853158,RECONSTRUCTED
2024-09-11,ICICIBANK,24.749015038013138,RECONSTRUCTED
2024-09-11,IDFCFIRSTB,1.8722973284883289,RECONSTRUCTED
2024-09-11,INDUSINDBK,5.491477970616534,RECONSTRUCTED
2024-09-11,KOTAKBANK,10.328076292766474,RECONSTRUCTED
2024-09-11,PNB,1.8654942119480915,RECONSTRUCTED
2024-09-11,SBIN,9.383336008839049,RECONSTRUCTED
2024-09-12,AUBANK,2.3038326670684426,RECONSTRUCTED
2024-09-12,AXISBANK,9.58799408747557,RECONSTRUCTED
2024-09-12,BANDHANBNK,0.9267420483681346,RECONSTRUCTED
2024-09-12,BANKBARODA,2.5390761143195006,RECONSTRUCTED
2024-09-12,FEDERALBNK,2.506618955588974,RECONSTRUCTED
2024-09-12,HDFCBANK,28.339419459961025,RECONSTRUCTED
2024-09-12,ICICIBANK,24.69614504068108,RECONSTRUCTED
2024-09-12,IDFCFIRSTB,1.8769642265348856,RECONSTRUCTED
2024-09-12,INDUSINDBK,5.494927863877297,RECONSTRUCTED
2024-09-12,KOTAKBANK,10.393221290628931,RECONSTRUCTED
2024-09-12,PNB,1.8595711074394463,RECONSTRUCTED
2024-09-12,SBIN,9.475487138056703,RECONSTRUCTED
2024-09-13,AUBANK,2.304139631352556,RECONSTRUCTED
2024-09-13,AXISBANK,9.669422421022771,RECONSTRUCTED
2024-09-13,BANDHANBNK,0.9712487353134132,RECONSTRUCTED
2024-09-13,BANKBARODA,2.556068893508169,RECONSTRUCTED
2024-09-13,FEDERALBNK,2.5386449725988003,RECONSTRUCTED
2024-09-13,HDFCBANK,28.238077934365908,RECONSTRUCTED
2024-09-13,ICICIBANK,24.582040228956416,RECONSTRUCTED
2024-09-13,IDFCFIRSTB,1.8876939471007352,RECONSTRUCTED
2024-09-13,INDUSINDBK,5.55596965705284,RECONSTRUCTED
2024-09-13,KOTAKBANK,10.31984447618135,RECONSTRUCTED
2024-09-13,PNB,1.8943930159744995,RECONSTRUCTED
2024-09-13,SBIN,9.48245608657256,RECONSTRUCTED
2024-09-16,AUBANK,2.282095575816561,RECONSTRUCTED
2024-09-16,AXISBANK,9.737101956200744,RECONSTRUCTED
2024-09-16,BANDHANBNK,0.958741524740686,RECONSTRUCTED
2024-09-16,BANKBARODA,2.5423345752820845,RECONSTRUCTED
2024-09-16,FEDERALBNK,2.503366959010408,RECONSTRUCTED
2024-09-16,HDFCBANK,28.205979138387,RECONSTRUCTED
2024-09-16,ICICIBANK,24.725365219906177,RECONSTRUCTED
2024-09-16,IDFCFIRSTB,1.8880997836708608,RECONSTRUCTED
2024-09-16,INDUSINDBK,5.556290210678159,RECONSTRUCTED
2024-09-16,KOTAKBANK,10.339090905029714,RECONSTRUCTED
2024-09-16,PNB,1.8814837385172345,RECONSTRUCTED
2024-09-16,SBIN,9.38005041276037,RECONSTRUCTED
2024-09-17,AUBANK,2.2821324542712587,RECONSTRUCTED
2024-09-17,AXISBANK,9.738789983360627,RECONSTRUCTED
2024-09-17,BANDHANBNK,0.9692921370518508,RECONSTRUCTED
2024-09-17,BANKBARODA,2.5443270342001085,RECONSTRUCTED
2024-09-17,FEDERALBNK,2.496791143208718,RECONSTRUCTED
2024-09-17,HDFCBANK,28.150566751226087,RECONSTRUCTED
2024-09-17,ICICIBANK,24.81130126152973,RECONSTRUCTED
2024-09-17,IDFCFIRSTB,1.875047939218076,RECONSTRUCTED
2024-09-17,INDUSINDBK,5.537978198666886,RECONSTRUCTED
2024-09-17,KOTAKBANK,10.418675472247113,RECONSTRUCTED
2024-09-17,PNB,1.8330358945634333,RECONSTRUCTED
2024-09-17,SBIN,9.34206173045612,RECONSTRUCTED
2024-09-18,AUBANK,2.2728937691359694,RECONSTRUCTED
2024-09-18,AXISBANK,9.70038011826358,RECONSTRUCTED
2024-09-18,BANDHANBNK,0.984135725387634,RECONSTRUCTED
2024-09-18,BANKBARODA,2.500415891298491,RECONSTRUCTED
2024-09-18,FEDERALBNK,2.491376557136292,RECONSTRUCTED
2024-09-18,HDFCBANK,28.28470872645084,RECONSTRUCTED
2024-09-18,ICICIBANK,24.93907179104834,RECONSTRUCTED
2024-09-18,IDFCFIRSTB,1.842676123904464,RECONSTRUCTED
2024-09-18,INDUSINDBK,5.530941802957782,RECONSTRUCTED
2024-09-18,KOTAKBANK,10.268933960927198,RECONSTRUCTED
2024-09-18,PNB,1.825602731223943,RECONSTRUCTED
2024-09-18,SBIN,9.35886280226546,RECONSTRUCTED
2024-09-19,AUBANK,2.3487649104464063,RECONSTRUCTED
2024-09-19,AXISBANK,9.665363131148217,RECONSTRUCTED
2024-09-19,BANDHANBNK,0.970633054022878,RECONSTRUCTED
2024-09-19,BANKBARODA,2.4654494898204424,RECONSTRUCTED
2024-09-19,FEDERALBNK,2.481753816373726,RECONSTRUCTED
2024-09-19,HDFCBANK,28.35898160330806,RECONSTRUCTED
2024-09-19,ICICIBANK,24.874326838613666,RECONSTRUCTED
2024-09-19,IDFCFIRSTB,1.8586334130836264,RECONSTRUCTED
2024-09-19,INDUSINDBK,5.517720907679561,RECONSTRUCTED
2024-09-19,KOTAKBANK,10.392379804088216,RECONSTRUCTED
2024-09-19,PNB,1.7906747648984804,RECONSTRUCTED
2024-09-19,SBIN,9.275318266516733,RECONSTRUCTED
2024-09-20,AUBANK,2.2505234090596007,RECONSTRUCTED
2024-09-20,AXISBANK,9.547203172044004,RECONSTRUCTED
2024-09-20,BANDHANBNK,0.951063983106186,RECONSTRUCTED
2024-09-20,BANKBARODA,2.4272028250907085,RECONSTRUCTED
2024-09-20,FEDERALBNK,2.431641483398348,RECONSTRUCTED
2024-09-20,HDFCBANK,28.495693374078563,RECONSTRUCTED
2024-09-20,ICICIBANK,25.406562696009505,RECONSTRUCTED
2024-09-20,IDFCFIRSTB,1.8079439010874367,RECONSTRUCTED
2024-09-20,INDUSINDBK,5.4235262158423305,RECONSTRUCTED
2024-09-20,KOTAKBANK,10.42453402756313,RECONSTRUCTED
2024-09-20,PNB,1.7846114450782495,RECONSTRUCTED
2024-09-20,SBIN,9.049493467641923,RECONSTRUCTED
2024-09-23,AUBANK,2.251134104907872,RECONSTRUCTED
2024-09-23,AXISBANK,9.505758353130664,RECONSTRUCTED
2024-09-23,BANDHANBNK,0.9580834414942137,RECONSTRUCTED
2024-09-23,BANKBARODA,2.505400507187148,RECONSTRUCTED
2024-09-23,FEDERALBNK,2.45169051165512,RECONSTRUCTED
2024-09-23,HDFCBANK,28.63367314058201,RECONSTRUCTED
2024-09-23,ICICIBANK,24.947412037246185,RECONSTRUCTED
2024-09-23,IDFCFIRSTB,1.8268666575818169,RECONSTRUCTED
2024-09-23,INDUSINDBK,5.337178975144416,RECONSTRUCTED
2024-09-23,KOTAKBANK,10.528644245088756,RECONSTRUCTED
2024-09-23,PNB,1.825035427808117,RECONSTRUCTED
2024-09-23,SBIN,9.22912259817369,RECONSTRUCTED
2024-09-24,AUBANK,2.258237103254337,RECONSTRUCTED
2024-09-24,AXISBANK,9.474506984550636,RECONSTRUCTED
2024-09-24,BANDHANBNK,0.9381781741810148,RECONSTRUCTED
2024-09-24,BANKBARODA,2.502523679805929,RECONSTRUCTED
2024-09-24,FEDERALBNK,2.498004200405791,RECONSTRUCTED
2024-09-24,HDFCBANK,28.84103780663989,RECONSTRUCTED
2024-09-24,ICICIBANK,24.94839409369946,RECONSTRUCTED
2024-09-24,IDFCFIRSTB,1.8230981220812688,RECONSTRUCTED
2024-09-24,INDUSINDBK,5.289390660258765,RECONSTRUCTED
2024-09-24,KOTAKBANK,10.446292566333767,RECONSTRUCTED
2024-09-24,PNB,1.7692929153047017,RECONSTRUCTED
2024-09-24,SBIN,9.211043693484456,RECONSTRUCTED
2024-09-25,AUBANK,2.23799512229788,RECONSTRUCTED
2024-09-25,AXISBANK,9.668887095314622,RECONSTRUCTED
2024-09-25,BANDHANBNK,0.9216886782161278,RECONSTRUCTED
2024-09-25,BANKBARODA,2.492268946100783,RECONSTRUCTED
2024-09-25,FEDERALBNK,2.51851505092627,RECONSTRUCTED
2024-09-25,HDFCBANK,28.94990311097444,RECONSTRUCTED
2024-09-25,ICICIBANK,24.986116344502005,RECONSTRUCTED
2024-09-25,IDFCFIRSTB,1.802323091689448,RECONSTRUCTED
2024-09-25,INDUSINDBK,5.244320593937181,RECONSTRUCTED
2024-09-25,KOTAKBANK,10.329436817898332,RECONSTRUCTED
2024-09-25,PNB,1.7194384373161362,RECONSTRUCTED
2024-09-25,SBIN,9.129106710826786,RECONSTRUCTED
2024-09-26,AUBANK,2.240582753976576,RECONSTRUCTED
2024-09-26,AXISBANK,9.688498314545198,RECONSTRUCTED
2024-09-26,BANDHANBNK,0.9197371885768654,RECONSTRUCTED
2024-09-26,BANKBARODA,2.499607162537794,RECONSTRUCTED
2024-09-26,FEDERALBNK,2.503498405023262,RECONSTRUCTED
2024-09-26,HDFCBANK,28.87461699007481,RECONSTRUCTED
2024-09-26,ICICIBANK,24.958001682240923,RECONSTRUCTED
2024-09-26,IDFCFIRSTB,1.8180553576785323,RECONSTRUCTED
2024-09-26,INDUSINDBK,5.265771204579599,RECONSTRUCTED
2024-09-26,KOTAKBANK,10.30099983630796,RECONSTRUCTED
2024-09-26,PNB,1.7472632163586028,RECONSTRUCTED
2024-09-26,SBIN,9.18336788809987,RECONSTRUCTED
2024-09-27,AUBANK,2.2481877768811427,RECONSTRUCTED
2024-09-27,AXISBANK,9.75560541836857,RECONSTRUCTED
2024-09-27,BANDHANBNK,0.919479534602325,RECONSTRUCTED
2024-09-27,BANKBARODA,2.570559066471968,RECONSTRUCTED
2024-09-27,FEDERALBNK,2.543629443869412,RECONSTRUCTED
2024-09-27,HDFCBANK,28.66115121112588,RECONSTRUCTED
2024-09-27,ICICIBANK,24.783021778561505,RECONSTRUCTED
2024-09-27,IDFCFIRSTB,1.840296971887453,RECONSTRUCTED
2024-09-27,INDUSINDBK,5.355308126352418,RECONSTRUCTED
2024-09-27,KOTAKBANK,10.241268085507,RECONSTRUCTED
2024-09-27,PNB,1.7965709957133529,RECONSTRUCTED
2024-09-27,SBIN,9.284921590658968,RECONSTRUCTED
2024-09-30,AUBANK,2.46,OFFICIAL
2024-09-30,AXISBANK,9.32,OFFICIAL
2024-09-30,BANKBARODA,2.74,OFFICIAL
2024-09-30,CANBK,2.23,OFFICIAL
2024-09-30,FEDERALBNK,2.86,OFFICIAL
2024-09-30,HDFCBANK,28.1,OFFICIAL
2024-09-30,ICICIBANK,23.81,OFFICIAL
2024-09-30,IDFCFIRSTB,1.99,OFFICIAL
2024-09-30,INDUSINDBK,5.68,OFFICIAL
2024-09-30,KOTAKBANK,9.37,OFFICIAL
2024-09-30,PNB,1.89,OFFICIAL
2024-09-30,SBIN,9.53,OFFICIAL
2024-10-01,AUBANK,1.7779576367089185,RECONSTRUCTED
2024-10-01,AXISBANK,8.651780610576624,RECONSTRUCTED
2024-10-01,BANKBARODA,2.9178449822603154,RECONSTRUCTED
2024-10-01,CANBK,1.9856188074495595,RECONSTRUCTED
2024-10-01,FEDERALBNK,3.1946876181060806,RECONSTRUCTED
2024-10-01,HDFCBANK,29.52095495907893,RECONSTRUCTED
2024-10-01,ICICIBANK,25.560612725585123,RECONSTRUCTED
2024-10-01,IDFCFIRSTB,2.4144588197884302,RECONSTRUCTED
2024-10-01,INDUSINDBK,3.2391170230585367,RECONSTRUCTED
2024-10-01,KOTAKBANK,8.411394364828995,RECONSTRUCTED
2024-10-01,PNB,1.674757760095115,RECONSTRUCTED
2024-10-01,SBIN,10.650814692463369,RECONSTRUCTED
2024-10-03,AUBANK,1.7442901238427035,RECONSTRUCTED
2024-10-03,AXISBANK,8.84369659241643,RECONSTRUCTED
2024-10-03,BANKBARODA,2.903596955815333,RECONSTRUCTED
2024-10-03,CANBK,1.9909491940238464,RECONSTRUCTED
2024-10-03,FEDERALBNK,3.18353399413638,RECONSTRUCTED
2024-10-03,HDFCBANK,29.68244532727164,RECONSTRUCTED
2024-10-03,ICICIBANK,25.402157751001496,RECONSTRUCTED
2024-10-03,IDFCFIRSTB,2.413486075348244,RECONSTRUCTED
2024-10-03,INDUSINDBK,3.223638181025992,RECONSTRUCTED
2024-10-03,KOTAKBANK,8.496741521503042,RECONSTRUCTED
2024-10-03,PNB,1.6431446214751133,RECONSTRUCTED
2024-10-03,SBIN,10.472319662139787,RECONSTRUCTED
2024-10-04,AUBANK,1.7617172072524672,RECONSTRUCTED
2024-10-04,AXISBANK,8.756301624350948,RECONSTRUCTED
2024-10-04,BANKBARODA,2.817916457993533,RECONSTRUCTED
2024-10-04,CANBK,1.9820434960643103,RECONSTRUCTED
2024-10-04,FEDERALBNK,3.1614334480767727,RECONSTRUCTED
2024-10-04,HDFCBANK,29.88931262156819,RECONSTRUCTED
2024-10-04,ICICIBANK,25.546432628592903,RECONSTRUCTED
2024-10-04,IDFCFIRSTB,2.4001251013586025,RECONSTRUCTED
2024-10-04,INDUSINDBK,3.210447518277064,RECONSTRUCTED
2024-10-04,KOTAKBANK,8.4964202144518,RECONSTRUCTED
2024-10-04,PNB,1.6184728642532091,RECONSTRUCTED
2024-10-04,SBIN,10.359376817760198,RECONSTRUCTED
2024-10-07,AUBANK,1.6945888462588286,RECONSTRUCTED
2024-10-07,AXISBANK,8.832344693361124,RECONSTRUCTED
2024-10-07,BANKBARODA,2.8537058567972364,RECONSTRUCTED
2024-10-07,CANBK,2.0213486876471616,RECONSTRUCTED
2024-10-07,FEDERALBNK,3.2597944270869665,RECONSTRUCTED
2024-10-07,HDFCBANK,30.034291358729465,RECONSTRUCTED
2024-10-07,ICICIBANK,25.1720064293782,RECONSTRUCTED
2024-10-07,IDFCFIRSTB,2.3410770790430773,RECONSTRUCTED
2024-10-07,INDUSINDBK,3.22304943431483,RECONSTRUCTED
2024-10-07,KOTAKBANK,8.419654700126406,RECONSTRUCTED
2024-10-07,PNB,1.6460067354300458,RECONSTRUCTED
2024-10-07,SBIN,10.502131751826656,RECONSTRUCTED
2024-10-08,AUBANK,1.72693116153694,RECONSTRUCTED
2024-10-08,AXISBANK,8.87267756480888,RECONSTRUCTED
2024-10-08,BANKBARODA,2.832413585751508,RECONSTRUCTED
2024-10-08,CANBK,2.015613657792772,RECONSTRUCTED
2024-10-08,FEDERALBNK,3.2339020616306065,RECONSTRUCTED
2024-10-08,HDFCBANK,29.75994286156393,RECONSTRUCTED
2024-10-08,ICICIBANK,25.399121184624533,RECONSTRUCTED
2024-10-08,IDFCFIRSTB,2.337909993728228,RECONSTRUCTED
2024-10-08,INDUSINDBK,3.2383887840776207,RECONSTRUCTED
2024-10-08,KOTAKBANK,8.452127779242153,RECONSTRUCTED
2024-10-08,PNB,1.6576711649577456,RECONSTRUCTED
2024-10-08,SBIN,10.473300200285076,RECONSTRUCTED
2024-10-09,AUBANK,1.7809686782301797,RECONSTRUCTED
2024-10-09,AXISBANK,8.74514788744982,RECONSTRUCTED
2024-10-09,BANKBARODA,2.8430693058345184,RECONSTRUCTED
2024-10-09,CANBK,2.02628682502118,RECONSTRUCTED
2024-10-09,FEDERALBNK,3.2674010075594886,RECONSTRUCTED
2024-10-09,HDFCBANK,30.086936752990308,RECONSTRUCTED
2024-10-09,ICICIBANK,25.24566910636096,RECONSTRUCTED
2024-10-09,IDFCFIRSTB,2.361872527440671,RECONSTRUCTED
2024-10-09,INDUSINDBK,3.281927824218029,RECONSTRUCTED
2024-10-09,KOTAKBANK,8.464558031336228,RECONSTRUCTED
2024-10-09,PNB,1.6320776743439087,RECONSTRUCTED
2024-10-09,SBIN,10.264084379214712,RECONSTRUCTED
2024-10-10,AUBANK,1.812435114641604,RECONSTRUCTED
2024-10-10,AXISBANK,8.726993833586347,RECONSTRUCTED
2024-10-10,BANKBARODA,2.8745050980020195,RECONSTRUCTED
2024-10-10,CANBK,2.0517520719269045,RECONSTRUCTED
2024-10-10,FEDERALBNK,3.302751332185762,RECONSTRUCTED
2024-10-10,HDFCBANK,29.85161824024598,RECONSTRUCTED
2024-10-10,ICICIBANK,25.51015761058024,RECONSTRUCTED
2024-10-10,IDFCFIRSTB,2.3609097286696943,RECONSTRUCTED
2024-10-10,INDUSINDBK,3.2782904376015742,RECONSTRUCTED
2024-10-10,KOTAKBANK,8.205652739681932,RECONSTRUCTED
2024-10-10,PNB,1.6548323531335245,RECONSTRUCTED
2024-10-10,SBIN,10.370101439744422,RECONSTRUCTED
2024-10-11,AUBANK,1.8243053411796049,RECONSTRUCTED
2024-10-11,AXISBANK,8.751501328270107,RECONSTRUCTED
2024-10-11,BANKBARODA,2.896589090230738,RECONSTRUCTED
2024-10-11,CANBK,2.038383023974705,RECONSTRUCTED
2024-10-11,FEDERALBNK,3.246330745907857,RECONSTRUCTED
2024-10-11,HDFCBANK,29.84180991033888,RECONSTRUCTED
2024-10-11,ICICIBANK,25.75142922374995,RECONSTRUCTED
2024-10-11,IDFCFIRSTB,2.3688886467534545,RECONSTRUCTED
2024-10-11,INDUSINDBK,3.275994046258204,RECONSTRUCTED
2024-10-11,KOTAKBANK,8.119439777984237,RECONSTRUCTED
2024-10-11,PNB,1.6238386241713298,RECONSTRUCTED
2024-10-11,SBIN,10.261490241180926,RECONSTRUCTED
2024-10-14,AUBANK,1.819553662232114,RECONSTRUCTED
2024-10-14,AXISBANK,8.924376819497711,RECONSTRUCTED
2024-10-14,BANKBARODA,2.9078512162841728,RECONSTRUCTED
2024-10-14,CANBK,2.0557931209031466,RECONSTRUCTED
2024-10-14,FEDERALBNK,3.134019407672836,RECONSTRUCTED
2024-10-14,HDFCBANK,29.556879924488133,RECONSTRUCTED
2024-10-14,ICICIBANK,25.89344130797741,RECONSTRUCTED
2024-10-14,IDFCFIRSTB,2.380246835617263,RECONSTRUCTED
2024-10-14,INDUSINDBK,3.262311442116053,RECONSTRUCTED
2024-10-14,KOTAKBANK,8.100414772389883,RECONSTRUCTED
2024-10-14,PNB,1.642909328133422,RECONSTRUCTED
2024-10-14,SBIN,10.322202162687857,RECONSTRUCTED
2024-10-15,AUBANK,1.837589044641447,RECONSTRUCTED
2024-10-15,AXISBANK,9.027386163167083,RECONSTRUCTED
2024-10-15,BANKBARODA,2.923736784893488,RECONSTRUCTED
2024-10-15,CANBK,2.061953218965189,RECONSTRUCTED
2024-10-15,FEDERALBNK,3.111869382763045,RECONSTRUCTED
2024-10-15,HDFCBANK,29.69879480240595,RECONSTRUCTED
2024-10-15,ICICIBANK,25.46511122745148,RECONSTRUCTED
2024-10-15,IDFCFIRSTB,2.39256852779071,RECONSTRUCTED
2024-10-15,INDUSINDBK,3.293156269222485,RECONSTRUCTED
2024-10-15,KOTAKBANK,8.186860768290796,RECONSTRUCTED
2024-10-15,PNB,1.647356700565424,RECONSTRUCTED
2024-10-15,SBIN,10.353617109842908,RECONSTRUCTED
2024-10-16,AUBANK,1.8327487555887,RECONSTRUCTED
2024-10-16,AXISBANK,9.017099683236196,RECONSTRUCTED
2024-10-16,BANKBARODA,2.914695421534086,RECONSTRUCTED
2024-10-16,CANBK,2.059626469210474,RECONSTRUCTED
2024-10-16,FEDERALBNK,3.1740091375136696,RECONSTRUCTED
2024-10-16,HDFCBANK,29.374396212408776,RECONSTRUCTED
2024-10-16,ICICIBANK,25.674313597166403,RECONSTRUCTED
2024-10-16,IDFCFIRSTB,2.405693441938121,RECONSTRUCTED
2024-10-16,INDUSINDBK,3.32320250508402,RECONSTRUCTED
2024-10-16,KOTAKBANK,8.255031052213024,RECONSTRUCTED
2024-10-16,PNB,1.6434565976608018,RECONSTRUCTED
2024-10-16,SBIN,10.325727126445733,RECONSTRUCTED
2024-10-17,AUBANK,1.8392133051508348,RECONSTRUCTED
2024-10-17,AXISBANK,9.09383156023657,RECONSTRUCTED
2024-10-17,BANKBARODA,2.911190461063466,RECONSTRUCTED
2024-10-17,CANBK,2.0758914994049573,RECONSTRUCTED
2024-10-17,FEDERALBNK,3.154575716417603,RECONSTRUCTED
2024-10-17,HDFCBANK,29.539030987769284,RECONSTRUCTED
2024-10-17,ICICIBANK,25.65904194225265,RECONSTRUCTED
2024-10-17,IDFCFIRSTB,2.397180803560368,RECONSTRUCTED
2024-10-17,INDUSINDBK,3.2868701322231657,RECONSTRUCTED
2024-10-17,KOTAKBANK,8.2250645074354,RECONSTRUCTED
2024-10-17,PNB,1.6678780830846889,RECONSTRUCTED
2024-10-17,SBIN,10.150231001400993,RECONSTRUCTED
2024-10-18,AUBANK,1.8782749960432683,RECONSTRUCTED
2024-10-18,AXISBANK,8.740410862558894,RECONSTRUCTED
2024-10-18,BANKBARODA,2.887026991438073,RECONSTRUCTED
2024-10-18,CANBK,2.066055916842509,RECONSTRUCTED
2024-10-18,FEDERALBNK,3.1783541939579703,RECONSTRUCTED
2024-10-18,HDFCBANK,29.8661767232007,RECONSTRUCTED
2024-10-18,ICICIBANK,25.392394142397904,RECONSTRUCTED
2024-10-18,IDFCFIRSTB,2.442119431452622,RECONSTRUCTED
2024-10-18,INDUSINDBK,3.3408006388520586,RECONSTRUCTED
2024-10-18,KOTAKBANK,8.32812560601427,RECONSTRUCTED
2024-10-18,PNB,1.681822870707326,RECONSTRUCTED
2024-10-18,SBIN,10.198437626534398,RECONSTRUCTED
2024-10-21,AUBANK,1.929199609922864,RECONSTRUCTED
2024-10-21,AXISBANK,8.77855299010449,RECONSTRUCTED
2024-10-21,BANKBARODA,2.909570796294603,RECONSTRUCTED
2024-10-21,CANBK,2.100030439116413,RECONSTRUCTED
2024-10-21,FEDERALBNK,3.206109179378576,RECONSTRUCTED
2024-10-21,HDFCBANK,29.023856714551467,RECONSTRUCTED
2024-10-21,ICICIBANK,25.47342109008376,RECONSTRUCTED
2024-10-21,IDFCFIRSTB,2.479893696798801,RECONSTRUCTED
2024-10-21,INDUSINDBK,3.43649575077616,RECONSTRUCTED
2024-10-21,KOTAKBANK,8.699246259100832,RECONSTRUCTED
2024-10-21,PNB,1.6960124582970373,RECONSTRUCTED
2024-10-21,SBIN,10.267611015575012,RECONSTRUCTED
2024-10-22,AUBANK,1.982220596906288,RECONSTRUCTED
2024-10-22,AXISBANK,8.769533351396587,RECONSTRUCTED
2024-10-22,BANKBARODA,3.0199800816853024,RECONSTRUCTED
2024-10-22,CANBK,2.2021842911041984,RECONSTRUCTED
2024-10-22,FEDERALBNK,3.2313353122807387,RECONSTRUCTED
2024-10-22,HDFCBANK,28.87597301402641,RECONSTRUCTED
2024-10-22,ICICIBANK,24.968611447183424,RECONSTRUCTED
2024-10-22,IDFCFIRSTB,2.52156349221594,RECONSTRUCTED
2024-10-22,INDUSINDBK,3.481207435586447,RECONSTRUCTED
2024-10-22,KOTAKBANK,8.710905139279184,RECONSTRUCTED
2024-10-22,PNB,1.802931888137823,RECONSTRUCTED
2024-10-22,SBIN,10.43355395019766,RECONSTRUCTED
2024-10-23,AUBANK,1.940187009935801,RECONSTRUCTED
2024-10-23,AXISBANK,8.881683346071902,RECONSTRUCTED
2024-10-23,BANKBARODA,2.963994961413321,RECONSTRUCTED
2024-10-23,CANBK,2.180949656965949,RECONSTRUCTED
2024-10-23,FEDERALBNK,3.2405448756408703,RECONSTRUCTED
2024-10-23,HDFCBANK,28.510093347403043,RECONSTRUCTED
2024-10-23,ICICIBANK,25.27483853290696,RECONSTRUCTED
2024-10-23,IDFCFIRSTB,2.5863395118330272,RECONSTRUCTED
2024-10-23,INDUSINDBK,3.479833983287048,RECONSTRUCTED
2024-10-23,KOTAKBANK,8.684223341712784,RECONSTRUCTED
2024-10-23,PNB,1.7699020435685882,RECONSTRUCTED
2024-10-23,SBIN,10.4874093892607,RECONSTRUCTED
2024-10-24,AUBANK,1.970698359377285,RECONSTRUCTED
2024-10-24,AXISBANK,8.87962885965176,RECONSTRUCTED
2024-10-24,BANKBARODA,2.898118105533241,RECONSTRUCTED
2024-10-24,CANBK,2.182334379127045,RECONSTRUCTED
2024-10-24,FEDERALBNK,3.256783039614498,RECONSTRUCTED
2024-10-24,HDFCBANK,28.44723406968356,RECONSTRUCTED
2024-10-24,ICICIBANK,25.396996823688937,RECONSTRUCTED
2024-10-24,IDFCFIRSTB,2.545036910241496,RECONSTRUCTED
2024-10-24,INDUSINDBK,3.484144191487431,RECONSTRUCTED
2024-10-24,KOTAKBANK,8.761970373038078,RECONSTRUCTED
2024-10-24,PNB,1.7427761773844437,RECONSTRUCTED
2024-10-24,SBIN,10.434278711172215,RECONSTRUCTED
2024-10-25,AUBANK,2.0774538320275835,RECONSTRUCTED
2024-10-25,AXISBANK,8.601944000014356,RECONSTRUCTED
2024-10-25,BANKBARODA,2.9230946999171525,RECONSTRUCTED
2024-10-25,CANBK,2.244211123077667,RECONSTRUCTED
2024-10-25,FEDERALBNK,3.2596143341564554,RECONSTRUCTED
2024-10-25,HDFCBANK,28.17763568396797,RECONSTRUCTED
2024-10-25,ICICIBANK,25.01253731925162,RECONSTRUCTED
2024-10-25,IDFCFIRSTB,2.6097040910924374,RECONSTRUCTED
2024-10-25,INDUSINDBK,4.226028966282359,RECONSTRUCTED
2024-10-25,KOTAKBANK,8.615417955094788,RECONSTRUCTED
2024-10-25,PNB,1.77454246173769,RECONSTRUCTED
2024-10-25,SBIN,10.477815533379909,RECONSTRUCTED
2024-10-28,AUBANK,2.04517475853978,RECONSTRUCTED
2024-10-28,AXISBANK,8.817009469807365,RECONSTRUCTED
2024-10-28,BANKBARODA,2.8286424526102043,RECONSTRUCTED
2024-10-28,CANBK,2.120835823489664,RECONSTRUCTED
2024-10-28,FEDERALBNK,3.3134876563639866,RECONSTRUCTED
2024-10-28,HDFCBANK,28.60202954081177,RECONSTRUCTED
2024-10-28,ICICIBANK,24.524683699704564,RECONSTRUCTED
2024-10-28,IDFCFIRSTB,2.571049104706405,RECONSTRUCTED
2024-10-28,INDUSINDBK,4.213642813502805,RECONSTRUCTED
2024-10-28,KOTAKBANK,8.793483852710079,RECONSTRUCTED
2024-10-28,PNB,1.7387233441673182,RECONSTRUCTED
2024-10-28,SBIN,10.431237483586065,RECONSTRUCTED
2024-10-29,AUBANK,2.0830580102151863,RECONSTRUCTED
2024-10-29,AXISBANK,8.886387146781741,RECONSTRUCTED
2024-10-29,BANKBARODA,2.8353671949789256,RECONSTRUCTED
2024-10-29,CANBK,2.101279409754554,RECONSTRUCTED
2024-10-29,FEDERALBNK,3.118219122925286,RECONSTRUCTED
2024-10-29,HDFCBANK,28.908095564091173,RECONSTRUCTED
2024-10-29,ICICIBANK,24.30617814964017,RECONSTRUCTED
2024-10-29,IDFCFIRSTB,2.6067576771735363,RECONSTRUCTED
2024-10-29,INDUSINDBK,4.371073468958882,RECONSTRUCTED
2024-10-29,KOTAKBANK,8.92524447256146,RECONSTRUCTED
2024-10-29,PNB,1.728088068693696,RECONSTRUCTED
2024-10-29,SBIN,10.130251714225382,RECONSTRUCTED
2024-10-30,AUBANK,2.103726087517611,RECONSTRUCTED
2024-10-30,AXISBANK,8.923513293270368,RECONSTRUCTED
2024-10-30,BANKBARODA,2.842138091336711,RECONSTRUCTED
2024-10-30,CANBK,2.088865061361497,RECONSTRUCTED
2024-10-30,FEDERALBNK,3.049256668913789,RECONSTRUCTED
2024-10-30,HDFCBANK,28.91120837825917,RECONSTRUCTED
2024-10-30,ICICIBANK,24.43079625388112,RECONSTRUCTED
2024-10-30,IDFCFIRSTB,2.536712330901145,RECONSTRUCTED
2024-10-30,INDUSINDBK,4.253720836515687,RECONSTRUCTED
2024-10-30,KOTAKBANK,8.968750446352528,RECONSTRUCTED
2024-10-30,PNB,1.734709777390046,RECONSTRUCTED
2024-10-30,SBIN,10.156602774300334,RECONSTRUCTED
2024-10-31,AUBANK,2.08,OFFICIAL
2024-10-31,AXISBANK,8.95,OFFICIAL
2024-10-31,BANKBARODA,2.83,OFFICIAL
2024-10-31,CANBK,2.09,OFFICIAL
2024-10-31,FEDERALBNK,3.02,OFFICIAL
2024-10-31,HDFCBANK,28.71,OFFICIAL
2024-10-31,ICICIBANK,24.65,OFFICIAL
2024-10-31,IDFCFIRSTB,2.63,OFFICIAL
2024-10-31,INDUSINDBK,4.23,OFFICIAL
2024-10-31,KOTAKBANK,8.93,OFFICIAL
2024-10-31,PNB,1.76,OFFICIAL
2024-10-31,SBIN,10.12,OFFICIAL
2024-11-01,AUBANK,1.8370420395609528,RECONSTRUCTED
2024-11-01,AXISBANK,8.355233906606827,RECONSTRUCTED
2024-11-01,BANKBARODA,2.6492211713240508,RECONSTRUCTED
2024-11-01,CANBK,2.0049753492863776,RECONSTRUCTED
2024-11-01,FEDERALBNK,3.1641805417634083,RECONSTRUCTED
2024-11-01,HDFCBANK,30.127336373455105,RECONSTRUCTED
2024-11-01,ICICIBANK,24.477511531346487,RECONSTRUCTED
2024-11-01,IDFCFIRSTB,2.394761806470453,RECONSTRUCTED
2024-11-01,INDUSINDBK,3.6629122968603296,RECONSTRUCTED
2024-11-01,KOTAKBANK,9.03374714169391,RECONSTRUCTED
2024-11-01,PNB,1.916542073480948,RECONSTRUCTED
2024-11-01,SBIN,10.37653576815116,RECONSTRUCTED
2024-11-04,AUBANK,1.7970752808327477,RECONSTRUCTED
2024-11-04,AXISBANK,8.500934992825758,RECONSTRUCTED
2024-11-04,BANKBARODA,2.636499597561973,RECONSTRUCTED
2024-11-04,CANBK,2.0270607376522336,RECONSTRUCTED
2024-11-04,FEDERALBNK,3.134111380401785,RECONSTRUCTED
2024-11-04,HDFCBANK,30.262703051766387,RECONSTRUCTED
2024-11-04,ICICIBANK,24.53646392352859,RECONSTRUCTED
2024-11-04,IDFCFIRSTB,2.420989001856105,RECONSTRUCTED
2024-11-04,INDUSINDBK,3.625799186484154,RECONSTRUCTED
2024-11-04,KOTAKBANK,9.031074853357197,RECONSTRUCTED
2024-11-04,PNB,1.850515448147712,RECONSTRUCTED
2024-11-04,SBIN,10.176772545585372,RECONSTRUCTED
2024-11-05,AUBANK,1.8668365277427843,RECONSTRUCTED
2024-11-05,AXISBANK,8.426430095933181,RECONSTRUCTED
2024-11-05,BANKBARODA,2.6331157812220085,RECONSTRUCTED
2024-11-05,CANBK,2.0314437175780724,RECONSTRUCTED
2024-11-05,FEDERALBNK,3.195443823351595,RECONSTRUCTED
2024-11-05,HDFCBANK,30.08405208311072,RECONSTRUCTED
2024-11-05,ICICIBANK,24.638010909535183,RECONSTRUCTED
2024-11-05,IDFCFIRSTB,2.450258824228945,RECONSTRUCTED
2024-11-05,INDUSINDBK,3.607212602699548,RECONSTRUCTED
2024-11-05,KOTAKBANK,9.061243764583264,RECONSTRUCTED
2024-11-05,PNB,1.867446479300534,RECONSTRUCTED
2024-11-05,SBIN,10.138505390714172,RECONSTRUCTED
2024-11-06,AUBANK,1.8830479985412896,RECONSTRUCTED
2024-11-06,AXISBANK,8.4818574386124,RECONSTRUCTED
2024-11-06,BANKBARODA,2.5919400547181843,RECONSTRUCTED
2024-11-06,CANBK,2.0051711555253138,RECONSTRUCTED
2024-11-06,FEDERALBNK,3.19483714405291,RECONSTRUCTED
2024-11-06,HDFCBANK,30.19220464484712,RECONSTRUCTED
2024-11-06,ICICIBANK,24.58289834180777,RECONSTRUCTED
2024-11-06,IDFCFIRSTB,2.434139439901825,RECONSTRUCTED
2024-11-06,INDUSINDBK,3.656587688435558,RECONSTRUCTED
2024-11-06,KOTAKBANK,9.05229239475442,RECONSTRUCTED
2024-11-06,PNB,1.8316790211754808,RECONSTRUCTED
2024-11-06,SBIN,10.093344677627728,RECONSTRUCTED
2024-11-07,AUBANK,1.8918561219521144,RECONSTRUCTED
2024-11-07,AXISBANK,8.464616447645321,RECONSTRUCTED
2024-11-07,BANKBARODA,2.5700782790824084,RECONSTRUCTED
2024-11-07,CANBK,1.9931820906702105,RECONSTRUCTED
2024-11-07,FEDERALBNK,3.150759838369817,RECONSTRUCTED
2024-11-07,HDFCBANK,30.109594058902072,RECONSTRUCTED
2024-11-07,ICICIBANK,24.8453038977334,RECONSTRUCTED
2024-11-07,IDFCFIRSTB,2.428882779832322,RECONSTRUCTED
2024-11-07,INDUSINDBK,3.7000965819109632,RECONSTRUCTED
2024-11-07,KOTAKBANK,9.0635088128359,RECONSTRUCTED
2024-11-07,PNB,1.822212477074166,RECONSTRUCTED
2024-11-07,SBIN,9.9599086139913,RECONSTRUCTED
2024-11-08,AUBANK,1.949286330097065,RECONSTRUCTED
2024-11-08,AXISBANK,8.400467258844815,RECONSTRUCTED
2024-11-08,BANKBARODA,2.61409593105304,RECONSTRUCTED
2024-11-08,CANBK,2.00621707920317,RECONSTRUCTED
2024-11-08,FEDERALBNK,3.1182086838499488,RECONSTRUCTED
2024-11-08,HDFCBANK,29.77378725583353,RECONSTRUCTED
2024-11-08,ICICIBANK,25.068485100120835,RECONSTRUCTED
2024-11-08,IDFCFIRSTB,2.445375147448521,RECONSTRUCTED
2024-11-08,INDUSINDBK,3.6858423504851343,RECONSTRUCTED
2024-11-08,KOTAKBANK,9.008636090953145,RECONSTRUCTED
2024-11-08,PNB,1.8432038710861145,RECONSTRUCTED
2024-11-08,SBIN,10.08639490102468,RECONSTRUCTED
2024-11-11,AUBANK,1.9768622872171613,RECONSTRUCTED
2024-11-11,AXISBANK,8.379276527356023,RECONSTRUCTED
2024-11-11,BANKBARODA,2.61225899919184,RECONSTRUCTED
2024-11-11,CANBK,2.014594182862632,RECONSTRUCTED
2024-11-11,FEDERALBNK,3.122769736810472,RECONSTRUCTED
2024-11-11,HDFCBANK,29.75480160284037,RECONSTRUCTED
2024-11-11,ICICIBANK,25.01406351037584,RECONSTRUCTED
2024-11-11,IDFCFIRSTB,2.42594562835866,RECONSTRUCTED
2024-11-11,INDUSINDBK,3.683900663871587,RECONSTRUCTED
2024-11-11,KOTAKBANK,9.073055687120764,RECONSTRUCTED
2024-11-11,PNB,1.848297182998528,RECONSTRUCTED
2024-11-11,SBIN,10.094173990996111,RECONSTRUCTED
2024-11-12,AUBANK,1.938447758242084,RECONSTRUCTED
2024-11-12,AXISBANK,8.353764217867178,RECONSTRUCTED
2024-11-12,BANKBARODA,2.633316581296413,RECONSTRUCTED
2024-11-12,CANBK,2.033194286632748,RECONSTRUCTED
2024-11-12,FEDERALBNK,3.085931986130307,RECONSTRUCTED
2024-11-12,HDFCBANK,30.160007684437023,RECONSTRUCTED
2024-11-12,ICICIBANK,24.639014104579765,RECONSTRUCTED
2024-11-12,IDFCFIRSTB,2.403575032230937,RECONSTRUCTED
2024-11-12,INDUSINDBK,3.636667648279372,RECONSTRUCTED
2024-11-12,KOTAKBANK,9.06362407679599,RECONSTRUCTED
2024-11-12,PNB,1.8472213873205647,RECONSTRUCTED
2024-11-12,SBIN,10.20523523618761,RECONSTRUCTED
2024-11-13,AUBANK,1.9604447731972767,RECONSTRUCTED
2024-11-13,AXISBANK,8.315886480082165,RECONSTRUCTED
2024-11-13,BANKBARODA,2.677988140267616,RECONSTRUCTED
2024-11-13,CANBK,2.0549503009036254,RECONSTRUCTED
2024-11-13,FEDERALBNK,3.1411137695477978,RECONSTRUCTED
2024-11-13,HDFCBANK,30.177934973066243,RECONSTRUCTED
2024-11-13,ICICIBANK,24.450122551615102,RECONSTRUCTED
2024-11-13,IDFCFIRSTB,2.4503424671468936,RECONSTRUCTED
2024-11-13,INDUSINDBK,3.639271441289783,RECONSTRUCTED
2024-11-13,KOTAKBANK,9.050910435032938,RECONSTRUCTED
2024-11-13,PNB,1.865694646646569,RECONSTRUCTED
2024-11-13,SBIN,10.215340021203971,RECONSTRUCTED
2024-11-14,AUBANK,1.9195110280634349,RECONSTRUCTED
2024-11-14,AXISBANK,8.321130496746708,RECONSTRUCTED
2024-11-14,BANKBARODA,2.7033228351724614,RECONSTRUCTED
2024-11-14,CANBK,2.076785121073101,RECONSTRUCTED
2024-11-14,FEDERALBNK,3.1857185012379454,RECONSTRUCTED
2024-11-14,HDFCBANK,30.03440667603013,RECONSTRUCTED
2024-11-14,ICICIBANK,24.435483529372867,RECONSTRUCTED
2024-11-14,IDFCFIRSTB,2.4633546186973128,RECONSTRUCTED
2024-11-14,INDUSINDBK,3.716608368974161,RECONSTRUCTED
2024-11-14,KOTAKBANK,8.962474746191415,RECONSTRUCTED
2024-11-14,PNB,1.8895163405544144,RECONSTRUCTED
2024-11-14,SBIN,10.291687737886036,RECONSTRUCTED
2024-11-18,AUBANK,1.9098928295893751,RECONSTRUCTED
2024-11-18,AXISBANK,8.460557765801797,RECONSTRUCTED
2024-11-18,BANKBARODA,2.714804062069432,RECONSTRUCTED
2024-11-18,CANBK,2.0700904064309227,RECONSTRUCTED
2024-11-18,FEDERALBNK,3.145702930127681,RECONSTRUCTED
2024-11-18,HDFCBANK,29.931105068113524,RECONSTRUCTED
2024-11-18,ICICIBANK,24.59759242528802,RECONSTRUCTED
2024-11-18,IDFCFIRSTB,2.3927934763031287,RECONSTRUCTED
2024-11-18,INDUSINDBK,3.7774553509562026,RECONSTRUCTED
2024-11-18,KOTAKBANK,8.919260326837323,RECONSTRUCTED
2024-11-18,PNB,1.877133371249248,RECONSTRUCTED
2024-11-18,SBIN,10.203611987233357,RECONSTRUCTED
2024-11-19,AUBANK,1.8810592729846969,RECONSTRUCTED
2024-11-19,AXISBANK,8.447398695696616,RECONSTRUCTED
2024-11-19,BANKBARODA,2.777560084133144,RECONSTRUCTED
2024-11-19,CANBK,2.088966454653078,RECONSTRUCTED
2024-11-19,FEDERALBNK,3.064482967304806,RECONSTRUCTED
2024-11-19,HDFCBANK,29.448589560423088,RECONSTRUCTED
2024-11-19,ICICIBANK,24.81445614152479,RECONSTRUCTED
2024-11-19,IDFCFIRSTB,2.4393875655264123,RECONSTRUCTED
2024-11-19,INDUSINDBK,3.814240037133427,RECONSTRUCTED
2024-11-19,KOTAKBANK,8.940721675745383,RECONSTRUCTED
2024-11-19,PNB,1.880936766963368,RECONSTRUCTED
2024-11-19,SBIN,10.402200777911188,RECONSTRUCTED
2024-11-21,AUBANK,1.8619398529290765,RECONSTRUCTED
2024-11-21,AXISBANK,8.364209651957028,RECONSTRUCTED
2024-11-21,BANKBARODA,2.868011740629381,RECONSTRUCTED
2024-11-21,CANBK,2.1515715662517945,RECONSTRUCTED
2024-11-21,FEDERALBNK,2.98707555731736,RECONSTRUCTED
2024-11-21,HDFCBANK,29.30996702988297,RECONSTRUCTED
2024-11-21,ICICIBANK,24.65414322616196,RECONSTRUCTED
2024-11-21,IDFCFIRSTB,2.4912083228557105,RECONSTRUCTED
2024-11-21,INDUSINDBK,3.866479585804784,RECONSTRUCTED
2024-11-21,KOTAKBANK,8.84540316543131,RECONSTRUCTED
2024-11-21,PNB,1.9581246724220327,RECONSTRUCTED
2024-11-21,SBIN,10.64186562835658,RECONSTRUCTED
2024-11-22,AUBANK,1.885005513339043,RECONSTRUCTED
2024-11-22,AXISBANK,8.469327061747498,RECONSTRUCTED
2024-11-22,BANKBARODA,2.819787503555206,RECONSTRUCTED
2024-11-22,CANBK,2.1273964894907373,RECONSTRUCTED
2024-11-22,FEDERALBNK,3.055121019642569,RECONSTRUCTED
2024-11-22,HDFCBANK,29.687970345136915,RECONSTRUCTED
2024-11-22,ICICIBANK,24.49651894210969,RECONSTRUCTED
2024-11-22,IDFCFIRSTB,2.481997538125976,RECONSTRUCTED
2024-11-22,INDUSINDBK,3.8603577449241575,RECONSTRUCTED
2024-11-22,KOTAKBANK,8.85795351735483,RECONSTRUCTED
2024-11-22,PNB,1.9196667767576083,RECONSTRUCTED
2024-11-22,SBIN,10.33889754781577,RECONSTRUCTED
2024-11-25,AUBANK,1.922894898902464,RECONSTRUCTED
2024-11-25,AXISBANK,8.54726160277634,RECONSTRUCTED
2024-11-25,BANKBARODA,2.750019484461414,RECONSTRUCTED
2024-11-25,CANBK,2.0869390407738284,RECONSTRUCTED
2024-11-25,FEDERALBNK,3.068231637593478,RECONSTRUCTED
2024-11-25,HDFCBANK,29.636109373952834,RECONSTRUCTED
2024-11-25,ICICIBANK,24.573768229767488,RECONSTRUCTED
2024-11-25,IDFCFIRSTB,2.514835977075569,RECONSTRUCTED
2024-11-25,INDUSINDBK,3.921099879301444,RECONSTRUCTED
2024-11-25,KOTAKBANK,8.897108591341969,RECONSTRUCTED
2024-11-25,PNB,1.8794514257370416,RECONSTRUCTED
2024-11-25,SBIN,10.202279858316125,RECONSTRUCTED
2024-11-26,AUBANK,1.9376243404876023,RECONSTRUCTED
2024-11-26,AXISBANK,8.627698793439174,RECONSTRUCTED
2024-11-26,BANKBARODA,2.744799821872016,RECONSTRUCTED
2024-11-26,CANBK,2.069747510927642,RECONSTRUCTED
2024-11-26,FEDERALBNK,3.056453546282974,RECONSTRUCTED
2024-11-26,HDFCBANK,29.628570145376663,RECONSTRUCTED
2024-11-26,ICICIBANK,24.491526937211965,RECONSTRUCTED
2024-11-26,IDFCFIRSTB,2.495213785770797,RECONSTRUCTED
2024-11-26,INDUSINDBK,3.896308128290718,RECONSTRUCTED
2024-11-26,KOTAKBANK,8.930252219070091,RECONSTRUCTED
2024-11-26,PNB,1.86104494583618,RECONSTRUCTED
2024-11-26,SBIN,10.26075982543418,RECONSTRUCTED
2024-11-27,AUBANK,1.9476669889525,RECONSTRUCTED
2024-11-27,AXISBANK,8.609555336374463,RECONSTRUCTED
2024-11-27,BANKBARODA,2.7623505459271414,RECONSTRUCTED
2024-11-27,CANBK,2.0788421615740544,RECONSTRUCTED
2024-11-27,FEDERALBNK,3.073882357883285,RECONSTRUCTED
2024-11-27,HDFCBANK,29.25326698196456,RECONSTRUCTED
2024-11-27,ICICIBANK,24.623758860626275,RECONSTRUCTED
2024-11-27,IDFCFIRSTB,2.539104570300025,RECONSTRUCTED
2024-11-27,INDUSINDBK,3.93439833103681,RECONSTRUCTED
2024-11-27,KOTAKBANK,8.95123326583546,RECONSTRUCTED
2024-11-27,PNB,1.8780423990240789,RECONSTRUCTED
2024-11-27,SBIN,10.347898200501367,RECONSTRUCTED
2024-11-28,AUBANK,1.9461643474106216,RECONSTRUCTED
2024-11-28,AXISBANK,8.673962130402552,RECONSTRUCTED
2024-11-28,BANKBARODA,2.7134239921630403,RECONSTRUCTED
2024-11-28,CANBK,2.036283347912093,RECONSTRUCTED
2024-11-28,FEDERALBNK,3.077132049544557,RECONSTRUCTED
2024-11-28,HDFCBANK,29.34250835369724,RECONSTRUCTED
2024-11-28,ICICIBANK,24.710511972833626,RECONSTRUCTED
2024-11-28,IDFCFIRSTB,2.515625216533138,RECONSTRUCTED
2024-11-28,INDUSINDBK,3.937514931493024,RECONSTRUCTED
2024-11-28,KOTAKBANK,9.00486342163718,RECONSTRUCTED
2024-11-28,PNB,1.8303732825119767,RECONSTRUCTED
2024-11-28,SBIN,10.211636953860962,RECONSTRUCTED
2024-11-29,AUBANK,1.96,OFFICIAL
2024-11-29,AXISBANK,8.67,OFFICIAL
2024-11-29,BANKBARODA,2.75,OFFICIAL
2024-11-29,CANBK,2.06,OFFICIAL
2024-11-29,FEDERALBNK,3.09,OFFICIAL
2024-11-29,HDFCBANK,29.38,OFFICIAL
2024-11-29,ICICIBANK,24.52,OFFICIAL
2024-11-29,IDFCFIRSTB,2.53,OFFICIAL
2024-11-29,INDUSINDBK,3.94,OFFICIAL
2024-11-29,KOTAKBANK,9.0,OFFICIAL
2024-11-29,PNB,1.86,OFFICIAL
2024-11-29,SBIN,10.24,OFFICIAL
2024-12-02,AUBANK,2.1952253009947813,RECONSTRUCTED
2024-12-02,AXISBANK,8.188333257241725,RECONSTRUCTED
2024-12-02,BANKBARODA,3.1889433629006008,RECONSTRUCTED
2024-12-02,CANBK,2.419232241384935,RECONSTRUCTED
2024-12-02,FEDERALBNK,3.4091751817502622,RECONSTRUCTED
2024-12-02,HDFCBANK,28.277231931543334,RECONSTRUCTED
2024-12-02,ICICIBANK,25.12910232647208,RECONSTRUCTED
2024-12-02,IDFCFIRSTB,2.7915156392510685,RECONSTRUCTED
2024-12-02,INDUSINDBK,4.474793522590916,RECONSTRUCTED
2024-12-02,KOTAKBANK,9.176312183563134,RECONSTRUCTED
2024-12-02,PNB,2.5259745220906025,RECONSTRUCTED
2024-12-02,SBIN,8.224160530216576,RECONSTRUCTED
2024-12-03,AUBANK,2.170206811653044,RECONSTRUCTED
2024-12-03,AXISBANK,8.112489984101307,RECONSTRUCTED
2024-12-03,BANKBARODA,3.121311826048088,RECONSTRUCTED
2024-12-03,CANBK,2.366796654952738,RECONSTRUCTED
2024-12-03,FEDERALBNK,3.432656561648084,RECONSTRUCTED
2024-12-03,HDFCBANK,28.253674647152604,RECONSTRUCTED
2024-12-03,ICICIBANK,25.33585588600335,RECONSTRUCTED
2024-12-03,IDFCFIRSTB,2.787507338771781,RECONSTRUCTED
2024-12-03,INDUSINDBK,4.49104141776211,RECONSTRUCTED
2024-12-03,KOTAKBANK,9.299878008782454,RECONSTRUCTED
2024-12-03,PNB,2.483820819634195,RECONSTRUCTED
2024-12-03,SBIN,8.144760043490265,RECONSTRUCTED
2024-12-04,AUBANK,2.190902482102797,RECONSTRUCTED
2024-12-04,AXISBANK,8.208293910998254,RECONSTRUCTED
2024-12-04,BANKBARODA,3.0824176739547444,RECONSTRUCTED
2024-12-04,CANBK,2.315272804157232,RECONSTRUCTED
2024-12-04,FEDERALBNK,3.3817866756762363,RECONSTRUCTED
2024-12-04,HDFCBANK,28.042478401281663,RECONSTRUCTED
2024-12-04,ICICIBANK,25.462987796846743,RECONSTRUCTED
2024-12-04,IDFCFIRSTB,2.774889402013098,RECONSTRUCTED
2024-12-04,INDUSINDBK,4.537694594264547,RECONSTRUCTED
2024-12-04,KOTAKBANK,9.360537621959969,RECONSTRUCTED
2024-12-04,PNB,2.464318368173447,RECONSTRUCTED
2024-12-04,SBIN,8.178420268571287,RECONSTRUCTED
2024-12-05,AUBANK,2.1968221743655656,RECONSTRUCTED
2024-12-05,AXISBANK,8.2102744500466,RECONSTRUCTED
2024-12-05,BANKBARODA,3.1086814670358103,RECONSTRUCTED
2024-12-05,CANBK,2.3396205409223403,RECONSTRUCTED
2024-12-05,FEDERALBNK,3.410318544296456,RECONSTRUCTED
2024-12-05,HDFCBANK,28.13192727413481,RECONSTRUCTED
2024-12-05,ICICIBANK,25.229755794342307,RECONSTRUCTED
2024-12-05,IDFCFIRSTB,2.8027790465366547,RECONSTRUCTED
2024-12-05,INDUSINDBK,4.568968869456553,RECONSTRUCTED
2024-12-05,KOTAKBANK,9.325268841513669,RECONSTRUCTED
2024-12-05,PNB,2.500829887041891,RECONSTRUCTED
2024-12-05,SBIN,8.174753110307352,RECONSTRUCTED
2024-12-06,AUBANK,2.2315241082543484,RECONSTRUCTED
2024-12-06,AXISBANK,8.069987303194386,RECONSTRUCTED
2024-12-06,BANKBARODA,3.048929466048375,RECONSTRUCTED
2024-12-06,CANBK,2.310860037604143,RECONSTRUCTED
2024-12-06,FEDERALBNK,3.4292524651087626,RECONSTRUCTED
2024-12-06,HDFCBANK,28.23131668605369,RECONSTRUCTED
2024-12-06,ICICIBANK,25.33143376879547,RECONSTRUCTED
2024-12-06,IDFCFIRSTB,2.800303513544621,RECONSTRUCTED
2024-12-06,INDUSINDBK,4.596932433392609,RECONSTRUCTED
2024-12-06,KOTAKBANK,9.299127529285403,RECONSTRUCTED
2024-12-06,PNB,2.4732215019517554,RECONSTRUCTED
2024-12-06,SBIN,8.17711118676643,RECONSTRUCTED
2024-12-09,AUBANK,2.250769228886238,RECONSTRUCTED
2024-12-09,AXISBANK,8.201140204512642,RECONSTRUCTED
2024-12-09,BANKBARODA,3.0620914530547165,RECONSTRUCTED
2024-12-09,CANBK,2.313170806515637,RECONSTRUCTED
2024-12-09,FEDERALBNK,3.416395631904729,RECONSTRUCTED
2024-12-09,HDFCBANK,27.96104702889348,RECONSTRUCTED
2024-12-09,ICICIBANK,25.403533781739025,RECONSTRUCTED
2024-12-09,IDFCFIRSTB,2.8237798745745275,RECONSTRUCTED
2024-12-09,INDUSINDBK,4.623822312163051,RECONSTRUCTED
2024-12-09,KOTAKBANK,9.232009536853347,RECONSTRUCTED
2024-12-09,PNB,2.4984017884101166,RECONSTRUCTED
2024-12-09,SBIN,8.213838352492488,RECONSTRUCTED
2024-12-10,AUBANK,2.2196098025473923,RECONSTRUCTED
2024-12-10,AXISBANK,8.296619604597764,RECONSTRUCTED
2024-12-10,BANKBARODA,3.0721759510827407,RECONSTRUCTED
2024-12-10,CANBK,2.306188558000185,RECONSTRUCTED
2024-12-10,FEDERALBNK,3.418532067111114,RECONSTRUCTED
2024-12-10,HDFCBANK,28.08166557101042,RECONSTRUCTED
2024-12-10,ICICIBANK,25.33106971001669,RECONSTRUCTED
2024-12-10,IDFCFIRSTB,2.8051226358724555,RECONSTRUCTED
2024-12-10,INDUSINDBK,4.631037870140966,RECONSTRUCTED
2024-12-10,KOTAKBANK,9.218803999588292,RECONSTRUCTED
2024-12-10,PNB,2.4680556106961844,RECONSTRUCTED
2024-12-10,SBIN,8.151118619335794,RECONSTRUCTED
2024-12-11,AUBANK,2.2164277359001185,RECONSTRUCTED
2024-12-11,AXISBANK,8.31403423388102,RECONSTRUCTED
2024-12-11,BANKBARODA,3.086904854814261,RECONSTRUCTED
2024-12-11,CANBK,2.3178622915886904,RECONSTRUCTED
2024-12-11,FEDERALBNK,3.401307892576211,RECONSTRUCTED
2024-12-11,HDFCBANK,28.059599556286585,RECONSTRUCTED
2024-12-11,ICICIBANK,25.29951405373469,RECONSTRUCTED
2024-12-11,IDFCFIRSTB,2.8241425224374264,RECONSTRUCTED
2024-12-11,INDUSINDBK,4.612436517449371,RECONSTRUCTED
2024-12-11,KOTAKBANK,9.18690526983007,RECONSTRUCTED
2024-12-11,PNB,2.502327274307553,RECONSTRUCTED
2024-12-11,SBIN,8.178537797193997,RECONSTRUCTED
2024-12-12,AUBANK,2.2058836457375293,RECONSTRUCTED
2024-12-12,AXISBANK,8.299378499385812,RECONSTRUCTED
2024-12-12,BANKBARODA,3.0958044006279515,RECONSTRUCTED
2024-12-12,CANBK,2.3374164502794748,RECONSTRUCTED
2024-12-12,FEDERALBNK,3.4224610233538644,RECONSTRUCTED
2024-12-12,HDFCBANK,28.02899260510531,RECONSTRUCTED
2024-12-12,ICICIBANK,25.18649325743145,RECONSTRUCTED
2024-12-12,IDFCFIRSTB,2.8533054794188235,RECONSTRUCTED
2024-12-12,INDUSINDBK,4.537528257318972,RECONSTRUCTED
2024-12-12,KOTAKBANK,9.292542924506526,RECONSTRUCTED
2024-12-12,PNB,2.512015252053347,RECONSTRUCTED
2024-12-12,SBIN,8.228178204780924,RECONSTRUCTED
2024-12-13,AUBANK,2.245079097752694,RECONSTRUCTED
2024-12-13,AXISBANK,8.33576304884601,RECONSTRUCTED
2024-12-13,BANKBARODA,3.1307770107691333,RECONSTRUCTED
2024-12-13,CANBK,2.373095958507952,RECONSTRUCTED
2024-12-13,FEDERALBNK,3.437370454117882,RECONSTRUCTED
2024-12-13,HDFCBANK,28.024890403392032,RECONSTRUCTED
2024-12-13,ICICIBANK,25.057101586262583,RECONSTRUCTED
2024-12-13,IDFCFIRSTB,2.8765396383880875,RECONSTRUCTED
2024-12-13,INDUSINDBK,4.619675335785649,RECONSTRUCTED
2024-12-13,KOTAKBANK,9.162239572691382,RECONSTRUCTED
2024-12-13,PNB,2.53064620492058,RECONSTRUCTED
2024-12-13,SBIN,8.206821688565999,RECONSTRUCTED
2024-12-16,AUBANK,2.270279410484013,RECONSTRUCTED
2024-12-16,AXISBANK,8.317120387903273,RECONSTRUCTED
2024-12-16,BANKBARODA,3.1180832947582773,RECONSTRUCTED
2024-12-16,CANBK,2.3566552566110834,RECONSTRUCTED
2024-12-16,FEDERALBNK,3.433869581375186,RECONSTRUCTED
2024-12-16,HDFCBANK,28.127616819731514,RECONSTRUCTED
2024-12-16,ICICIBANK,25.038602957757632,RECONSTRUCTED
2024-12-16,IDFCFIRSTB,2.872062171129499,RECONSTRUCTED
2024-12-16,INDUSINDBK,4.561666817320831,RECONSTRUCTED
2024-12-16,KOTAKBANK,9.169738286878076,RECONSTRUCTED
2024-12-16,PNB,2.520505828666511,RECONSTRUCTED
2024-12-16,SBIN,8.213799187384115,RECONSTRUCTED
2024-12-17,AUBANK,2.2979321181241272,RECONSTRUCTED
2024-12-17,AXISBANK,8.305735359071027,RECONSTRUCTED
2024-12-17,BANKBARODA,3.11128620061551,RECONSTRUCTED
2024-12-17,CANBK,2.371638204412085,RECONSTRUCTED
2024-12-17,FEDERALBNK,3.435587399067705,RECONSTRUCTED
2024-12-17,HDFCBANK,28.2148680936468,RECONSTRUCTED
2024-12-17,ICICIBANK,24.91462648345717,RECONSTRUCTED
2024-12-17,IDFCFIRSTB,2.8641177750266213,RECONSTRUCTED
2024-12-17,INDUSINDBK,4.606684921440529,RECONSTRUCTED
2024-12-17,KOTAKBANK,9.14399886149543,RECONSTRUCTED
2024-12-17,PNB,2.5363616341759565,RECONSTRUCTED
2024-12-17,SBIN,8.197162949467051,RECONSTRUCTED
2024-12-18,AUBANK,2.2867657224991493,RECONSTRUCTED
2024-12-18,AXISBANK,8.29715682969088,RECONSTRUCTED
2024-12-18,BANKBARODA,3.134927676483281,RECONSTRUCTED
2024-12-18,CANBK,2.3846700453618817,RECONSTRUCTED
2024-12-18,FEDERALBNK,3.5636201743224625,RECONSTRUCTED
2024-12-18,HDFCBANK,28.185135105194163,RECONSTRUCTED
2024-12-18,ICICIBANK,24.948863111206283,RECONSTRUCTED
2024-12-18,IDFCFIRSTB,2.780016982489854,RECONSTRUCTED
2024-12-18,INDUSINDBK,4.594435542644986,RECONSTRUCTED
2024-12-18,KOTAKBANK,9.042533073166206,RECONSTRUCTED
2024-12-18,PNB,2.57441942916511,RECONSTRUCTED
2024-12-18,SBIN,8.20745630777574,RECONSTRUCTED
2024-12-19,AUBANK,2.302174909307677,RECONSTRUCTED
2024-12-19,AXISBANK,8.307524186401242,RECONSTRUCTED
2024-12-19,BANKBARODA,3.1309835820628544,RECONSTRUCTED
2024-12-19,CANBK,2.3658959483312088,RECONSTRUCTED
2024-12-19,FEDERALBNK,3.509487148608179,RECONSTRUCTED
2024-12-19,HDFCBANK,28.15207283051296,RECONSTRUCTED
2024-12-19,ICICIBANK,25.20554087982769,RECONSTRUCTED
2024-12-19,IDFCFIRSTB,2.733049663840112,RECONSTRUCTED
2024-12-19,INDUSINDBK,4.549224697480604,RECONSTRUCTED
2024-12-19,KOTAKBANK,9.037007773712622,RECONSTRUCTED
2024-12-19,PNB,2.534917638673144,RECONSTRUCTED
2024-12-19,SBIN,8.172120741241686,RECONSTRUCTED
2024-12-20,AUBANK,2.3116444731675303,RECONSTRUCTED
2024-12-20,AXISBANK,8.455455951743772,RECONSTRUCTED
2024-12-20,BANKBARODA,3.179101533669105,RECONSTRUCTED
2024-12-20,CANBK,2.4044463488809704,RECONSTRUCTED
2024-12-20,FEDERALBNK,3.5678640969669404,RECONSTRUCTED
2024-12-20,HDFCBANK,28.039972250110377,RECONSTRUCTED
2024-12-20,ICICIBANK,24.76835073602335,RECONSTRUCTED
2024-12-20,IDFCFIRSTB,2.836553226587426,RECONSTRUCTED
2024-12-20,INDUSINDBK,4.643821809685758,RECONSTRUCTED
2024-12-20,KOTAKBANK,8.985201543669419,RECONSTRUCTED
2024-12-20,PNB,2.5619097894424416,RECONSTRUCTED
2024-12-20,SBIN,8.24567824005289,RECONSTRUCTED
2024-12-23,AUBANK,2.287728870819158,RECONSTRUCTED
2024-12-23,AXISBANK,8.490710345380572,RECONSTRUCTED
2024-12-23,BANKBARODA,3.140223624316868,RECONSTRUCTED
2024-12-23,CANBK,2.395562937870693,RECONSTRUCTED
2024-12-23,FEDERALBNK,3.560271535601027,RECONSTRUCTED
2024-12-23,HDFCBANK,27.884307297193818,RECONSTRUCTED
2024-12-23,ICICIBANK,24.878811333710395,RECONSTRUCTED
2024-12-23,IDFCFIRSTB,2.8552807846479755,RECONSTRUCTED
2024-12-23,INDUSINDBK,4.614270230647207,RECONSTRUCTED
2024-12-23,KOTAKBANK,9.074746569178066,RECONSTRUCTED
2024-12-23,PNB,2.574527992651736,RECONSTRUCTED
2024-12-23,SBIN,8.243558477982486,RECONSTRUCTED
2024-12-24,AUBANK,2.2558293465340418,RECONSTRUCTED
2024-12-24,AXISBANK,8.480231464774372,RECONSTRUCTED
2024-12-24,BANKBARODA,3.152263110974024,RECONSTRUCTED
2024-12-24,CANBK,2.404660951160675,RECONSTRUCTED
2024-12-24,FEDERALBNK,3.560475883681105,RECONSTRUCTED
2024-12-24,HDFCBANK,27.888349103260342,RECONSTRUCTED
2024-12-24,ICICIBANK,24.833733956977166,RECONSTRUCTED
2024-12-24,IDFCFIRSTB,2.835534225707667,RECONSTRUCTED
2024-12-24,INDUSINDBK,4.6587410358614525,RECONSTRUCTED
2024-12-24,KOTAKBANK,9.042279511665,RECONSTRUCTED
2024-12-24,PNB,2.564179051712081,RECONSTRUCTED
2024-12-24,SBIN,8.323722357692077,RECONSTRUCTED
2024-12-26,AUBANK,2.2854658120815823,RECONSTRUCTED
2024-12-26,AXISBANK,8.48767983812806,RECONSTRUCTED
2024-12-26,BANKBARODA,3.126516555779041,RECONSTRUCTED
2024-12-26,CANBK,2.390453817981136,RECONSTRUCTED
2024-12-26,FEDERALBNK,3.539065175148325,RECONSTRUCTED
2024-12-26,HDFCBANK,27.97025721570942,RECONSTRUCTED
2024-12-26,ICICIBANK,24.802950963844044,RECONSTRUCTED
2024-12-26,IDFCFIRSTB,2.8570052087372897,RECONSTRUCTED
2024-12-26,INDUSINDBK,4.670051111049746,RECONSTRUCTED
2024-12-26,KOTAKBANK,9.012442875146276,RECONSTRUCTED
2024-12-26,PNB,2.548160972978081,RECONSTRUCTED
2024-12-26,SBIN,8.309950453417011,RECONSTRUCTED
2024-12-27,AUBANK,2.276223131774479,RECONSTRUCTED
2024-12-27,AXISBANK,8.507557380863297,RECONSTRUCTED
2024-12-27,BANKBARODA,3.157654482117685,RECONSTRUCTED
2024-12-27,CANBK,2.413727983155366,RECONSTRUCTED
2024-12-27,FEDERALBNK,3.5669663660429327,RECONSTRUCTED
2024-12-27,HDFCBANK,27.93827822672862,RECONSTRUCTED
2024-12-27,ICICIBANK,24.68427910968383,RECONSTRUCTED
2024-12-27,IDFCFIRSTB,2.8303966936961515,RECONSTRUCTED
2024-12-27,INDUSINDBK,4.578860600291063,RECONSTRUCTED
2024-12-27,KOTAKBANK,9.003371378214826,RECONSTRUCTED
2024-12-27,PNB,2.5740490726858365,RECONSTRUCTED
2024-12-27,SBIN,8.468635574745912,RECONSTRUCTED
2024-12-30,AUBANK,2.1639527203825355,RECONSTRUCTED
2024-12-30,AXISBANK,8.513366795321344,RECONSTRUCTED
2024-12-30,BANKBARODA,3.1897653265448738,RECONSTRUCTED
2024-12-30,CANBK,2.420754270997585,RECONSTRUCTED
2024-12-30,FEDERALBNK,3.4683933948778014,RECONSTRUCTED
2024-12-30,HDFCBANK,28.080524416323456,RECONSTRUCTED
2024-12-30,ICICIBANK,24.77360727389044,RECONSTRUCTED
2024-12-30,IDFCFIRSTB,2.7553217309542024,RECONSTRUCTED
2024-12-30,INDUSINDBK,4.502395818413942,RECONSTRUCTED
2024-12-30,KOTAKBANK,9.045489391905276,RECONSTRUCTED
2024-12-30,PNB,2.5498331348466694,RECONSTRUCTED
2024-12-30,SBIN,8.536595725541869,RECONSTRUCTED
2024-12-31,AUBANK,2.23,OFFICIAL
2024-12-31,AXISBANK,8.54,OFFICIAL
2024-12-31,BANKBARODA,3.19,OFFICIAL
2024-12-31,CANBK,2.4,OFFICIAL
2024-12-31,FEDERALBNK,3.48,OFFICIAL
2024-12-31,HDFCBANK,28.11,OFFICIAL
2024-12-31,ICICIBANK,24.98,OFFICIAL
2024-12-31,IDFCFIRSTB,2.78,OFFICIAL
2024-12-31,INDUSINDBK,4.51,OFFICIAL
2024-12-31,KOTAKBANK,8.8,OFFICIAL
2024-12-31,PNB,2.52,OFFICIAL
2024-12-31,SBIN,8.45,OFFICIAL
2025-01-01,AUBANK,2.672631102181417,RECONSTRUCTED
2025-01-01,AXISBANK,7.669414037406976,RECONSTRUCTED
2025-01-01,BANKBARODA,2.636895722491738,RECONSTRUCTED
2025-01-01,CANBK,2.187078969092911,RECONSTRUCTED
2025-01-01,FEDERALBNK,3.205337208496406,RECONSTRUCTED
2025-01-01,HDFCBANK,27.061639992217195,RECONSTRUCTED
2025-01-01,ICICIBANK,25.129108350742943,RECONSTRUCTED
2025-01-01,IDFCFIRSTB,2.896174375717892,RECONSTRUCTED
2025-01-01,INDUSINDBK,5.02366144928575,RECONSTRUCTED
2025-01-01,KOTAKBANK,10.501313697437327,RECONSTRUCTED
2025-01-01,PNB,2.5736361255854967,RECONSTRUCTED
2025-01-01,SBIN,8.443108969343953,RECONSTRUCTED
2025-01-02,AUBANK,2.690331217681428,RECONSTRUCTED
2025-01-02,AXISBANK,7.647870462223814,RECONSTRUCTED
2025-01-02,BANKBARODA,2.6669029599816967,RECONSTRUCTED
2025-01-02,CANBK,2.195304180114344,RECONSTRUCTED
2025-01-02,FEDERALBNK,3.15196719140035,RECONSTRUCTED
2025-01-02,HDFCBANK,27.190477447157964,RECONSTRUCTED
2025-01-02,ICICIBANK,25.26773136826548,RECONSTRUCTED
2025-01-02,IDFCFIRSTB,2.905737058223196,RECONSTRUCTED
2025-01-02,INDUSINDBK,4.966273179010355,RECONSTRUCTED
2025-01-02,KOTAKBANK,10.334699280551616,RECONSTRUCTED
2025-01-02,PNB,2.532284433494824,RECONSTRUCTED
2025-01-02,SBIN,8.450421221894931,RECONSTRUCTED
2025-01-03,AUBANK,2.646466677696607,RECONSTRUCTED
2025-01-03,AXISBANK,7.568613348931917,RECONSTRUCTED
2025-01-03,BANKBARODA,2.6294656462287063,RECONSTRUCTED
2025-01-03,CANBK,2.1616712837324954,RECONSTRUCTED
2025-01-03,FEDERALBNK,3.1279270430075243,RECONSTRUCTED
2025-01-03,HDFCBANK,27.55086036575033,RECONSTRUCTED
2025-01-03,ICICIBANK,25.47100509621368,RECONSTRUCTED
2025-01-03,IDFCFIRSTB,2.8534785095903628,RECONSTRUCTED
2025-01-03,INDUSINDBK,4.874908035991466,RECONSTRUCTED
2025-01-03,KOTAKBANK,10.20326596709528,RECONSTRUCTED
2025-01-03,PNB,2.4804862420010934,RECONSTRUCTED
2025-01-03,SBIN,8.43185178376054,RECONSTRUCTED
2025-01-06,AUBANK,2.6530758870898152,RECONSTRUCTED
2025-01-06,AXISBANK,7.561417655227347,RECONSTRUCTED
2025-01-06,BANKBARODA,2.729427017201836,RECONSTRUCTED
2025-01-06,CANBK,2.2064233338641577,RECONSTRUCTED
2025-01-06,FEDERALBNK,3.1827358116269746,RECONSTRUCTED
2025-01-06,HDFCBANK,27.58959869626862,RECONSTRUCTED
2025-01-06,ICICIBANK,24.96124173101429,RECONSTRUCTED
2025-01-06,IDFCFIRSTB,2.9045061679946222,RECONSTRUCTED
2025-01-06,INDUSINDBK,4.910810738790486,RECONSTRUCTED
2025-01-06,KOTAKBANK,10.322800820374946,RECONSTRUCTED
2025-01-06,PNB,2.540274236290136,RECONSTRUCTED
2025-01-06,SBIN,8.437687904256764,RECONSTRUCTED
2025-01-07,AUBANK,2.6316330371049776,RECONSTRUCTED
2025-01-07,AXISBANK,7.573517855246144,RECONSTRUCTED
2025-01-07,BANKBARODA,2.691209930345465,RECONSTRUCTED
2025-01-07,CANBK,2.206234294819401,RECONSTRUCTED
2025-01-07,FEDERALBNK,3.2036880154552354,RECONSTRUCTED
2025-01-07,HDFCBANK,27.69334329771351,RECONSTRUCTED
2025-01-07,ICICIBANK,24.800352781205792,RECONSTRUCTED
2025-01-07,IDFCFIRSTB,2.9283218687160515,RECONSTRUCTED
2025-01-07,INDUSINDBK,4.869613282991773,RECONSTRUCTED
2025-01-07,KOTAKBANK,10.423698386562966,RECONSTRUCTED
2025-01-07,PNB,2.520212793837592,RECONSTRUCTED
2025-01-07,SBIN,8.458174456001082,RECONSTRUCTED
2025-01-08,AUBANK,2.618843356957947,RECONSTRUCTED
2025-01-08,AXISBANK,7.465367136651678,RECONSTRUCTED
2025-01-08,BANKBARODA,2.665673871375596,RECONSTRUCTED
2025-01-08,CANBK,2.2063631835478343,RECONSTRUCTED
2025-01-08,FEDERALBNK,3.2094191159372247,RECONSTRUCTED
2025-01-08,HDFCBANK,27.79826378489581,RECONSTRUCTED
2025-01-08,ICICIBANK,24.918736956129976,RECONSTRUCTED
2025-01-08,IDFCFIRSTB,2.8969063588253663,RECONSTRUCTED
2025-01-08,INDUSINDBK,4.846137325153715,RECONSTRUCTED
2025-01-08,KOTAKBANK,10.366443474310492,RECONSTRUCTED
2025-01-08,PNB,2.529527836337484,RECONSTRUCTED
2025-01-08,SBIN,8.478317599876867,RECONSTRUCTED
2025-01-09,AUBANK,2.585759772126722,RECONSTRUCTED
2025-01-09,AXISBANK,7.510125038424611,RECONSTRUCTED
2025-01-09,BANKBARODA,2.6706228611046083,RECONSTRUCTED
2025-01-09,CANBK,2.224393736384604,RECONSTRUCTED
2025-01-09,FEDERALBNK,3.222974791228117,RECONSTRUCTED
2025-01-09,HDFCBANK,28.06041006752565,RECONSTRUCTED
2025-01-09,ICICIBANK,24.78678322714749,RECONSTRUCTED
2025-01-09,IDFCFIRSTB,2.8914109392411445,RECONSTRUCTED
2025-01-09,INDUSINDBK,4.8160623463246575,RECONSTRUCTED
2025-01-09,KOTAKBANK,10.176539780033805,RECONSTRUCTED
2025-01-09,PNB,2.511967320764694,RECONSTRUCTED
2025-01-09,SBIN,8.542950119693888,RECONSTRUCTED
2025-01-10,AUBANK,2.5231219315751017,RECONSTRUCTED
2025-01-10,AXISBANK,7.543313631710026,RECONSTRUCTED
2025-01-10,BANKBARODA,2.695032920244928,RECONSTRUCTED
2025-01-10,CANBK,2.2585774720342444,RECONSTRUCTED
2025-01-10,FEDERALBNK,3.2458612467789485,RECONSTRUCTED
2025-01-10,HDFCBANK,27.809891326002656,RECONSTRUCTED
2025-01-10,ICICIBANK,24.647764906735688,RECONSTRUCTED
2025-01-10,IDFCFIRSTB,2.939942328429959,RECONSTRUCTED
2025-01-10,INDUSINDBK,4.960409431599713,RECONSTRUCTED
2025-01-10,KOTAKBANK,10.212827700614834,RECONSTRUCTED
2025-01-10,PNB,2.558038566138357,RECONSTRUCTED
2025-01-10,SBIN,8.605218538135539,RECONSTRUCTED
2025-01-13,AUBANK,2.55265211951524,RECONSTRUCTED
2025-01-13,AXISBANK,7.373622960530938,RECONSTRUCTED
2025-01-13,BANKBARODA,2.7502512610293848,RECONSTRUCTED
2025-01-13,CANBK,2.33439773923245,RECONSTRUCTED
2025-01-13,FEDERALBNK,3.222580494936153,RECONSTRUCTED
2025-01-13,HDFCBANK,27.8442233870078,RECONSTRUCTED
2025-01-13,ICICIBANK,24.68945365992086,RECONSTRUCTED
2025-01-13,IDFCFIRSTB,2.949323148229399,RECONSTRUCTED
2025-01-13,INDUSINDBK,4.867606215462021,RECONSTRUCTED
2025-01-13,KOTAKBANK,10.16864580280108,RECONSTRUCTED
2025-01-13,PNB,2.6062352121907386,RECONSTRUCTED
2025-01-13,SBIN,8.641007999143959,RECONSTRUCTED
2025-01-14,AUBANK,2.5228939626097016,RECONSTRUCTED
2025-01-14,AXISBANK,7.463445359329385,RECONSTRUCTED
2025-01-14,BANKBARODA,2.714788964216702,RECONSTRUCTED
2025-01-14,CANBK,2.248729452837797,RECONSTRUCTED
2025-01-14,FEDERALBNK,3.186972541900379,RECONSTRUCTED
2025-01-14,HDFCBANK,27.976352189361343,RECONSTRUCTED
2025-01-14,ICICIBANK,24.833137815596857,RECONSTRUCTED
2025-01-14,IDFCFIRSTB,2.8658638194092645,RECONSTRUCTED
2025-01-14,INDUSINDBK,4.833234130240153,RECONSTRUCTED
2025-01-14,KOTAKBANK,10.243678861025945,RECONSTRUCTED
2025-01-14,PNB,2.563561973904764,RECONSTRUCTED
2025-01-14,SBIN,8.547340929567708,RECONSTRUCTED
2025-01-15,AUBANK,2.4743406243159973,RECONSTRUCTED
2025-01-15,AXISBANK,7.6514379661863,RECONSTRUCTED
2025-01-15,BANKBARODA,2.738211856996789,RECONSTRUCTED
2025-01-15,CANBK,2.2159523686991647,RECONSTRUCTED
2025-01-15,FEDERALBNK,3.1640812036510195,RECONSTRUCTED
2025-01-15,HDFCBANK,28.063811612538547,RECONSTRUCTED
2025-01-15,ICICIBANK,24.89822175582077,RECONSTRUCTED
2025-01-15,IDFCFIRSTB,2.8649249752848527,RECONSTRUCTED
2025-01-15,INDUSINDBK,4.836131656205681,RECONSTRUCTED
2025-01-15,KOTAKBANK,10.03009804730048,RECONSTRUCTED
2025-01-15,PNB,2.57021089342152,RECONSTRUCTED
2025-01-15,SBIN,8.492577039578881,RECONSTRUCTED
2025-01-16,AUBANK,2.432538519764361,RECONSTRUCTED
2025-01-16,AXISBANK,7.649552616146775,RECONSTRUCTED
2025-01-16,BANKBARODA,2.684804895484157,RECONSTRUCTED
2025-01-16,CANBK,2.17882497242786,RECONSTRUCTED
2025-01-16,FEDERALBNK,3.1768605424634213,RECONSTRUCTED
2025-01-16,HDFCBANK,28.20841723364243,RECONSTRUCTED
2025-01-16,ICICIBANK,24.94502391741031,RECONSTRUCTED
2025-01-16,IDFCFIRSTB,2.8649728590026893,RECONSTRUCTED
2025-01-16,INDUSINDBK,4.823034017634906,RECONSTRUCTED
2025-01-16,KOTAKBANK,10.047456865080932,RECONSTRUCTED
2025-01-16,PNB,2.546545513146561,RECONSTRUCTED
2025-01-16,SBIN,8.441968047795603,RECONSTRUCTED
2025-01-17,AUBANK,2.419498743989924,RECONSTRUCTED
2025-01-17,AXISBANK,7.892393840795768,RECONSTRUCTED
2025-01-17,BANKBARODA,2.654603905665753,RECONSTRUCTED
2025-01-17,CANBK,2.134253696693972,RECONSTRUCTED
2025-01-17,FEDERALBNK,3.192184114296944,RECONSTRUCTED
2025-01-17,HDFCBANK,28.04726442087373,RECONSTRUCTED
2025-01-17,ICICIBANK,25.047044972566056,RECONSTRUCTED
2025-01-17,IDFCFIRSTB,2.827637168715348,RECONSTRUCTED
2025-01-17,INDUSINDBK,4.772597795133464,RECONSTRUCTED
2025-01-17,KOTAKBANK,10.16177325505388,RECONSTRUCTED
2025-01-17,PNB,2.5108023694177697,RECONSTRUCTED
2025-01-17,SBIN,8.339945716797402,RECONSTRUCTED
2025-01-20,AUBANK,2.426173076031353,RECONSTRUCTED
2025-01-20,AXISBANK,8.049775507562172,RECONSTRUCTED
2025-01-20,BANKBARODA,2.6514312846394725,RECONSTRUCTED
2025-01-20,CANBK,2.1023500345291684,RECONSTRUCTED
2025-01-20,FEDERALBNK,3.2049967059515607,RECONSTRUCTED
2025-01-20,HDFCBANK,28.26951822704753,RECONSTRUCTED
2025-01-20,ICICIBANK,25.31424375322037,RECONSTRUCTED
2025-01-20,IDFCFIRSTB,2.818525820312705,RECONSTRUCTED
2025-01-20,INDUSINDBK,4.854282771953334,RECONSTRUCTED
2025-01-20,KOTAKBANK,9.46195008535531,RECONSTRUCTED
2025-01-20,PNB,2.5311257221986017,RECONSTRUCTED
2025-01-20,SBIN,8.315627011198448,RECONSTRUCTED
2025-01-21,AUBANK,2.3848677425960485,RECONSTRUCTED
2025-01-21,AXISBANK,8.067617846935637,RECONSTRUCTED
2025-01-21,BANKBARODA,2.6378253883532934,RECONSTRUCTED
2025-01-21,CANBK,2.1016003400212355,RECONSTRUCTED
2025-01-21,FEDERALBNK,3.181618792221403,RECONSTRUCTED
2025-01-21,HDFCBANK,27.97024027848304,RECONSTRUCTED
2025-01-21,ICICIBANK,25.67844489760397,RECONSTRUCTED
2025-01-21,IDFCFIRSTB,2.7952021861442,RECONSTRUCTED
2025-01-21,INDUSINDBK,4.828133149895524,RECONSTRUCTED
2025-01-21,KOTAKBANK,9.44537952757767,RECONSTRUCTED
2025-01-21,PNB,2.5077919092534184,RECONSTRUCTED
2025-01-21,SBIN,8.401277940914566,RECONSTRUCTED
2025-01-22,AUBANK,2.401943925601062,RECONSTRUCTED
2025-01-22,AXISBANK,8.186556506307983,RECONSTRUCTED
2025-01-22,BANKBARODA,2.6608958348847334,RECONSTRUCTED
2025-01-22,CANBK,2.1441920809895967,RECONSTRUCTED
2025-01-22,FEDERALBNK,3.2300355949587467,RECONSTRUCTED
2025-01-22,HDFCBANK,27.66535255436286,RECONSTRUCTED
2025-01-22,ICICIBANK,25.67198191173538,RECONSTRUCTED
2025-01-22,IDFCFIRSTB,2.827313014959152,RECONSTRUCTED
2025-01-22,INDUSINDBK,4.791883045880548,RECONSTRUCTED
2025-01-22,KOTAKBANK,9.357343509447457,RECONSTRUCTED
2025-01-22,PNB,2.570494136083016,RECONSTRUCTED
2025-01-22,SBIN,8.492007884789464,RECONSTRUCTED
2025-01-23,AUBANK,2.485746081115764,RECONSTRUCTED
2025-01-23,AXISBANK,8.234611205977993,RECONSTRUCTED
2025-01-23,BANKBARODA,2.6444653438489696,RECONSTRUCTED
2025-01-23,CANBK,2.1310409767256355,RECONSTRUCTED
2025-01-23,FEDERALBNK,3.21007833212674,RECONSTRUCTED
2025-01-23,HDFCBANK,27.607482841285087,RECONSTRUCTED
2025-01-23,ICICIBANK,25.57290349504388,RECONSTRUCTED
2025-01-23,IDFCFIRSTB,2.806495779028893,RECONSTRUCTED
2025-01-23,INDUSINDBK,4.778559129814888,RECONSTRUCTED
2025-01-23,KOTAKBANK,9.442867141755505,RECONSTRUCTED
2025-01-23,PNB,2.5316369839575894,RECONSTRUCTED
2025-01-23,SBIN,8.55411268931907,RECONSTRUCTED
2025-01-24,AUBANK,2.4239263549808245,RECONSTRUCTED
2025-01-24,AXISBANK,8.220758252070814,RECONSTRUCTED
2025-01-24,BANKBARODA,2.679117574268836,RECONSTRUCTED
2025-01-24,CANBK,2.152453949596403,RECONSTRUCTED
2025-01-24,FEDERALBNK,3.240940498305972,RECONSTRUCTED
2025-01-24,HDFCBANK,27.738720264368617,RECONSTRUCTED
2025-01-24,ICICIBANK,25.30455869760563,RECONSTRUCTED
2025-01-24,IDFCFIRSTB,2.8319555661054507,RECONSTRUCTED
2025-01-24,INDUSINDBK,4.858558513639361,RECONSTRUCTED
2025-01-24,KOTAKBANK,9.444820936726234,RECONSTRUCTED
2025-01-24,PNB,2.56733647481082,RECONSTRUCTED
2025-01-24,SBIN,8.536852917521038,RECONSTRUCTED
2025-01-27,AUBANK,2.541654123497036,RECONSTRUCTED
2025-01-27,AXISBANK,8.171203406288468,RECONSTRUCTED
2025-01-27,BANKBARODA,2.7295970351678847,RECONSTRUCTED
2025-01-27,CANBK,2.250704954727861,RECONSTRUCTED
2025-01-27,FEDERALBNK,3.169000804639252,RECONSTRUCTED
2025-01-27,HDFCBANK,27.898085307276176,RECONSTRUCTED
2025-01-27,ICICIBANK,24.75752537368773,RECONSTRUCTED
2025-01-27,IDFCFIRSTB,3.088471031804976,RECONSTRUCTED
2025-01-27,INDUSINDBK,4.95410915895445,RECONSTRUCTED
2025-01-27,KOTAKBANK,9.40786940930586,RECONSTRUCTED
2025-01-27,PNB,2.607136251481367,RECONSTRUCTED
2025-01-27,SBIN,8.42464314316894,RECONSTRUCTED
2025-01-28,AUBANK,2.4737997858022114,RECONSTRUCTED
2025-01-28,AXISBANK,8.00792690839245,RECONSTRUCTED
2025-01-28,BANKBARODA,2.7489949327338574,RECONSTRUCTED
2025-01-28,CANBK,2.2915285579380424,RECONSTRUCTED
2025-01-28,FEDERALBNK,3.34585310942104,RECONSTRUCTED
2025-01-28,HDFCBANK,27.68056567688492,RECONSTRUCTED
2025-01-28,ICICIBANK,24.79379521301905,RECONSTRUCTED
2025-01-28,IDFCFIRSTB,3.0577219797893984,RECONSTRUCTED
2025-01-28,INDUSINDBK,4.996405590979701,RECONSTRUCTED
2025-01-28,KOTAKBANK,9.534867397645751,RECONSTRUCTED
2025-01-28,PNB,2.537790938343261,RECONSTRUCTED
2025-01-28,SBIN,8.530749909050295,RECONSTRUCTED
2025-01-29,AUBANK,2.458868544242015,RECONSTRUCTED
2025-01-29,AXISBANK,8.060894909212921,RECONSTRUCTED
2025-01-29,BANKBARODA,2.7557391983064767,RECONSTRUCTED
2025-01-29,CANBK,2.30298898668366,RECONSTRUCTED
2025-01-29,FEDERALBNK,3.3290032197505948,RECONSTRUCTED
2025-01-29,HDFCBANK,27.737753421814208,RECONSTRUCTED
2025-01-29,ICICIBANK,24.852968447608013,RECONSTRUCTED
2025-01-29,IDFCFIRSTB,2.9969754415512506,RECONSTRUCTED
2025-01-29,INDUSINDBK,4.952393162745027,RECONSTRUCTED
2025-01-29,KOTAKBANK,9.431164089881715,RECONSTRUCTED
2025-01-29,PNB,2.606035335937177,RECONSTRUCTED
2025-01-29,SBIN,8.515215242266937,RECONSTRUCTED
2025-01-30,AUBANK,2.4655314411456226,RECONSTRUCTED
2025-01-30,AXISBANK,8.074776145265348,RECONSTRUCTED
2025-01-30,BANKBARODA,2.7666197129292027,RECONSTRUCTED
2025-01-30,CANBK,2.3359225043238974,RECONSTRUCTED
2025-01-30,FEDERALBNK,3.3611690519998323,RECONSTRUCTED
2025-01-30,HDFCBANK,27.588684343281965,RECONSTRUCTED
2025-01-30,ICICIBANK,24.850257461610703,RECONSTRUCTED
2025-01-30,IDFCFIRSTB,2.938800595192638,RECONSTRUCTED
2025-01-30,INDUSINDBK,4.922063584599345,RECONSTRUCTED
2025-01-30,KOTAKBANK,9.553673436578697,RECONSTRUCTED
2025-01-30,PNB,2.6478268448073217,RECONSTRUCTED
2025-01-30,SBIN,8.494674878265442,RECONSTRUCTED
2025-01-31,AUBANK,2.46,OFFICIAL
2025-01-31,AXISBANK,8.11,OFFICIAL
2025-01-31,BANKBARODA,2.9,OFFICIAL
2025-01-31,CANBK,2.29,OFFICIAL
2025-01-31,FEDERALBNK,3.34,OFFICIAL
2025-01-31,HDFCBANK,27.63,OFFICIAL
2025-01-31,ICICIBANK,25.05,OFFICIAL
2025-01-31,IDFCFIRSTB,2.86,OFFICIAL
2025-01-31,INDUSINDBK,4.78,OFFICIAL
2025-01-31,KOTAKBANK,9.61,OFFICIAL
2025-01-31,PNB,2.54,OFFICIAL
2025-01-31,SBIN,8.43,OFFICIAL
2025-02-01,AUBANK,2.2794459735734014,RECONSTRUCTED
2025-02-01,AXISBANK,8.910286060957016,RECONSTRUCTED
2025-02-01,BANKBARODA,2.6266705598268434,RECONSTRUCTED
2025-02-01,CANBK,1.820871204736081,RECONSTRUCTED
2025-02-01,FEDERALBNK,3.204426805404465,RECONSTRUCTED
2025-02-01,HDFCBANK,30.256633350342103,RECONSTRUCTED
2025-02-01,ICICIBANK,24.19663416307258,RECONSTRUCTED
2025-02-01,IDFCFIRSTB,2.61018813652906,RECONSTRUCTED
2025-02-01,INDUSINDBK,4.911533984491019,RECONSTRUCTED
2025-02-01,KOTAKBANK,10.08528723648451,RECONSTRUCTED
2025-02-01,PNB,2.022468227927475,RECONSTRUCTED
2025-02-01,SBIN,7.075554296655443,RECONSTRUCTED
2025-02-03,AUBANK,2.2364194713939254,RECONSTRUCTED
2025-02-03,AXISBANK,8.934595783993947,RECONSTRUCTED
2025-02-03,BANKBARODA,2.646521821413772,RECONSTRUCTED
2025-02-03,CANBK,1.849980937590237,RECONSTRUCTED
2025-02-03,FEDERALBNK,3.2472697346128063,RECONSTRUCTED
2025-02-03,HDFCBANK,30.305314144557272,RECONSTRUCTED
2025-02-03,ICICIBANK,24.098903917253896,RECONSTRUCTED
2025-02-03,IDFCFIRSTB,2.581447965805822,RECONSTRUCTED
2025-02-03,INDUSINDBK,4.8658534706717385,RECONSTRUCTED
2025-02-03,KOTAKBANK,10.123090305432733,RECONSTRUCTED
2025-02-03,PNB,2.03126744073785,RECONSTRUCTED
2025-02-03,SBIN,7.079335006536007,RECONSTRUCTED
2025-02-04,AUBANK,2.314644939660042,RECONSTRUCTED
2025-02-04,AXISBANK,8.87728574203865,RECONSTRUCTED
2025-02-04,BANKBARODA,2.636273337854252,RECONSTRUCTED
2025-02-04,CANBK,1.840924786600298,RECONSTRUCTED
2025-02-04,FEDERALBNK,3.298660257891154,RECONSTRUCTED
2025-02-04,HDFCBANK,30.128869625192863,RECONSTRUCTED
2025-02-04,ICICIBANK,24.27662816730616,RECONSTRUCTED
2025-02-04,IDFCFIRSTB,2.637963567476195,RECONSTRUCTED
2025-02-04,INDUSINDBK,4.797982917076803,RECONSTRUCTED
2025-02-04,KOTAKBANK,10.085962008640768,RECONSTRUCTED
2025-02-04,PNB,2.05580634134286,RECONSTRUCTED
2025-02-04,SBIN,7.048998308919945,RECONSTRUCTED
2025-02-05,AUBANK,2.3397947623981388,RECONSTRUCTED
2025-02-05,AXISBANK,8.927749402574655,RECONSTRUCTED
2025-02-05,BANKBARODA,2.560288853745051,RECONSTRUCTED
2025-02-05,CANBK,1.7900909241195615,RECONSTRUCTED
2025-02-05,FEDERALBNK,3.263339533597309,RECONSTRUCTED
2025-02-05,HDFCBANK,29.946365439829115,RECONSTRUCTED
2025-02-05,ICICIBANK,24.37614826393981,RECONSTRUCTED
2025-02-05,IDFCFIRSTB,2.597144888731135,RECONSTRUCTED
2025-02-05,INDUSINDBK,4.751993304870793,RECONSTRUCTED
2025-02-05,KOTAKBANK,10.212011635562366,RECONSTRUCTED
2025-02-05,PNB,2.0385175199872143,RECONSTRUCTED
2025-02-05,SBIN,7.196555470644831,RECONSTRUCTED
2025-02-06,AUBANK,2.37972955649835,RECONSTRUCTED
2025-02-06,AXISBANK,8.872784445502715,RECONSTRUCTED
2025-02-06,BANKBARODA,2.5667250686071306,RECONSTRUCTED
2025-02-06,CANBK,1.8103873265945944,RECONSTRUCTED
2025-02-06,FEDERALBNK,3.2713813650422154,RECONSTRUCTED
2025-02-06,HDFCBANK,29.875338663426337,RECONSTRUCTED
2025-02-06,ICICIBANK,24.31285381387468,RECONSTRUCTED
2025-02-06,IDFCFIRSTB,2.583686268437019,RECONSTRUCTED
2025-02-06,INDUSINDBK,4.7378049337319705,RECONSTRUCTED
2025-02-06,KOTAKBANK,10.20084817229553,RECONSTRUCTED
2025-02-06,PNB,2.05181356319897,RECONSTRUCTED
2025-02-06,SBIN,7.336646822790491,RECONSTRUCTED
2025-02-07,AUBANK,2.346129103865441,RECONSTRUCTED
2025-02-07,AXISBANK,8.80546245956996,RECONSTRUCTED
2025-02-07,BANKBARODA,2.595786445461058,RECONSTRUCTED
2025-02-07,CANBK,1.81796760267934,RECONSTRUCTED
2025-02-07,FEDERALBNK,3.179116904044279,RECONSTRUCTED
2025-02-07,HDFCBANK,29.937981726315627,RECONSTRUCTED
2025-02-07,ICICIBANK,24.507290684209792,RECONSTRUCTED
2025-02-07,IDFCFIRSTB,2.558173218562873,RECONSTRUCTED
2025-02-07,INDUSINDBK,4.658282880249852,RECONSTRUCTED
2025-02-07,KOTAKBANK,10.087149282002272,RECONSTRUCTED
2025-02-07,PNB,2.052289586247257,RECONSTRUCTED
2025-02-07,SBIN,7.454370106792255,RECONSTRUCTED
2025-02-10,AUBANK,2.387455289065801,RECONSTRUCTED
2025-02-10,AXISBANK,8.88076573626405,RECONSTRUCTED
2025-02-10,BANKBARODA,2.5995127453388704,RECONSTRUCTED
2025-02-10,CANBK,1.8287068119753984,RECONSTRUCTED
2025-02-10,FEDERALBNK,3.1944653178411087,RECONSTRUCTED
2025-02-10,HDFCBANK,30.125451750483577,RECONSTRUCTED
2025-02-10,ICICIBANK,24.308568986620845,RECONSTRUCTED
2025-02-10,IDFCFIRSTB,2.596746635397596,RECONSTRUCTED
2025-02-10,INDUSINDBK,4.689703401247135,RECONSTRUCTED
2025-02-10,KOTAKBANK,9.892287199063484,RECONSTRUCTED
2025-02-10,PNB,2.064847960028229,RECONSTRUCTED
2025-02-10,SBIN,7.431488166673898,RECONSTRUCTED
2025-02-11,AUBANK,2.3978981344204207,RECONSTRUCTED
2025-02-11,AXISBANK,8.818287139512538,RECONSTRUCTED
2025-02-11,BANKBARODA,2.624387207506552,RECONSTRUCTED
2025-02-11,CANBK,1.8698473405153373,RECONSTRUCTED
2025-02-11,FEDERALBNK,3.2080491671290985,RECONSTRUCTED
2025-02-11,HDFCBANK,30.036107800360075,RECONSTRUCTED
2025-02-11,ICICIBANK,24.22274034123041,RECONSTRUCTED
2025-02-11,IDFCFIRSTB,2.6202889507251053,RECONSTRUCTED
2025-02-11,INDUSINDBK,4.697607491981987,RECONSTRUCTED
2025-02-11,KOTAKBANK,9.992268720244398,RECONSTRUCTED
2025-02-11,PNB,2.1077549040690537,RECONSTRUCTED
2025-02-11,SBIN,7.404762802305011,RECONSTRUCTED
2025-02-12,AUBANK,2.4722305855568654,RECONSTRUCTED
2025-02-12,AXISBANK,8.836361771613275,RECONSTRUCTED
2025-02-12,BANKBARODA,2.606695558728524,RECONSTRUCTED
2025-02-12,CANBK,1.8634421033004744,RECONSTRUCTED
2025-02-12,FEDERALBNK,3.2081386894053536,RECONSTRUCTED
2025-02-12,HDFCBANK,29.987560351693404,RECONSTRUCTED
2025-02-12,ICICIBANK,24.2787562518327,RECONSTRUCTED
2025-02-12,IDFCFIRSTB,2.602402411692421,RECONSTRUCTED
2025-02-12,INDUSINDBK,4.770519223214756,RECONSTRUCTED
2025-02-12,KOTAKBANK,9.877274758358048,RECONSTRUCTED
2025-02-12,PNB,2.101097480724555,RECONSTRUCTED
2025-02-12,SBIN,7.39552081387963,RECONSTRUCTED
2025-02-13,AUBANK,2.47239384437577,RECONSTRUCTED
2025-02-13,AXISBANK,8.804059003982303,RECONSTRUCTED
2025-02-13,BANKBARODA,2.6219846286321484,RECONSTRUCTED
2025-02-13,CANBK,1.8971630185787312,RECONSTRUCTED
2025-02-13,FEDERALBNK,3.2383874968476354,RECONSTRUCTED
2025-02-13,HDFCBANK,30.07686766581685,RECONSTRUCTED
2025-02-13,ICICIBANK,24.27747269271578,RECONSTRUCTED
2025-02-13,IDFCFIRSTB,2.6245253122142937,RECONSTRUCTED
2025-02-13,INDUSINDBK,4.724678465069024,RECONSTRUCTED
2025-02-13,KOTAKBANK,9.709770456894606,RECONSTRUCTED
2025-02-13,PNB,2.118931903082026,RECONSTRUCTED
2025-02-13,SBIN,7.433765511790814,RECONSTRUCTED
2025-02-14,AUBANK,2.5429373562679927,RECONSTRUCTED
2025-02-14,AXISBANK,8.852031440655981,RECONSTRUCTED
2025-02-14,BANKBARODA,2.679996704858417,RECONSTRUCTED
2025-02-14,CANBK,1.9555870483187523,RECONSTRUCTED
2025-02-14,FEDERALBNK,3.2355368719984243,RECONSTRUCTED
2025-02-14,HDFCBANK,29.970121452841987,RECONSTRUCTED
2025-02-14,ICICIBANK,23.93604409920774,RECONSTRUCTED
2025-02-14,IDFCFIRSTB,2.6491642356560865,RECONSTRUCTED
2025-02-14,INDUSINDBK,4.804843812788557,RECONSTRUCTED
2025-02-14,KOTAKBANK,9.75999128852644,RECONSTRUCTED
2025-02-14,PNB,2.162477587300324,RECONSTRUCTED
2025-02-14,SBIN,7.451268101579302,RECONSTRUCTED
2025-02-17,AUBANK,2.614150101736162,RECONSTRUCTED
2025-02-17,AXISBANK,8.922012617492976,RECONSTRUCTED
2025-02-17,BANKBARODA,2.665476768582078,RECONSTRUCTED
2025-02-17,CANBK,1.9742778664475984,RECONSTRUCTED
2025-02-17,FEDERALBNK,3.23676355343632,RECONSTRUCTED
2025-02-17,HDFCBANK,29.67531347946086,RECONSTRUCTED
2025-02-17,ICICIBANK,24.18701870116931,RECONSTRUCTED
2025-02-17,IDFCFIRSTB,2.619031561092946,RECONSTRUCTED
2025-02-17,INDUSINDBK,4.71105664720165,RECONSTRUCTED
2025-02-17,KOTAKBANK,9.828020317677536,RECONSTRUCTED
2025-02-17,PNB,2.147977078915844,RECONSTRUCTED
2025-02-17,SBIN,7.418901306786697,RECONSTRUCTED
2025-02-18,AUBANK,2.707034386453931,RECONSTRUCTED
2025-02-18,AXISBANK,8.880532893208102,RECONSTRUCTED
2025-02-18,BANKBARODA,2.667504701953197,RECONSTRUCTED
2025-02-18,CANBK,1.9777006901462464,RECONSTRUCTED
2025-02-18,FEDERALBNK,3.2407827346357934,RECONSTRUCTED
2025-02-18,HDFCBANK,29.475217069898296,RECONSTRUCTED
2025-02-18,ICICIBANK,24.26073194754588,RECONSTRUCTED
2025-02-18,IDFCFIRSTB,2.6968308168801585,RECONSTRUCTED
2025-02-18,INDUSINDBK,4.805533663682352,RECONSTRUCTED
2025-02-18,KOTAKBANK,9.704107958821725,RECONSTRUCTED
2025-02-18,PNB,2.1713340551517324,RECONSTRUCTED
2025-02-18,SBIN,7.412689081622603,RECONSTRUCTED
2025-02-19,AUBANK,2.6130307623954154,RECONSTRUCTED
2025-02-19,AXISBANK,8.816319631295572,RECONSTRUCTED
2025-02-19,BANKBARODA,2.657922343469931,RECONSTRUCTED
2025-02-19,CANBK,1.9761258710539191,RECONSTRUCTED
2025-02-19,FEDERALBNK,3.2641614862366173,RECONSTRUCTED
2025-02-19,HDFCBANK,29.69682920546913,RECONSTRUCTED
2025-02-19,ICICIBANK,24.1407862381796,RECONSTRUCTED
2025-02-19,IDFCFIRSTB,2.7023126437896208,RECONSTRUCTED
2025-02-19,INDUSINDBK,4.798503956132915,RECONSTRUCTED
2025-02-19,KOTAKBANK,9.693724924020772,RECONSTRUCTED
2025-02-19,PNB,2.169313189113169,RECONSTRUCTED
2025-02-19,SBIN,7.470969748843339,RECONSTRUCTED
2025-02-20,AUBANK,2.5535179222617805,RECONSTRUCTED
2025-02-20,AXISBANK,8.719157078521455,RECONSTRUCTED
2025-02-20,BANKBARODA,2.585899974669391,RECONSTRUCTED
2025-02-20,CANBK,1.9098476344820543,RECONSTRUCTED
2025-02-20,FEDERALBNK,3.1905100692273787,RECONSTRUCTED
2025-02-20,HDFCBANK,30.241543415332927,RECONSTRUCTED
2025-02-20,ICICIBANK,24.237607188674826,RECONSTRUCTED
2025-02-20,IDFCFIRSTB,2.627974421343876,RECONSTRUCTED
2025-02-20,INDUSINDBK,4.719082958272609,RECONSTRUCTED
2025-02-20,KOTAKBANK,9.71305429918137,RECONSTRUCTED
2025-02-20,PNB,2.094874442111367,RECONSTRUCTED
2025-02-20,SBIN,7.406930595920966,RECONSTRUCTED
2025-02-21,AUBANK,2.5242357358092447,RECONSTRUCTED
2025-02-21,AXISBANK,8.731062049375703,RECONSTRUCTED
2025-02-21,BANKBARODA,2.6087384667304034,RECONSTRUCTED
2025-02-21,CANBK,1.9128013121655365,RECONSTRUCTED
2025-02-21,FEDERALBNK,3.248772997324856,RECONSTRUCTED
2025-02-21,HDFCBANK,29.9413907644049,RECONSTRUCTED
2025-02-21,ICICIBANK,24.405785175356005,RECONSTRUCTED
2025-02-21,IDFCFIRSTB,2.641647059474,RECONSTRUCTED
2025-02-21,INDUSINDBK,4.704714394207153,RECONSTRUCTED
2025-02-21,KOTAKBANK,9.73387526737442,RECONSTRUCTED
2025-02-21,PNB,2.1116285430309487,RECONSTRUCTED
2025-02-21,SBIN,7.435348234746828,RECONSTRUCTED
2025-02-24,AUBANK,2.528776480232864,RECONSTRUCTED
2025-02-24,AXISBANK,8.662482787020863,RECONSTRUCTED
2025-02-24,BANKBARODA,2.611437283322026,RECONSTRUCTED
2025-02-24,CANBK,1.9081488265644544,RECONSTRUCTED
2025-02-24,FEDERALBNK,3.2020215464828814,RECONSTRUCTED
2025-02-24,HDFCBANK,30.01167448230368,RECONSTRUCTED
2025-02-24,ICICIBANK,24.53096780034692,RECONSTRUCTED
2025-02-24,IDFCFIRSTB,2.6557309291202693,RECONSTRUCTED
2025-02-24,INDUSINDBK,4.739140039523875,RECONSTRUCTED
2025-02-24,KOTAKBANK,9.603776303548752,RECONSTRUCTED
2025-02-24,PNB,2.103128138201438,RECONSTRUCTED
2025-02-24,SBIN,7.442715383331993,RECONSTRUCTED
2025-02-25,AUBANK,2.56903509359771,RECONSTRUCTED
2025-02-25,AXISBANK,8.664069215325632,RECONSTRUCTED
2025-02-25,BANKBARODA,2.65864827339246,RECONSTRUCTED
2025-02-25,CANBK,1.9499864313201567,RECONSTRUCTED
2025-02-25,FEDERALBNK,3.24489230295565,RECONSTRUCTED
2025-02-25,HDFCBANK,29.89535053556305,RECONSTRUCTED
2025-02-25,ICICIBANK,24.396242713846927,RECONSTRUCTED
2025-02-25,IDFCFIRSTB,2.702903546219622,RECONSTRUCTED
2025-02-25,INDUSINDBK,4.712198460264078,RECONSTRUCTED
2025-02-25,KOTAKBANK,9.590889774703584,RECONSTRUCTED
2025-02-25,PNB,2.121168795600923,RECONSTRUCTED
2025-02-25,SBIN,7.494614857210196,RECONSTRUCTED
2025-02-27,AUBANK,2.427110337349534,RECONSTRUCTED
2025-02-27,AXISBANK,8.627113296551341,RECONSTRUCTED
2025-02-27,BANKBARODA,2.688119019279171,RECONSTRUCTED
2025-02-27,CANBK,1.992858687312506,RECONSTRUCTED
2025-02-27,FEDERALBNK,3.255386170066993,RECONSTRUCTED
2025-02-27,HDFCBANK,29.66842500961716,RECONSTRUCTED
2025-02-27,ICICIBANK,24.50917755927557,RECONSTRUCTED
2025-02-27,IDFCFIRSTB,2.6928709445436345,RECONSTRUCTED
2025-02-27,INDUSINDBK,4.671207173736022,RECONSTRUCTED
2025-02-27,KOTAKBANK,9.719235350187502,RECONSTRUCTED
2025-02-27,PNB,2.154872179201196,RECONSTRUCTED
2025-02-27,SBIN,7.593624272879371,RECONSTRUCTED
2025-02-28,AUBANK,2.37,OFFICIAL
2025-02-28,AXISBANK,8.57,OFFICIAL
2025-02-28,BANKBARODA,2.75,OFFICIAL
2025-02-28,CANBK,2.04,OFFICIAL
2025-02-28,FEDERALBNK,3.25,OFFICIAL
2025-02-28,HDFCBANK,28.9,OFFICIAL
2025-02-28,ICICIBANK,24.69,OFFICIAL
2025-02-28,IDFCFIRSTB,2.71,OFFICIAL
2025-02-28,INDUSINDBK,4.9,OFFICIAL
2025-02-28,KOTAKBANK,9.87,OFFICIAL
2025-02-28,PNB,2.25,OFFICIAL
2025-02-28,SBIN,7.7,OFFICIAL
2025-03-03,AUBANK,2.150007543101512,RECONSTRUCTED
2025-03-03,AXISBANK,8.516125375893022,RECONSTRUCTED
2025-03-03,BANKBARODA,3.686034895451325,RECONSTRUCTED
2025-03-03,CANBK,2.451278735006256,RECONSTRUCTED
2025-03-03,FEDERALBNK,3.791199784890316,RECONSTRUCTED
2025-03-03,HDFCBANK,28.146424754422828,RECONSTRUCTED
2025-03-03,ICICIBANK,26.29017001492378,RECONSTRUCTED
2025-03-03,IDFCFIRSTB,2.418884831139244,RECONSTRUCTED
2025-03-03,INDUSINDBK,2.1113272349887144,RECONSTRUCTED
2025-03-03,KOTAKBANK,8.963739173245477,RECONSTRUCTED
2025-03-03,PNB,2.724733799041876,RECONSTRUCTED
2025-03-03,SBIN,8.750073857895647,RECONSTRUCTED
2025-03-04,AUBANK,2.192548645818159,RECONSTRUCTED
2025-03-04,AXISBANK,8.58702315451525,RECONSTRUCTED
2025-03-04,BANKBARODA,3.696422959715792,RECONSTRUCTED
2025-03-04,CANBK,2.442711751093571,RECONSTRUCTED
2025-03-04,FEDERALBNK,3.866052758655959,RECONSTRUCTED
2025-03-04,HDFCBANK,28.08770146156058,RECONSTRUCTED
2025-03-04,ICICIBANK,26.274117744955213,RECONSTRUCTED
2025-03-04,IDFCFIRSTB,2.462534932281591,RECONSTRUCTED
2025-03-04,INDUSINDBK,2.1096672174587234,RECONSTRUCTED
2025-03-04,KOTAKBANK,9.021501695096385,RECONSTRUCTED
2025-03-04,PNB,2.7388276879070856,RECONSTRUCTED
2025-03-04,SBIN,8.520889990941704,RECONSTRUCTED
2025-03-05,AUBANK,2.2139715717910886,RECONSTRUCTED
2025-03-05,AXISBANK,8.533130334996706,RECONSTRUCTED
2025-03-05,BANKBARODA,3.5510442813291423,RECONSTRUCTED
2025-03-05,CANBK,2.368986016996335,RECONSTRUCTED
2025-03-05,FEDERALBNK,3.7831358473998455,RECONSTRUCTED
2025-03-05,HDFCBANK,28.598351784637828,RECONSTRUCTED
2025-03-05,ICICIBANK,26.32364514012716,RECONSTRUCTED
2025-03-05,IDFCFIRSTB,2.430088066558324,RECONSTRUCTED
2025-03-05,INDUSINDBK,2.157303095627112,RECONSTRUCTED
2025-03-05,KOTAKBANK,8.959272321700762,RECONSTRUCTED
2025-03-05,PNB,2.674621240470204,RECONSTRUCTED
2025-03-05,SBIN,8.406450298365503,RECONSTRUCTED
2025-03-06,AUBANK,2.1935961933973336,RECONSTRUCTED
2025-03-06,AXISBANK,8.396396964983973,RECONSTRUCTED
2025-03-06,BANKBARODA,3.528468874409972,RECONSTRUCTED
2025-03-06,CANBK,2.36699008236632,RECONSTRUCTED
2025-03-06,FEDERALBNK,3.7898177013014,RECONSTRUCTED
2025-03-06,HDFCBANK,28.664815932798504,RECONSTRUCTED
2025-03-06,ICICIBANK,26.35261339268723,RECONSTRUCTED
2025-03-06,IDFCFIRSTB,2.4450599444386403,RECONSTRUCTED
2025-03-06,INDUSINDBK,2.164186027751964,RECONSTRUCTED
2025-03-06,KOTAKBANK,9.039779928572154,RECONSTRUCTED
2025-03-06,PNB,2.645886003603513,RECONSTRUCTED
2025-03-06,SBIN,8.41238895368899,RECONSTRUCTED
2025-03-07,AUBANK,2.2251343068440645,RECONSTRUCTED
2025-03-07,AXISBANK,8.35141707353449,RECONSTRUCTED
2025-03-07,BANKBARODA,3.543166095207748,RECONSTRUCTED
2025-03-07,CANBK,2.371562344316457,RECONSTRUCTED
2025-03-07,FEDERALBNK,3.8082306464805113,RECONSTRUCTED
2025-03-07,HDFCBANK,28.642165396880408,RECONSTRUCTED
2025-03-07,ICICIBANK,26.377223064095105,RECONSTRUCTED
2025-03-07,IDFCFIRSTB,2.45861107347791,RECONSTRUCTED
2025-03-07,INDUSINDBK,2.240571150723595,RECONSTRUCTED
2025-03-07,KOTAKBANK,8.958357076609065,RECONSTRUCTED
2025-03-07,PNB,2.635533085056994,RECONSTRUCTED
2025-03-07,SBIN,8.38802868677365,RECONSTRUCTED
2025-03-10,AUBANK,2.236193448957958,RECONSTRUCTED
2025-03-10,AXISBANK,8.323327248121526,RECONSTRUCTED
2025-03-10,BANKBARODA,3.5574311954182822,RECONSTRUCTED
2025-03-10,CANBK,2.4318514682945334,RECONSTRUCTED
2025-03-10,FEDERALBNK,3.818239371963422,RECONSTRUCTED
2025-03-10,HDFCBANK,28.52585570385101,RECONSTRUCTED
2025-03-10,ICICIBANK,26.236417786812893,RECONSTRUCTED
2025-03-10,IDFCFIRSTB,2.4881823384355224,RECONSTRUCTED
2025-03-10,INDUSINDBK,2.3188969225850298,RECONSTRUCTED
2025-03-10,KOTAKBANK,8.976042556714123,RECONSTRUCTED
2025-03-10,PNB,2.6981705039033583,RECONSTRUCTED
2025-03-10,SBIN,8.38939145494231,RECONSTRUCTED
2025-03-11,AUBANK,2.2988017865294976,RECONSTRUCTED
2025-03-11,AXISBANK,8.372836463712211,RECONSTRUCTED
2025-03-11,BANKBARODA,3.569068019749211,RECONSTRUCTED
2025-03-11,CANBK,2.3992504778072585,RECONSTRUCTED
2025-03-11,FEDERALBNK,3.803129509651614,RECONSTRUCTED
2025-03-11,HDFCBANK,28.4466843411262,RECONSTRUCTED
2025-03-11,ICICIBANK,25.49155348275279,RECONSTRUCTED
2025-03-11,IDFCFIRSTB,2.5235510785442705,RECONSTRUCTED
2025-03-11,INDUSINDBK,3.170825821743026,RECONSTRUCTED
2025-03-11,KOTAKBANK,8.878383273773844,RECONSTRUCTED
2025-03-11,PNB,2.700600052352016,RECONSTRUCTED
2025-03-11,SBIN,8.345315692258078,RECONSTRUCTED
2025-03-12,AUBANK,2.374814932786645,RECONSTRUCTED
2025-03-12,AXISBANK,8.522922477972413,RECONSTRUCTED
2025-03-12,BANKBARODA,3.5846920410160723,RECONSTRUCTED
2025-03-12,CANBK,2.4317940077684312,RECONSTRUCTED
2025-03-12,FEDERALBNK,3.836035028801617,RECONSTRUCTED
2025-03-12,HDFCBANK,28.12070532046804,RECONSTRUCTED
2025-03-12,ICICIBANK,25.612742603086343,RECONSTRUCTED
2025-03-12,IDFCFIRSTB,2.566438243692396,RECONSTRUCTED
2025-03-12,INDUSINDBK,3.048573340723979,RECONSTRUCTED
2025-03-12,KOTAKBANK,8.697400131710753,RECONSTRUCTED
2025-03-12,PNB,2.749888941705722,RECONSTRUCTED
2025-03-12,SBIN,8.453992930267585,RECONSTRUCTED
2025-03-13,AUBANK,2.395798977268988,RECONSTRUCTED
2025-03-13,AXISBANK,8.532927217377315,RECONSTRUCTED
2025-03-13,BANKBARODA,3.530921347331941,RECONSTRUCTED
2025-03-13,CANBK,2.4193314225820592,RECONSTRUCTED
2025-03-13,FEDERALBNK,3.87193526141608,RECONSTRUCTED
2025-03-13,HDFCBANK,28.20085685311588,RECONSTRUCTED
2025-03-13,ICICIBANK,25.49244058477764,RECONSTRUCTED
2025-03-13,IDFCFIRSTB,2.6221070104126576,RECONSTRUCTED
2025-03-13,INDUSINDBK,3.105141166262678,RECONSTRUCTED
2025-03-13,KOTAKBANK,8.687824174187078,RECONSTRUCTED
2025-03-13,PNB,2.7409319620453685,RECONSTRUCTED
2025-03-13,SBIN,8.399784023222304,RECONSTRUCTED
2025-03-17,AUBANK,2.4638618720208827,RECONSTRUCTED
2025-03-17,AXISBANK,8.383741877969534,RECONSTRUCTED
2025-03-17,BANKBARODA,3.547639128126349,RECONSTRUCTED
2025-03-17,CANBK,2.445483181804442,RECONSTRUCTED
2025-03-17,FEDERALBNK,3.878181665314578,RECONSTRUCTED
2025-03-17,HDFCBANK,28.301693255577685,RECONSTRUCTED
2025-03-17,ICICIBANK,25.257663334017742,RECONSTRUCTED
2025-03-17,IDFCFIRSTB,2.666762378503425,RECONSTRUCTED
2025-03-17,INDUSINDBK,3.0998992723258776,RECONSTRUCTED
2025-03-17,KOTAKBANK,8.703227481008073,RECONSTRUCTED
2025-03-17,PNB,2.7483473104973326,RECONSTRUCTED
2025-03-17,SBIN,8.503499242834067,RECONSTRUCTED
2025-03-19,AUBANK,2.370266487032957,RECONSTRUCTED
2025-03-19,AXISBANK,8.476135406828995,RECONSTRUCTED
2025-03-19,BANKBARODA,3.5119199328584947,RECONSTRUCTED
2025-03-19,CANBK,2.4246959365323737,RECONSTRUCTED
2025-03-19,FEDERALBNK,3.799192889531998,RECONSTRUCTED
2025-03-19,HDFCBANK,28.546414186837875,RECONSTRUCTED
2025-03-19,ICICIBANK,25.10556027122276,RECONSTRUCTED
2025-03-19,IDFCFIRSTB,2.617605478162312,RECONSTRUCTED
2025-03-19,INDUSINDBK,3.117887413554058,RECONSTRUCTED
2025-03-19,KOTAKBANK,8.82546896652561,RECONSTRUCTED
2025-03-19,PNB,2.716481662119464,RECONSTRUCTED
2025-03-19,SBIN,8.48837136879311,RECONSTRUCTED
2025-03-20,AUBANK,2.389884277582209,RECONSTRUCTED
2025-03-20,AXISBANK,8.518726174346883,RECONSTRUCTED
2025-03-20,BANKBARODA,3.5062812592258186,RECONSTRUCTED
2025-03-20,CANBK,2.43452541516508,RECONSTRUCTED
2025-03-20,FEDERALBNK,3.8194510764107017,RECONSTRUCTED
2025-03-20,HDFCBANK,28.351868476600416,RECONSTRUCTED
2025-03-20,ICICIBANK,25.12233450398435,RECONSTRUCTED
2025-03-20,IDFCFIRSTB,2.622785305339886,RECONSTRUCTED
2025-03-20,INDUSINDBK,3.179883988499092,RECONSTRUCTED
2025-03-20,KOTAKBANK,8.827635099026617,RECONSTRUCTED
2025-03-20,PNB,2.7277086471496794,RECONSTRUCTED
2025-03-20,SBIN,8.49891577666927,RECONSTRUCTED
2025-03-21,AUBANK,2.336630440270414,RECONSTRUCTED
2025-03-21,AXISBANK,8.480115970470042,RECONSTRUCTED
2025-03-21,BANKBARODA,3.5255291196210847,RECONSTRUCTED
2025-03-21,CANBK,2.412039523709468,RECONSTRUCTED
2025-03-21,FEDERALBNK,3.843457470124104,RECONSTRUCTED
2025-03-21,HDFCBANK,28.620417702439138,RECONSTRUCTED
2025-03-21,ICICIBANK,24.978793850079576,RECONSTRUCTED
2025-03-21,IDFCFIRSTB,2.6227180491823114,RECONSTRUCTED
2025-03-21,INDUSINDBK,3.199810632885643,RECONSTRUCTED
2025-03-21,KOTAKBANK,8.7333319595857,RECONSTRUCTED
2025-03-21,PNB,2.701590562675175,RECONSTRUCTED
2025-03-21,SBIN,8.545564718957356,RECONSTRUCTED
2025-03-24,AUBANK,2.356288376523886,RECONSTRUCTED
2025-03-24,AXISBANK,8.447033131694772,RECONSTRUCTED
2025-03-24,BANKBARODA,3.4779680349523647,RECONSTRUCTED
2025-03-24,CANBK,2.362793683599719,RECONSTRUCTED
2025-03-24,FEDERALBNK,3.75705811494826,RECONSTRUCTED
2025-03-24,HDFCBANK,28.764929588256045,RECONSTRUCTED
2025-03-24,ICICIBANK,25.24252399498875,RECONSTRUCTED
2025-03-24,IDFCFIRSTB,2.6060337221150767,RECONSTRUCTED
2025-03-24,INDUSINDBK,3.355060688018321,RECONSTRUCTED
2025-03-24,KOTAKBANK,8.52601928016453,RECONSTRUCTED
2025-03-24,PNB,2.680414846959588,RECONSTRUCTED
2025-03-24,SBIN,8.423876537778677,RECONSTRUCTED
2025-03-25,AUBANK,2.3178875220124144,RECONSTRUCTED
2025-03-25,AXISBANK,8.27198708141314,RECONSTRUCTED
2025-03-25,BANKBARODA,3.4918925185769174,RECONSTRUCTED
2025-03-25,CANBK,2.43367678595912,RECONSTRUCTED
2025-03-25,FEDERALBNK,3.7668497712080327,RECONSTRUCTED
2025-03-25,HDFCBANK,28.361990485631043,RECONSTRUCTED
2025-03-25,ICICIBANK,25.456364410501564,RECONSTRUCTED
2025-03-25,IDFCFIRSTB,2.624631328102715,RECONSTRUCTED
2025-03-25,INDUSINDBK,3.5177351531129184,RECONSTRUCTED
2025-03-25,KOTAKBANK,8.53087502053069,RECONSTRUCTED
2025-03-25,PNB,2.734799342154792,RECONSTRUCTED
2025-03-25,SBIN,8.491310580796679,RECONSTRUCTED
2025-03-26,AUBANK,2.2368959854910377,RECONSTRUCTED
2025-03-26,AXISBANK,8.376748310708871,RECONSTRUCTED
2025-03-26,BANKBARODA,3.508556639034092,RECONSTRUCTED
2025-03-26,CANBK,2.449141759152233,RECONSTRUCTED
2025-03-26,FEDERALBNK,3.787883379419552,RECONSTRUCTED
2025-03-26,HDFCBANK,28.380741355865634,RECONSTRUCTED
2025-03-26,ICICIBANK,25.41233142135194,RECONSTRUCTED
2025-03-26,IDFCFIRSTB,2.620876842108964,RECONSTRUCTED
2025-03-26,INDUSINDBK,3.394034745157845,RECONSTRUCTED
2025-03-26,KOTAKBANK,8.56576222775836,RECONSTRUCTED
2025-03-26,PNB,2.7419890537676688,RECONSTRUCTED
2025-03-26,SBIN,8.525038280183812,RECONSTRUCTED
2025-03-27,AUBANK,2.333388881629989,RECONSTRUCTED
2025-03-27,AXISBANK,8.427256703495747,RECONSTRUCTED
2025-03-27,BANKBARODA,3.373567195459269,RECONSTRUCTED
2025-03-27,CANBK,2.4022665662182607,RECONSTRUCTED
2025-03-27,FEDERALBNK,3.7161856583809967,RECONSTRUCTED
2025-03-27,HDFCBANK,28.311929681949472,RECONSTRUCTED
2025-03-27,ICICIBANK,25.60015818414149,RECONSTRUCTED
2025-03-27,IDFCFIRSTB,2.6445142729199493,RECONSTRUCTED
2025-03-27,INDUSINDBK,3.328346112888797,RECONSTRUCTED
2025-03-27,KOTAKBANK,8.699827962767168,RECONSTRUCTED
2025-03-27,PNB,2.6620376106536785,RECONSTRUCTED
2025-03-27,SBIN,8.500521169495183,RECONSTRUCTED
2025-03-28,AUBANK,2.42,OFFICIAL
2025-03-28,AXISBANK,8.4,OFFICIAL
2025-03-28,BANKBARODA,3.41,OFFICIAL
2025-03-28,CANBK,2.42,OFFICIAL
2025-03-28,FEDERALBNK,3.81,OFFICIAL
2025-03-28,HDFCBANK,28.27,OFFICIAL
2025-03-28,ICICIBANK,25.38,OFFICIAL
2025-03-28,IDFCFIRSTB,2.74,OFFICIAL
2025-03-28,INDUSINDBK,3.45,OFFICIAL
2025-03-28,KOTAKBANK,8.53,OFFICIAL
2025-03-28,PNB,2.67,OFFICIAL
2025-03-28,SBIN,8.51,OFFICIAL
2025-04-01,AUBANK,3.3840772613404604,RECONSTRUCTED
2025-04-01,AXISBANK,8.492660086549915,RECONSTRUCTED
2025-04-01,BANKBARODA,3.513533429636584,RECONSTRUCTED
2025-04-01,CANBK,2.4724613670218885,RECONSTRUCTED
2025-04-01,FEDERALBNK,3.4161153144311083,RECONSTRUCTED
2025-04-01,HDFCBANK,27.94221033282287,RECONSTRUCTED
2025-04-01,ICICIBANK,25.063216667555388,RECONSTRUCTED
2025-04-01,IDFCFIRSTB,3.1665817472122555,RECONSTRUCTED
2025-04-01,INDUSINDBK,4.703847162756379,RECONSTRUCTED
2025-04-01,KOTAKBANK,7.693142692485512,RECONSTRUCTED
2025-04-01,PNB,2.492684199317309,RECONSTRUCTED
2025-04-01,SBIN,7.659469738870324,RECONSTRUCTED
2025-04-02,AUBANK,3.359038320039037,RECONSTRUCTED
2025-04-02,AXISBANK,8.5916420428106,RECONSTRUCTED
2025-04-02,BANKBARODA,3.505629143773515,RECONSTRUCTED
2025-04-02,CANBK,2.468458345012851,RECONSTRUCTED
2025-04-02,FEDERALBNK,3.4580197803587827,RECONSTRUCTED
2025-04-02,HDFCBANK,27.78141935595236,RECONSTRUCTED
2025-04-02,ICICIBANK,25.08493614608233,RECONSTRUCTED
2025-04-02,IDFCFIRSTB,3.1989759043575634,RECONSTRUCTED
2025-04-02,INDUSINDBK,4.61997721408837,RECONSTRUCTED
2025-04-02,KOTAKBANK,7.743168700518215,RECONSTRUCTED
2025-04-02,PNB,2.4905984548180875,RECONSTRUCTED
2025-04-02,SBIN,7.698136592188296,RECONSTRUCTED
2025-04-03,AUBANK,3.233334745121542,RECONSTRUCTED
2025-04-03,AXISBANK,8.594461273530426,RECONSTRUCTED
2025-04-03,BANKBARODA,3.445951331423437,RECONSTRUCTED
2025-04-03,CANBK,2.395321940817432,RECONSTRUCTED
2025-04-03,FEDERALBNK,3.4400288005967505,RECONSTRUCTED
2025-04-03,HDFCBANK,27.96081718768642,RECONSTRUCTED
2025-04-03,ICICIBANK,25.250362570182222,RECONSTRUCTED
2025-04-03,IDFCFIRSTB,3.0475682904081136,RECONSTRUCTED
2025-04-03,INDUSINDBK,4.599003450973678,RECONSTRUCTED
2025-04-03,KOTAKBANK,7.8645827406967,RECONSTRUCTED
2025-04-03,PNB,2.461838283529891,RECONSTRUCTED
2025-04-03,SBIN,7.706729385033401,RECONSTRUCTED
2025-04-04,AUBANK,3.292312036203661,RECONSTRUCTED
2025-04-04,AXISBANK,8.563549910909336,RECONSTRUCTED
2025-04-04,BANKBARODA,3.4742208073552563,RECONSTRUCTED
2025-04-04,CANBK,2.495376704601697,RECONSTRUCTED
2025-04-04,FEDERALBNK,3.4170799470760467,RECONSTRUCTED
2025-04-04,HDFCBANK,27.55269056541304,RECONSTRUCTED
2025-04-04,ICICIBANK,25.08453587817871,RECONSTRUCTED
2025-04-04,IDFCFIRSTB,3.1742445267430788,RECONSTRUCTED
2025-04-04,INDUSINDBK,4.772909523428503,RECONSTRUCTED
2025-04-04,KOTAKBANK,7.849114599077844,RECONSTRUCTED
2025-04-04,PNB,2.5170117583783145,RECONSTRUCTED
2025-04-04,SBIN,7.806953742634532,RECONSTRUCTED
2025-04-07,AUBANK,3.249403801412735,RECONSTRUCTED
2025-04-07,AXISBANK,8.635774874070988,RECONSTRUCTED
2025-04-07,BANKBARODA,3.437106021986616,RECONSTRUCTED
2025-04-07,CANBK,2.5077379767436287,RECONSTRUCTED
2025-04-07,FEDERALBNK,3.3816796020471966,RECONSTRUCTED
2025-04-07,HDFCBANK,27.58606408056184,RECONSTRUCTED
2025-04-07,ICICIBANK,25.19211556047225,RECONSTRUCTED
2025-04-07,IDFCFIRSTB,3.145687579623377,RECONSTRUCTED
2025-04-07,INDUSINDBK,4.663681805008945,RECONSTRUCTED
2025-04-07,KOTAKBANK,7.951870825274552,RECONSTRUCTED
2025-04-07,PNB,2.4808097041430224,RECONSTRUCTED
2025-04-07,SBIN,7.768068168654859,RECONSTRUCTED
2025-04-08,AUBANK,3.267842402219349,RECONSTRUCTED
2025-04-08,AXISBANK,8.50465003641776,RECONSTRUCTED
2025-04-08,BANKBARODA,3.385836806947715,RECONSTRUCTED
2025-04-08,CANBK,2.4739445800594155,RECONSTRUCTED
2025-04-08,FEDERALBNK,3.430387136771239,RECONSTRUCTED
2025-04-08,HDFCBANK,27.76148497425152,RECONSTRUCTED
2025-04-08,ICICIBANK,25.27503154079619,RECONSTRUCTED
2025-04-08,IDFCFIRSTB,3.1087192218868007,RECONSTRUCTED
2025-04-08,INDUSINDBK,4.697847990706285,RECONSTRUCTED
2025-04-08,KOTAKBANK,7.986765258172264,RECONSTRUCTED
2025-04-08,PNB,2.461248475774672,RECONSTRUCTED
2025-04-08,SBIN,7.64624157599679,RECONSTRUCTED
2025-04-09,AUBANK,3.2006930603945905,RECONSTRUCTED
2025-04-09,AXISBANK,8.5918522481881,RECONSTRUCTED
2025-04-09,BANKBARODA,3.4515388384672607,RECONSTRUCTED
2025-04-09,CANBK,2.489867297405366,RECONSTRUCTED
2025-04-09,FEDERALBNK,3.423716375484492,RECONSTRUCTED
2025-04-09,HDFCBANK,27.689565207477543,RECONSTRUCTED
2025-04-09,ICICIBANK,25.13301637518824,RECONSTRUCTED
2025-04-09,IDFCFIRSTB,3.02290995755246,RECONSTRUCTED
2025-04-09,INDUSINDBK,4.68226447081169,RECONSTRUCTED
2025-04-09,KOTAKBANK,7.956872694661686,RECONSTRUCTED
2025-04-09,PNB,2.478525599280679,RECONSTRUCTED
2025-04-09,SBIN,7.879177875087902,RECONSTRUCTED
2025-04-11,AUBANK,3.232515107136217,RECONSTRUCTED
2025-04-11,AXISBANK,8.66155066660768,RECONSTRUCTED
2025-04-11,BANKBARODA,3.4689563479714893,RECONSTRUCTED
2025-04-11,CANBK,2.468146847182604,RECONSTRUCTED
2025-04-11,FEDERALBNK,3.466463170922292,RECONSTRUCTED
2025-04-11,HDFCBANK,27.456652689546413,RECONSTRUCTED
2025-04-11,ICICIBANK,25.30008570344772,RECONSTRUCTED
2025-04-11,IDFCFIRSTB,3.0340769015192586,RECONSTRUCTED
2025-04-11,INDUSINDBK,4.677225576480566,RECONSTRUCTED
2025-04-11,KOTAKBANK,7.852778603031722,RECONSTRUCTED
2025-04-11,PNB,2.507433124391464,RECONSTRUCTED
2025-04-11,SBIN,7.874115261762572,RECONSTRUCTED
2025-04-15,AUBANK,3.212713960277966,RECONSTRUCTED
2025-04-15,AXISBANK,8.549814394427525,RECONSTRUCTED
2025-04-15,BANKBARODA,3.527501142786256,RECONSTRUCTED
2025-04-15,CANBK,2.477418788261234,RECONSTRUCTED
2025-04-15,FEDERALBNK,3.53500994801702,RECONSTRUCTED
2025-04-15,HDFCBANK,27.33448736116921,RECONSTRUCTED
2025-04-15,ICICIBANK,25.25589092239404,RECONSTRUCTED
2025-04-15,IDFCFIRSTB,3.01660260081972,RECONSTRUCTED
2025-04-15,INDUSINDBK,4.503234605798072,RECONSTRUCTED
2025-04-15,KOTAKBANK,8.035200443499809,RECONSTRUCTED
2025-04-15,PNB,2.563014276494078,RECONSTRUCTED
2025-04-15,SBIN,7.989111556055082,RECONSTRUCTED
2025-04-16,AUBANK,3.223194631132859,RECONSTRUCTED
2025-04-16,AXISBANK,8.310084078215842,RECONSTRUCTED
2025-04-16,BANKBARODA,3.4912440807545484,RECONSTRUCTED
2025-04-16,CANBK,2.459565529921808,RECONSTRUCTED
2025-04-16,FEDERALBNK,3.530085503445077,RECONSTRUCTED
2025-04-16,HDFCBANK,27.53258237324832,RECONSTRUCTED
2025-04-16,ICICIBANK,25.500519527779176,RECONSTRUCTED
2025-04-16,IDFCFIRSTB,2.992638861041375,RECONSTRUCTED
2025-04-16,INDUSINDBK,4.264375692879196,RECONSTRUCTED
2025-04-16,KOTAKBANK,8.13800191136874,RECONSTRUCTED
2025-04-16,PNB,2.540799711583228,RECONSTRUCTED
2025-04-16,SBIN,8.016908098629836,RECONSTRUCTED
2025-04-17,AUBANK,3.27050611766894,RECONSTRUCTED
2025-04-17,AXISBANK,8.28248136841169,RECONSTRUCTED
2025-04-17,BANKBARODA,3.53835589151072,RECONSTRUCTED
2025-04-17,CANBK,2.479111598034287,RECONSTRUCTED
2025-04-17,FEDERALBNK,3.609031122490177,RECONSTRUCTED
2025-04-17,HDFCBANK,27.71466323884978,RECONSTRUCTED
2025-04-17,ICICIBANK,25.12955427455027,RECONSTRUCTED
2025-04-17,IDFCFIRSTB,3.0740017072820645,RECONSTRUCTED
2025-04-17,INDUSINDBK,4.322805008897925,RECONSTRUCTED
2025-04-17,KOTAKBANK,8.071083631880585,RECONSTRUCTED
2025-04-17,PNB,2.57920318697896,RECONSTRUCTED
2025-04-17,SBIN,7.929202853444596,RECONSTRUCTED
2025-04-21,AUBANK,3.134178427058977,RECONSTRUCTED
2025-04-21,AXISBANK,8.216421075686004,RECONSTRUCTED
2025-04-21,BANKBARODA,3.50951142867129,RECONSTRUCTED
2025-04-21,CANBK,2.449810154376546,RECONSTRUCTED
2025-04-21,FEDERALBNK,3.546202423064013,RECONSTRUCTED
2025-04-21,HDFCBANK,27.938143750567058,RECONSTRUCTED
2025-04-21,ICICIBANK,25.54691962925753,RECONSTRUCTED
2025-04-21,IDFCFIRSTB,2.960871247442964,RECONSTRUCTED
2025-04-21,INDUSINDBK,4.226135953034236,RECONSTRUCTED
2025-04-21,KOTAKBANK,8.027669302080215,RECONSTRUCTED
2025-04-21,PNB,2.555893954138541,RECONSTRUCTED
2025-04-21,SBIN,7.888242654622641,RECONSTRUCTED
2025-04-22,AUBANK,3.2028524265778464,RECONSTRUCTED
2025-04-22,AXISBANK,8.30661126860529,RECONSTRUCTED
2025-04-22,BANKBARODA,3.4876788295923222,RECONSTRUCTED
2025-04-22,CANBK,2.4235089130463088,RECONSTRUCTED
2025-04-22,FEDERALBNK,3.574029788099021,RECONSTRUCTED
2025-04-22,HDFCBANK,27.605978197067028,RECONSTRUCTED
2025-04-22,ICICIBANK,25.574870261324584,RECONSTRUCTED
2025-04-22,IDFCFIRSTB,2.953378819756633,RECONSTRUCTED
2025-04-22,INDUSINDBK,4.470561601764256,RECONSTRUCTED
2025-04-22,KOTAKBANK,7.977127974821323,RECONSTRUCTED
2025-04-22,PNB,2.543993007197561,RECONSTRUCTED
2025-04-22,SBIN,7.879408912147813,RECONSTRUCTED
2025-04-23,AUBANK,2.941007207191036,RECONSTRUCTED
2025-04-23,AXISBANK,8.337186804941293,RECONSTRUCTED
2025-04-23,BANKBARODA,3.485566960422516,RECONSTRUCTED
2025-04-23,CANBK,2.4419935130345416,RECONSTRUCTED
2025-04-23,FEDERALBNK,3.591304956356125,RECONSTRUCTED
2025-04-23,HDFCBANK,28.02211772920177,RECONSTRUCTED
2025-04-23,ICICIBANK,25.31895656161044,RECONSTRUCTED
2025-04-23,IDFCFIRSTB,2.886441562556867,RECONSTRUCTED
2025-04-23,INDUSINDBK,4.412965269020983,RECONSTRUCTED
2025-04-23,KOTAKBANK,8.090406420679134,RECONSTRUCTED
2025-04-23,PNB,2.541679489673677,RECONSTRUCTED
2025-04-23,SBIN,7.930373525311602,RECONSTRUCTED
2025-04-24,AUBANK,2.8649843006164484,RECONSTRUCTED
2025-04-24,AXISBANK,8.310694005395133,RECONSTRUCTED
2025-04-24,BANKBARODA,3.467620364045212,RECONSTRUCTED
2025-04-24,CANBK,2.436106655792444,RECONSTRUCTED
2025-04-24,FEDERALBNK,3.542712716442149,RECONSTRUCTED
2025-04-24,HDFCBANK,28.04118374337021,RECONSTRUCTED
2025-04-24,ICICIBANK,25.63319144260876,RECONSTRUCTED
2025-04-24,IDFCFIRSTB,2.9117768749496604,RECONSTRUCTED
2025-04-24,INDUSINDBK,4.262541942017763,RECONSTRUCTED
2025-04-24,KOTAKBANK,8.080547369546288,RECONSTRUCTED
2025-04-24,PNB,2.54167163479868,RECONSTRUCTED
2025-04-24,SBIN,7.906968950417251,RECONSTRUCTED
2025-04-25,AUBANK,2.8625435751101507,RECONSTRUCTED
2025-04-25,AXISBANK,8.519643003624786,RECONSTRUCTED
2025-04-25,BANKBARODA,3.50730013185638,RECONSTRUCTED
2025-04-25,CANBK,2.484436160508206,RECONSTRUCTED
2025-04-25,FEDERALBNK,3.60564518775829,RECONSTRUCTED
2025-04-25,HDFCBANK,27.855964884614405,RECONSTRUCTED
2025-04-25,ICICIBANK,25.35152789287074,RECONSTRUCTED
2025-04-25,IDFCFIRSTB,2.952616094127669,RECONSTRUCTED
2025-04-25,INDUSINDBK,4.208666825910042,RECONSTRUCTED
2025-04-25,KOTAKBANK,8.071253490862592,RECONSTRUCTED
2025-04-25,PNB,2.603967175755052,RECONSTRUCTED
2025-04-25,SBIN,7.976435577001682,RECONSTRUCTED
2025-04-28,AUBANK,2.8468023611820987,RECONSTRUCTED
2025-04-28,AXISBANK,8.44714391453174,RECONSTRUCTED
2025-04-28,BANKBARODA,3.475353079099861,RECONSTRUCTED
2025-04-28,CANBK,2.4701327060620604,RECONSTRUCTED
2025-04-28,FEDERALBNK,3.595080010529196,RECONSTRUCTED
2025-04-28,HDFCBANK,28.11406928728472,RECONSTRUCTED
2025-04-28,ICICIBANK,25.275107210754545,RECONSTRUCTED
2025-04-28,IDFCFIRSTB,2.975097805518227,RECONSTRUCTED
2025-04-28,INDUSINDBK,4.225531153195753,RECONSTRUCTED
2025-04-28,KOTAKBANK,8.106438845174402,RECONSTRUCTED
2025-04-28,PNB,2.566040359587498,RECONSTRUCTED
2025-04-28,SBIN,7.903203267079902,RECONSTRUCTED
2025-04-29,AUBANK,2.773331389039924,RECONSTRUCTED
2025-04-29,AXISBANK,8.479222238711618,RECONSTRUCTED
2025-04-29,BANKBARODA,3.4632772288245723,RECONSTRUCTED
2025-04-29,CANBK,2.446214616164727,RECONSTRUCTED
2025-04-29,FEDERALBNK,3.5286992267295925,RECONSTRUCTED
2025-04-29,HDFCBANK,28.2584729491868,RECONSTRUCTED
2025-04-29,ICICIBANK,25.23644440415267,RECONSTRUCTED
2025-04-29,IDFCFIRSTB,2.953527673318144,RECONSTRUCTED
2025-04-29,INDUSINDBK,4.189734912040552,RECONSTRUCTED
2025-04-29,KOTAKBANK,8.17537440095745,RECONSTRUCTED
2025-04-29,PNB,2.552416422067361,RECONSTRUCTED
2025-04-29,SBIN,7.943284538806616,RECONSTRUCTED
2025-04-30,AUBANK,2.87,OFFICIAL
2025-04-30,AXISBANK,8.45,OFFICIAL
2025-04-30,BANKBARODA,3.49,OFFICIAL
2025-04-30,CANBK,2.48,OFFICIAL
2025-04-30,FEDERALBNK,3.63,OFFICIAL
2025-04-30,HDFCBANK,27.87,OFFICIAL
2025-04-30,ICICIBANK,25.15,OFFICIAL
2025-04-30,IDFCFIRSTB,3.03,OFFICIAL
2025-04-30,INDUSINDBK,4.16,OFFICIAL
2025-04-30,KOTAKBANK,8.12,OFFICIAL
2025-04-30,PNB,2.6,OFFICIAL
2025-04-30,SBIN,8.14,OFFICIAL
2025-05-02,AUBANK,2.9078199740757267,RECONSTRUCTED
2025-05-02,AXISBANK,8.331015478045547,RECONSTRUCTED
2025-05-02,BANKBARODA,3.413375690269989,RECONSTRUCTED
2025-05-02,CANBK,3.3661805320844294,RECONSTRUCTED
2025-05-02,FEDERALBNK,3.873047580221706,RECONSTRUCTED
2025-05-02,HDFCBANK,27.71563301065954,RECONSTRUCTED
2025-05-02,ICICIBANK,25.06102113889325,RECONSTRUCTED
2025-05-02,IDFCFIRSTB,3.1714816205433864,RECONSTRUCTED
2025-05-02,INDUSINDBK,3.765641947694022,RECONSTRUCTED
2025-05-02,KOTAKBANK,7.0588313699148335,RECONSTRUCTED
2025-05-02,PNB,2.847834435151376,RECONSTRUCTED
2025-05-02,SBIN,8.488117222446194,RECONSTRUCTED
2025-05-05,AUBANK,2.909636169159037,RECONSTRUCTED
2025-05-05,AXISBANK,8.385834870499574,RECONSTRUCTED
2025-05-05,BANKBARODA,3.38516578571586,RECONSTRUCTED
2025-05-05,CANBK,3.341838888976071,RECONSTRUCTED
2025-05-05,FEDERALBNK,3.824769248959293,RECONSTRUCTED
2025-05-05,HDFCBANK,27.44477159409845,RECONSTRUCTED
2025-05-05,ICICIBANK,25.02074019097405,RECONSTRUCTED
2025-05-05,IDFCFIRSTB,3.128473498370896,RECONSTRUCTED
2025-05-05,INDUSINDBK,3.800796643064429,RECONSTRUCTED
2025-05-05,KOTAKBANK,7.371084337920271,RECONSTRUCTED
2025-05-05,PNB,2.8447248036201684,RECONSTRUCTED
2025-05-05,SBIN,8.542163968641898,RECONSTRUCTED
2025-05-06,AUBANK,2.9018192045971785,RECONSTRUCTED
2025-05-06,AXISBANK,8.362998334080649,RECONSTRUCTED
2025-05-06,BANKBARODA,3.718416286353484,RECONSTRUCTED
2025-05-06,CANBK,3.4699290328769727,RECONSTRUCTED
2025-05-06,FEDERALBNK,3.8610694279802016,RECONSTRUCTED
2025-05-06,HDFCBANK,27.166284016614167,RECONSTRUCTED
2025-05-06,ICICIBANK,24.663674188115507,RECONSTRUCTED
2025-05-06,IDFCFIRSTB,3.1592826755595937,RECONSTRUCTED
2025-05-06,INDUSINDBK,3.81976312786479,RECONSTRUCTED
2025-05-06,KOTAKBANK,7.315321023579109,RECONSTRUCTED
2025-05-06,PNB,2.955005046623196,RECONSTRUCTED
2025-05-06,SBIN,8.60643763575515,RECONSTRUCTED
2025-05-07,AUBANK,2.8528116550927263,RECONSTRUCTED
2025-05-07,AXISBANK,8.41647569697158,RECONSTRUCTED
2025-05-07,BANKBARODA,3.732038031990808,RECONSTRUCTED
2025-05-07,CANBK,3.443728610917308,RECONSTRUCTED
2025-05-07,FEDERALBNK,3.806566060031511,RECONSTRUCTED
2025-05-07,HDFCBANK,27.14233908309909,RECONSTRUCTED
2025-05-07,ICICIBANK,24.75354432695676,RECONSTRUCTED
2025-05-07,IDFCFIRSTB,3.110841478913644,RECONSTRUCTED
2025-05-07,INDUSINDBK,3.8346379437450886,RECONSTRUCTED
2025-05-07,KOTAKBANK,7.288022605720129,RECONSTRUCTED
2025-05-07,PNB,2.9805862465831825,RECONSTRUCTED
2025-05-07,SBIN,8.638408259978188,RECONSTRUCTED
2025-05-08,AUBANK,2.833444258985127,RECONSTRUCTED
2025-05-08,AXISBANK,8.29846995104681,RECONSTRUCTED
2025-05-08,BANKBARODA,3.8378461693038006,RECONSTRUCTED
2025-05-08,CANBK,3.366220766291667,RECONSTRUCTED
2025-05-08,FEDERALBNK,3.8785015342712383,RECONSTRUCTED
2025-05-08,HDFCBANK,27.252485360625744,RECONSTRUCTED
2025-05-08,ICICIBANK,24.6338392528361,RECONSTRUCTED
2025-05-08,IDFCFIRSTB,3.121184199539433,RECONSTRUCTED
2025-05-08,INDUSINDBK,3.84867050864402,RECONSTRUCTED
2025-05-08,KOTAKBANK,7.19251386224071,RECONSTRUCTED
2025-05-08,PNB,3.060214694750772,RECONSTRUCTED
2025-05-08,SBIN,8.67660944146458,RECONSTRUCTED
2025-05-09,AUBANK,2.8037317355835727,RECONSTRUCTED
2025-05-09,AXISBANK,8.337694167618057,RECONSTRUCTED
2025-05-09,BANKBARODA,3.738060439639835,RECONSTRUCTED
2025-05-09,CANBK,3.244037728486348,RECONSTRUCTED
2025-05-09,FEDERALBNK,3.813415138214496,RECONSTRUCTED
2025-05-09,HDFCBANK,27.4405125651926,RECONSTRUCTED
2025-05-09,ICICIBANK,25.120229883307488,RECONSTRUCTED
2025-05-09,IDFCFIRSTB,3.0892565770256635,RECONSTRUCTED
2025-05-09,INDUSINDBK,3.8371699450272434,RECONSTRUCTED
2025-05-09,KOTAKBANK,7.128487228991813,RECONSTRUCTED
2025-05-09,PNB,2.999308401922389,RECONSTRUCTED
2025-05-09,SBIN,8.448096188990501,RECONSTRUCTED
2025-05-12,AUBANK,2.829970174623944,RECONSTRUCTED
2025-05-12,AXISBANK,8.244881443376407,RECONSTRUCTED
2025-05-12,BANKBARODA,3.747993959551701,RECONSTRUCTED
2025-05-12,CANBK,3.24553105639138,RECONSTRUCTED
2025-05-12,FEDERALBNK,3.7976981800494616,RECONSTRUCTED
2025-05-12,HDFCBANK,27.38047104303099,RECONSTRUCTED
2025-05-12,ICICIBANK,24.89242191306075,RECONSTRUCTED
2025-05-12,IDFCFIRSTB,3.0599635398391825,RECONSTRUCTED
2025-05-12,INDUSINDBK,4.11490553928894,RECONSTRUCTED
2025-05-12,KOTAKBANK,7.2230572115357,RECONSTRUCTED
2025-05-12,PNB,2.9763464746008474,RECONSTRUCTED
2025-05-12,SBIN,8.486759464650682,RECONSTRUCTED
2025-05-13,AUBANK,2.823808073334285,RECONSTRUCTED
2025-05-13,AXISBANK,8.248691575838823,RECONSTRUCTED
2025-05-13,BANKBARODA,3.626117154707858,RECONSTRUCTED
2025-05-13,CANBK,3.1011314420201046,RECONSTRUCTED
2025-05-13,FEDERALBNK,3.700493752295782,RECONSTRUCTED
2025-05-13,HDFCBANK,27.668204971042748,RECONSTRUCTED
2025-05-13,ICICIBANK,25.018500307690623,RECONSTRUCTED
2025-05-13,IDFCFIRSTB,3.04097825799746,RECONSTRUCTED
2025-05-13,INDUSINDBK,4.182233371701048,RECONSTRUCTED
2025-05-13,KOTAKBANK,7.269568062272347,RECONSTRUCTED
2025-05-13,PNB,2.8969866142209635,RECONSTRUCTED
2025-05-13,SBIN,8.423286416877957,RECONSTRUCTED
2025-05-14,AUBANK,2.854808443086988,RECONSTRUCTED
2025-05-14,AXISBANK,8.215933382355416,RECONSTRUCTED
2025-05-14,BANKBARODA,3.6047656761232334,RECONSTRUCTED
2025-05-14,CANBK,3.0676756423054687,RECONSTRUCTED
2025-05-14,FEDERALBNK,3.689057545558247,RECONSTRUCTED
2025-05-14,HDFCBANK,27.775554916287497,RECONSTRUCTED
2025-05-14,ICICIBANK,25.035810808520225,RECONSTRUCTED
2025-05-14,IDFCFIRSTB,3.0131981930866263,RECONSTRUCTED
2025-05-14,INDUSINDBK,4.112182293543558,RECONSTRUCTED
2025-05-14,KOTAKBANK,7.33263425379058,RECONSTRUCTED
2025-05-14,PNB,2.884169744362968,RECONSTRUCTED
2025-05-14,SBIN,8.414209100979189,RECONSTRUCTED
2025-05-15,AUBANK,2.8849791549400776,RECONSTRUCTED
2025-05-15,AXISBANK,8.204617499319866,RECONSTRUCTED
2025-05-15,BANKBARODA,3.6281698167531538,RECONSTRUCTED
2025-05-15,CANBK,3.113326291320313,RECONSTRUCTED
2025-05-15,FEDERALBNK,3.7144554371989056,RECONSTRUCTED
2025-05-15,HDFCBANK,27.71628455851908,RECONSTRUCTED
2025-05-15,ICICIBANK,24.85699232332164,RECONSTRUCTED
2025-05-15,IDFCFIRSTB,3.0428407759227487,RECONSTRUCTED
2025-05-15,INDUSINDBK,4.157757257391288,RECONSTRUCTED
2025-05-15,KOTAKBANK,7.356614045269147,RECONSTRUCTED
2025-05-15,PNB,2.899926306258386,RECONSTRUCTED
2025-05-15,SBIN,8.424036533785399,RECONSTRUCTED
2025-05-16,AUBANK,2.91222022116187,RECONSTRUCTED
2025-05-16,AXISBANK,8.22112093480728,RECONSTRUCTED
2025-05-16,BANKBARODA,3.595600182219448,RECONSTRUCTED
2025-05-16,CANBK,3.043565041591319,RECONSTRUCTED
2025-05-16,FEDERALBNK,3.717451211462256,RECONSTRUCTED
2025-05-16,HDFCBANK,27.752230485922684,RECONSTRUCTED
2025-05-16,ICICIBANK,24.84601143856867,RECONSTRUCTED
2025-05-16,IDFCFIRSTB,3.0578876501448824,RECONSTRUCTED
2025-05-16,INDUSINDBK,4.166688537787651,RECONSTRUCTED
2025-05-16,KOTAKBANK,7.363290771771753,RECONSTRUCTED
2025-05-16,PNB,2.887709841737602,RECONSTRUCTED
2025-05-16,SBIN,8.4362236828246,RECONSTRUCTED
2025-05-19,AUBANK,2.9085034633946,RECONSTRUCTED
2025-05-19,AXISBANK,8.273273577425082,RECONSTRUCTED
2025-05-19,BANKBARODA,3.554540019568697,RECONSTRUCTED
2025-05-19,CANBK,3.042023985214576,RECONSTRUCTED
2025-05-19,FEDERALBNK,3.669550151160609,RECONSTRUCTED
2025-05-19,HDFCBANK,27.732324080399344,RECONSTRUCTED
2025-05-19,ICICIBANK,24.96536993847162,RECONSTRUCTED
2025-05-19,IDFCFIRSTB,3.088769757210115,RECONSTRUCTED
2025-05-19,INDUSINDBK,4.151820444715516,RECONSTRUCTED
2025-05-19,KOTAKBANK,7.36274428729021,RECONSTRUCTED
2025-05-19,PNB,2.834293871696396,RECONSTRUCTED
2025-05-19,SBIN,8.416786423453232,RECONSTRUCTED
2025-05-20,AUBANK,2.876439076838169,RECONSTRUCTED
2025-05-20,AXISBANK,8.24015049959715,RECONSTRUCTED
2025-05-20,BANKBARODA,3.5725537052293928,RECONSTRUCTED
2025-05-20,CANBK,3.038101473089862,RECONSTRUCTED
2025-05-20,FEDERALBNK,3.7021671645603806,RECONSTRUCTED
2025-05-20,HDFCBANK,27.801846951514342,RECONSTRUCTED
2025-05-20,ICICIBANK,24.90634616799116,RECONSTRUCTED
2025-05-20,IDFCFIRSTB,3.1258796315913786,RECONSTRUCTED
2025-05-20,INDUSINDBK,4.120592006370352,RECONSTRUCTED
2025-05-20,KOTAKBANK,7.364188941882335,RECONSTRUCTED
2025-05-20,PNB,2.818247602647764,RECONSTRUCTED
2025-05-20,SBIN,8.433486778687712,RECONSTRUCTED
2025-05-21,AUBANK,2.864378839475735,RECONSTRUCTED
2025-05-21,AXISBANK,8.25624357218432,RECONSTRUCTED
2025-05-21,BANKBARODA,3.5131536372765386,RECONSTRUCTED
2025-05-21,CANBK,3.026506636487188,RECONSTRUCTED
2025-05-21,FEDERALBNK,3.666386038179691,RECONSTRUCTED
2025-05-21,HDFCBANK,27.73040683781917,RECONSTRUCTED
2025-05-21,ICICIBANK,24.88426133948314,RECONSTRUCTED
2025-05-21,IDFCFIRSTB,3.161221746285488,RECONSTRUCTED
2025-05-21,INDUSINDBK,4.201610528090584,RECONSTRUCTED
2025-05-21,KOTAKBANK,7.457995211818623,RECONSTRUCTED
2025-05-21,PNB,2.7893367420780573,RECONSTRUCTED
2025-05-21,SBIN,8.448498870821455,RECONSTRUCTED
2025-05-22,AUBANK,2.873070964485386,RECONSTRUCTED
2025-05-22,AXISBANK,8.300930833316757,RECONSTRUCTED
2025-05-22,BANKBARODA,3.5057608049457825,RECONSTRUCTED
2025-05-22,CANBK,3.047521511378599,RECONSTRUCTED
2025-05-22,FEDERALBNK,3.6512460064061982,RECONSTRUCTED
2025-05-22,HDFCBANK,27.76344671927199,RECONSTRUCTED
2025-05-22,ICICIBANK,24.869450960409424,RECONSTRUCTED
2025-05-22,IDFCFIRSTB,3.1442215212788964,RECONSTRUCTED
2025-05-22,INDUSINDBK,4.111192392584937,RECONSTRUCTED
2025-05-22,KOTAKBANK,7.459950581666034,RECONSTRUCTED
2025-05-22,PNB,2.825077110179347,RECONSTRUCTED
2025-05-22,SBIN,8.44813059407666,RECONSTRUCTED
2025-05-23,AUBANK,2.8674256531520963,RECONSTRUCTED
2025-05-23,AXISBANK,8.219980454725546,RECONSTRUCTED
2025-05-23,BANKBARODA,3.508341857166336,RECONSTRUCTED
2025-05-23,CANBK,3.062043818266576,RECONSTRUCTED
2025-05-23,FEDERALBNK,3.640452868269431,RECONSTRUCTED
2025-05-23,HDFCBANK,27.794027220500883,RECONSTRUCTED
2025-05-23,ICICIBANK,24.94132474343224,RECONSTRUCTED
2025-05-23,IDFCFIRSTB,3.1597503269089016,RECONSTRUCTED
2025-05-23,INDUSINDBK,4.101203327533479,RECONSTRUCTED
2025-05-23,KOTAKBANK,7.39614787541,RECONSTRUCTED
2025-05-23,PNB,2.8480862617626155,RECONSTRUCTED
2025-05-23,SBIN,8.461215592871902,RECONSTRUCTED
2025-05-26,AUBANK,2.865282570759527,RECONSTRUCTED
2025-05-26,AXISBANK,8.21108509366458,RECONSTRUCTED
2025-05-26,BANKBARODA,3.541464197086184,RECONSTRUCTED
2025-05-26,CANBK,3.0639053467134008,RECONSTRUCTED
2025-05-26,FEDERALBNK,3.6795130105772658,RECONSTRUCTED
2025-05-26,HDFCBANK,27.786118791923624,RECONSTRUCTED
2025-05-26,ICICIBANK,24.83434190489643,RECONSTRUCTED
2025-05-26,IDFCFIRSTB,3.191994810193224,RECONSTRUCTED
2025-05-26,INDUSINDBK,4.079581051597221,RECONSTRUCTED
2025-05-26,KOTAKBANK,7.460120153578265,RECONSTRUCTED
2025-05-26,PNB,2.840581538350352,RECONSTRUCTED
2025-05-26,SBIN,8.446011530659922,RECONSTRUCTED
2025-05-27,AUBANK,2.845065523760817,RECONSTRUCTED
2025-05-27,AXISBANK,8.314077302676903,RECONSTRUCTED
2025-05-27,BANKBARODA,3.528194500801945,RECONSTRUCTED
2025-05-27,CANBK,3.0255562395125097,RECONSTRUCTED
2025-05-27,FEDERALBNK,3.655074375545028,RECONSTRUCTED
2025-05-27,HDFCBANK,27.880599098245,RECONSTRUCTED
2025-05-27,ICICIBANK,24.983149509930715,RECONSTRUCTED
2025-05-27,IDFCFIRSTB,3.109881687042156,RECONSTRUCTED
2025-05-27,INDUSINDBK,3.962114864626708,RECONSTRUCTED
2025-05-27,KOTAKBANK,7.474431159011202,RECONSTRUCTED
2025-05-27,PNB,2.8004187058386028,RECONSTRUCTED
2025-05-27,SBIN,8.4214370330084,RECONSTRUCTED
2025-05-28,AUBANK,2.82732282294627,RECONSTRUCTED
2025-05-28,AXISBANK,8.330360807769797,RECONSTRUCTED
2025-05-28,BANKBARODA,3.510349926090059,RECONSTRUCTED
2025-05-28,CANBK,2.960664250944736,RECONSTRUCTED
2025-05-28,FEDERALBNK,3.67508507194655,RECONSTRUCTED
2025-05-28,HDFCBANK,27.954807761288823,RECONSTRUCTED
2025-05-28,ICICIBANK,24.88591332864256,RECONSTRUCTED
2025-05-28,IDFCFIRSTB,3.119580321282214,RECONSTRUCTED
2025-05-28,INDUSINDBK,4.043499094289037,RECONSTRUCTED
2025-05-28,KOTAKBANK,7.494615763208941,RECONSTRUCTED
2025-05-28,PNB,2.796389972104448,RECONSTRUCTED
2025-05-28,SBIN,8.401410879486562,RECONSTRUCTED
2025-05-29,AUBANK,2.867164431860097,RECONSTRUCTED
2025-05-29,AXISBANK,8.301055757413407,RECONSTRUCTED
2025-05-29,BANKBARODA,3.515458720138218,RECONSTRUCTED
2025-05-29,CANBK,2.973163066971805,RECONSTRUCTED
2025-05-29,FEDERALBNK,3.693322828066,RECONSTRUCTED
2025-05-29,HDFCBANK,27.961538441234605,RECONSTRUCTED
2025-05-29,ICICIBANK,24.897428952126084,RECONSTRUCTED
2025-05-29,IDFCFIRSTB,3.130964428314188,RECONSTRUCTED
2025-05-29,INDUSINDBK,3.959447545347923,RECONSTRUCTED
2025-05-29,KOTAKBANK,7.485664259164539,RECONSTRUCTED
2025-05-29,PNB,2.802331918369361,RECONSTRUCTED
2025-05-29,SBIN,8.412459650993766,RECONSTRUCTED
2025-05-30,AUBANK,2.9,OFFICIAL
2025-05-30,AXISBANK,8.4,OFFICIAL
2025-05-30,BANKBARODA,3.44,OFFICIAL
2025-05-30,CANBK,2.88,OFFICIAL
2025-05-30,FEDERALBNK,3.69,OFFICIAL
2025-05-30,HDFCBANK,27.82,OFFICIAL
2025-05-30,ICICIBANK,25.18,OFFICIAL
2025-05-30,IDFCFIRSTB,3.14,OFFICIAL
2025-05-30,INDUSINDBK,4.01,OFFICIAL
2025-05-30,KOTAKBANK,7.54,OFFICIAL
2025-05-30,PNB,2.72,OFFICIAL
2025-05-30,SBIN,8.29,OFFICIAL
2025-06-02,AUBANK,3.28257752045516,RECONSTRUCTED
2025-06-02,AXISBANK,8.194252262905671,RECONSTRUCTED
2025-06-02,BANKBARODA,2.924735456682972,RECONSTRUCTED
2025-06-02,CANBK,2.44934766545611,RECONSTRUCTED
2025-06-02,FEDERALBNK,3.393401023103836,RECONSTRUCTED
2025-06-02,HDFCBANK,28.665051629474497,RECONSTRUCTED
2025-06-02,ICICIBANK,24.43408024558228,RECONSTRUCTED
2025-06-02,IDFCFIRSTB,3.2042397818292425,RECONSTRUCTED
2025-06-02,INDUSINDBK,3.8785303342607422,RECONSTRUCTED
2025-06-02,KOTAKBANK,8.5158091858504,RECONSTRUCTED
2025-06-02,PNB,2.515842770813436,RECONSTRUCTED
2025-06-02,SBIN,8.542132123585674,RECONSTRUCTED
2025-06-03,AUBANK,3.2210464940910546,RECONSTRUCTED
2025-06-03,AXISBANK,8.237591437389755,RECONSTRUCTED
2025-06-03,BANKBARODA,2.9211761101452622,RECONSTRUCTED
2025-06-03,CANBK,2.4552511357616247,RECONSTRUCTED
2025-06-03,FEDERALBNK,3.2938550548891032,RECONSTRUCTED
2025-06-03,HDFCBANK,28.61651204493733,RECONSTRUCTED
2025-06-03,ICICIBANK,24.51093739858957,RECONSTRUCTED
2025-06-03,IDFCFIRSTB,3.267745402378461,RECONSTRUCTED
2025-06-03,INDUSINDBK,3.914002955624024,RECONSTRUCTED
2025-06-03,KOTAKBANK,8.547501398614088,RECONSTRUCTED
2025-06-03,PNB,2.479429909260038,RECONSTRUCTED
2025-06-03,SBIN,8.534950658319701,RECONSTRUCTED
2025-06-04,AUBANK,3.239304491612687,RECONSTRUCTED
2025-06-04,AXISBANK,8.322989608620565,RECONSTRUCTED
2025-06-04,BANKBARODA,2.914315345558854,RECONSTRUCTED
2025-06-04,CANBK,2.429109348725474,RECONSTRUCTED
2025-06-04,FEDERALBNK,3.303585720979461,RECONSTRUCTED
2025-06-04,HDFCBANK,28.41117345450227,RECONSTRUCTED
2025-06-04,ICICIBANK,24.66330401387422,RECONSTRUCTED
2025-06-04,IDFCFIRSTB,3.2475529377129524,RECONSTRUCTED
2025-06-04,INDUSINDBK,3.854459854859716,RECONSTRUCTED
2025-06-04,KOTAKBANK,8.551834067981334,RECONSTRUCTED
2025-06-04,PNB,2.4806043928093806,RECONSTRUCTED
2025-06-04,SBIN,8.581766762763063,RECONSTRUCTED
2025-06-05,AUBANK,3.267620039048998,RECONSTRUCTED
2025-06-05,AXISBANK,8.422430519474723,RECONSTRUCTED
2025-06-05,BANKBARODA,2.9651468653401225,RECONSTRUCTED
2025-06-05,CANBK,2.4525922399306785,RECONSTRUCTED
2025-06-05,FEDERALBNK,3.371115872668037,RECONSTRUCTED
2025-06-05,HDFCBANK,28.33339039589028,RECONSTRUCTED
2025-06-05,ICICIBANK,24.298093767197297,RECONSTRUCTED
2025-06-05,IDFCFIRSTB,3.286274008605337,RECONSTRUCTED
2025-06-05,INDUSINDBK,3.9141321596805896,RECONSTRUCTED
2025-06-05,KOTAKBANK,8.592198541103548,RECONSTRUCTED
2025-06-05,PNB,2.496368253385541,RECONSTRUCTED
2025-06-05,SBIN,8.600637337674844,RECONSTRUCTED
2025-06-06,AUBANK,3.1859563082697195,RECONSTRUCTED
2025-06-06,AXISBANK,8.293628709927166,RECONSTRUCTED
2025-06-06,BANKBARODA,2.9619329590424908,RECONSTRUCTED
2025-06-06,CANBK,2.5036814830510625,RECONSTRUCTED
2025-06-06,FEDERALBNK,3.4098352891990977,RECONSTRUCTED
2025-06-06,HDFCBANK,28.334162391571283,RECONSTRUCTED
2025-06-06,ICICIBANK,24.57865691091404,RECONSTRUCTED
2025-06-06,IDFCFIRSTB,3.1139874021544216,RECONSTRUCTED
2025-06-06,INDUSINDBK,3.877794472616034,RECONSTRUCTED
2025-06-06,KOTAKBANK,8.579784055755857,RECONSTRUCTED
2025-06-06,PNB,2.5070228442488807,RECONSTRUCTED
2025-06-06,SBIN,8.653557173249945,RECONSTRUCTED
2025-06-09,AUBANK,3.107591820711655,RECONSTRUCTED
2025-06-09,AXISBANK,8.159127860775223,RECONSTRUCTED
2025-06-09,BANKBARODA,2.9535350915550502,RECONSTRUCTED
2025-06-09,CANBK,2.4729266546045903,RECONSTRUCTED
2025-06-09,FEDERALBNK,3.346343462219728,RECONSTRUCTED
2025-06-09,HDFCBANK,28.462125682648555,RECONSTRUCTED
2025-06-09,ICICIBANK,25.12066853737433,RECONSTRUCTED
2025-06-09,IDFCFIRSTB,3.095487389081183,RECONSTRUCTED
2025-06-09,INDUSINDBK,3.831443881296584,RECONSTRUCTED
2025-06-09,KOTAKBANK,8.358184775663883,RECONSTRUCTED
2025-06-09,PNB,2.4732561330602167,RECONSTRUCTED
2025-06-09,SBIN,8.619308711008983,RECONSTRUCTED
2025-06-10,AUBANK,3.122573468578323,RECONSTRUCTED
2025-06-10,AXISBANK,8.043317666009484,RECONSTRUCTED
2025-06-10,BANKBARODA,2.955390503023723,RECONSTRUCTED
2025-06-10,CANBK,2.462140681795048,RECONSTRUCTED
2025-06-10,FEDERALBNK,3.360429960403992,RECONSTRUCTED
2025-06-10,HDFCBANK,28.551055741070947,RECONSTRUCTED
2025-06-10,ICICIBANK,25.2352784792412,RECONSTRUCTED
2025-06-10,IDFCFIRSTB,3.122248216093445,RECONSTRUCTED
2025-06-10,INDUSINDBK,3.7790599332257298,RECONSTRUCTED
2025-06-10,KOTAKBANK,8.276745052118068,RECONSTRUCTED
2025-06-10,PNB,2.473412588345101,RECONSTRUCTED
2025-06-10,SBIN,8.61834771009495,RECONSTRUCTED
2025-06-11,AUBANK,3.079307190502561,RECONSTRUCTED
2025-06-11,AXISBANK,8.029591579212873,RECONSTRUCTED
2025-06-11,BANKBARODA,2.999718997896079,RECONSTRUCTED
2025-06-11,CANBK,2.469196629001507,RECONSTRUCTED
2025-06-11,FEDERALBNK,3.3974167265419566,RECONSTRUCTED
2025-06-11,HDFCBANK,28.68745960330296,RECONSTRUCTED
2025-06-11,ICICIBANK,25.021169162846697,RECONSTRUCTED
2025-06-11,IDFCFIRSTB,3.1186202082737475,RECONSTRUCTED
2025-06-11,INDUSINDBK,3.8077537015701,RECONSTRUCTED
2025-06-11,KOTAKBANK,8.275550443018384,RECONSTRUCTED
2025-06-11,PNB,2.4992577232999564,RECONSTRUCTED
2025-06-11,SBIN,8.614958034533176,RECONSTRUCTED
2025-06-12,AUBANK,3.0403852280695864,RECONSTRUCTED
2025-06-12,AXISBANK,8.098422796267805,RECONSTRUCTED
2025-06-12,BANKBARODA,3.0038790560585333,RECONSTRUCTED
2025-06-12,CANBK,2.4837063220850264,RECONSTRUCTED
2025-06-12,FEDERALBNK,3.402197804533945,RECONSTRUCTED
2025-06-12,HDFCBANK,28.60134757937584,RECONSTRUCTED
2025-06-12,ICICIBANK,24.95768566735304,RECONSTRUCTED
2025-06-12,IDFCFIRSTB,3.117777018439032,RECONSTRUCTED
2025-06-12,INDUSINDBK,3.811869507848186,RECONSTRUCTED
2025-06-12,KOTAKBANK,8.292608669189622,RECONSTRUCTED
2025-06-12,PNB,2.535217903977962,RECONSTRUCTED
2025-06-12,SBIN,8.654902446801426,RECONSTRUCTED
2025-06-13,AUBANK,3.049489262315299,RECONSTRUCTED
2025-06-13,AXISBANK,8.064526832511769,RECONSTRUCTED
2025-06-13,BANKBARODA,2.9916965438722376,RECONSTRUCTED
2025-06-13,CANBK,2.462803260057622,RECONSTRUCTED
2025-06-13,FEDERALBNK,3.3871563042543893,RECONSTRUCTED
2025-06-13,HDFCBANK,28.695866922134773,RECONSTRUCTED
2025-06-13,ICICIBANK,24.86651232685216,RECONSTRUCTED
2025-06-13,IDFCFIRSTB,3.104518255186852,RECONSTRUCTED
2025-06-13,INDUSINDBK,3.8339831485278935,RECONSTRUCTED
2025-06-13,KOTAKBANK,8.285133365629653,RECONSTRUCTED
2025-06-13,PNB,2.543022273553483,RECONSTRUCTED
2025-06-13,SBIN,8.715291505103878,RECONSTRUCTED
2025-06-16,AUBANK,3.022089444857613,RECONSTRUCTED
2025-06-16,AXISBANK,8.061501427149382,RECONSTRUCTED
2025-06-16,BANKBARODA,2.9968452408338484,RECONSTRUCTED
2025-06-16,CANBK,2.486387406171645,RECONSTRUCTED
2025-06-16,FEDERALBNK,3.407696794019704,RECONSTRUCTED
2025-06-16,HDFCBANK,28.64756099582252,RECONSTRUCTED
2025-06-16,ICICIBANK,24.865445784387248,RECONSTRUCTED
2025-06-16,IDFCFIRSTB,3.1077664017004825,RECONSTRUCTED
2025-06-16,INDUSINDBK,3.84236057492174,RECONSTRUCTED
2025-06-16,KOTAKBANK,8.224636957878557,RECONSTRUCTED
2025-06-16,PNB,2.5579883479143395,RECONSTRUCTED
2025-06-16,SBIN,8.779720624342923,RECONSTRUCTED
2025-06-17,AUBANK,3.042340123377107,RECONSTRUCTED
2025-06-17,AXISBANK,8.031306063693766,RECONSTRUCTED
2025-06-17,BANKBARODA,3.017234934318344,RECONSTRUCTED
2025-06-17,CANBK,2.5220334517172973,RECONSTRUCTED
2025-06-17,FEDERALBNK,3.4080179360907894,RECONSTRUCTED
2025-06-17,HDFCBANK,28.618977120173376,RECONSTRUCTED
2025-06-17,ICICIBANK,24.830582565472888,RECONSTRUCTED
2025-06-17,IDFCFIRSTB,3.128455101014977,RECONSTRUCTED
2025-06-17,INDUSINDBK,3.884252738460718,RECONSTRUCTED
2025-06-17,KOTAKBANK,8.200241531198799,RECONSTRUCTED
2025-06-17,PNB,2.569675133661681,RECONSTRUCTED
2025-06-17,SBIN,8.746883300820258,RECONSTRUCTED
2025-06-18,AUBANK,2.965877868504599,RECONSTRUCTED
2025-06-18,AXISBANK,8.006785625821433,RECONSTRUCTED
2025-06-18,BANKBARODA,3.042182043730216,RECONSTRUCTED
2025-06-18,CANBK,2.550121630572624,RECONSTRUCTED
2025-06-18,FEDERALBNK,3.376025327922696,RECONSTRUCTED
2025-06-18,HDFCBANK,28.60638760200621,RECONSTRUCTED
2025-06-18,ICICIBANK,25.06162913783444,RECONSTRUCTED
2025-06-18,IDFCFIRSTB,3.1061519112665823,RECONSTRUCTED
2025-06-18,INDUSINDBK,3.702012243812396,RECONSTRUCTED
2025-06-18,KOTAKBANK,8.231850971129925,RECONSTRUCTED
2025-06-18,PNB,2.584030683940273,RECONSTRUCTED
2025-06-18,SBIN,8.766944953458605,RECONSTRUCTED
2025-06-19,AUBANK,2.9696547167835883,RECONSTRUCTED
2025-06-19,AXISBANK,7.995501841558742,RECONSTRUCTED
2025-06-19,BANKBARODA,3.09260534114428,RECONSTRUCTED
2025-06-19,CANBK,2.619842666736277,RECONSTRUCTED
2025-06-19,FEDERALBNK,3.4136963570761125,RECONSTRUCTED
2025-06-19,HDFCBANK,28.463583766636702,RECONSTRUCTED
2025-06-19,ICICIBANK,24.97755627766291,RECONSTRUCTED
2025-06-19,IDFCFIRSTB,3.140357309129548,RECONSTRUCTED
2025-06-19,INDUSINDBK,3.7434170858105618,RECONSTRUCTED
2025-06-19,KOTAKBANK,8.143223580848652,RECONSTRUCTED
2025-06-19,PNB,2.6354559112776137,RECONSTRUCTED
2025-06-19,SBIN,8.805105145335009,RECONSTRUCTED
2025-06-20,AUBANK,2.9862265602750715,RECONSTRUCTED
2025-06-20,AXISBANK,8.072328368307982,RECONSTRUCTED
2025-06-20,BANKBARODA,3.097237083296071,RECONSTRUCTED
2025-06-20,CANBK,2.5943376282599404,RECONSTRUCTED
2025-06-20,FEDERALBNK,3.395773558743911,RECONSTRUCTED
2025-06-20,HDFCBANK,28.3814578805083,RECONSTRUCTED
2025-06-20,ICICIBANK,25.003910800150447,RECONSTRUCTED
2025-06-20,IDFCFIRSTB,3.1571260231849507,RECONSTRUCTED
2025-06-20,INDUSINDBK,3.776917930586022,RECONSTRUCTED
2025-06-20,KOTAKBANK,8.154180738946291,RECONSTRUCTED
2025-06-20,PNB,2.591136211733241,RECONSTRUCTED
2025-06-20,SBIN,8.789367216007767,RECONSTRUCTED
2025-06-23,AUBANK,2.971180026636856,RECONSTRUCTED
2025-06-23,AXISBANK,8.087498997334889,RECONSTRUCTED
2025-06-23,BANKBARODA,3.0902396913951047,RECONSTRUCTED
2025-06-23,CANBK,2.5707742836717395,RECONSTRUCTED
2025-06-23,FEDERALBNK,3.392917265835152,RECONSTRUCTED
2025-06-23,HDFCBANK,28.517652463134844,RECONSTRUCTED
2025-06-23,ICICIBANK,25.038272643555143,RECONSTRUCTED
2025-06-23,IDFCFIRSTB,3.109629024505033,RECONSTRUCTED
2025-06-23,INDUSINDBK,3.7651250437917527,RECONSTRUCTED
2025-06-23,KOTAKBANK,8.07213614501857,RECONSTRUCTED
2025-06-23,PNB,2.5603520386177205,RECONSTRUCTED
2025-06-23,SBIN,8.824222376503187,RECONSTRUCTED
2025-06-24,AUBANK,2.976867719686348,RECONSTRUCTED
2025-06-24,AXISBANK,8.097841088660566,RECONSTRUCTED
2025-06-24,BANKBARODA,3.0603317330054094,RECONSTRUCTED
2025-06-24,CANBK,2.523807536033076,RECONSTRUCTED
2025-06-24,FEDERALBNK,3.380047968220233,RECONSTRUCTED
2025-06-24,HDFCBANK,28.538016771660047,RECONSTRUCTED
2025-06-24,ICICIBANK,25.1460730190782,RECONSTRUCTED
2025-06-24,IDFCFIRSTB,3.087893762366724,RECONSTRUCTED
2025-06-24,INDUSINDBK,3.828222250049576,RECONSTRUCTED
2025-06-24,KOTAKBANK,7.985308014665674,RECONSTRUCTED
2025-06-24,PNB,2.5465142216208023,RECONSTRUCTED
2025-06-24,SBIN,8.829075914953327,RECONSTRUCTED
2025-06-25,AUBANK,2.961920984846551,RECONSTRUCTED
2025-06-25,AXISBANK,8.173957603163018,RECONSTRUCTED
2025-06-25,BANKBARODA,3.053195019423882,RECONSTRUCTED
2025-06-25,CANBK,2.528764154499416,RECONSTRUCTED
2025-06-25,FEDERALBNK,3.3707372763737102,RECONSTRUCTED
2025-06-25,HDFCBANK,28.3409718897587,RECONSTRUCTED
2025-06-25,ICICIBANK,25.18817029827312,RECONSTRUCTED
2025-06-25,IDFCFIRSTB,3.093319386474328,RECONSTRUCTED
2025-06-25,INDUSINDBK,3.8491560119278496,RECONSTRUCTED
2025-06-25,KOTAKBANK,8.100390408094073,RECONSTRUCTED
2025-06-25,PNB,2.5364657677474445,RECONSTRUCTED
2025-06-25,SBIN,8.80295119941792,RECONSTRUCTED
2025-06-26,AUBANK,2.946156323919298,RECONSTRUCTED
2025-06-26,AXISBANK,8.122658732663592,RECONSTRUCTED
2025-06-26,BANKBARODA,3.0809381078057574,RECONSTRUCTED
2025-06-26,CANBK,2.546450294807456,RECONSTRUCTED
2025-06-26,FEDERALBNK,3.4115106507546,RECONSTRUCTED
2025-06-26,HDFCBANK,28.042865178953484,RECONSTRUCTED
2025-06-26,ICICIBANK,25.211638485681085,RECONSTRUCTED
2025-06-26,IDFCFIRSTB,3.133775763651842,RECONSTRUCTED
2025-06-26,INDUSINDBK,3.859379856521724,RECONSTRUCTED
2025-06-26,KOTAKBANK,8.16277475865097,RECONSTRUCTED
2025-06-26,PNB,2.555034902018196,RECONSTRUCTED
2025-06-26,SBIN,8.926816944571993,RECONSTRUCTED
2025-06-27,AUBANK,3.007288092326534,RECONSTRUCTED
2025-06-27,AXISBANK,8.239080164340178,RECONSTRUCTED
2025-06-27,BANKBARODA,3.078221047381124,RECONSTRUCTED
2025-06-27,CANBK,2.567438787341956,RECONSTRUCTED
2025-06-27,FEDERALBNK,3.4637249442934643,RECONSTRUCTED
2025-06-27,HDFCBANK,28.039376913619275,RECONSTRUCTED
2025-06-27,ICICIBANK,24.99759015595266,RECONSTRUCTED
2025-06-27,IDFCFIRSTB,3.136975555995533,RECONSTRUCTED
2025-06-27,INDUSINDBK,3.790121901764152,RECONSTRUCTED
2025-06-27,KOTAKBANK,8.208488569592829,RECONSTRUCTED
2025-06-27,PNB,2.5718284215714067,RECONSTRUCTED
2025-06-27,SBIN,8.899865445820877,RECONSTRUCTED
2025-06-30,AUBANK,2.97,OFFICIAL
2025-06-30,AXISBANK,8.4,OFFICIAL
2025-06-30,BANKBARODA,2.98,OFFICIAL
2025-06-30,CANBK,2.49,OFFICIAL
2025-06-30,FEDERALBNK,3.38,OFFICIAL
2025-06-30,HDFCBANK,28.17,OFFICIAL
2025-06-30,ICICIBANK,25.23,OFFICIAL
2025-06-30,IDFCFIRSTB,3.11,OFFICIAL
2025-06-30,INDUSINDBK,3.72,OFFICIAL
2025-06-30,KOTAKBANK,8.36,OFFICIAL
2025-06-30,PNB,2.47,OFFICIAL
2025-06-30,SBIN,8.72,OFFICIAL
2025-07-01,AUBANK,2.499720998375639,RECONSTRUCTED
2025-07-01,AXISBANK,7.149119625170957,RECONSTRUCTED
2025-07-01,BANKBARODA,2.8697135296615537,RECONSTRUCTED
2025-07-01,CANBK,2.2808088412824663,RECONSTRUCTED
2025-07-01,FEDERALBNK,3.114179760107361,RECONSTRUCTED
2025-07-01,HDFCBANK,29.91570056238107,RECONSTRUCTED
2025-07-01,ICICIBANK,28.005589430886964,RECONSTRUCTED
2025-07-01,IDFCFIRSTB,2.749417679066496,RECONSTRUCTED
2025-07-01,INDUSINDBK,3.2437024694244734,RECONSTRUCTED
2025-07-01,KOTAKBANK,7.264546650355953,RECONSTRUCTED
2025-07-01,PNB,2.2971495833978977,RECONSTRUCTED
2025-07-01,SBIN,8.610350869889176,RECONSTRUCTED
2025-07-02,AUBANK,2.540612875303885,RECONSTRUCTED
2025-07-02,AXISBANK,7.079791927288849,RECONSTRUCTED
2025-07-02,BANKBARODA,2.899318444648676,RECONSTRUCTED
2025-07-02,CANBK,2.28611136566734,RECONSTRUCTED
2025-07-02,FEDERALBNK,3.1029991485715938,RECONSTRUCTED
2025-07-02,HDFCBANK,30.066100795704177,RECONSTRUCTED
2025-07-02,ICICIBANK,27.863005546653724,RECONSTRUCTED
2025-07-02,IDFCFIRSTB,2.727043742431281,RECONSTRUCTED
2025-07-02,INDUSINDBK,3.298198631425669,RECONSTRUCTED
2025-07-02,KOTAKBANK,7.254536601509173,RECONSTRUCTED
2025-07-02,PNB,2.2631390347114526,RECONSTRUCTED
2025-07-02,SBIN,8.619141886084186,RECONSTRUCTED
2025-07-03,AUBANK,2.552076816006856,RECONSTRUCTED
2025-07-03,AXISBANK,7.081419238127161,RECONSTRUCTED
2025-07-03,BANKBARODA,2.8983262042057745,RECONSTRUCTED
2025-07-03,CANBK,2.279862151977589,RECONSTRUCTED
2025-07-03,FEDERALBNK,3.103452174211605,RECONSTRUCTED
2025-07-03,HDFCBANK,29.94895245151545,RECONSTRUCTED
2025-07-03,ICICIBANK,27.806817064671545,RECONSTRUCTED
2025-07-03,IDFCFIRSTB,2.703573413045922,RECONSTRUCTED
2025-07-03,INDUSINDBK,3.269061919355813,RECONSTRUCTED
2025-07-03,KOTAKBANK,7.374768774460756,RECONSTRUCTED
2025-07-03,PNB,2.3296433554065192,RECONSTRUCTED
2025-07-03,SBIN,8.652046437015013,RECONSTRUCTED
2025-07-04,AUBANK,2.536587599186546,RECONSTRUCTED
2025-07-04,AXISBANK,7.068220053375509,RECONSTRUCTED
2025-07-04,BANKBARODA,2.930088377902599,RECONSTRUCTED
2025-07-04,CANBK,2.2859936537749386,RECONSTRUCTED
2025-07-04,FEDERALBNK,3.1417020015824604,RECONSTRUCTED
2025-07-04,HDFCBANK,30.051464611388745,RECONSTRUCTED
2025-07-04,ICICIBANK,27.60570060222725,RECONSTRUCTED
2025-07-04,IDFCFIRSTB,2.7081594058786345,RECONSTRUCTED
2025-07-04,INDUSINDBK,3.307469966459606,RECONSTRUCTED
2025-07-04,KOTAKBANK,7.397074489142616,RECONSTRUCTED
2025-07-04,PNB,2.3271166342656926,RECONSTRUCTED
2025-07-04,SBIN,8.640422604815399,RECONSTRUCTED
2025-07-07,AUBANK,2.5500521674791643,RECONSTRUCTED
2025-07-07,AXISBANK,7.0717613054185,RECONSTRUCTED
2025-07-07,BANKBARODA,2.9215715170898533,RECONSTRUCTED
2025-07-07,CANBK,2.283481576675342,RECONSTRUCTED
2025-07-07,FEDERALBNK,3.1405412593131774,RECONSTRUCTED
2025-07-07,HDFCBANK,30.031375419914625,RECONSTRUCTED
2025-07-07,ICICIBANK,27.69719829530205,RECONSTRUCTED
2025-07-07,IDFCFIRSTB,2.709679029134783,RECONSTRUCTED
2025-07-07,INDUSINDBK,3.309058115007515,RECONSTRUCTED
2025-07-07,KOTAKBANK,7.316364601321681,RECONSTRUCTED
2025-07-07,PNB,2.2890605345305906,RECONSTRUCTED
2025-07-07,SBIN,8.679856178812713,RECONSTRUCTED
2025-07-08,AUBANK,2.544798872237686,RECONSTRUCTED
2025-07-08,AXISBANK,7.168393583574197,RECONSTRUCTED
2025-07-08,BANKBARODA,2.9533398993805684,RECONSTRUCTED
2025-07-08,CANBK,2.3070815767762647,RECONSTRUCTED
2025-07-08,FEDERALBNK,3.180098128633565,RECONSTRUCTED
2025-07-08,HDFCBANK,29.979270110955795,RECONSTRUCTED
2025-07-08,ICICIBANK,27.72226412464541,RECONSTRUCTED
2025-07-08,IDFCFIRSTB,2.718784685024385,RECONSTRUCTED
2025-07-08,INDUSINDBK,3.3428225600842536,RECONSTRUCTED
2025-07-08,KOTAKBANK,7.108131332010113,RECONSTRUCTED
2025-07-08,PNB,2.311458360372028,RECONSTRUCTED
2025-07-08,SBIN,8.663556766305746,RECONSTRUCTED
2025-07-09,AUBANK,2.524475283891228,RECONSTRUCTED
2025-07-09,AXISBANK,7.166624895696126,RECONSTRUCTED
2025-07-09,BANKBARODA,2.934071844297616,RECONSTRUCTED
2025-07-09,CANBK,2.300676629263484,RECONSTRUCTED
2025-07-09,FEDERALBNK,3.1716098581369376,RECONSTRUCTED
2025-07-09,HDFCBANK,29.807913219758948,RECONSTRUCTED
2025-07-09,ICICIBANK,27.89414586972583,RECONSTRUCTED
2025-07-09,IDFCFIRSTB,2.730861192845227,RECONSTRUCTED
2025-07-09,INDUSINDBK,3.3779286245655404,RECONSTRUCTED
2025-07-09,KOTAKBANK,7.086816394283077,RECONSTRUCTED
2025-07-09,PNB,2.330514119350537,RECONSTRUCTED
2025-07-09,SBIN,8.674362068185461,RECONSTRUCTED
2025-07-10,AUBANK,2.5057969522810977,RECONSTRUCTED
2025-07-10,AXISBANK,7.137156106437892,RECONSTRUCTED
2025-07-10,BANKBARODA,2.949010686155657,RECONSTRUCTED
2025-07-10,CANBK,2.3224252105321472,RECONSTRUCTED
2025-07-10,FEDERALBNK,3.201034532344458,RECONSTRUCTED
2025-07-10,HDFCBANK,29.74911119341507,RECONSTRUCTED
2025-07-10,ICICIBANK,27.92201145365512,RECONSTRUCTED
2025-07-10,IDFCFIRSTB,2.7477906510431747,RECONSTRUCTED
2025-07-10,INDUSINDBK,3.3151724032761454,RECONSTRUCTED
2025-07-10,KOTAKBANK,7.1368883219784855,RECONSTRUCTED
2025-07-10,PNB,2.3463456890571286,RECONSTRUCTED
2025-07-10,SBIN,8.667256799823639,RECONSTRUCTED
2025-07-11,AUBANK,2.5183071618912845,RECONSTRUCTED
2025-07-11,AXISBANK,7.052884240853269,RECONSTRUCTED
2025-07-11,BANKBARODA,2.9552911172353724,RECONSTRUCTED
2025-07-11,CANBK,2.3234454818405017,RECONSTRUCTED
2025-07-11,FEDERALBNK,3.244408468128832,RECONSTRUCTED
2025-07-11,HDFCBANK,29.9738802750484,RECONSTRUCTED
2025-07-11,ICICIBANK,27.8604998262722,RECONSTRUCTED
2025-07-11,IDFCFIRSTB,2.779348098770549,RECONSTRUCTED
2025-07-11,INDUSINDBK,3.279685415010548,RECONSTRUCTED
2025-07-11,KOTAKBANK,7.056372762388744,RECONSTRUCTED
2025-07-11,PNB,2.3280155838961347,RECONSTRUCTED
2025-07-11,SBIN,8.627861568664176,RECONSTRUCTED
2025-07-14,AUBANK,2.569495183733443,RECONSTRUCTED
2025-07-14,AXISBANK,7.062180724421732,RECONSTRUCTED
2025-07-14,BANKBARODA,2.913708835724261,RECONSTRUCTED
2025-07-14,CANBK,2.2885435777675487,RECONSTRUCTED
2025-07-14,FEDERALBNK,3.1964707714485625,RECONSTRUCTED
2025-07-14,HDFCBANK,29.99584511521336,RECONSTRUCTED
2025-07-14,ICICIBANK,27.849531543190647,RECONSTRUCTED
2025-07-14,IDFCFIRSTB,2.816342720965596,RECONSTRUCTED
2025-07-14,INDUSINDBK,3.247841510795893,RECONSTRUCTED
2025-07-14,KOTAKBANK,7.112864325939876,RECONSTRUCTED
2025-07-14,PNB,2.3181720314372765,RECONSTRUCTED
2025-07-14,SBIN,8.629003659361812,RECONSTRUCTED
2025-07-15,AUBANK,2.5649656430765706,RECONSTRUCTED
2025-07-15,AXISBANK,7.1357737955883165,RECONSTRUCTED
2025-07-15,BANKBARODA,2.886267952687469,RECONSTRUCTED
2025-07-15,CANBK,2.274966822418611,RECONSTRUCTED
2025-07-15,FEDERALBNK,3.194365502899907,RECONSTRUCTED
2025-07-15,HDFCBANK,29.943925648596707,RECONSTRUCTED
2025-07-15,ICICIBANK,27.82406165863885,RECONSTRUCTED
2025-07-15,IDFCFIRSTB,2.881172905834838,RECONSTRUCTED
2025-07-15,INDUSINDBK,3.213032402979424,RECONSTRUCTED
2025-07-15,KOTAKBANK,7.196580626365385,RECONSTRUCTED
2025-07-15,PNB,2.2972101826048283,RECONSTRUCTED
2025-07-15,SBIN,8.587676858309084,RECONSTRUCTED
2025-07-16,AUBANK,2.611275578008038,RECONSTRUCTED
2025-07-16,AXISBANK,7.138993214163987,RECONSTRUCTED
2025-07-16,BANKBARODA,2.838461011061335,RECONSTRUCTED
2025-07-16,CANBK,2.238775917456652,RECONSTRUCTED
2025-07-16,FEDERALBNK,3.157608132974807,RECONSTRUCTED
2025-07-16,HDFCBANK,30.00964224377344,RECONSTRUCTED
2025-07-16,ICICIBANK,27.982355357312976,RECONSTRUCTED
2025-07-16,IDFCFIRSTB,2.852281331648924,RECONSTRUCTED
2025-07-16,INDUSINDBK,3.2259517884268565,RECONSTRUCTED
2025-07-16,KOTAKBANK,7.24406870710714,RECONSTRUCTED
2025-07-16,PNB,2.2484849158232256,RECONSTRUCTED
2025-07-16,SBIN,8.4521018022426,RECONSTRUCTED
2025-07-17,AUBANK,2.5986151727676137,RECONSTRUCTED
2025-07-17,AXISBANK,7.149883379853808,RECONSTRUCTED
2025-07-17,BANKBARODA,2.85117043517351,RECONSTRUCTED
2025-07-17,CANBK,2.254584857583595,RECONSTRUCTED
2025-07-17,FEDERALBNK,3.1701569616816423,RECONSTRUCTED
2025-07-17,HDFCBANK,29.97534290193349,RECONSTRUCTED
2025-07-17,ICICIBANK,27.969748792067712,RECONSTRUCTED
2025-07-17,IDFCFIRSTB,2.850270513808399,RECONSTRUCTED
2025-07-17,INDUSINDBK,3.261402453502324,RECONSTRUCTED
2025-07-17,KOTAKBANK,7.230248676665306,RECONSTRUCTED
2025-07-17,PNB,2.258520118552553,RECONSTRUCTED
2025-07-17,SBIN,8.430055736410038,RECONSTRUCTED
2025-07-18,AUBANK,2.581719720225584,RECONSTRUCTED
2025-07-18,AXISBANK,7.475055056629569,RECONSTRUCTED
2025-07-18,BANKBARODA,2.8462442470662515,RECONSTRUCTED
2025-07-18,CANBK,2.2552471906822,RECONSTRUCTED
2025-07-18,FEDERALBNK,3.1432182134283218,RECONSTRUCTED
2025-07-18,HDFCBANK,30.151516002788338,RECONSTRUCTED
2025-07-18,ICICIBANK,27.57840220831323,RECONSTRUCTED
2025-07-18,IDFCFIRSTB,2.839526068125468,RECONSTRUCTED
2025-07-18,INDUSINDBK,3.213475908696759,RECONSTRUCTED
2025-07-18,KOTAKBANK,7.257815678635021,RECONSTRUCTED
2025-07-18,PNB,2.246751959073704,RECONSTRUCTED
2025-07-18,SBIN,8.411027746335566,RECONSTRUCTED
2025-07-21,AUBANK,2.760789795754715,RECONSTRUCTED
2025-07-21,AXISBANK,7.569112419509352,RECONSTRUCTED
2025-07-21,BANKBARODA,2.898479305411036,RECONSTRUCTED
2025-07-21,CANBK,2.333590320423018,RECONSTRUCTED
2025-07-21,FEDERALBNK,3.178999145130076,RECONSTRUCTED
2025-07-21,HDFCBANK,29.881279682288465,RECONSTRUCTED
2025-07-21,ICICIBANK,27.17077370562622,RECONSTRUCTED
2025-07-21,IDFCFIRSTB,2.841055975784508,RECONSTRUCTED
2025-07-21,INDUSINDBK,3.2974350864864235,RECONSTRUCTED
2025-07-21,KOTAKBANK,7.26728471729305,RECONSTRUCTED
2025-07-21,PNB,2.290800578532912,RECONSTRUCTED
2025-07-21,SBIN,8.51039926776022,RECONSTRUCTED
2025-07-22,AUBANK,2.8549023241827456,RECONSTRUCTED
2025-07-22,AXISBANK,7.55639946165694,RECONSTRUCTED
2025-07-22,BANKBARODA,2.93657615751712,RECONSTRUCTED
2025-07-22,CANBK,2.4119690462505496,RECONSTRUCTED
2025-07-22,FEDERALBNK,3.174711407354358,RECONSTRUCTED
2025-07-22,HDFCBANK,29.68973468223537,RECONSTRUCTED
2025-07-22,ICICIBANK,26.94230109687224,RECONSTRUCTED
2025-07-22,IDFCFIRSTB,2.8927567701182766,RECONSTRUCTED
2025-07-22,INDUSINDBK,3.347921422388377,RECONSTRUCTED
2025-07-22,KOTAKBANK,7.261290007731201,RECONSTRUCTED
2025-07-22,PNB,2.351927214907808,RECONSTRUCTED
2025-07-22,SBIN,8.57951040878498,RECONSTRUCTED
2025-07-23,AUBANK,2.835267254138341,RECONSTRUCTED
2025-07-23,AXISBANK,7.570760454873657,RECONSTRUCTED
2025-07-23,BANKBARODA,2.9166550250139247,RECONSTRUCTED
2025-07-23,CANBK,2.437158036143563,RECONSTRUCTED
2025-07-23,FEDERALBNK,3.1942775134940344,RECONSTRUCTED
2025-07-23,HDFCBANK,29.67606802746557,RECONSTRUCTED
2025-07-23,ICICIBANK,26.88699377477136,RECONSTRUCTED
2025-07-23,IDFCFIRSTB,2.905774636136863,RECONSTRUCTED
2025-07-23,INDUSINDBK,3.34353337561508,RECONSTRUCTED
2025-07-23,KOTAKBANK,7.285744161358869,RECONSTRUCTED
2025-07-23,PNB,2.358264177070011,RECONSTRUCTED
2025-07-23,SBIN,8.589503563918727,RECONSTRUCTED
2025-07-24,AUBANK,2.7952188454978035,RECONSTRUCTED
2025-07-24,AXISBANK,7.6188529128130815,RECONSTRUCTED
2025-07-24,BANKBARODA,2.864744673633412,RECONSTRUCTED
2025-07-24,CANBK,2.3088117770463565,RECONSTRUCTED
2025-07-24,FEDERALBNK,3.187993427083579,RECONSTRUCTED
2025-07-24,HDFCBANK,29.75081551687733,RECONSTRUCTED
2025-07-24,ICICIBANK,26.914242571773617,RECONSTRUCTED
2025-07-24,IDFCFIRSTB,2.8910032690956986,RECONSTRUCTED
2025-07-24,INDUSINDBK,3.34801457417264,RECONSTRUCTED
2025-07-24,KOTAKBANK,7.363667242296736,RECONSTRUCTED
2025-07-24,PNB,2.3364660638363683,RECONSTRUCTED
2025-07-24,SBIN,8.620169125873376,RECONSTRUCTED
2025-07-25,AUBANK,2.8170737211328096,RECONSTRUCTED
2025-07-25,AXISBANK,7.616901958853144,RECONSTRUCTED
2025-07-25,BANKBARODA,2.880259620842778,RECONSTRUCTED
2025-07-25,CANBK,2.346089073612142,RECONSTRUCTED
2025-07-25,FEDERALBNK,3.230234928886543,RECONSTRUCTED
2025-07-25,HDFCBANK,29.566443520370235,RECONSTRUCTED
2025-07-25,ICICIBANK,26.80003347660121,RECONSTRUCTED
2025-07-25,IDFCFIRSTB,2.9553021893307503,RECONSTRUCTED
2025-07-25,INDUSINDBK,3.4171787038436507,RECONSTRUCTED
2025-07-25,KOTAKBANK,7.361418011908818,RECONSTRUCTED
2025-07-25,PNB,2.364965444996881,RECONSTRUCTED
2025-07-25,SBIN,8.644099349621035,RECONSTRUCTED
2025-07-28,AUBANK,2.819356790367306,RECONSTRUCTED
2025-07-28,AXISBANK,7.648213484208146,RECONSTRUCTED
2025-07-28,BANKBARODA,2.8958076354046893,RECONSTRUCTED
2025-07-28,CANBK,2.336002789511354,RECONSTRUCTED
2025-07-28,FEDERALBNK,3.2394910435706747,RECONSTRUCTED
2025-07-28,HDFCBANK,29.289321166453007,RECONSTRUCTED
2025-07-28,ICICIBANK,26.398537085301623,RECONSTRUCTED
2025-07-28,IDFCFIRSTB,2.932468633458759,RECONSTRUCTED
2025-07-28,INDUSINDBK,3.4832903450101904,RECONSTRUCTED
2025-07-28,KOTAKBANK,7.893633830548095,RECONSTRUCTED
2025-07-28,PNB,2.382966271899818,RECONSTRUCTED
2025-07-28,SBIN,8.680910924266342,RECONSTRUCTED
2025-07-29,AUBANK,2.778167074418584,RECONSTRUCTED
2025-07-29,AXISBANK,7.734754103916415,RECONSTRUCTED
2025-07-29,BANKBARODA,2.879926018309806,RECONSTRUCTED
2025-07-29,CANBK,2.3485574653430383,RECONSTRUCTED
2025-07-29,FEDERALBNK,3.2599635551431354,RECONSTRUCTED
2025-07-29,HDFCBANK,29.17112655023753,RECONSTRUCTED
2025-07-29,ICICIBANK,26.50266756912194,RECONSTRUCTED
2025-07-29,IDFCFIRSTB,2.956826593088271,RECONSTRUCTED
2025-07-29,INDUSINDBK,3.465289684827483,RECONSTRUCTED
2025-07-29,KOTAKBANK,7.8885869929603905,RECONSTRUCTED
2025-07-29,PNB,2.334185334381588,RECONSTRUCTED
2025-07-29,SBIN,8.679949058251806,RECONSTRUCTED
2025-07-30,AUBANK,2.751138221514264,RECONSTRUCTED
2025-07-30,AXISBANK,7.659734662838604,RECONSTRUCTED
2025-07-30,BANKBARODA,2.90746478442083,RECONSTRUCTED
2025-07-30,CANBK,2.386639915825952,RECONSTRUCTED
2025-07-30,FEDERALBNK,3.2643819925507045,RECONSTRUCTED
2025-07-30,HDFCBANK,29.074814590707387,RECONSTRUCTED
2025-07-30,ICICIBANK,26.53789705662261,RECONSTRUCTED
2025-07-30,IDFCFIRSTB,2.9988240444691945,RECONSTRUCTED
2025-07-30,INDUSINDBK,3.488215200144276,RECONSTRUCTED
2025-07-30,KOTAKBANK,7.931143490154708,RECONSTRUCTED
2025-07-30,PNB,2.35697599109448,RECONSTRUCTED
2025-07-30,SBIN,8.642770049656995,RECONSTRUCTED
2025-07-31,AUBANK,2.76,OFFICIAL
2025-07-31,AXISBANK,7.67,OFFICIAL
2025-07-31,BANKBARODA,2.92,OFFICIAL
2025-07-31,CANBK,2.4,OFFICIAL
2025-07-31,FEDERALBNK,3.29,OFFICIAL
2025-07-31,HDFCBANK,29.09,OFFICIAL
2025-07-31,ICICIBANK,26.47,OFFICIAL
2025-07-31,IDFCFIRSTB,3.01,OFFICIAL
2025-07-31,INDUSINDBK,3.49,OFFICIAL
2025-07-31,KOTAKBANK,7.83,OFFICIAL
2025-07-31,PNB,2.41,OFFICIAL
2025-07-31,SBIN,8.67,OFFICIAL
2025-08-01,AUBANK,2.7943697034185653,RECONSTRUCTED
2025-08-01,AXISBANK,7.9522603596494195,RECONSTRUCTED
2025-08-01,BANKBARODA,3.050139294832409,RECONSTRUCTED
2025-08-01,CANBK,2.452764052103732,RECONSTRUCTED
2025-08-01,FEDERALBNK,3.304705351029108,RECONSTRUCTED
2025-08-01,HDFCBANK,27.970719816010885,RECONSTRUCTED
2025-08-01,ICICIBANK,25.77351741620134,RECONSTRUCTED
2025-08-01,IDFCFIRSTB,3.2341465540518595,RECONSTRUCTED
2025-08-01,INDUSINDBK,3.2869321007153287,RECONSTRUCTED
2025-08-01,KOTAKBANK,8.237653748190453,RECONSTRUCTED
2025-08-01,PNB,2.4254552880005344,RECONSTRUCTED
2025-08-01,SBIN,9.517336315796372,RECONSTRUCTED
2025-08-04,AUBANK,2.7533167452941854,RECONSTRUCTED
2025-08-04,AXISBANK,7.907705748700211,RECONSTRUCTED
2025-08-04,BANKBARODA,2.974345781058034,RECONSTRUCTED
2025-08-04,CANBK,2.4109070320332977,RECONSTRUCTED
2025-08-04,FEDERALBNK,3.298637602599071,RECONSTRUCTED
2025-08-04,HDFCBANK,28.260019560441467,RECONSTRUCTED
2025-08-04,ICICIBANK,25.926672574758925,RECONSTRUCTED
2025-08-04,IDFCFIRSTB,3.153143205306906,RECONSTRUCTED
2025-08-04,INDUSINDBK,3.204384112580368,RECONSTRUCTED
2025-08-04,KOTAKBANK,8.220325725361015,RECONSTRUCTED
2025-08-04,PNB,2.3916359697556064,RECONSTRUCTED
2025-08-04,SBIN,9.49890594211092,RECONSTRUCTED
2025-08-05,AUBANK,2.7760322219289253,RECONSTRUCTED
2025-08-05,AXISBANK,7.855025376744439,RECONSTRUCTED
2025-08-05,BANKBARODA,2.967011172167908,RECONSTRUCTED
2025-08-05,CANBK,2.4062525893678504,RECONSTRUCTED
2025-08-05,FEDERALBNK,3.290443078622621,RECONSTRUCTED
2025-08-05,HDFCBANK,28.33437660110744,RECONSTRUCTED
2025-08-05,ICICIBANK,26.142873196638345,RECONSTRUCTED
2025-08-05,IDFCFIRSTB,3.1385857903513568,RECONSTRUCTED
2025-08-05,INDUSINDBK,3.1307938892749023,RECONSTRUCTED
2025-08-05,KOTAKBANK,8.157863705853856,RECONSTRUCTED
2025-08-05,PNB,2.4035596216420605,RECONSTRUCTED
2025-08-05,SBIN,9.39718275630029,RECONSTRUCTED
2025-08-06,AUBANK,2.8069549408727634,RECONSTRUCTED
2025-08-06,AXISBANK,7.861379393091311,RECONSTRUCTED
2025-08-06,BANKBARODA,2.9564519810489447,RECONSTRUCTED
2025-08-06,CANBK,2.379639606759363,RECONSTRUCTED
2025-08-06,FEDERALBNK,3.271524782670692,RECONSTRUCTED
2025-08-06,HDFCBANK,28.252586493902264,RECONSTRUCTED
2025-08-06,ICICIBANK,26.18340652492635,RECONSTRUCTED
2025-08-06,IDFCFIRSTB,3.168677145241446,RECONSTRUCTED
2025-08-06,INDUSINDBK,3.1955483540898824,RECONSTRUCTED
2025-08-06,KOTAKBANK,8.168434112255287,RECONSTRUCTED
2025-08-06,PNB,2.402014006281368,RECONSTRUCTED
2025-08-06,SBIN,9.353382658860344,RECONSTRUCTED
2025-08-07,AUBANK,2.7819010732924743,RECONSTRUCTED
2025-08-07,AXISBANK,7.83846311425869,RECONSTRUCTED
2025-08-07,BANKBARODA,2.958474781847957,RECONSTRUCTED
2025-08-07,CANBK,2.3835653343011405,RECONSTRUCTED
2025-08-07,FEDERALBNK,3.2570327992702404,RECONSTRUCTED
2025-08-07,HDFCBANK,28.16372140757817,RECONSTRUCTED
2025-08-07,ICICIBANK,26.29394199157462,RECONSTRUCTED
2025-08-07,IDFCFIRSTB,3.15230912149719,RECONSTRUCTED
2025-08-07,INDUSINDBK,3.1858402458954744,RECONSTRUCTED
2025-08-07,KOTAKBANK,8.226482375339906,RECONSTRUCTED
2025-08-07,PNB,2.3868703751790483,RECONSTRUCTED
2025-08-07,SBIN,9.371397379965094,RECONSTRUCTED
2025-08-08,AUBANK,2.772116942867396,RECONSTRUCTED
2025-08-08,AXISBANK,7.899080898555039,RECONSTRUCTED
2025-08-08,BANKBARODA,2.965888609214705,RECONSTRUCTED
2025-08-08,CANBK,2.381519507708567,RECONSTRUCTED
2025-08-08,FEDERALBNK,3.2644908711353207,RECONSTRUCTED
2025-08-08,HDFCBANK,28.208124838485364,RECONSTRUCTED
2025-08-08,ICICIBANK,26.131469908636635,RECONSTRUCTED
2025-08-08,IDFCFIRSTB,3.12868344201866,RECONSTRUCTED
2025-08-08,INDUSINDBK,3.2569312017095084,RECONSTRUCTED
2025-08-08,KOTAKBANK,8.315132091471938,RECONSTRUCTED
2025-08-08,PNB,2.3817102178725804,RECONSTRUCTED
2025-08-08,SBIN,9.29485147032428,RECONSTRUCTED
2025-08-11,AUBANK,2.815729075560614,RECONSTRUCTED
2025-08-11,AXISBANK,7.858885688062517,RECONSTRUCTED
2025-08-11,BANKBARODA,2.93490971531346,RECONSTRUCTED
2025-08-11,CANBK,2.368532651698102,RECONSTRUCTED
2025-08-11,FEDERALBNK,3.288841381929222,RECONSTRUCTED
2025-08-11,HDFCBANK,28.15819103672512,RECONSTRUCTED
2025-08-11,ICICIBANK,26.35912930253949,RECONSTRUCTED
2025-08-11,IDFCFIRSTB,3.131650136703279,RECONSTRUCTED
2025-08-11,INDUSINDBK,3.2835502210169127,RECONSTRUCTED
2025-08-11,KOTAKBANK,8.293132164317113,RECONSTRUCTED
2025-08-11,PNB,2.345198322376336,RECONSTRUCTED
2025-08-11,SBIN,9.16225030375784,RECONSTRUCTED
2025-08-12,AUBANK,2.834129927771769,RECONSTRUCTED
2025-08-12,AXISBANK,7.832518695528047,RECONSTRUCTED
2025-08-12,BANKBARODA,2.926746181480453,RECONSTRUCTED
2025-08-12,CANBK,2.351824387293995,RECONSTRUCTED
2025-08-12,FEDERALBNK,3.2795673710366,RECONSTRUCTED
2025-08-12,HDFCBANK,28.342434126601884,RECONSTRUCTED
2025-08-12,ICICIBANK,26.25622174453715,RECONSTRUCTED
2025-08-12,IDFCFIRSTB,3.139481509318314,RECONSTRUCTED
2025-08-12,INDUSINDBK,3.2633049593814216,RECONSTRUCTED
2025-08-12,KOTAKBANK,8.310979646644288,RECONSTRUCTED
2025-08-12,PNB,2.32774014866632,RECONSTRUCTED
2025-08-12,SBIN,9.13505130173975,RECONSTRUCTED
2025-08-13,AUBANK,2.7905520437724345,RECONSTRUCTED
2025-08-13,AXISBANK,7.882002605358804,RECONSTRUCTED
2025-08-13,BANKBARODA,2.949637038643459,RECONSTRUCTED
2025-08-13,CANBK,2.369950024742501,RECONSTRUCTED
2025-08-13,FEDERALBNK,3.28442990133153,RECONSTRUCTED
2025-08-13,HDFCBANK,28.26564524434753,RECONSTRUCTED
2025-08-13,ICICIBANK,26.345559107548507,RECONSTRUCTED
2025-08-13,IDFCFIRSTB,3.1096809097405926,RECONSTRUCTED
2025-08-13,INDUSINDBK,3.31225265958608,RECONSTRUCTED
2025-08-13,KOTAKBANK,8.211912947123313,RECONSTRUCTED
2025-08-13,PNB,2.333908250030529,RECONSTRUCTED
2025-08-13,SBIN,9.14446926777472,RECONSTRUCTED
2025-08-14,AUBANK,2.7515777143217,RECONSTRUCTED
2025-08-14,AXISBANK,7.888330199123184,RECONSTRUCTED
2025-08-14,BANKBARODA,2.946399628352116,RECONSTRUCTED
2025-08-14,CANBK,2.3708739979804347,RECONSTRUCTED
2025-08-14,FEDERALBNK,3.2993998194825696,RECONSTRUCTED
2025-08-14,HDFCBANK,28.19295985084709,RECONSTRUCTED
2025-08-14,ICICIBANK,26.30079932205382,RECONSTRUCTED
2025-08-14,IDFCFIRSTB,3.169843730070898,RECONSTRUCTED
2025-08-14,INDUSINDBK,3.3377197041562896,RECONSTRUCTED
2025-08-14,KOTAKBANK,8.275015795758462,RECONSTRUCTED
2025-08-14,PNB,2.348530655858344,RECONSTRUCTED
2025-08-14,SBIN,9.118549581995094,RECONSTRUCTED
2025-08-18,AUBANK,2.731264338143238,RECONSTRUCTED
2025-08-18,AXISBANK,7.838652282721495,RECONSTRUCTED
2025-08-18,BANKBARODA,2.967313779520246,RECONSTRUCTED
2025-08-18,CANBK,2.385956112114493,RECONSTRUCTED
2025-08-18,FEDERALBNK,3.324007792096905,RECONSTRUCTED
2025-08-18,HDFCBANK,28.21594124001657,RECONSTRUCTED
2025-08-18,ICICIBANK,26.35270702074769,RECONSTRUCTED
2025-08-18,IDFCFIRSTB,3.1407364937947726,RECONSTRUCTED
2025-08-18,INDUSINDBK,3.280855250589924,RECONSTRUCTED
2025-08-18,KOTAKBANK,8.237149944253453,RECONSTRUCTED
2025-08-18,PNB,2.3543464681512,RECONSTRUCTED
2025-08-18,SBIN,9.171069277850028,RECONSTRUCTED
2025-08-19,AUBANK,2.7487931726706454,RECONSTRUCTED
2025-08-19,AXISBANK,7.853012225631202,RECONSTRUCTED
2025-08-19,BANKBARODA,2.9228674188879857,RECONSTRUCTED
2025-08-19,CANBK,2.34174978368202,RECONSTRUCTED
2025-08-19,FEDERALBNK,3.260989901153481,RECONSTRUCTED
2025-08-19,HDFCBANK,28.46085726385675,RECONSTRUCTED
2025-08-19,ICICIBANK,26.38434887376995,RECONSTRUCTED
2025-08-19,IDFCFIRSTB,3.086850270298122,RECONSTRUCTED
2025-08-19,INDUSINDBK,3.301875284935632,RECONSTRUCTED
2025-08-19,KOTAKBANK,8.140886418278942,RECONSTRUCTED
2025-08-19,PNB,2.335251341196684,RECONSTRUCTED
2025-08-19,SBIN,9.162518045638594,RECONSTRUCTED
2025-08-20,AUBANK,2.738202472749107,RECONSTRUCTED
2025-08-20,AXISBANK,7.851204339277185,RECONSTRUCTED
2025-08-20,BANKBARODA,2.939924488361698,RECONSTRUCTED
2025-08-20,CANBK,2.32204227241193,RECONSTRUCTED
2025-08-20,FEDERALBNK,3.256744870293974,RECONSTRUCTED
2025-08-20,HDFCBANK,28.41688727740857,RECONSTRUCTED
2025-08-20,ICICIBANK,26.410027359536983,RECONSTRUCTED
2025-08-20,IDFCFIRSTB,3.0793199634991377,RECONSTRUCTED
2025-08-20,INDUSINDBK,3.322853292347066,RECONSTRUCTED
2025-08-20,KOTAKBANK,8.166356614557104,RECONSTRUCTED
2025-08-20,PNB,2.34541980105058,RECONSTRUCTED
2025-08-20,SBIN,9.15101724850666,RECONSTRUCTED
2025-08-21,AUBANK,2.7665297289716806,RECONSTRUCTED
2025-08-21,AXISBANK,7.869275199587163,RECONSTRUCTED
2025-08-21,BANKBARODA,2.961527675296684,RECONSTRUCTED
2025-08-21,CANBK,2.3499100194388745,RECONSTRUCTED
2025-08-21,FEDERALBNK,3.264890100754091,RECONSTRUCTED
2025-08-21,HDFCBANK,28.405156505368968,RECONSTRUCTED
2025-08-21,ICICIBANK,26.15738205620778,RECONSTRUCTED
2025-08-21,IDFCFIRSTB,3.134159415440444,RECONSTRUCTED
2025-08-21,INDUSINDBK,3.373088911635716,RECONSTRUCTED
2025-08-21,KOTAKBANK,8.174086871049461,RECONSTRUCTED
2025-08-21,PNB,2.3468934638455154,RECONSTRUCTED
2025-08-21,SBIN,9.197100052403616,RECONSTRUCTED
2025-08-22,AUBANK,2.774474230890561,RECONSTRUCTED
2025-08-22,AXISBANK,7.843542180350749,RECONSTRUCTED
2025-08-22,BANKBARODA,2.968130458640995,RECONSTRUCTED
2025-08-22,CANBK,2.3489672855808683,RECONSTRUCTED
2025-08-22,FEDERALBNK,3.261176877180721,RECONSTRUCTED
2025-08-22,HDFCBANK,28.48283015130977,RECONSTRUCTED
2025-08-22,ICICIBANK,26.05147684660178,RECONSTRUCTED
2025-08-22,IDFCFIRSTB,3.1185468570156094,RECONSTRUCTED
2025-08-22,INDUSINDBK,3.369398374066824,RECONSTRUCTED
2025-08-22,KOTAKBANK,8.213951012779408,RECONSTRUCTED
2025-08-22,PNB,2.363111229211268,RECONSTRUCTED
2025-08-22,SBIN,9.204394496371457,RECONSTRUCTED
2025-08-25,AUBANK,2.746002962536084,RECONSTRUCTED
2025-08-25,AXISBANK,7.848634031624413,RECONSTRUCTED
2025-08-25,BANKBARODA,2.957098099348666,RECONSTRUCTED
2025-08-25,CANBK,2.372472508384142,RECONSTRUCTED
2025-08-25,FEDERALBNK,3.282788948170935,RECONSTRUCTED
2025-08-25,HDFCBANK,28.484616850634747,RECONSTRUCTED
2025-08-25,ICICIBANK,26.10463835510146,RECONSTRUCTED
2025-08-25,IDFCFIRSTB,3.0913299631281173,RECONSTRUCTED
2025-08-25,INDUSINDBK,3.3217728553818606,RECONSTRUCTED
2025-08-25,KOTAKBANK,8.226040597539633,RECONSTRUCTED
2025-08-25,PNB,2.3642299073331148,RECONSTRUCTED
2025-08-25,SBIN,9.200374920816827,RECONSTRUCTED
2025-08-26,AUBANK,2.727538210535436,RECONSTRUCTED
2025-08-26,AXISBANK,7.89749660003371,RECONSTRUCTED
2025-08-26,BANKBARODA,2.993936944023187,RECONSTRUCTED
2025-08-26,CANBK,2.404946108429706,RECONSTRUCTED
2025-08-26,FEDERALBNK,3.2847444945603668,RECONSTRUCTED
2025-08-26,HDFCBANK,28.37885555099741,RECONSTRUCTED
2025-08-26,ICICIBANK,26.080714678761023,RECONSTRUCTED
2025-08-26,IDFCFIRSTB,3.120207408351684,RECONSTRUCTED
2025-08-26,INDUSINDBK,3.3429548635668724,RECONSTRUCTED
2025-08-26,KOTAKBANK,8.19604362296302,RECONSTRUCTED
2025-08-26,PNB,2.3903633610532795,RECONSTRUCTED
2025-08-26,SBIN,9.18219815672431,RECONSTRUCTED
2025-08-28,AUBANK,2.7552425283892603,RECONSTRUCTED
2025-08-28,AXISBANK,7.7930792749698785,RECONSTRUCTED
2025-08-28,BANKBARODA,2.983524145366565,RECONSTRUCTED
2025-08-28,CANBK,2.408570628650206,RECONSTRUCTED
2025-08-28,FEDERALBNK,3.2587235517074484,RECONSTRUCTED
2025-08-28,HDFCBANK,28.50853167387853,RECONSTRUCTED
2025-08-28,ICICIBANK,26.102458795491646,RECONSTRUCTED
2025-08-28,IDFCFIRSTB,3.1164104764468417,RECONSTRUCTED
2025-08-28,INDUSINDBK,3.3477847724433323,RECONSTRUCTED
2025-08-28,KOTAKBANK,8.18902761847804,RECONSTRUCTED
2025-08-28,PNB,2.393545306310455,RECONSTRUCTED
2025-08-28,SBIN,9.14310122786778,RECONSTRUCTED
2025-08-29,AUBANK,2.79,OFFICIAL
2025-08-29,AXISBANK,7.82,OFFICIAL
2025-08-29,BANKBARODA,2.98,OFFICIAL
2025-08-29,CANBK,2.42,OFFICIAL
2025-08-29,FEDERALBNK,3.25,OFFICIAL
2025-08-29,HDFCBANK,28.61,OFFICIAL
2025-08-29,ICICIBANK,26.05,OFFICIAL
2025-08-29,IDFCFIRSTB,3.11,OFFICIAL
2025-08-29,INDUSINDBK,3.37,OFFICIAL
2025-08-29,KOTAKBANK,8.1,OFFICIAL
2025-08-29,PNB,2.4,OFFICIAL
2025-08-29,SBIN,9.11,OFFICIAL
2025-09-01,AUBANK,2.668934845454789,RECONSTRUCTED
2025-09-01,AXISBANK,9.230082948352845,RECONSTRUCTED
2025-09-01,BANKBARODA,3.3715762073106865,RECONSTRUCTED
2025-09-01,CANBK,3.144447251392214,RECONSTRUCTED
2025-09-01,FEDERALBNK,3.027109651549865,RECONSTRUCTED
2025-09-01,HDFCBANK,28.106926940697964,RECONSTRUCTED
2025-09-01,ICICIBANK,22.96861327753003,RECONSTRUCTED
2025-09-01,IDFCFIRSTB,2.984054884676397,RECONSTRUCTED
2025-09-01,INDUSINDBK,3.0253217310562848,RECONSTRUCTED
2025-09-01,KOTAKBANK,8.943976386052254,RECONSTRUCTED
2025-09-01,PNB,2.74113304930521,RECONSTRUCTED
2025-09-01,SBIN,9.787822826621454,RECONSTRUCTED
2025-09-02,AUBANK,2.7024642868824977,RECONSTRUCTED
2025-09-02,AXISBANK,9.220453072507237,RECONSTRUCTED
2025-09-02,BANKBARODA,3.319381841352252,RECONSTRUCTED
2025-09-02,CANBK,3.0954523623129617,RECONSTRUCTED
2025-09-02,FEDERALBNK,3.009163808258319,RECONSTRUCTED
2025-09-02,HDFCBANK,28.11783997607815,RECONSTRUCTED
2025-09-02,ICICIBANK,23.105187050051484,RECONSTRUCTED
2025-09-02,IDFCFIRSTB,2.942582004603229,RECONSTRUCTED
2025-09-02,INDUSINDBK,3.01368037956068,RECONSTRUCTED
2025-09-02,KOTAKBANK,9.00948301833744,RECONSTRUCTED
2025-09-02,PNB,2.70950247908302,RECONSTRUCTED
2025-09-02,SBIN,9.754809720972723,RECONSTRUCTED
2025-09-03,AUBANK,2.701581422116296,RECONSTRUCTED
2025-09-03,AXISBANK,9.304180221643932,RECONSTRUCTED
2025-09-03,BANKBARODA,3.3202164393557063,RECONSTRUCTED
2025-09-03,CANBK,3.056644719739011,RECONSTRUCTED
2025-09-03,FEDERALBNK,3.0373549184399864,RECONSTRUCTED
2025-09-03,HDFCBANK,28.037507835457586,RECONSTRUCTED
2025-09-03,ICICIBANK,23.23522148517268,RECONSTRUCTED
2025-09-03,IDFCFIRSTB,2.918880804216211,RECONSTRUCTED
2025-09-03,INDUSINDBK,2.9699127878626057,RECONSTRUCTED
2025-09-03,KOTAKBANK,8.996408530943931,RECONSTRUCTED
2025-09-03,PNB,2.6925293131854846,RECONSTRUCTED
2025-09-03,SBIN,9.729561521866568,RECONSTRUCTED
2025-09-04,AUBANK,2.7691568562951696,RECONSTRUCTED
2025-09-04,AXISBANK,9.338545664421533,RECONSTRUCTED
2025-09-04,BANKBARODA,3.382451118037664,RECONSTRUCTED
2025-09-04,CANBK,3.1202338452677307,RECONSTRUCTED
2025-09-04,FEDERALBNK,3.089385188440588,RECONSTRUCTED
2025-09-04,HDFCBANK,27.8280755801378,RECONSTRUCTED
2025-09-04,ICICIBANK,23.08550029540268,RECONSTRUCTED
2025-09-04,IDFCFIRSTB,2.8514701151767303,RECONSTRUCTED
2025-09-04,INDUSINDBK,3.020840022896828,RECONSTRUCTED
2025-09-04,KOTAKBANK,9.041254861078096,RECONSTRUCTED
2025-09-04,PNB,2.714358038421734,RECONSTRUCTED
2025-09-04,SBIN,9.758728414423448,RECONSTRUCTED
2025-09-05,AUBANK,2.779230830228084,RECONSTRUCTED
2025-09-05,AXISBANK,9.297585821688983,RECONSTRUCTED
2025-09-05,BANKBARODA,3.380624239553031,RECONSTRUCTED
2025-09-05,CANBK,3.0919182844631927,RECONSTRUCTED
2025-09-05,FEDERALBNK,3.08187789596234,RECONSTRUCTED
2025-09-05,HDFCBANK,27.788933652624515,RECONSTRUCTED
2025-09-05,ICICIBANK,23.149060852910548,RECONSTRUCTED
2025-09-05,IDFCFIRSTB,2.839284144591957,RECONSTRUCTED
2025-09-05,INDUSINDBK,3.0145522576936603,RECONSTRUCTED
2025-09-05,KOTAKBANK,9.068266121970188,RECONSTRUCTED
2025-09-05,PNB,2.70796215730163,RECONSTRUCTED
2025-09-05,SBIN,9.800703741011851,RECONSTRUCTED
2025-09-08,AUBANK,2.7616676678186,RECONSTRUCTED
2025-09-08,AXISBANK,9.314880041655064,RECONSTRUCTED
2025-09-08,BANKBARODA,3.380146359951833,RECONSTRUCTED
2025-09-08,CANBK,3.0687134519215125,RECONSTRUCTED
2025-09-08,FEDERALBNK,3.0848220222214304,RECONSTRUCTED
2025-09-08,HDFCBANK,27.755172970188408,RECONSTRUCTED
2025-09-08,ICICIBANK,23.18498897076443,RECONSTRUCTED
2025-09-08,IDFCFIRSTB,2.8564718754356035,RECONSTRUCTED
2025-09-08,INDUSINDBK,3.0443498677131484,RECONSTRUCTED
2025-09-08,KOTAKBANK,9.0602704625013,RECONSTRUCTED
2025-09-08,PNB,2.700000311327076,RECONSTRUCTED
2025-09-08,SBIN,9.788515998501572,RECONSTRUCTED
2025-09-09,AUBANK,2.772051537211528,RECONSTRUCTED
2025-09-09,AXISBANK,9.348401346429483,RECONSTRUCTED
2025-09-09,BANKBARODA,3.383867097827236,RECONSTRUCTED
2025-09-09,CANBK,3.0721166937413167,RECONSTRUCTED
2025-09-09,FEDERALBNK,3.0699770147980354,RECONSTRUCTED
2025-09-09,HDFCBANK,27.79241637343956,RECONSTRUCTED
2025-09-09,ICICIBANK,23.17914919925127,RECONSTRUCTED
2025-09-09,IDFCFIRSTB,2.8088174883442463,RECONSTRUCTED
2025-09-09,INDUSINDBK,3.0645298544472444,RECONSTRUCTED
2025-09-09,KOTAKBANK,9.016821169780384,RECONSTRUCTED
2025-09-09,PNB,2.699431188088267,RECONSTRUCTED
2025-09-09,SBIN,9.792421036641429,RECONSTRUCTED
2025-09-10,AUBANK,2.7261716322853577,RECONSTRUCTED
2025-09-10,AXISBANK,9.251808004614984,RECONSTRUCTED
2025-09-10,BANKBARODA,3.3555040262718867,RECONSTRUCTED
2025-09-10,CANBK,3.019433278671143,RECONSTRUCTED
2025-09-10,FEDERALBNK,3.019817335830393,RECONSTRUCTED
2025-09-10,HDFCBANK,27.95144717158785,RECONSTRUCTED
2025-09-10,ICICIBANK,23.32657330487661,RECONSTRUCTED
2025-09-10,IDFCFIRSTB,2.85975423918522,RECONSTRUCTED
2025-09-10,INDUSINDBK,3.063521019631472,RECONSTRUCTED
2025-09-10,KOTAKBANK,9.01613345338147,RECONSTRUCTED
2025-09-10,PNB,2.6663602289765653,RECONSTRUCTED
2025-09-10,SBIN,9.743476304687032,RECONSTRUCTED
2025-09-11,AUBANK,2.744788261058221,RECONSTRUCTED
2025-09-11,AXISBANK,9.130189433603094,RECONSTRUCTED
2025-09-11,BANKBARODA,3.3612573236453724,RECONSTRUCTED
2025-09-11,CANBK,2.9892787659486943,RECONSTRUCTED
2025-09-11,FEDERALBNK,3.0195220447880176,RECONSTRUCTED
2025-09-11,HDFCBANK,27.974932629784448,RECONSTRUCTED
2025-09-11,ICICIBANK,23.430480725269696,RECONSTRUCTED
2025-09-11,IDFCFIRSTB,2.8776840560053576,RECONSTRUCTED
2025-09-11,INDUSINDBK,3.0830013880991727,RECONSTRUCTED
2025-09-11,KOTAKBANK,9.046043416027194,RECONSTRUCTED
2025-09-11,PNB,2.636630117583631,RECONSTRUCTED
2025-09-11,SBIN,9.706191838187085,RECONSTRUCTED
2025-09-12,AUBANK,2.7682501245565003,RECONSTRUCTED
2025-09-12,AXISBANK,9.004315771944718,RECONSTRUCTED
2025-09-12,BANKBARODA,3.3806941683821377,RECONSTRUCTED
2025-09-12,CANBK,3.026572815120632,RECONSTRUCTED
2025-09-12,FEDERALBNK,3.062577085490285,RECONSTRUCTED
2025-09-12,HDFCBANK,28.05790490980406,RECONSTRUCTED
2025-09-12,ICICIBANK,23.221097941386564,RECONSTRUCTED
2025-09-12,IDFCFIRSTB,2.9007457388378146,RECONSTRUCTED
2025-09-12,INDUSINDBK,3.124353974627235,RECONSTRUCTED
2025-09-12,KOTAKBANK,9.068186582408476,RECONSTRUCTED
2025-09-12,PNB,2.654168040600468,RECONSTRUCTED
2025-09-12,SBIN,9.731132846841106,RECONSTRUCTED
2025-09-15,AUBANK,2.7461818896788928,RECONSTRUCTED
2025-09-15,AXISBANK,9.0252077266987,RECONSTRUCTED
2025-09-15,BANKBARODA,3.3635423177295336,RECONSTRUCTED
2025-09-15,CANBK,2.9893665218174843,RECONSTRUCTED
2025-09-15,FEDERALBNK,3.037335077154586,RECONSTRUCTED
2025-09-15,HDFCBANK,28.10737181925887,RECONSTRUCTED
2025-09-15,ICICIBANK,23.228168798077625,RECONSTRUCTED
2025-09-15,IDFCFIRSTB,2.9221447672849776,RECONSTRUCTED
2025-09-15,INDUSINDBK,3.131590538866244,RECONSTRUCTED
2025-09-15,KOTAKBANK,9.088737835817405,RECONSTRUCTED
2025-09-15,PNB,2.628763639875069,RECONSTRUCTED
2025-09-15,SBIN,9.73158906774063,RECONSTRUCTED
2025-09-16,AUBANK,2.768886759865069,RECONSTRUCTED
2025-09-16,AXISBANK,8.935833617120279,RECONSTRUCTED
2025-09-16,BANKBARODA,3.3593916880308514,RECONSTRUCTED
2025-09-16,CANBK,2.9856802156940243,RECONSTRUCTED
2025-09-16,FEDERALBNK,3.0508270765223915,RECONSTRUCTED
2025-09-16,HDFCBANK,28.25820591410936,RECONSTRUCTED
2025-09-16,ICICIBANK,23.311859637444943,RECONSTRUCTED
2025-09-16,IDFCFIRSTB,2.940092386787849,RECONSTRUCTED
2025-09-16,INDUSINDBK,3.13777884651924,RECONSTRUCTED
2025-09-16,KOTAKBANK,8.905615946716267,RECONSTRUCTED
2025-09-16,PNB,2.644029722834009,RECONSTRUCTED
2025-09-16,SBIN,9.70179818835572,RECONSTRUCTED
2025-09-17,AUBANK,2.797026358019436,RECONSTRUCTED
2025-09-17,AXISBANK,8.957203107681817,RECONSTRUCTED
2025-09-17,BANKBARODA,3.308811192646212,RECONSTRUCTED
2025-09-17,CANBK,2.92755146455815,RECONSTRUCTED
2025-09-17,FEDERALBNK,3.031700313766517,RECONSTRUCTED
2025-09-17,HDFCBANK,28.45735350498923,RECONSTRUCTED
2025-09-17,ICICIBANK,23.507335106212416,RECONSTRUCTED
2025-09-17,IDFCFIRSTB,2.9477931138240003,RECONSTRUCTED
2025-09-17,INDUSINDBK,3.1724252512461653,RECONSTRUCTED
2025-09-17,KOTAKBANK,8.840074848075103,RECONSTRUCTED
2025-09-17,PNB,2.5777859668820646,RECONSTRUCTED
2025-09-17,SBIN,9.474939772098868,RECONSTRUCTED
2025-09-18,AUBANK,2.766474542848212,RECONSTRUCTED
2025-09-18,AXISBANK,8.940037534634774,RECONSTRUCTED
2025-09-18,BANKBARODA,3.282155303517046,RECONSTRUCTED
2025-09-18,CANBK,2.961504832625347,RECONSTRUCTED
2025-09-18,FEDERALBNK,3.0529868902933748,RECONSTRUCTED
2025-09-18,HDFCBANK,28.275131800758743,RECONSTRUCTED
2025-09-18,ICICIBANK,23.56662919117373,RECONSTRUCTED
2025-09-18,IDFCFIRSTB,2.9559079963437767,RECONSTRUCTED
2025-09-18,INDUSINDBK,3.2016250379708246,RECONSTRUCTED
2025-09-18,KOTAKBANK,8.859403227298062,RECONSTRUCTED
2025-09-18,PNB,2.591385974896656,RECONSTRUCTED
2025-09-18,SBIN,9.546757667639438,RECONSTRUCTED
2025-09-19,AUBANK,2.757441650318148,RECONSTRUCTED
2025-09-19,AXISBANK,8.876363640772174,RECONSTRUCTED
2025-09-19,BANKBARODA,3.2265531367979947,RECONSTRUCTED
2025-09-19,CANBK,2.889109762259094,RECONSTRUCTED
2025-09-19,FEDERALBNK,3.046832136734546,RECONSTRUCTED
2025-09-19,HDFCBANK,28.436697924974823,RECONSTRUCTED
2025-09-19,ICICIBANK,23.78490417975357,RECONSTRUCTED
2025-09-19,IDFCFIRSTB,2.95056871874543,RECONSTRUCTED
2025-09-19,INDUSINDBK,3.148641397913724,RECONSTRUCTED
2025-09-19,KOTAKBANK,8.92129238305768,RECONSTRUCTED
2025-09-19,PNB,2.5467302621707177,RECONSTRUCTED
2025-09-19,SBIN,9.414864806502091,RECONSTRUCTED
2025-09-22,AUBANK,2.79821031023818,RECONSTRUCTED
2025-09-22,AXISBANK,8.783329352559939,RECONSTRUCTED
2025-09-22,BANKBARODA,3.228666181290301,RECONSTRUCTED
2025-09-22,CANBK,2.8533261409235235,RECONSTRUCTED
2025-09-22,FEDERALBNK,3.0829425303813967,RECONSTRUCTED
2025-09-22,HDFCBANK,28.42859603115017,RECONSTRUCTED
2025-09-22,ICICIBANK,23.723571181125912,RECONSTRUCTED
2025-09-22,IDFCFIRSTB,2.975916696388419,RECONSTRUCTED
2025-09-22,INDUSINDBK,3.1821298404385265,RECONSTRUCTED
2025-09-22,KOTAKBANK,8.934758528799405,RECONSTRUCTED
2025-09-22,PNB,2.5447348226017525,RECONSTRUCTED
2025-09-22,SBIN,9.463818384102463,RECONSTRUCTED
2025-09-23,AUBANK,2.7118333285621463,RECONSTRUCTED
2025-09-23,AXISBANK,8.62193698407072,RECONSTRUCTED
2025-09-23,BANKBARODA,3.215692083964286,RECONSTRUCTED
2025-09-23,CANBK,2.794283965649795,RECONSTRUCTED
2025-09-23,FEDERALBNK,3.094044566919672,RECONSTRUCTED
2025-09-23,HDFCBANK,28.75877811699878,RECONSTRUCTED
2025-09-23,ICICIBANK,23.94790400284752,RECONSTRUCTED
2025-09-23,IDFCFIRSTB,3.0060023122569604,RECONSTRUCTED
2025-09-23,INDUSINDBK,3.1070716000610004,RECONSTRUCTED
2025-09-23,KOTAKBANK,8.858981170061794,RECONSTRUCTED
2025-09-23,PNB,2.546814710482698,RECONSTRUCTED
2025-09-23,SBIN,9.33665715812463,RECONSTRUCTED
2025-09-24,AUBANK,2.6764752794010365,RECONSTRUCTED
2025-09-24,AXISBANK,8.649775004757918,RECONSTRUCTED
2025-09-24,BANKBARODA,3.178973667754887,RECONSTRUCTED
2025-09-24,CANBK,2.75201141803048,RECONSTRUCTED
2025-09-24,FEDERALBNK,3.097086441756188,RECONSTRUCTED
2025-09-24,HDFCBANK,28.743057668598304,RECONSTRUCTED
2025-09-24,ICICIBANK,23.980543485368603,RECONSTRUCTED
2025-09-24,IDFCFIRSTB,3.005087465911444,RECONSTRUCTED
2025-09-24,INDUSINDBK,3.145817632332569,RECONSTRUCTED
2025-09-24,KOTAKBANK,8.868276293131675,RECONSTRUCTED
2025-09-24,PNB,2.5842014608234027,RECONSTRUCTED
2025-09-24,SBIN,9.318694182133497,RECONSTRUCTED
2025-09-25,AUBANK,2.6497749234432164,RECONSTRUCTED
2025-09-25,AXISBANK,8.569943320057968,RECONSTRUCTED
2025-09-25,BANKBARODA,3.1899986544413728,RECONSTRUCTED
2025-09-25,CANBK,2.7779524463546945,RECONSTRUCTED
2025-09-25,FEDERALBNK,3.092884242918098,RECONSTRUCTED
2025-09-25,HDFCBANK,28.70320758295872,RECONSTRUCTED
2025-09-25,ICICIBANK,24.03702652540587,RECONSTRUCTED
2025-09-25,IDFCFIRSTB,3.001849072777444,RECONSTRUCTED
2025-09-25,INDUSINDBK,3.137492195947263,RECONSTRUCTED
2025-09-25,KOTAKBANK,8.922997277623237,RECONSTRUCTED
2025-09-25,PNB,2.5683392032897165,RECONSTRUCTED
2025-09-25,SBIN,9.3485345547824,RECONSTRUCTED
2025-09-26,AUBANK,2.61589848175437,RECONSTRUCTED
2025-09-26,AXISBANK,8.571206611091457,RECONSTRUCTED
2025-09-26,BANKBARODA,3.2115214097911378,RECONSTRUCTED
2025-09-26,CANBK,2.8265593091424543,RECONSTRUCTED
2025-09-26,FEDERALBNK,3.084017944774902,RECONSTRUCTED
2025-09-26,HDFCBANK,28.54161444538957,RECONSTRUCTED
2025-09-26,ICICIBANK,24.0642768063159,RECONSTRUCTED
2025-09-26,IDFCFIRSTB,3.0278855717490893,RECONSTRUCTED
2025-09-26,INDUSINDBK,3.2260044642411785,RECONSTRUCTED
2025-09-26,KOTAKBANK,8.910682009558379,RECONSTRUCTED
2025-09-26,PNB,2.626074171189277,RECONSTRUCTED
2025-09-26,SBIN,9.294258775002294,RECONSTRUCTED
2025-09-29,AUBANK,2.636326332741831,RECONSTRUCTED
2025-09-29,AXISBANK,8.747601113708088,RECONSTRUCTED
2025-09-29,BANKBARODA,3.145556461430657,RECONSTRUCTED
2025-09-29,CANBK,2.7738552432849173,RECONSTRUCTED
2025-09-29,FEDERALBNK,3.116295854898264,RECONSTRUCTED
2025-09-29,HDFCBANK,28.420839848962075,RECONSTRUCTED
2025-09-29,ICICIBANK,24.30111196914045,RECONSTRUCTED
2025-09-29,IDFCFIRSTB,2.9921252216641165,RECONSTRUCTED
2025-09-29,INDUSINDBK,3.182643291610423,RECONSTRUCTED
2025-09-29,KOTAKBANK,8.936603222948374,RECONSTRUCTED
2025-09-29,PNB,2.5881890774285305,RECONSTRUCTED
2025-09-29,SBIN,9.158852362182271,RECONSTRUCTED
2025-09-30,AUBANK,2.67,OFFICIAL
2025-09-30,AXISBANK,8.78,OFFICIAL
2025-09-30,BANKBARODA,3.1,OFFICIAL
2025-09-30,CANBK,2.71,OFFICIAL
2025-09-30,FEDERALBNK,3.08,OFFICIAL
2025-09-30,HDFCBANK,28.49,OFFICIAL
2025-09-30,ICICIBANK,24.38,OFFICIAL
2025-09-30,IDFCFIRSTB,2.99,OFFICIAL
2025-09-30,INDUSINDBK,3.14,OFFICIAL
2025-09-30,KOTAKBANK,8.96,OFFICIAL
2025-09-30,PNB,2.52,OFFICIAL
2025-09-30,SBIN,9.17,OFFICIAL
2025-10-01,AUBANK,3.5044628237574207,RECONSTRUCTED
2025-10-01,AXISBANK,9.185384620992275,RECONSTRUCTED
2025-10-01,BANKBARODA,3.224794045543379,RECONSTRUCTED
2025-10-01,CANBK,2.9903492832107994,RECONSTRUCTED
2025-10-01,FEDERALBNK,4.161636010303397,RECONSTRUCTED
2025-10-01,HDFCBANK,27.31043855157744,RECONSTRUCTED
2025-10-01,ICICIBANK,21.53815861006005,RECONSTRUCTED
2025-10-01,IDFCFIRSTB,3.75477584912978,RECONSTRUCTED
2025-10-01,INDUSINDBK,3.277277800364812,RECONSTRUCTED
2025-10-01,KOTAKBANK,8.695129828409819,RECONSTRUCTED
2025-10-01,PNB,2.710012459439888,RECONSTRUCTED
2025-10-01,SBIN,9.647580117210945,RECONSTRUCTED
2025-10-03,AUBANK,3.438510710723546,RECONSTRUCTED
2025-10-03,AXISBANK,9.060333049202184,RECONSTRUCTED
2025-10-03,BANKBARODA,3.18647817816304,RECONSTRUCTED
2025-10-03,CANBK,2.9532650718718823,RECONSTRUCTED
2025-10-03,FEDERALBNK,4.211306261720983,RECONSTRUCTED
2025-10-03,HDFCBANK,27.44097872696132,RECONSTRUCTED
2025-10-03,ICICIBANK,21.746649510519827,RECONSTRUCTED
2025-10-03,IDFCFIRSTB,3.7712395958270215,RECONSTRUCTED
2025-10-03,INDUSINDBK,3.2738788746893204,RECONSTRUCTED
2025-10-03,KOTAKBANK,8.581075116926938,RECONSTRUCTED
2025-10-03,PNB,2.679357081031557,RECONSTRUCTED
2025-10-03,SBIN,9.65692782236236,RECONSTRUCTED
2025-10-06,AUBANK,3.375738711383324,RECONSTRUCTED
2025-10-06,AXISBANK,8.907462100019949,RECONSTRUCTED
2025-10-06,BANKBARODA,3.185089478896426,RECONSTRUCTED
2025-10-06,CANBK,2.9613865335002263,RECONSTRUCTED
2025-10-06,FEDERALBNK,4.223411442070971,RECONSTRUCTED
2025-10-06,HDFCBANK,27.46818369353556,RECONSTRUCTED
2025-10-06,ICICIBANK,21.98439379151416,RECONSTRUCTED
2025-10-06,IDFCFIRSTB,3.697648140197693,RECONSTRUCTED
2025-10-06,INDUSINDBK,3.3415207674391025,RECONSTRUCTED
2025-10-06,KOTAKBANK,8.47976527485362,RECONSTRUCTED
2025-10-06,PNB,2.701063036282852,RECONSTRUCTED
2025-10-06,SBIN,9.674337030306106,RECONSTRUCTED
2025-10-07,AUBANK,3.3795941680101462,RECONSTRUCTED
2025-10-07,AXISBANK,9.125541209769793,RECONSTRUCTED
2025-10-07,BANKBARODA,3.2510391424121465,RECONSTRUCTED
2025-10-07,CANBK,2.938710650111946,RECONSTRUCTED
2025-10-07,FEDERALBNK,4.116919589046895,RECONSTRUCTED
2025-10-07,HDFCBANK,27.28374720869209,RECONSTRUCTED
2025-10-07,ICICIBANK,21.839560913014296,RECONSTRUCTED
2025-10-07,IDFCFIRSTB,3.660622347062629,RECONSTRUCTED
2025-10-07,INDUSINDBK,3.306557182565789,RECONSTRUCTED
2025-10-07,KOTAKBANK,8.577475135388342,RECONSTRUCTED
2025-10-07,PNB,2.716645123581683,RECONSTRUCTED
2025-10-07,SBIN,9.803587330344223,RECONSTRUCTED
2025-10-08,AUBANK,3.3507543835004143,RECONSTRUCTED
2025-10-08,AXISBANK,9.139230850130009,RECONSTRUCTED
2025-10-08,BANKBARODA,3.2382882696077413,RECONSTRUCTED
2025-10-08,CANBK,2.9746655627094847,RECONSTRUCTED
2025-10-08,FEDERALBNK,4.0319177587365775,RECONSTRUCTED
2025-10-08,HDFCBANK,27.287465931651283,RECONSTRUCTED
2025-10-08,ICICIBANK,21.84697510237429,RECONSTRUCTED
2025-10-08,IDFCFIRSTB,3.6469612724213945,RECONSTRUCTED
2025-10-08,INDUSINDBK,3.330007262034024,RECONSTRUCTED
2025-10-08,KOTAKBANK,8.582183983796735,RECONSTRUCTED
2025-10-08,PNB,2.7311462052822297,RECONSTRUCTED
2025-10-08,SBIN,9.840403417755814,RECONSTRUCTED
2025-10-09,AUBANK,3.3956425747817534,RECONSTRUCTED
2025-10-09,AXISBANK,9.272442330839633,RECONSTRUCTED
2025-10-09,BANKBARODA,3.2210821382253854,RECONSTRUCTED
2025-10-09,CANBK,2.981205060880101,RECONSTRUCTED
2025-10-09,FEDERALBNK,3.952672658002428,RECONSTRUCTED
2025-10-09,HDFCBANK,27.42049048741941,RECONSTRUCTED
2025-10-09,ICICIBANK,21.82362508985372,RECONSTRUCTED
2025-10-09,IDFCFIRSTB,3.586021694382705,RECONSTRUCTED
2025-10-09,INDUSINDBK,3.3042027614039604,RECONSTRUCTED
2025-10-09,KOTAKBANK,8.50232815316948,RECONSTRUCTED
2025-10-09,PNB,2.712166073231287,RECONSTRUCTED
2025-10-09,SBIN,9.828120977810132,RECONSTRUCTED
2025-10-10,AUBANK,3.407545865199447,RECONSTRUCTED
2025-10-10,AXISBANK,9.241822213168527,RECONSTRUCTED
2025-10-10,BANKBARODA,3.212147186003019,RECONSTRUCTED
2025-10-10,CANBK,2.9756757567674823,RECONSTRUCTED
2025-10-10,FEDERALBNK,3.965132174540492,RECONSTRUCTED
2025-10-10,HDFCBANK,27.527226729771314,RECONSTRUCTED
2025-10-10,ICICIBANK,21.928447215434467,RECONSTRUCTED
2025-10-10,IDFCFIRSTB,3.566396678499274,RECONSTRUCTED
2025-10-10,INDUSINDBK,3.268020468715374,RECONSTRUCTED
2025-10-10,KOTAKBANK,8.546700983956534,RECONSTRUCTED
2025-10-10,PNB,2.664769883050337,RECONSTRUCTED
2025-10-10,SBIN,9.696114844893728,RECONSTRUCTED
2025-10-13,AUBANK,3.3920979530132773,RECONSTRUCTED
2025-10-13,AXISBANK,9.1748232554552,RECONSTRUCTED
2025-10-13,BANKBARODA,3.199929532642564,RECONSTRUCTED
2025-10-13,CANBK,2.9712963871664275,RECONSTRUCTED
2025-10-13,FEDERALBNK,3.879166202489624,RECONSTRUCTED
2025-10-13,HDFCBANK,27.65059424144141,RECONSTRUCTED
2025-10-13,ICICIBANK,21.953461945997297,RECONSTRUCTED
2025-10-13,IDFCFIRSTB,3.602990508676599,RECONSTRUCTED
2025-10-13,INDUSINDBK,3.284459091842864,RECONSTRUCTED
2025-10-13,KOTAKBANK,8.54292408378122,RECONSTRUCTED
2025-10-13,PNB,2.672681069992368,RECONSTRUCTED
2025-10-13,SBIN,9.675575727501148,RECONSTRUCTED
2025-10-14,AUBANK,3.359207985758978,RECONSTRUCTED
2025-10-14,AXISBANK,9.251141058344398,RECONSTRUCTED
2025-10-14,BANKBARODA,3.242014040790424,RECONSTRUCTED
2025-10-14,CANBK,3.0210534628958507,RECONSTRUCTED
2025-10-14,FEDERALBNK,3.825883731218769,RECONSTRUCTED
2025-10-14,HDFCBANK,27.576371558932827,RECONSTRUCTED
2025-10-14,ICICIBANK,21.82353628940582,RECONSTRUCTED
2025-10-14,IDFCFIRSTB,3.63879407862754,RECONSTRUCTED
2025-10-14,INDUSINDBK,3.3176212292613854,RECONSTRUCTED
2025-10-14,KOTAKBANK,8.522488757634026,RECONSTRUCTED
2025-10-14,PNB,2.704770443925941,RECONSTRUCTED
2025-10-14,SBIN,9.717117363204036,RECONSTRUCTED
2025-10-15,AUBANK,3.25361256312679,RECONSTRUCTED
2025-10-15,AXISBANK,9.35912565059953,RECONSTRUCTED
2025-10-15,BANKBARODA,3.205742989160409,RECONSTRUCTED
2025-10-15,CANBK,2.9621556357943803,RECONSTRUCTED
2025-10-15,FEDERALBNK,3.831033662949608,RECONSTRUCTED
2025-10-15,HDFCBANK,27.696387940798555,RECONSTRUCTED
2025-10-15,ICICIBANK,21.718797549713788,RECONSTRUCTED
2025-10-15,IDFCFIRSTB,3.650220823804084,RECONSTRUCTED
2025-10-15,INDUSINDBK,3.3822357382274792,RECONSTRUCTED
2025-10-15,KOTAKBANK,8.577985578292795,RECONSTRUCTED
2025-10-15,PNB,2.6931982866845656,RECONSTRUCTED
2025-10-15,SBIN,9.669503580848016,RECONSTRUCTED
2025-10-16,AUBANK,3.3014659408679563,RECONSTRUCTED
2025-10-16,AXISBANK,9.24314737978122,RECONSTRUCTED
2025-10-16,BANKBARODA,3.265668779820204,RECONSTRUCTED
2025-10-16,CANBK,3.016664215752968,RECONSTRUCTED
2025-10-16,FEDERALBNK,3.90294858907021,RECONSTRUCTED
2025-10-16,HDFCBANK,27.5246067380512,RECONSTRUCTED
2025-10-16,ICICIBANK,21.646753841552947,RECONSTRUCTED
2025-10-16,IDFCFIRSTB,3.74789080574222,RECONSTRUCTED
2025-10-16,INDUSINDBK,3.4193493699093462,RECONSTRUCTED
2025-10-16,KOTAKBANK,8.445843087548242,RECONSTRUCTED
2025-10-16,PNB,2.727338761798317,RECONSTRUCTED
2025-10-16,SBIN,9.758322490105169,RECONSTRUCTED
2025-10-17,AUBANK,3.341412021716974,RECONSTRUCTED
2025-10-17,AXISBANK,9.25393838528395,RECONSTRUCTED
2025-10-17,BANKBARODA,3.300601626755962,RECONSTRUCTED
2025-10-17,CANBK,3.0754255252946865,RECONSTRUCTED
2025-10-17,FEDERALBNK,3.9593755345285055,RECONSTRUCTED
2025-10-17,HDFCBANK,27.420448235815904,RECONSTRUCTED
2025-10-17,ICICIBANK,21.45057449738581,RECONSTRUCTED
2025-10-17,IDFCFIRSTB,3.759784940466714,RECONSTRUCTED
2025-10-17,INDUSINDBK,3.381909041597072,RECONSTRUCTED
2025-10-17,KOTAKBANK,8.481729292525147,RECONSTRUCTED
2025-10-17,PNB,2.7974893818847977,RECONSTRUCTED
2025-10-17,SBIN,9.777311516744463,RECONSTRUCTED
2025-10-20,AUBANK,3.0845739420154827,RECONSTRUCTED
2025-10-20,AXISBANK,9.130604238444215,RECONSTRUCTED
2025-10-20,BANKBARODA,3.2414452217654683,RECONSTRUCTED
2025-10-20,CANBK,3.048649369341069,RECONSTRUCTED
2025-10-20,FEDERALBNK,3.732254123242866,RECONSTRUCTED
2025-10-20,HDFCBANK,27.6255595409248,RECONSTRUCTED
2025-10-20,ICICIBANK,22.339632022448235,RECONSTRUCTED
2025-10-20,IDFCFIRSTB,3.540667189537424,RECONSTRUCTED
2025-10-20,INDUSINDBK,3.369309704121521,RECONSTRUCTED
2025-10-20,KOTAKBANK,8.51769226115256,RECONSTRUCTED
2025-10-20,PNB,2.714493346280154,RECONSTRUCTED
2025-10-20,SBIN,9.655119040726223,RECONSTRUCTED
2025-10-21,AUBANK,3.097147440139142,RECONSTRUCTED
2025-10-21,AXISBANK,9.043671156382525,RECONSTRUCTED
2025-10-21,BANKBARODA,3.2551651032545967,RECONSTRUCTED
2025-10-21,CANBK,3.0587221929171307,RECONSTRUCTED
2025-10-21,FEDERALBNK,3.724886572064965,RECONSTRUCTED
2025-10-21,HDFCBANK,27.48456825249124,RECONSTRUCTED
2025-10-21,ICICIBANK,22.464995947598183,RECONSTRUCTED
2025-10-21,IDFCFIRSTB,3.546656721141768,RECONSTRUCTED
2025-10-21,INDUSINDBK,3.373762270874788,RECONSTRUCTED
2025-10-21,KOTAKBANK,8.579462839702863,RECONSTRUCTED
2025-10-21,PNB,2.7233454376966466,RECONSTRUCTED
2025-10-21,SBIN,9.647616065736148,RECONSTRUCTED
2025-10-23,AUBANK,3.0677870068695,RECONSTRUCTED
2025-10-23,AXISBANK,8.900518349162532,RECONSTRUCTED
2025-10-23,BANKBARODA,3.299605855705888,RECONSTRUCTED
2025-10-23,CANBK,3.0839631573081587,RECONSTRUCTED
2025-10-23,FEDERALBNK,3.722751652245244,RECONSTRUCTED
2025-10-23,HDFCBANK,27.489532610651324,RECONSTRUCTED
2025-10-23,ICICIBANK,22.795429635444645,RECONSTRUCTED
2025-10-23,IDFCFIRSTB,3.452675443285162,RECONSTRUCTED
2025-10-23,INDUSINDBK,3.372941147717296,RECONSTRUCTED
2025-10-23,KOTAKBANK,8.479988955605315,RECONSTRUCTED
2025-10-23,PNB,2.714124503984786,RECONSTRUCTED
2025-10-23,SBIN,9.62068168202016,RECONSTRUCTED
2025-10-24,AUBANK,3.0845704895161465,RECONSTRUCTED
2025-10-24,AXISBANK,8.963166872715918,RECONSTRUCTED
2025-10-24,BANKBARODA,3.286840421984024,RECONSTRUCTED
2025-10-24,CANBK,3.077138045728263,RECONSTRUCTED
2025-10-24,FEDERALBNK,3.706105516396025,RECONSTRUCTED
2025-10-24,HDFCBANK,27.69711700243951,RECONSTRUCTED
2025-10-24,ICICIBANK,22.417545085222613,RECONSTRUCTED
2025-10-24,IDFCFIRSTB,3.463636178404863,RECONSTRUCTED
2025-10-24,INDUSINDBK,3.371274104835801,RECONSTRUCTED
2025-10-24,KOTAKBANK,8.573727909535918,RECONSTRUCTED
2025-10-24,PNB,2.726049427909661,RECONSTRUCTED
2025-10-24,SBIN,9.632828945311251,RECONSTRUCTED
2025-10-27,AUBANK,3.0943091927814232,RECONSTRUCTED
2025-10-27,AXISBANK,8.943841399186862,RECONSTRUCTED
2025-10-27,BANKBARODA,3.221806150944447,RECONSTRUCTED
2025-10-27,CANBK,3.018305618170828,RECONSTRUCTED
2025-10-27,FEDERALBNK,3.628493045735679,RECONSTRUCTED
2025-10-27,HDFCBANK,27.68071856118754,RECONSTRUCTED
2025-10-27,ICICIBANK,22.5905962792541,RECONSTRUCTED
2025-10-27,IDFCFIRSTB,3.4977237327962927,RECONSTRUCTED
2025-10-27,INDUSINDBK,3.330880128235935,RECONSTRUCTED
2025-10-27,KOTAKBANK,8.793687427080979,RECONSTRUCTED
2025-10-27,PNB,2.6851270565448844,RECONSTRUCTED
2025-10-27,SBIN,9.514511408081049,RECONSTRUCTED
2025-10-28,AUBANK,3.045046289788268,RECONSTRUCTED
2025-10-28,AXISBANK,9.017432848959272,RECONSTRUCTED
2025-10-28,BANKBARODA,3.1896478171084888,RECONSTRUCTED
2025-10-28,CANBK,3.0044372398585923,RECONSTRUCTED
2025-10-28,FEDERALBNK,3.6087655965499503,RECONSTRUCTED
2025-10-28,HDFCBANK,27.71832033123032,RECONSTRUCTED
2025-10-28,ICICIBANK,22.87559410569886,RECONSTRUCTED
2025-10-28,IDFCFIRSTB,3.452798572529475,RECONSTRUCTED
2025-10-28,INDUSINDBK,3.213460360332497,RECONSTRUCTED
2025-10-28,KOTAKBANK,8.761153683217485,RECONSTRUCTED
2025-10-28,PNB,2.657067033984193,RECONSTRUCTED
2025-10-28,SBIN,9.4562761207426,RECONSTRUCTED
2025-10-29,AUBANK,3.0450235976873223,RECONSTRUCTED
2025-10-29,AXISBANK,9.02539388321802,RECONSTRUCTED
2025-10-29,BANKBARODA,3.226243136593247,RECONSTRUCTED
2025-10-29,CANBK,3.041434505580469,RECONSTRUCTED
2025-10-29,FEDERALBNK,3.632600680950424,RECONSTRUCTED
2025-10-29,HDFCBANK,27.67983876126156,RECONSTRUCTED
2025-10-29,ICICIBANK,22.819507638992903,RECONSTRUCTED
2025-10-29,IDFCFIRSTB,3.4562328532700817,RECONSTRUCTED
2025-10-29,INDUSINDBK,3.1920161741445296,RECONSTRUCTED
2025-10-29,KOTAKBANK,8.828561851549246,RECONSTRUCTED
2025-10-29,PNB,2.6654075098961103,RECONSTRUCTED
2025-10-29,SBIN,9.387739406856088,RECONSTRUCTED
2025-10-30,AUBANK,3.041262944713521,RECONSTRUCTED
2025-10-30,AXISBANK,9.045738953524417,RECONSTRUCTED
2025-10-30,BANKBARODA,3.228858133824105,RECONSTRUCTED
2025-10-30,CANBK,2.929658345452801,RECONSTRUCTED
2025-10-30,FEDERALBNK,3.612589943904352,RECONSTRUCTED
2025-10-30,HDFCBANK,27.783035204826405,RECONSTRUCTED
2025-10-30,ICICIBANK,22.81734201124696,RECONSTRUCTED
2025-10-30,IDFCFIRSTB,3.454012419387679,RECONSTRUCTED
2025-10-30,INDUSINDBK,3.198831488674618,RECONSTRUCTED
2025-10-30,KOTAKBANK,8.830805676294135,RECONSTRUCTED
2025-10-30,PNB,2.6718802304388327,RECONSTRUCTED
2025-10-30,SBIN,9.385984647712167,RECONSTRUCTED
2025-10-31,AUBANK,3.03,OFFICIAL
2025-10-31,AXISBANK,9.05,OFFICIAL
2025-10-31,BANKBARODA,3.15,OFFICIAL
2025-10-31,CANBK,2.83,OFFICIAL
2025-10-31,FEDERALBNK,3.57,OFFICIAL
2025-10-31,HDFCBANK,27.97,OFFICIAL
2025-10-31,ICICIBANK,23.01,OFFICIAL
2025-10-31,IDFCFIRSTB,3.32,OFFICIAL
2025-10-31,INDUSINDBK,3.21,OFFICIAL
2025-10-31,KOTAKBANK,8.94,OFFICIAL
2025-10-31,PNB,2.6,OFFICIAL
2025-10-31,SBIN,9.32,OFFICIAL
2025-11-03,AUBANK,3.4149713959558583,RECONSTRUCTED
2025-11-03,AXISBANK,9.17092947316612,RECONSTRUCTED
2025-11-03,BANKBARODA,3.074733358860036,RECONSTRUCTED
2025-11-03,CANBK,3.20703316290896,RECONSTRUCTED
2025-11-03,FEDERALBNK,3.971216805421316,RECONSTRUCTED
2025-11-03,HDFCBANK,27.26845388242456,RECONSTRUCTED
2025-11-03,ICICIBANK,23.049783984880108,RECONSTRUCTED
2025-11-03,IDFCFIRSTB,2.839087763407353,RECONSTRUCTED
2025-11-03,INDUSINDBK,3.51701632720032,RECONSTRUCTED
2025-11-03,KOTAKBANK,8.545066967299803,RECONSTRUCTED
2025-11-03,PNB,2.497155906742258,RECONSTRUCTED
2025-11-03,SBIN,9.444550971733316,RECONSTRUCTED
2025-11-04,AUBANK,3.347782725174125,RECONSTRUCTED
2025-11-04,AXISBANK,9.181778754973775,RECONSTRUCTED
2025-11-04,BANKBARODA,3.0935878124927494,RECONSTRUCTED
2025-11-04,CANBK,3.192348453395024,RECONSTRUCTED
2025-11-04,FEDERALBNK,3.953697632666565,RECONSTRUCTED
2025-11-04,HDFCBANK,27.347463885729773,RECONSTRUCTED
2025-11-04,ICICIBANK,23.107281902464194,RECONSTRUCTED
2025-11-04,IDFCFIRSTB,2.856045209052393,RECONSTRUCTED
2025-11-04,INDUSINDBK,3.53059619221492,RECONSTRUCTED
2025-11-04,KOTAKBANK,8.574503490696369,RECONSTRUCTED
2025-11-04,PNB,2.4911669821963853,RECONSTRUCTED
2025-11-04,SBIN,9.323746958943737,RECONSTRUCTED
2025-11-06,AUBANK,3.329247658361932,RECONSTRUCTED
2025-11-06,AXISBANK,9.124071294739972,RECONSTRUCTED
2025-11-06,BANKBARODA,3.097722829050736,RECONSTRUCTED
2025-11-06,CANBK,3.18541281117856,RECONSTRUCTED
2025-11-06,FEDERALBNK,3.968639154920872,RECONSTRUCTED
2025-11-06,HDFCBANK,27.23426497645327,RECONSTRUCTED
2025-11-06,ICICIBANK,23.285004478907226,RECONSTRUCTED
2025-11-06,IDFCFIRSTB,2.869370322508688,RECONSTRUCTED
2025-11-06,INDUSINDBK,3.53171856987996,RECONSTRUCTED
2025-11-06,KOTAKBANK,8.588704383328878,RECONSTRUCTED
2025-11-06,PNB,2.536769129084724,RECONSTRUCTED
2025-11-06,SBIN,9.249074391585191,RECONSTRUCTED
2025-11-07,AUBANK,3.246328386194393,RECONSTRUCTED
2025-11-07,AXISBANK,9.219330068182629,RECONSTRUCTED
2025-11-07,BANKBARODA,3.086439600154462,RECONSTRUCTED
2025-11-07,CANBK,3.171168106667556,RECONSTRUCTED
2025-11-07,FEDERALBNK,3.967410422291849,RECONSTRUCTED
2025-11-07,HDFCBANK,27.45645158950373,RECONSTRUCTED
2025-11-07,ICICIBANK,23.02485091914628,RECONSTRUCTED
2025-11-07,IDFCFIRSTB,2.8469106061786724,RECONSTRUCTED
2025-11-07,INDUSINDBK,3.5028017865881984,RECONSTRUCTED
2025-11-07,KOTAKBANK,8.61701217083029,RECONSTRUCTED
2025-11-07,PNB,2.511333219300026,RECONSTRUCTED
2025-11-07,SBIN,9.349963124961905,RECONSTRUCTED
2025-11-10,AUBANK,3.228898201545068,RECONSTRUCTED
2025-11-10,AXISBANK,9.273352430400784,RECONSTRUCTED
2025-11-10,BANKBARODA,3.104297991013239,RECONSTRUCTED
2025-11-10,CANBK,3.166292269089076,RECONSTRUCTED
2025-11-10,FEDERALBNK,3.951742609678643,RECONSTRUCTED
2025-11-10,HDFCBANK,27.424919645333905,RECONSTRUCTED
2025-11-10,ICICIBANK,22.964419911123304,RECONSTRUCTED
2025-11-10,IDFCFIRSTB,2.859134521567712,RECONSTRUCTED
2025-11-10,INDUSINDBK,3.497403058993579,RECONSTRUCTED
2025-11-10,KOTAKBANK,8.608256002799223,RECONSTRUCTED
2025-11-10,PNB,2.514889285317191,RECONSTRUCTED
2025-11-10,SBIN,9.406394073138266,RECONSTRUCTED
2025-11-11,AUBANK,3.3317805111087595,RECONSTRUCTED
2025-11-11,AXISBANK,9.263316071500345,RECONSTRUCTED
2025-11-11,BANKBARODA,3.135112195150591,RECONSTRUCTED
2025-11-11,CANBK,3.1809933696696886,RECONSTRUCTED
2025-11-11,FEDERALBNK,4.008507310797554,RECONSTRUCTED
2025-11-11,HDFCBANK,27.319250407194563,RECONSTRUCTED
2025-11-11,ICICIBANK,22.868499726204604,RECONSTRUCTED
2025-11-11,IDFCFIRSTB,2.8874361367118926,RECONSTRUCTED
2025-11-11,INDUSINDBK,3.3957682731471075,RECONSTRUCTED
2025-11-11,KOTAKBANK,8.661806797931735,RECONSTRUCTED
2025-11-11,PNB,2.5301386716635434,RECONSTRUCTED
2025-11-11,SBIN,9.417390528919633,RECONSTRUCTED
2025-11-12,AUBANK,3.3674631158042416,RECONSTRUCTED
2025-11-12,AXISBANK,9.291991883145172,RECONSTRUCTED
2025-11-12,BANKBARODA,3.1518745022462338,RECONSTRUCTED
2025-11-12,CANBK,3.128528065331881,RECONSTRUCTED
2025-11-12,FEDERALBNK,3.966667795903307,RECONSTRUCTED
2025-11-12,HDFCBANK,27.444529180670923,RECONSTRUCTED
2025-11-12,ICICIBANK,22.912283833196167,RECONSTRUCTED
2025-11-12,IDFCFIRSTB,2.862667301879205,RECONSTRUCTED
2025-11-12,INDUSINDBK,3.252957533447441,RECONSTRUCTED
2025-11-12,KOTAKBANK,8.692220752665419,RECONSTRUCTED
2025-11-12,PNB,2.5271968236237985,RECONSTRUCTED
2025-11-12,SBIN,9.40161921208622,RECONSTRUCTED
2025-11-13,AUBANK,3.355778834527199,RECONSTRUCTED
2025-11-13,AXISBANK,9.281215887697432,RECONSTRUCTED
2025-11-13,BANKBARODA,3.177004903800829,RECONSTRUCTED
2025-11-13,CANBK,3.136730732021688,RECONSTRUCTED
2025-11-13,FEDERALBNK,4.026830198691078,RECONSTRUCTED
2025-11-13,HDFCBANK,27.572899729574363,RECONSTRUCTED
2025-11-13,ICICIBANK,22.505982512373382,RECONSTRUCTED
2025-11-13,IDFCFIRSTB,2.9244124378302665,RECONSTRUCTED
2025-11-13,INDUSINDBK,3.2623453654056327,RECONSTRUCTED
2025-11-13,KOTAKBANK,8.746749135722776,RECONSTRUCTED
2025-11-13,PNB,2.560562033825374,RECONSTRUCTED
2025-11-13,SBIN,9.449488228529976,RECONSTRUCTED
2025-11-14,AUBANK,3.34933279287331,RECONSTRUCTED
2025-11-14,AXISBANK,9.181234132808092,RECONSTRUCTED
2025-11-14,BANKBARODA,3.145975240231844,RECONSTRUCTED
2025-11-14,CANBK,3.088073676024325,RECONSTRUCTED
2025-11-14,FEDERALBNK,4.028741816614292,RECONSTRUCTED
2025-11-14,HDFCBANK,27.558580808510268,RECONSTRUCTED
2025-11-14,ICICIBANK,22.773524927223622,RECONSTRUCTED
2025-11-14,IDFCFIRSTB,2.9159593853107,RECONSTRUCTED
2025-11-14,INDUSINDBK,3.329003290157228,RECONSTRUCTED
2025-11-14,KOTAKBANK,8.749372059686154,RECONSTRUCTED
2025-11-14,PNB,2.5429395309201763,RECONSTRUCTED
2025-11-14,SBIN,9.33726233963997,RECONSTRUCTED
2025-11-17,AUBANK,3.293384649337695,RECONSTRUCTED
2025-11-17,AXISBANK,9.192662434034473,RECONSTRUCTED
2025-11-17,BANKBARODA,3.1569751825531207,RECONSTRUCTED
2025-11-17,CANBK,3.048192274325042,RECONSTRUCTED
2025-11-17,FEDERALBNK,4.012197132121729,RECONSTRUCTED
2025-11-17,HDFCBANK,27.57699793291197,RECONSTRUCTED
2025-11-17,ICICIBANK,22.84894081818979,RECONSTRUCTED
2025-11-17,IDFCFIRSTB,2.917362876187285,RECONSTRUCTED
2025-11-17,INDUSINDBK,3.3318414186335854,RECONSTRUCTED
2025-11-17,KOTAKBANK,8.719438370885415,RECONSTRUCTED
2025-11-17,PNB,2.54605163585214,RECONSTRUCTED
2025-11-17,SBIN,9.355955274967751,RECONSTRUCTED
2025-11-18,AUBANK,3.2637064600143457,RECONSTRUCTED
2025-11-18,AXISBANK,9.06950705048237,RECONSTRUCTED
2025-11-18,BANKBARODA,3.1485958901818893,RECONSTRUCTED
2025-11-18,CANBK,3.047833290938921,RECONSTRUCTED
2025-11-18,FEDERALBNK,3.919149118447882,RECONSTRUCTED
2025-11-18,HDFCBANK,27.66538152891784,RECONSTRUCTED
2025-11-18,ICICIBANK,22.92094612040231,RECONSTRUCTED
2025-11-18,IDFCFIRSTB,2.947416928486124,RECONSTRUCTED
2025-11-18,INDUSINDBK,3.352714817988553,RECONSTRUCTED
2025-11-18,KOTAKBANK,8.752182583684583,RECONSTRUCTED
2025-11-18,PNB,2.5565900323055506,RECONSTRUCTED
2025-11-18,SBIN,9.355976178149632,RECONSTRUCTED
2025-11-19,AUBANK,3.261729260500686,RECONSTRUCTED
2025-11-19,AXISBANK,9.082303762807028,RECONSTRUCTED
2025-11-19,BANKBARODA,3.1131525979050503,RECONSTRUCTED
2025-11-19,CANBK,3.03607400238489,RECONSTRUCTED
2025-11-19,FEDERALBNK,3.9160025066974913,RECONSTRUCTED
2025-11-19,HDFCBANK,27.753760399510725,RECONSTRUCTED
2025-11-19,ICICIBANK,22.882368883802123,RECONSTRUCTED
2025-11-19,IDFCFIRSTB,2.981849065725749,RECONSTRUCTED
2025-11-19,INDUSINDBK,3.404233961243025,RECONSTRUCTED
2025-11-19,KOTAKBANK,8.745680251182126,RECONSTRUCTED
2025-11-19,PNB,2.515232279028213,RECONSTRUCTED
2025-11-19,SBIN,9.30761302921288,RECONSTRUCTED
2025-11-20,AUBANK,3.2914044678316,RECONSTRUCTED
2025-11-20,AXISBANK,8.9972457337789,RECONSTRUCTED
2025-11-20,BANKBARODA,3.1745849056793416,RECONSTRUCTED
2025-11-20,CANBK,3.092862658771195,RECONSTRUCTED
2025-11-20,FEDERALBNK,3.941987139454784,RECONSTRUCTED
2025-11-20,HDFCBANK,27.42126317972439,RECONSTRUCTED
2025-11-20,ICICIBANK,22.933807034688744,RECONSTRUCTED
2025-11-20,IDFCFIRSTB,3.014081325066466,RECONSTRUCTED
2025-11-20,INDUSINDBK,3.453596255734444,RECONSTRUCTED
2025-11-20,KOTAKBANK,8.79477582360801,RECONSTRUCTED
2025-11-20,PNB,2.5451256617024924,RECONSTRUCTED
2025-11-20,SBIN,9.339265813959626,RECONSTRUCTED
2025-11-21,AUBANK,3.279079390976463,RECONSTRUCTED
2025-11-21,AXISBANK,8.990798936746247,RECONSTRUCTED
2025-11-21,BANKBARODA,3.194546240975651,RECONSTRUCTED
2025-11-21,CANBK,3.113713639499066,RECONSTRUCTED
2025-11-21,FEDERALBNK,3.908277126535574,RECONSTRUCTED
2025-11-21,HDFCBANK,27.495546372262574,RECONSTRUCTED
2025-11-21,ICICIBANK,22.974016170610938,RECONSTRUCTED
2025-11-21,IDFCFIRSTB,3.012794794549677,RECONSTRUCTED
2025-11-21,INDUSINDBK,3.3564766017561225,RECONSTRUCTED
2025-11-21,KOTAKBANK,8.769742520727839,RECONSTRUCTED
2025-11-21,PNB,2.555441393914213,RECONSTRUCTED
2025-11-21,SBIN,9.349566811445646,RECONSTRUCTED
2025-11-24,AUBANK,3.242909039081101,RECONSTRUCTED
2025-11-24,AXISBANK,9.034489243330883,RECONSTRUCTED
2025-11-24,BANKBARODA,3.218445352840129,RECONSTRUCTED
2025-11-24,CANBK,3.093071080266718,RECONSTRUCTED
2025-11-24,FEDERALBNK,3.857383602858485,RECONSTRUCTED
2025-11-24,HDFCBANK,27.45164001765498,RECONSTRUCTED
2025-11-24,ICICIBANK,22.98106705411923,RECONSTRUCTED
2025-11-24,IDFCFIRSTB,3.025202459058768,RECONSTRUCTED
2025-11-24,INDUSINDBK,3.3969432505523978,RECONSTRUCTED
2025-11-24,KOTAKBANK,8.7674881635965,RECONSTRUCTED
2025-11-24,PNB,2.567179659630684,RECONSTRUCTED
2025-11-24,SBIN,9.364181077010125,RECONSTRUCTED
2025-11-25,AUBANK,3.176932967630969,RECONSTRUCTED
2025-11-25,AXISBANK,9.051242848756196,RECONSTRUCTED
2025-11-25,BANKBARODA,3.157626470706429,RECONSTRUCTED
2025-11-25,CANBK,3.0502051530902854,RECONSTRUCTED
2025-11-25,FEDERALBNK,3.738511425162917,RECONSTRUCTED
2025-11-25,HDFCBANK,27.70327747641201,RECONSTRUCTED
2025-11-25,ICICIBANK,23.154054583467005,RECONSTRUCTED
2025-11-25,IDFCFIRSTB,2.971766502771133,RECONSTRUCTED
2025-11-25,INDUSINDBK,3.380434726046209,RECONSTRUCTED
2025-11-25,KOTAKBANK,8.838738256889082,RECONSTRUCTED
2025-11-25,PNB,2.539353852421297,RECONSTRUCTED
2025-11-25,SBIN,9.237855736646466,RECONSTRUCTED
2025-11-26,AUBANK,3.182558093628529,RECONSTRUCTED
2025-11-26,AXISBANK,8.990744966100188,RECONSTRUCTED
2025-11-26,BANKBARODA,3.1829763788935623,RECONSTRUCTED
2025-11-26,CANBK,3.056781385066037,RECONSTRUCTED
2025-11-26,FEDERALBNK,3.7780037606066097,RECONSTRUCTED
2025-11-26,HDFCBANK,27.64368867126593,RECONSTRUCTED
2025-11-26,ICICIBANK,23.14024914233398,RECONSTRUCTED
2025-11-26,IDFCFIRSTB,2.9694464164487235,RECONSTRUCTED
2025-11-26,INDUSINDBK,3.3777817897563795,RECONSTRUCTED
2025-11-26,KOTAKBANK,8.801223414893535,RECONSTRUCTED
2025-11-26,PNB,2.5300985811303067,RECONSTRUCTED
2025-11-26,SBIN,9.346447399876208,RECONSTRUCTED
2025-11-27,AUBANK,3.216054458680252,RECONSTRUCTED
2025-11-27,AXISBANK,9.042826686721993,RECONSTRUCTED
2025-11-27,BANKBARODA,3.1997662653217867,RECONSTRUCTED
2025-11-27,CANBK,3.035237293023344,RECONSTRUCTED
2025-11-27,FEDERALBNK,3.813661507108192,RECONSTRUCTED
2025-11-27,HDFCBANK,27.58744121076516,RECONSTRUCTED
2025-11-27,ICICIBANK,22.9350872978214,RECONSTRUCTED
2025-11-27,IDFCFIRSTB,2.975122689968157,RECONSTRUCTED
2025-11-27,INDUSINDBK,3.36302792055228,RECONSTRUCTED
2025-11-27,KOTAKBANK,8.805523531889808,RECONSTRUCTED
2025-11-27,PNB,2.540254615558683,RECONSTRUCTED
2025-11-27,SBIN,9.485996522588952,RECONSTRUCTED
2025-11-28,AUBANK,3.19,OFFICIAL
2025-11-28,AXISBANK,9.1,OFFICIAL
2025-11-28,BANKBARODA,3.18,OFFICIAL
2025-11-28,CANBK,3.04,OFFICIAL
2025-11-28,FEDERALBNK,3.77,OFFICIAL
2025-11-28,HDFCBANK,27.65,OFFICIAL
2025-11-28,ICICIBANK,23.0,OFFICIAL
2025-11-28,IDFCFIRSTB,2.99,OFFICIAL
2025-11-28,INDUSINDBK,3.36,OFFICIAL
2025-11-28,KOTAKBANK,8.75,OFFICIAL
2025-11-28,PNB,2.55,OFFICIAL
2025-11-28,SBIN,9.43,OFFICIAL
2025-12-01,AUBANK,3.177614693093461,RECONSTRUCTED
2025-12-01,AXISBANK,9.08149399335979,RECONSTRUCTED
2025-12-01,BANKBARODA,3.246647983765975,RECONSTRUCTED
2025-12-01,CANBK,3.021646490993537,RECONSTRUCTED
2025-12-01,FEDERALBNK,3.754814160840944,RECONSTRUCTED
2025-12-01,HDFCBANK,27.52919587704537,RECONSTRUCTED
2025-12-01,ICICIBANK,23.04674734056809,RECONSTRUCTED
2025-12-01,IDFCFIRSTB,3.0149417227302138,RECONSTRUCTED
2025-12-01,INDUSINDBK,3.3190172425479134,RECONSTRUCTED
2025-12-01,KOTAKBANK,8.85524602887709,RECONSTRUCTED
2025-12-01,PNB,2.569196961614326,RECONSTRUCTED
2025-12-01,SBIN,9.383437504563313,RECONSTRUCTED
2025-12-02,AUBANK,3.208044957031348,RECONSTRUCTED
2025-12-02,AXISBANK,9.01706101403274,RECONSTRUCTED
2025-12-02,BANKBARODA,3.283901194781829,RECONSTRUCTED
2025-12-02,CANBK,3.0733504540549643,RECONSTRUCTED
2025-12-02,FEDERALBNK,3.807886536847027,RECONSTRUCTED
2025-12-02,HDFCBANK,27.37824210725128,RECONSTRUCTED
2025-12-02,ICICIBANK,22.919744695199658,RECONSTRUCTED
2025-12-02,IDFCFIRSTB,3.083437366855847,RECONSTRUCTED
2025-12-02,INDUSINDBK,3.354262176885687,RECONSTRUCTED
2025-12-02,KOTAKBANK,8.89453941145612,RECONSTRUCTED
2025-12-02,PNB,2.5878928619140207,RECONSTRUCTED
2025-12-02,SBIN,9.391637223689475,RECONSTRUCTED
2025-12-03,AUBANK,3.189403497042151,RECONSTRUCTED
2025-12-03,AXISBANK,9.096685626790048,RECONSTRUCTED
2025-12-03,BANKBARODA,3.1704258473398568,RECONSTRUCTED
2025-12-03,CANBK,2.9493708476281784,RECONSTRUCTED
2025-12-03,FEDERALBNK,3.800174632370886,RECONSTRUCTED
2025-12-03,HDFCBANK,27.6395513286004,RECONSTRUCTED
2025-12-03,ICICIBANK,23.19947977514777,RECONSTRUCTED
2025-12-03,IDFCFIRSTB,3.0269851577967524,RECONSTRUCTED
2025-12-03,INDUSINDBK,3.336666287401087,RECONSTRUCTED
2025-12-03,KOTAKBANK,8.898742513571875,RECONSTRUCTED
2025-12-03,PNB,2.470214012089526,RECONSTRUCTED
2025-12-03,SBIN,9.222300474221464,RECONSTRUCTED
2025-12-04,AUBANK,3.192772658558506,RECONSTRUCTED
2025-12-04,AXISBANK,9.172459085747033,RECONSTRUCTED
2025-12-04,BANKBARODA,3.186877352433089,RECONSTRUCTED
2025-12-04,CANBK,2.978806342109631,RECONSTRUCTED
2025-12-04,FEDERALBNK,3.809880292530769,RECONSTRUCTED
2025-12-04,HDFCBANK,27.576035663134324,RECONSTRUCTED
2025-12-04,ICICIBANK,23.142653894470016,RECONSTRUCTED
2025-12-04,IDFCFIRSTB,3.003700878271248,RECONSTRUCTED
2025-12-04,INDUSINDBK,3.403510490030248,RECONSTRUCTED
2025-12-04,KOTAKBANK,8.863261577117763,RECONSTRUCTED
2025-12-04,PNB,2.4671202583994107,RECONSTRUCTED
2025-12-04,SBIN,9.202921507197962,RECONSTRUCTED
2025-12-05,AUBANK,3.206567422191676,RECONSTRUCTED
2025-12-05,AXISBANK,9.115271191067814,RECONSTRUCTED
2025-12-05,BANKBARODA,3.2090909324093446,RECONSTRUCTED
2025-12-05,CANBK,2.9795201351973546,RECONSTRUCTED
2025-12-05,FEDERALBNK,3.786781688117254,RECONSTRUCTED
2025-12-05,HDFCBANK,27.51799203123097,RECONSTRUCTED
2025-12-05,ICICIBANK,23.04953915389223,RECONSTRUCTED
2025-12-05,IDFCFIRSTB,3.0160773555109177,RECONSTRUCTED
2025-12-05,INDUSINDBK,3.403469014788829,RECONSTRUCTED
2025-12-05,KOTAKBANK,8.871107786084707,RECONSTRUCTED
2025-12-05,PNB,2.491586886394399,RECONSTRUCTED
2025-12-05,SBIN,9.3529964031145,RECONSTRUCTED
2025-12-08,AUBANK,3.208278741240958,RECONSTRUCTED
2025-12-08,AXISBANK,9.135771113388842,RECONSTRUCTED
2025-12-08,BANKBARODA,3.1563779311170754,RECONSTRUCTED
2025-12-08,CANBK,2.889297144384244,RECONSTRUCTED
2025-12-08,FEDERALBNK,3.795420338213453,RECONSTRUCTED
2025-12-08,HDFCBANK,27.76271088178689,RECONSTRUCTED
2025-12-08,ICICIBANK,23.210718322368947,RECONSTRUCTED
2025-12-08,IDFCFIRSTB,2.977645848080749,RECONSTRUCTED
2025-12-08,INDUSINDBK,3.3211379064114914,RECONSTRUCTED
2025-12-08,KOTAKBANK,8.854991796337787,RECONSTRUCTED
2025-12-08,PNB,2.3962906716696706,RECONSTRUCTED
2025-12-08,SBIN,9.291359304999878,RECONSTRUCTED
2025-12-09,AUBANK,3.2748482697997563,RECONSTRUCTED
2025-12-09,AXISBANK,9.153323913028409,RECONSTRUCTED
2025-12-09,BANKBARODA,3.208714181023123,RECONSTRUCTED
2025-12-09,CANBK,2.9578648109565906,RECONSTRUCTED
2025-12-09,FEDERALBNK,3.8465917782460455,RECONSTRUCTED
2025-12-09,HDFCBANK,27.60416652082907,RECONSTRUCTED
2025-12-09,ICICIBANK,22.976448052680336,RECONSTRUCTED
2025-12-09,IDFCFIRSTB,3.0458411268506884,RECONSTRUCTED
2025-12-09,INDUSINDBK,3.3336895727963176,RECONSTRUCTED
2025-12-09,KOTAKBANK,8.841197907443643,RECONSTRUCTED
2025-12-09,PNB,2.434757152914369,RECONSTRUCTED
2025-12-09,SBIN,9.322556713431668,RECONSTRUCTED
2025-12-10,AUBANK,3.362665149079641,RECONSTRUCTED
2025-12-10,AXISBANK,9.213457129049251,RECONSTRUCTED
2025-12-10,BANKBARODA,3.18127587205041,RECONSTRUCTED
2025-12-10,CANBK,2.958205931738384,RECONSTRUCTED
2025-12-10,FEDERALBNK,3.845171041284105,RECONSTRUCTED
2025-12-10,HDFCBANK,27.523845912369616,RECONSTRUCTED
2025-12-10,ICICIBANK,22.883884734647136,RECONSTRUCTED
2025-12-10,IDFCFIRSTB,3.0370674884955475,RECONSTRUCTED
2025-12-10,INDUSINDBK,3.306863862788176,RECONSTRUCTED
2025-12-10,KOTAKBANK,8.888000440037382,RECONSTRUCTED
2025-12-10,PNB,2.4316714684938354,RECONSTRUCTED
2025-12-10,SBIN,9.367890969966526,RECONSTRUCTED
2025-12-11,AUBANK,3.2787405206162723,RECONSTRUCTED
2025-12-11,AXISBANK,9.13229276024073,RECONSTRUCTED
2025-12-11,BANKBARODA,3.155688959862061,RECONSTRUCTED
2025-12-11,CANBK,2.9708335243730795,RECONSTRUCTED
2025-12-11,FEDERALBNK,3.848140464210275,RECONSTRUCTED
2025-12-11,HDFCBANK,27.69859999505975,RECONSTRUCTED
2025-12-11,ICICIBANK,22.727285825905422,RECONSTRUCTED
2025-12-11,IDFCFIRSTB,3.035187771703701,RECONSTRUCTED
2025-12-11,INDUSINDBK,3.2996411808926416,RECONSTRUCTED
2025-12-11,KOTAKBANK,9.061261712520997,RECONSTRUCTED
2025-12-11,PNB,2.4298972265613967,RECONSTRUCTED
2025-12-11,SBIN,9.362430058053674,RECONSTRUCTED
2025-12-12,AUBANK,3.2521665182872903,RECONSTRUCTED
2025-12-12,AXISBANK,9.200456032842077,RECONSTRUCTED
2025-12-12,BANKBARODA,3.140046691693383,RECONSTRUCTED
2025-12-12,CANBK,2.958393313587395,RECONSTRUCTED
2025-12-12,FEDERALBNK,3.8430866256665626,RECONSTRUCTED
2025-12-12,HDFCBANK,27.64771902416636,RECONSTRUCTED
2025-12-12,ICICIBANK,22.75831807026305,RECONSTRUCTED
2025-12-12,IDFCFIRSTB,3.089046939439036,RECONSTRUCTED
2025-12-12,INDUSINDBK,3.331366741061682,RECONSTRUCTED
2025-12-12,KOTAKBANK,9.018862042527005,RECONSTRUCTED
2025-12-12,PNB,2.4274725798454515,RECONSTRUCTED
2025-12-12,SBIN,9.333065420620724,RECONSTRUCTED
2025-12-15,AUBANK,3.2851454380769933,RECONSTRUCTED
2025-12-15,AXISBANK,9.180046505754294,RECONSTRUCTED
2025-12-15,BANKBARODA,3.1434174799104104,RECONSTRUCTED
2025-12-15,CANBK,2.988268621231795,RECONSTRUCTED
2025-12-15,FEDERALBNK,3.8957203905838766,RECONSTRUCTED
2025-12-15,HDFCBANK,27.46540393526089,RECONSTRUCTED
2025-12-15,ICICIBANK,22.71749582153737,RECONSTRUCTED
2025-12-15,IDFCFIRSTB,3.14455216005047,RECONSTRUCTED
2025-12-15,INDUSINDBK,3.347394699294058,RECONSTRUCTED
2025-12-15,KOTAKBANK,9.02741160332494,RECONSTRUCTED
2025-12-15,PNB,2.4436778662310568,RECONSTRUCTED
2025-12-15,SBIN,9.36146547874385,RECONSTRUCTED
2025-12-16,AUBANK,3.3141612235147617,RECONSTRUCTED
2025-12-16,AXISBANK,8.777256486416833,RECONSTRUCTED
2025-12-16,BANKBARODA,3.1411817155441564,RECONSTRUCTED
2025-12-16,CANBK,2.987164250168945,RECONSTRUCTED
2025-12-16,FEDERALBNK,3.8787975091119113,RECONSTRUCTED
2025-12-16,HDFCBANK,27.61420397033479,RECONSTRUCTED
2025-12-16,ICICIBANK,22.89533026031842,RECONSTRUCTED
2025-12-16,IDFCFIRSTB,3.1518284641150114,RECONSTRUCTED
2025-12-16,INDUSINDBK,3.3470655612680043,RECONSTRUCTED
2025-12-16,KOTAKBANK,9.097336117375178,RECONSTRUCTED
2025-12-16,PNB,2.425918132905734,RECONSTRUCTED
2025-12-16,SBIN,9.369756308926254,RECONSTRUCTED
2025-12-17,AUBANK,3.3530666571237084,RECONSTRUCTED
2025-12-17,AXISBANK,8.830081312712686,RECONSTRUCTED
2025-12-17,BANKBARODA,3.199774996966819,RECONSTRUCTED
2025-12-17,CANBK,3.054444972967032,RECONSTRUCTED
2025-12-17,FEDERALBNK,3.9066407967269776,RECONSTRUCTED
2025-12-17,HDFCBANK,27.37813468898148,RECONSTRUCTED
2025-12-17,ICICIBANK,22.708843751682192,RECONSTRUCTED
2025-12-17,IDFCFIRSTB,3.176131989552986,RECONSTRUCTED
2025-12-17,INDUSINDBK,3.3087458001564354,RECONSTRUCTED
2025-12-17,KOTAKBANK,9.07555609336164,RECONSTRUCTED
2025-12-17,PNB,2.478119549822825,RECONSTRUCTED
2025-12-17,SBIN,9.530459389945213,RECONSTRUCTED
2025-12-18,AUBANK,3.3448826083536387,RECONSTRUCTED
2025-12-18,AXISBANK,8.868943911642596,RECONSTRUCTED
2025-12-18,BANKBARODA,3.206093446033228,RECONSTRUCTED
2025-12-18,CANBK,3.047436386020544,RECONSTRUCTED
2025-12-18,FEDERALBNK,3.9342445879569214,RECONSTRUCTED
2025-12-18,HDFCBANK,27.264921716747192,RECONSTRUCTED
2025-12-18,ICICIBANK,22.788099529992067,RECONSTRUCTED
2025-12-18,IDFCFIRSTB,3.170826120165928,RECONSTRUCTED
2025-12-18,INDUSINDBK,3.313693548414371,RECONSTRUCTED
2025-12-18,KOTAKBANK,9.04177278652436,RECONSTRUCTED
2025-12-18,PNB,2.4697718821825503,RECONSTRUCTED
2025-12-18,SBIN,9.549313475966594,RECONSTRUCTED
2025-12-19,AUBANK,3.327582363124231,RECONSTRUCTED
2025-12-19,AXISBANK,8.851216004975758,RECONSTRUCTED
2025-12-19,BANKBARODA,3.2414456521962056,RECONSTRUCTED
2025-12-19,CANBK,3.014011140810463,RECONSTRUCTED
2025-12-19,FEDERALBNK,3.960050805728753,RECONSTRUCTED
2025-12-19,HDFCBANK,27.35372058009069,RECONSTRUCTED
2025-12-19,ICICIBANK,22.68253675866524,RECONSTRUCTED
2025-12-19,IDFCFIRSTB,3.1960215827913223,RECONSTRUCTED
2025-12-19,INDUSINDBK,3.343712974565248,RECONSTRUCTED
2025-12-19,KOTAKBANK,8.996586683274488,RECONSTRUCTED
2025-12-19,PNB,2.482292405680039,RECONSTRUCTED
2025-12-19,SBIN,9.550823048097566,RECONSTRUCTED
2025-12-22,AUBANK,3.312050627217729,RECONSTRUCTED
2025-12-22,AXISBANK,8.834793724094204,RECONSTRUCTED
2025-12-22,BANKBARODA,3.250167481888483,RECONSTRUCTED
2025-12-22,CANBK,3.036828940905121,RECONSTRUCTED
2025-12-22,FEDERALBNK,3.963513422201928,RECONSTRUCTED
2025-12-22,HDFCBANK,27.306227834521373,RECONSTRUCTED
2025-12-22,ICICIBANK,22.83297821767486,RECONSTRUCTED
2025-12-22,IDFCFIRSTB,3.20855316077686,RECONSTRUCTED
2025-12-22,INDUSINDBK,3.3766031446711544,RECONSTRUCTED
2025-12-22,KOTAKBANK,8.920295970988743,RECONSTRUCTED
2025-12-22,PNB,2.503208716326272,RECONSTRUCTED
2025-12-22,SBIN,9.454778758733278,RECONSTRUCTED
2025-12-23,AUBANK,3.298505020798348,RECONSTRUCTED
2025-12-23,AXISBANK,8.776709578230077,RECONSTRUCTED
2025-12-23,BANKBARODA,3.2338285900068944,RECONSTRUCTED
2025-12-23,CANBK,3.035440996803433,RECONSTRUCTED
2025-12-23,FEDERALBNK,3.9093219028685366,RECONSTRUCTED
2025-12-23,HDFCBANK,27.554353293854355,RECONSTRUCTED
2025-12-23,ICICIBANK,22.74292420344069,RECONSTRUCTED
2025-12-23,IDFCFIRSTB,3.195636592798875,RECONSTRUCTED
2025-12-23,INDUSINDBK,3.3512276421042304,RECONSTRUCTED
2025-12-23,KOTAKBANK,8.97491621466016,RECONSTRUCTED
2025-12-23,PNB,2.494936537034822,RECONSTRUCTED
2025-12-23,SBIN,9.43219942739958,RECONSTRUCTED
2025-12-24,AUBANK,3.2837301871587656,RECONSTRUCTED
2025-12-24,AXISBANK,8.803240509663613,RECONSTRUCTED
2025-12-24,BANKBARODA,3.218564419084506,RECONSTRUCTED
2025-12-24,CANBK,3.030253776214906,RECONSTRUCTED
2025-12-24,FEDERALBNK,3.862384895680979,RECONSTRUCTED
2025-12-24,HDFCBANK,27.624971656328228,RECONSTRUCTED
2025-12-24,ICICIBANK,22.73399451312001,RECONSTRUCTED
2025-12-24,IDFCFIRSTB,3.173269760845373,RECONSTRUCTED
2025-12-24,INDUSINDBK,3.350485606321215,RECONSTRUCTED
2025-12-24,KOTAKBANK,8.99666139344943,RECONSTRUCTED
2025-12-24,PNB,2.5004459462264417,RECONSTRUCTED
2025-12-24,SBIN,9.421997335906513,RECONSTRUCTED
2025-12-26,AUBANK,3.2963574322702915,RECONSTRUCTED
2025-12-26,AXISBANK,8.842612968379726,RECONSTRUCTED
2025-12-26,BANKBARODA,3.2018507100087605,RECONSTRUCTED
2025-12-26,CANBK,3.0472204793732294,RECONSTRUCTED
2025-12-26,FEDERALBNK,3.8773581275376015,RECONSTRUCTED
2025-12-26,HDFCBANK,27.56390454035058,RECONSTRUCTED
2025-12-26,ICICIBANK,22.642731936020898,RECONSTRUCTED
2025-12-26,IDFCFIRSTB,3.2157777657605275,RECONSTRUCTED
2025-12-26,INDUSINDBK,3.3673966886032183,RECONSTRUCTED
2025-12-26,KOTAKBANK,9.02500536078579,RECONSTRUCTED
2025-12-26,PNB,2.4961311828541004,RECONSTRUCTED
2025-12-26,SBIN,9.423652808055264,RECONSTRUCTED
2025-12-29,AUBANK,3.3403877147741188,RECONSTRUCTED
2025-12-29,AXISBANK,8.88186254610675,RECONSTRUCTED
2025-12-29,BANKBARODA,3.199468026143763,RECONSTRUCTED
2025-12-29,CANBK,3.0685878483971223,RECONSTRUCTED
2025-12-29,FEDERALBNK,3.895892546923904,RECONSTRUCTED
2025-12-29,HDFCBANK,27.589726757575946,RECONSTRUCTED
2025-12-29,ICICIBANK,22.553879085527846,RECONSTRUCTED
2025-12-29,IDFCFIRSTB,3.1981469885367897,RECONSTRUCTED
2025-12-29,INDUSINDBK,3.331242469531121,RECONSTRUCTED
2025-12-29,KOTAKBANK,9.013719626518585,RECONSTRUCTED
2025-12-29,PNB,2.503007287923688,RECONSTRUCTED
2025-12-29,SBIN,9.424079102040364,RECONSTRUCTED
2025-12-30,AUBANK,3.359942260230238,RECONSTRUCTED
2025-12-30,AXISBANK,8.946516256642873,RECONSTRUCTED
2025-12-30,BANKBARODA,3.2463777545668044,RECONSTRUCTED
2025-12-30,CANBK,3.11917450422554,RECONSTRUCTED
2025-12-30,FEDERALBNK,3.949527007022,RECONSTRUCTED
2025-12-30,HDFCBANK,27.45614101783056,RECONSTRUCTED
2025-12-30,ICICIBANK,22.44941543228716,RECONSTRUCTED
2025-12-30,IDFCFIRSTB,3.1961578389433845,RECONSTRUCTED
2025-12-30,INDUSINDBK,3.325297328419041,RECONSTRUCTED
2025-12-30,KOTAKBANK,8.952780309302964,RECONSTRUCTED
2025-12-30,PNB,2.5309521764562795,RECONSTRUCTED
2025-12-30,SBIN,9.46771811407316,RECONSTRUCTED
2025-12-31,AUBANK,3.6,OFFICIAL
2025-12-31,AXISBANK,9.29,OFFICIAL
2025-12-31,BANKBARODA,3.49,OFFICIAL
2025-12-31,CANBK,3.34,OFFICIAL
2025-12-31,FEDERALBNK,4.31,OFFICIAL
2025-12-31,HDFCBANK,25.14,OFFICIAL
2025-12-31,ICICIBANK,20.17,OFFICIAL
2025-12-31,IDFCFIRSTB,3.59,OFFICIAL
2025-12-31,INDUSINDBK,3.69,OFFICIAL
2025-12-31,KOTAKBANK,9.23,OFFICIAL
2025-12-31,PNB,2.85,OFFICIAL
2025-12-31,SBIN,9.63,OFFICIAL
2025-12-31,UNIONBANK,0.8,OFFICIAL
2025-12-31,YESBANK,0.87,OFFICIAL
2026-01-01,AUBANK,3.683912762482533,RECONSTRUCTED
2026-01-01,AXISBANK,10.772685365077036,RECONSTRUCTED
2026-01-01,BANKBARODA,3.830449872777359,RECONSTRUCTED
2026-01-01,CANBK,3.191688446446698,RECONSTRUCTED
2026-01-01,FEDERALBNK,5.408113434877309,RECONSTRUCTED
2026-01-01,HDFCBANK,20.579120874618848,RECONSTRUCTED
2026-01-01,ICICIBANK,18.352420745701554,RECONSTRUCTED
2026-01-01,IDFCFIRSTB,3.678629314423374,RECONSTRUCTED
2026-01-01,INDUSINDBK,4.1642165125465285,RECONSTRUCTED
2026-01-01,KOTAKBANK,8.114604915155468,RECONSTRUCTED
2026-01-01,PNB,3.181716971209146,RECONSTRUCTED
2026-01-01,SBIN,11.361463266204376,RECONSTRUCTED
2026-01-01,UNIONBANK,1.9827624501425736,RECONSTRUCTED
2026-01-01,YESBANK,1.6982150683371964,RECONSTRUCTED
2026-01-02,AUBANK,3.7119780481268014,RECONSTRUCTED
2026-01-02,AXISBANK,10.918469425308704,RECONSTRUCTED
2026-01-02,BANKBARODA,3.805035631848715,RECONSTRUCTED
2026-01-02,CANBK,3.202761236095788,RECONSTRUCTED
2026-01-02,FEDERALBNK,5.434752916772728,RECONSTRUCTED
2026-01-02,HDFCBANK,20.518530917215287,RECONSTRUCTED
2026-01-02,ICICIBANK,18.253928337226483,RECONSTRUCTED
2026-01-02,IDFCFIRSTB,3.693096137929005,RECONSTRUCTED
2026-01-02,INDUSINDBK,4.138777709273482,RECONSTRUCTED
2026-01-02,KOTAKBANK,8.260565607202167,RECONSTRUCTED
2026-01-02,PNB,3.1697357192995863,RECONSTRUCTED
2026-01-02,SBIN,11.28472130705959,RECONSTRUCTED
2026-01-02,UNIONBANK,1.957991123735818,RECONSTRUCTED
2026-01-02,YESBANK,1.649655882905847,RECONSTRUCTED
2026-01-05,AUBANK,3.654119617660814,RECONSTRUCTED
2026-01-05,AXISBANK,10.7550719096997,RECONSTRUCTED
2026-01-05,BANKBARODA,3.7816929816140687,RECONSTRUCTED
2026-01-05,CANBK,3.2151828962435824,RECONSTRUCTED
2026-01-05,FEDERALBNK,5.499205442511921,RECONSTRUCTED
2026-01-05,HDFCBANK,21.01872890228127,RECONSTRUCTED
2026-01-05,ICICIBANK,18.03477365888375,RECONSTRUCTED
2026-01-05,IDFCFIRSTB,3.7351356053634657,RECONSTRUCTED
2026-01-05,INDUSINDBK,4.149153570800325,RECONSTRUCTED
2026-01-05,KOTAKBANK,8.274165654274062,RECONSTRUCTED
2026-01-05,PNB,3.1757197492596743,RECONSTRUCTED
2026-01-05,SBIN,11.20762529059634,RECONSTRUCTED
2026-01-05,UNIONBANK,1.8892233239305625,RECONSTRUCTED
2026-01-05,YESBANK,1.6102013968804587,RECONSTRUCTED
2026-01-06,AUBANK,3.680807758142956,RECONSTRUCTED
2026-01-06,AXISBANK,10.70086461390557,RECONSTRUCTED
2026-01-06,BANKBARODA,3.808383251335712,RECONSTRUCTED
2026-01-06,CANBK,3.2262021080350824,RECONSTRUCTED
2026-01-06,FEDERALBNK,5.656733987844762,RECONSTRUCTED
2026-01-06,HDFCBANK,21.3775104943848,RECONSTRUCTED
2026-01-06,ICICIBANK,17.547579389387632,RECONSTRUCTED
2026-01-06,IDFCFIRSTB,3.748258738810015,RECONSTRUCTED
2026-01-06,INDUSINDBK,4.088953649126909,RECONSTRUCTED
2026-01-06,KOTAKBANK,8.45542312468249,RECONSTRUCTED
2026-01-06,PNB,3.169490235753975,RECONSTRUCTED
2026-01-06,SBIN,11.073501199897628,RECONSTRUCTED
2026-01-06,UNIONBANK,1.8528244391491933,RECONSTRUCTED
2026-01-06,YESBANK,1.613467009543285,RECONSTRUCTED
2026-01-07,AUBANK,3.688712538372034,RECONSTRUCTED
2026-01-07,AXISBANK,10.66518204585474,RECONSTRUCTED
2026-01-07,BANKBARODA,3.7612161599092615,RECONSTRUCTED
2026-01-07,CANBK,3.2390345020511377,RECONSTRUCTED
2026-01-07,FEDERALBNK,5.604886096193768,RECONSTRUCTED
2026-01-07,HDFCBANK,21.629828217999016,RECONSTRUCTED
2026-01-07,ICICIBANK,17.309658948493155,RECONSTRUCTED
2026-01-07,IDFCFIRSTB,3.75529454961433,RECONSTRUCTED
2026-01-07,INDUSINDBK,4.155211016865867,RECONSTRUCTED
2026-01-07,KOTAKBANK,8.447747530080155,RECONSTRUCTED
2026-01-07,PNB,3.157787063954133,RECONSTRUCTED
2026-01-07,SBIN,11.18000606437064,RECONSTRUCTED
2026-01-07,UNIONBANK,1.8425136772213675,RECONSTRUCTED
2026-01-07,YESBANK,1.5629215890204031,RECONSTRUCTED
2026-01-08,AUBANK,3.7115305356915935,RECONSTRUCTED
2026-01-08,AXISBANK,10.669812171718766,RECONSTRUCTED
2026-01-08,BANKBARODA,3.846131943356638,RECONSTRUCTED
2026-01-08,CANBK,3.272159850683876,RECONSTRUCTED
2026-01-08,FEDERALBNK,5.630640567613397,RECONSTRUCTED
2026-01-08,HDFCBANK,21.54725259896588,RECONSTRUCTED
2026-01-08,ICICIBANK,17.11337370693649,RECONSTRUCTED
2026-01-08,IDFCFIRSTB,3.659289496723256,RECONSTRUCTED
2026-01-08,INDUSINDBK,4.196400965233067,RECONSTRUCTED
2026-01-08,KOTAKBANK,8.437950152027728,RECONSTRUCTED
2026-01-08,PNB,3.2112742170550943,RECONSTRUCTED
2026-01-08,SBIN,11.211605041800572,RECONSTRUCTED
2026-01-08,UNIONBANK,1.8861596732837853,RECONSTRUCTED
2026-01-08,YESBANK,1.60641907890988,RECONSTRUCTED
2026-01-09,AUBANK,3.662163495633778,RECONSTRUCTED
2026-01-09,AXISBANK,10.726607451042687,RECONSTRUCTED
2026-01-09,BANKBARODA,3.8081491596069896,RECONSTRUCTED
2026-01-09,CANBK,3.2500149387292487,RECONSTRUCTED
2026-01-09,FEDERALBNK,5.605370419532766,RECONSTRUCTED
2026-01-09,HDFCBANK,21.588395300458146,RECONSTRUCTED
2026-01-09,ICICIBANK,17.378381311629887,RECONSTRUCTED
2026-01-09,IDFCFIRSTB,3.639416785230887,RECONSTRUCTED
2026-01-09,INDUSINDBK,4.175889185439164,RECONSTRUCTED
2026-01-09,KOTAKBANK,8.409745644695562,RECONSTRUCTED
2026-01-09,PNB,3.188899971734365,RECONSTRUCTED
2026-01-09,SBIN,11.113808556471891,RECONSTRUCTED
2026-01-09,UNIONBANK,1.865149566795516,RECONSTRUCTED
2026-01-09,YESBANK,1.5880082129990936,RECONSTRUCTED
2026-01-12,AUBANK,3.6433227394155305,RECONSTRUCTED
2026-01-12,AXISBANK,10.744687059858975,RECONSTRUCTED
2026-01-12,BANKBARODA,3.801565783224789,RECONSTRUCTED
2026-01-12,CANBK,3.2724267907678155,RECONSTRUCTED
2026-01-12,FEDERALBNK,5.677905468100369,RECONSTRUCTED
2026-01-12,HDFCBANK,21.709578827037447,RECONSTRUCTED
2026-01-12,ICICIBANK,17.329187811142358,RECONSTRUCTED
2026-01-12,IDFCFIRSTB,3.7048441157662926,RECONSTRUCTED
2026-01-12,INDUSINDBK,4.082799147333016,RECONSTRUCTED
2026-01-12,KOTAKBANK,8.412777423174855,RECONSTRUCTED
2026-01-12,PNB,3.193044305879339,RECONSTRUCTED
2026-01-12,SBIN,10.99085883420203,RECONSTRUCTED
2026-01-12,UNIONBANK,1.851893788439224,RECONSTRUCTED
2026-01-12,YESBANK,1.585107905657967,RECONSTRUCTED
2026-01-13,AUBANK,3.782249238513692,RECONSTRUCTED
2026-01-13,AXISBANK,10.861606346970266,RECONSTRUCTED
2026-01-13,BANKBARODA,3.810551813526703,RECONSTRUCTED
2026-01-13,CANBK,3.25811992838236,RECONSTRUCTED
2026-01-13,FEDERALBNK,5.76682480225984,RECONSTRUCTED
2026-01-13,HDFCBANK,21.72641579635261,RECONSTRUCTED
2026-01-13,ICICIBANK,17.06146646883681,RECONSTRUCTED
2026-01-13,IDFCFIRSTB,3.7902287393401934,RECONSTRUCTED
2026-01-13,INDUSINDBK,4.064814729621351,RECONSTRUCTED
2026-01-13,KOTAKBANK,8.425661904498206,RECONSTRUCTED
2026-01-13,PNB,3.16196892239697,RECONSTRUCTED
2026-01-13,SBIN,10.86177366960381,RECONSTRUCTED
2026-01-13,UNIONBANK,1.8294650913713832,RECONSTRUCTED
2026-01-13,YESBANK,1.5988525483257978,RECONSTRUCTED
2026-01-14,AUBANK,3.7722774477087953,RECONSTRUCTED
2026-01-14,AXISBANK,10.573680322009922,RECONSTRUCTED
2026-01-14,BANKBARODA,3.7451276465480574,RECONSTRUCTED
2026-01-14,CANBK,3.1999694390005544,RECONSTRUCTED
2026-01-14,FEDERALBNK,5.835001366360179,RECONSTRUCTED
2026-01-14,HDFCBANK,22.047125352580004,RECONSTRUCTED
2026-01-14,ICICIBANK,17.317671515918203,RECONSTRUCTED
2026-01-14,IDFCFIRSTB,3.792320314626154,RECONSTRUCTED
2026-01-14,INDUSINDBK,3.9260666943984734,RECONSTRUCTED
2026-01-14,KOTAKBANK,8.552171186147394,RECONSTRUCTED
2026-01-14,PNB,3.065495885507713,RECONSTRUCTED
2026-01-14,SBIN,10.883235843091212,RECONSTRUCTED
2026-01-14,UNIONBANK,1.6991685514730113,RECONSTRUCTED
2026-01-14,YESBANK,1.5906884346303405,RECONSTRUCTED
2026-01-16,AUBANK,3.628494284740437,RECONSTRUCTED
2026-01-16,AXISBANK,10.719578447763972,RECONSTRUCTED
2026-01-16,BANKBARODA,3.7766060162282367,RECONSTRUCTED
2026-01-16,CANBK,3.165976769872826,RECONSTRUCTED
2026-01-16,FEDERALBNK,5.384173319148935,RECONSTRUCTED
2026-01-16,HDFCBANK,22.13702369299084,RECONSTRUCTED
2026-01-16,ICICIBANK,17.588684319981677,RECONSTRUCTED
2026-01-16,IDFCFIRSTB,3.798111072381922,RECONSTRUCTED
2026-01-16,INDUSINDBK,3.9272645209367583,RECONSTRUCTED
2026-01-16,KOTAKBANK,8.69731212700265,RECONSTRUCTED
2026-01-16,PNB,3.0106869851514086,RECONSTRUCTED
2026-01-16,SBIN,10.847179849138398,RECONSTRUCTED
2026-01-16,UNIONBANK,1.7469161697133202,RECONSTRUCTED
2026-01-16,YESBANK,1.5719924249486106,RECONSTRUCTED
2026-01-19,AUBANK,3.635117937532669,RECONSTRUCTED
2026-01-19,AXISBANK,10.583775382958937,RECONSTRUCTED
2026-01-19,BANKBARODA,3.780571435548461,RECONSTRUCTED
2026-01-19,CANBK,3.163427336753624,RECONSTRUCTED
2026-01-19,FEDERALBNK,5.189140843337453,RECONSTRUCTED
2026-01-19,HDFCBANK,22.1573380600679,RECONSTRUCTED
2026-01-19,ICICIBANK,17.928097001213445,RECONSTRUCTED
2026-01-19,IDFCFIRSTB,3.819069315730037,RECONSTRUCTED
2026-01-19,INDUSINDBK,3.934062906402369,RECONSTRUCTED
2026-01-19,KOTAKBANK,8.498576002900661,RECONSTRUCTED
2026-01-19,PNB,3.104173700218981,RECONSTRUCTED
2026-01-19,SBIN,10.860457424646478,RECONSTRUCTED
2026-01-19,UNIONBANK,1.7299394368717032,RECONSTRUCTED
2026-01-19,YESBANK,1.616253215817278,RECONSTRUCTED
2026-01-20,AUBANK,3.673616336041028,RECONSTRUCTED
2026-01-20,AXISBANK,10.603012155788177,RECONSTRUCTED
2026-01-20,BANKBARODA,3.810153711571844,RECONSTRUCTED
2026-01-20,CANBK,3.200118949003251,RECONSTRUCTED
2026-01-20,FEDERALBNK,5.264306504728356,RECONSTRUCTED
2026-01-20,HDFCBANK,21.882108696202465,RECONSTRUCTED
2026-01-20,ICICIBANK,17.830359039161202,RECONSTRUCTED
2026-01-20,IDFCFIRSTB,3.8325355852244094,RECONSTRUCTED
2026-01-20,INDUSINDBK,4.091346443906332,RECONSTRUCTED
2026-01-20,KOTAKBANK,8.484470393744198,RECONSTRUCTED
2026-01-20,PNB,3.132289776608701,RECONSTRUCTED
2026-01-20,SBIN,10.784468898319062,RECONSTRUCTED
2026-01-20,UNIONBANK,1.731112936921387,RECONSTRUCTED
2026-01-20,YESBANK,1.6801005727795884,RECONSTRUCTED
2026-01-21,AUBANK,3.661290868092794,RECONSTRUCTED
2026-01-21,AXISBANK,10.570699232269291,RECONSTRUCTED
2026-01-21,BANKBARODA,3.811139762810938,RECONSTRUCTED
2026-01-21,CANBK,3.230536809168904,RECONSTRUCTED
2026-01-21,FEDERALBNK,5.159554734651,RECONSTRUCTED
2026-01-21,HDFCBANK,21.925852968986472,RECONSTRUCTED
2026-01-21,ICICIBANK,18.00863618248919,RECONSTRUCTED
2026-01-21,IDFCFIRSTB,3.822459242033424,RECONSTRUCTED
2026-01-21,INDUSINDBK,4.042826056400156,RECONSTRUCTED
2026-01-21,KOTAKBANK,8.44622072324813,RECONSTRUCTED
2026-01-21,PNB,3.146513973770344,RECONSTRUCTED
2026-01-21,SBIN,10.760585212537435,RECONSTRUCTED
2026-01-21,UNIONBANK,1.7467674139877976,RECONSTRUCTED
2026-01-21,YESBANK,1.6669168195541495,RECONSTRUCTED
2026-01-22,AUBANK,3.667291643971212,RECONSTRUCTED
2026-01-22,AXISBANK,10.56673671684069,RECONSTRUCTED
2026-01-22,BANKBARODA,3.760472877306573,RECONSTRUCTED
2026-01-22,CANBK,3.171737421843157,RECONSTRUCTED
2026-01-22,FEDERALBNK,5.085014484343414,RECONSTRUCTED
2026-01-22,HDFCBANK,22.126174671293,RECONSTRUCTED
2026-01-22,ICICIBANK,18.18777700735008,RECONSTRUCTED
2026-01-22,IDFCFIRSTB,3.7274537504874687,RECONSTRUCTED
2026-01-22,INDUSINDBK,4.093658344640256,RECONSTRUCTED
2026-01-22,KOTAKBANK,8.42023052375431,RECONSTRUCTED
2026-01-22,PNB,3.139939863052526,RECONSTRUCTED
2026-01-22,SBIN,10.63574233568127,RECONSTRUCTED
2026-01-22,UNIONBANK,1.736310762755109,RECONSTRUCTED
2026-01-22,YESBANK,1.681459596680928,RECONSTRUCTED
2026-01-23,AUBANK,3.747813732591384,RECONSTRUCTED
2026-01-23,AXISBANK,10.731953421508091,RECONSTRUCTED
2026-01-23,BANKBARODA,3.8253688958065952,RECONSTRUCTED
2026-01-23,CANBK,3.1889432085694938,RECONSTRUCTED
2026-01-23,FEDERALBNK,5.083489166990641,RECONSTRUCTED
2026-01-23,HDFCBANK,21.89540603195092,RECONSTRUCTED
2026-01-23,ICICIBANK,17.975201894470025,RECONSTRUCTED
2026-01-23,IDFCFIRSTB,3.7317661477165234,RECONSTRUCTED
2026-01-23,INDUSINDBK,4.084761090829804,RECONSTRUCTED
2026-01-23,KOTAKBANK,8.371714685246292,RECONSTRUCTED
2026-01-23,PNB,3.227594080344867,RECONSTRUCTED
2026-01-23,SBIN,10.687190874175174,RECONSTRUCTED
2026-01-23,UNIONBANK,1.7332716952191192,RECONSTRUCTED
2026-01-23,YESBANK,1.7155250745810895,RECONSTRUCTED
2026-01-27,AUBANK,3.806498698898188,RECONSTRUCTED
2026-01-27,AXISBANK,10.393681524409429,RECONSTRUCTED
2026-01-27,BANKBARODA,3.7999509700803022,RECONSTRUCTED
2026-01-27,CANBK,3.1695716166822048,RECONSTRUCTED
2026-01-27,FEDERALBNK,5.033803335451973,RECONSTRUCTED
2026-01-27,HDFCBANK,21.932956406936484,RECONSTRUCTED
2026-01-27,ICICIBANK,17.967732145059053,RECONSTRUCTED
2026-01-27,IDFCFIRSTB,3.757106848175874,RECONSTRUCTED
2026-01-27,INDUSINDBK,4.127135566855703,RECONSTRUCTED
2026-01-27,KOTAKBANK,8.772929161472156,RECONSTRUCTED
2026-01-27,PNB,3.195023600664036,RECONSTRUCTED
2026-01-27,SBIN,10.582774333947151,RECONSTRUCTED
2026-01-27,UNIONBANK,1.7313145100915888,RECONSTRUCTED
2026-01-27,YESBANK,1.7295212812758494,RECONSTRUCTED
2026-01-28,AUBANK,3.837728491364594,RECONSTRUCTED
2026-01-28,AXISBANK,10.434184247954695,RECONSTRUCTED
2026-01-28,BANKBARODA,3.7738712909412175,RECONSTRUCTED
2026-01-28,CANBK,3.130491664063398,RECONSTRUCTED
2026-01-28,FEDERALBNK,5.077691428466673,RECONSTRUCTED
2026-01-28,HDFCBANK,21.936185803485017,RECONSTRUCTED
2026-01-28,ICICIBANK,18.009245469773614,RECONSTRUCTED
2026-01-28,IDFCFIRSTB,3.80921719395673,RECONSTRUCTED
2026-01-28,INDUSINDBK,4.123782109321083,RECONSTRUCTED
2026-01-28,KOTAKBANK,8.754633558413923,RECONSTRUCTED
2026-01-28,PNB,3.177170862124707,RECONSTRUCTED
2026-01-28,SBIN,10.55260348038978,RECONSTRUCTED
2026-01-28,UNIONBANK,1.6789506432268495,RECONSTRUCTED
2026-01-28,YESBANK,1.7042437565177089,RECONSTRUCTED
2026-01-29,AUBANK,3.760298568880317,RECONSTRUCTED
2026-01-29,AXISBANK,10.157243265577469,RECONSTRUCTED
2026-01-29,BANKBARODA,3.842967579608741,RECONSTRUCTED
2026-01-29,CANBK,3.304194889540894,RECONSTRUCTED
2026-01-29,FEDERALBNK,5.0513957455356255,RECONSTRUCTED
2026-01-29,HDFCBANK,21.998209722001896,RECONSTRUCTED
2026-01-29,ICICIBANK,17.90621726837029,RECONSTRUCTED
2026-01-29,IDFCFIRSTB,3.806668106146914,RECONSTRUCTED
2026-01-29,INDUSINDBK,4.163092464587415,RECONSTRUCTED
2026-01-29,KOTAKBANK,8.805743191846778,RECONSTRUCTED
2026-01-29,PNB,3.176583225209661,RECONSTRUCTED
2026-01-29,SBIN,10.58733165693798,RECONSTRUCTED
2026-01-29,UNIONBANK,1.7121862280011046,RECONSTRUCTED
2026-01-29,YESBANK,1.7278680877549288,RECONSTRUCTED
2026-01-30,AUBANK,3.76,OFFICIAL
2026-01-30,AXISBANK,10.05,OFFICIAL
2026-01-30,BANKBARODA,3.86,OFFICIAL
2026-01-30,CANBK,3.35,OFFICIAL
2026-01-30,FEDERALBNK,5.02,OFFICIAL
2026-01-30,HDFCBANK,22.02,OFFICIAL
2026-01-30,ICICIBANK,18.18,OFFICIAL
2026-01-30,IDFCFIRSTB,3.78,OFFICIAL
2026-01-30,INDUSINDBK,4.15,OFFICIAL
2026-01-30,KOTAKBANK,8.85,OFFICIAL
2026-01-30,PNB,3.16,OFFICIAL
2026-01-30,SBIN,10.42,OFFICIAL
2026-01-30,UNIONBANK,1.69,OFFICIAL
2026-01-30,YESBANK,1.71,OFFICIAL
2026-02-02,AUBANK,3.787986921741514,RECONSTRUCTED
2026-02-02,AXISBANK,10.104835171061112,RECONSTRUCTED
2026-02-02,BANKBARODA,4.972049379652217,RECONSTRUCTED
2026-02-02,CANBK,4.036865848863117,RECONSTRUCTED
2026-02-02,FEDERALBNK,5.699461469613557,RECONSTRUCTED
2026-02-02,HDFCBANK,18.14463027696632,RECONSTRUCTED
2026-02-02,ICICIBANK,15.839447136769994,RECONSTRUCTED
2026-02-02,IDFCFIRSTB,3.1381131295991604,RECONSTRUCTED
2026-02-02,INDUSINDBK,4.77954159186148,RECONSTRUCTED
2026-02-02,KOTAKBANK,8.976071277307787,RECONSTRUCTED
2026-02-02,PNB,3.4747445890014537,RECONSTRUCTED
2026-02-02,SBIN,12.019461817679831,RECONSTRUCTED
2026-02-02,UNIONBANK,2.869540207519902,RECONSTRUCTED
2026-02-02,YESBANK,2.157251182362561,RECONSTRUCTED
2026-02-03,AUBANK,3.811128722040624,RECONSTRUCTED
2026-02-03,AXISBANK,10.005661306183915,RECONSTRUCTED
2026-02-03,BANKBARODA,4.951911972251252,RECONSTRUCTED
2026-02-03,CANBK,4.109077382509391,RECONSTRUCTED
2026-02-03,FEDERALBNK,5.750020018997095,RECONSTRUCTED
2026-02-03,HDFCBANK,18.175481606582466,RECONSTRUCTED
2026-02-03,ICICIBANK,15.787906440809962,RECONSTRUCTED
2026-02-03,IDFCFIRSTB,3.07537617102836,RECONSTRUCTED
2026-02-03,INDUSINDBK,4.829471317876796,RECONSTRUCTED
2026-02-03,KOTAKBANK,9.022913383710012,RECONSTRUCTED
2026-02-03,PNB,3.5050545953036325,RECONSTRUCTED
2026-02-03,SBIN,11.896589751160178,RECONSTRUCTED
2026-02-03,UNIONBANK,2.882962974054953,RECONSTRUCTED
2026-02-03,YESBANK,2.196444357491348,RECONSTRUCTED
2026-02-04,AUBANK,3.828350791293737,RECONSTRUCTED
2026-02-04,AXISBANK,10.16827042714988,RECONSTRUCTED
2026-02-04,BANKBARODA,4.874371451225846,RECONSTRUCTED
2026-02-04,CANBK,4.117501769497465,RECONSTRUCTED
2026-02-04,FEDERALBNK,5.729933076817783,RECONSTRUCTED
2026-02-04,HDFCBANK,18.148352720972284,RECONSTRUCTED
2026-02-04,ICICIBANK,15.627172577860708,RECONSTRUCTED
2026-02-04,IDFCFIRSTB,3.0745195688144533,RECONSTRUCTED
2026-02-04,INDUSINDBK,4.85041244341812,RECONSTRUCTED
2026-02-04,KOTAKBANK,9.126958664843311,RECONSTRUCTED
2026-02-04,PNB,3.5220260670536385,RECONSTRUCTED
2026-02-04,SBIN,11.889237167230108,RECONSTRUCTED
2026-02-04,UNIONBANK,2.8640940134345017,RECONSTRUCTED
2026-02-04,YESBANK,2.178799260388168,RECONSTRUCTED
2026-02-05,AUBANK,3.799521895081489,RECONSTRUCTED
2026-02-05,AXISBANK,10.205401637351152,RECONSTRUCTED
2026-02-05,BANKBARODA,4.869266615090209,RECONSTRUCTED
2026-02-05,CANBK,4.0856506176399465,RECONSTRUCTED
2026-02-05,FEDERALBNK,5.7120851171718,RECONSTRUCTED
2026-02-05,HDFCBANK,18.16922936724285,RECONSTRUCTED
2026-02-05,ICICIBANK,15.722179959659304,RECONSTRUCTED
2026-02-05,IDFCFIRSTB,3.054876541210424,RECONSTRUCTED
2026-02-05,INDUSINDBK,4.875181309239886,RECONSTRUCTED
2026-02-05,KOTAKBANK,9.185051693932538,RECONSTRUCTED
2026-02-05,PNB,3.5007588678381536,RECONSTRUCTED
2026-02-05,SBIN,11.801895895455484,RECONSTRUCTED
2026-02-05,UNIONBANK,2.828093754548957,RECONSTRUCTED
2026-02-05,YESBANK,2.190806728537801,RECONSTRUCTED
2026-02-06,AUBANK,3.783349473913241,RECONSTRUCTED
2026-02-06,AXISBANK,10.130263771716958,RECONSTRUCTED
2026-02-06,BANKBARODA,4.894437895307973,RECONSTRUCTED
2026-02-06,CANBK,4.1162999009941945,RECONSTRUCTED
2026-02-06,FEDERALBNK,5.732850354754464,RECONSTRUCTED
2026-02-06,HDFCBANK,18.350729637267577,RECONSTRUCTED
2026-02-06,ICICIBANK,15.628008754613882,RECONSTRUCTED
2026-02-06,IDFCFIRSTB,3.070745071374877,RECONSTRUCTED
2026-02-06,INDUSINDBK,4.93761194760994,RECONSTRUCTED
2026-02-06,KOTAKBANK,8.8967835548516,RECONSTRUCTED
2026-02-06,PNB,3.5393618642804734,RECONSTRUCTED
2026-02-06,SBIN,11.890492250616116,RECONSTRUCTED
2026-02-06,UNIONBANK,2.827142001045148,RECONSTRUCTED
2026-02-06,YESBANK,2.201923521653552,RECONSTRUCTED
2026-02-09,AUBANK,3.76948118561158,RECONSTRUCTED
2026-02-09,AXISBANK,10.2397812832662,RECONSTRUCTED
2026-02-09,BANKBARODA,4.922783320106545,RECONSTRUCTED
2026-02-09,CANBK,4.14274536391738,RECONSTRUCTED
2026-02-09,FEDERALBNK,5.796996729292812,RECONSTRUCTED
2026-02-09,HDFCBANK,18.622538577268884,RECONSTRUCTED
2026-02-09,ICICIBANK,15.905463274240969,RECONSTRUCTED
2026-02-09,IDFCFIRSTB,3.116295249986923,RECONSTRUCTED
2026-02-09,INDUSINDBK,4.859562916804161,RECONSTRUCTED
2026-02-09,KOTAKBANK,8.85637467864994,RECONSTRUCTED
2026-02-09,PNB,3.559995266311728,RECONSTRUCTED
2026-02-09,SBIN,11.182543593013817,RECONSTRUCTED
2026-02-09,UNIONBANK,2.827910703827152,RECONSTRUCTED
2026-02-09,YESBANK,2.197527857701911,RECONSTRUCTED
2026-02-10,AUBANK,3.781489184370595,RECONSTRUCTED
2026-02-10,AXISBANK,10.11462918589782,RECONSTRUCTED
2026-02-10,BANKBARODA,4.92231383233443,RECONSTRUCTED
2026-02-10,CANBK,4.1697925138707,RECONSTRUCTED
2026-02-10,FEDERALBNK,5.881739763755838,RECONSTRUCTED
2026-02-10,HDFCBANK,18.70151630984555,RECONSTRUCTED
2026-02-10,ICICIBANK,15.775027522998636,RECONSTRUCTED
2026-02-10,IDFCFIRSTB,3.1501108053873885,RECONSTRUCTED
2026-02-10,INDUSINDBK,4.856489274852679,RECONSTRUCTED
2026-02-10,KOTAKBANK,8.837606528878714,RECONSTRUCTED
2026-02-10,PNB,3.5704773345216747,RECONSTRUCTED
2026-02-10,SBIN,11.190409786792465,RECONSTRUCTED
2026-02-10,UNIONBANK,2.836555765980536,RECONSTRUCTED
2026-02-10,YESBANK,2.2118421905129626,RECONSTRUCTED
2026-02-11,AUBANK,3.832289681277861,RECONSTRUCTED
2026-02-11,AXISBANK,10.209643379660664,RECONSTRUCTED
2026-02-11,BANKBARODA,4.919725464243875,RECONSTRUCTED
2026-02-11,CANBK,4.217718146368939,RECONSTRUCTED
2026-02-11,FEDERALBNK,5.728418627161622,RECONSTRUCTED
2026-02-11,HDFCBANK,18.85357320396864,RECONSTRUCTED
2026-02-11,ICICIBANK,15.817388707404405,RECONSTRUCTED
2026-02-11,IDFCFIRSTB,3.2039507216190906,RECONSTRUCTED
2026-02-11,INDUSINDBK,4.881829139761011,RECONSTRUCTED
2026-02-11,KOTAKBANK,8.853662692998599,RECONSTRUCTED
2026-02-11,PNB,3.5805028680378,RECONSTRUCTED
2026-02-11,SBIN,10.849334095258207,RECONSTRUCTED
2026-02-11,UNIONBANK,2.826492687749342,RECONSTRUCTED
2026-02-11,YESBANK,2.225470584489936,RECONSTRUCTED
2026-02-12,AUBANK,3.789746084661074,RECONSTRUCTED
2026-02-12,AXISBANK,10.25740579051003,RECONSTRUCTED
2026-02-12,BANKBARODA,4.93885613915383,RECONSTRUCTED
2026-02-12,CANBK,4.234862027282506,RECONSTRUCTED
2026-02-12,FEDERALBNK,5.7918210126966745,RECONSTRUCTED
2026-02-12,HDFCBANK,18.972156917546013,RECONSTRUCTED
2026-02-12,ICICIBANK,15.5411228008188,RECONSTRUCTED
2026-02-12,IDFCFIRSTB,3.217476128082176,RECONSTRUCTED
2026-02-12,INDUSINDBK,4.890251712199511,RECONSTRUCTED
2026-02-12,KOTAKBANK,8.91537685110582,RECONSTRUCTED
2026-02-12,PNB,3.635439487020916,RECONSTRUCTED
2026-02-12,SBIN,10.7546574961277,RECONSTRUCTED
2026-02-12,UNIONBANK,2.813874372246921,RECONSTRUCTED
2026-02-12,YESBANK,2.2469531805480183,RECONSTRUCTED
2026-02-13,AUBANK,3.777281897413274,RECONSTRUCTED
2026-02-13,AXISBANK,10.224181820762167,RECONSTRUCTED
2026-02-13,BANKBARODA,4.935436900164513,RECONSTRUCTED
2026-02-13,CANBK,4.286883874170119,RECONSTRUCTED
2026-02-13,FEDERALBNK,5.715996629391622,RECONSTRUCTED
2026-02-13,HDFCBANK,19.149416269423167,RECONSTRUCTED
2026-02-13,ICICIBANK,15.569440981569496,RECONSTRUCTED
2026-02-13,IDFCFIRSTB,3.212480155021323,RECONSTRUCTED
2026-02-13,INDUSINDBK,4.828870574126217,RECONSTRUCTED
2026-02-13,KOTAKBANK,8.953059423608192,RECONSTRUCTED
2026-02-13,PNB,3.669583268835238,RECONSTRUCTED
2026-02-13,SBIN,10.603092042486002,RECONSTRUCTED
2026-02-13,UNIONBANK,2.8218507530598065,RECONSTRUCTED
2026-02-13,YESBANK,2.2524254099688714,RECONSTRUCTED
2026-02-16,AUBANK,3.769564157982594,RECONSTRUCTED
2026-02-16,AXISBANK,10.159879588001846,RECONSTRUCTED
2026-02-16,BANKBARODA,4.912940821753266,RECONSTRUCTED
2026-02-16,CANBK,4.221853000518463,RECONSTRUCTED
2026-02-16,FEDERALBNK,5.776867618789714,RECONSTRUCTED
2026-02-16,HDFCBANK,18.94141604573409,RECONSTRUCTED
2026-02-16,ICICIBANK,15.8069731517919,RECONSTRUCTED
2026-02-16,IDFCFIRSTB,3.200795346463808,RECONSTRUCTED
2026-02-16,INDUSINDBK,4.8614334799753305,RECONSTRUCTED
2026-02-16,KOTAKBANK,8.964878691361431,RECONSTRUCTED
2026-02-16,PNB,3.6618569131845375,RECONSTRUCTED
2026-02-16,SBIN,10.65755536979533,RECONSTRUCTED
2026-02-16,UNIONBANK,2.792933438494425,RECONSTRUCTED
2026-02-16,YESBANK,2.2710523761532544,RECONSTRUCTED
2026-02-17,AUBANK,3.82703295922249,RECONSTRUCTED
2026-02-17,AXISBANK,10.21836748446429,RECONSTRUCTED
2026-02-17,BANKBARODA,4.763014260049757,RECONSTRUCTED
2026-02-17,CANBK,4.14967491322203,RECONSTRUCTED
2026-02-17,FEDERALBNK,5.8084324431192265,RECONSTRUCTED
2026-02-17,HDFCBANK,19.037083380390687,RECONSTRUCTED
2026-02-17,ICICIBANK,15.931366322988394,RECONSTRUCTED
2026-02-17,IDFCFIRSTB,3.199634166763035,RECONSTRUCTED
2026-02-17,INDUSINDBK,4.8238608656068,RECONSTRUCTED
2026-02-17,KOTAKBANK,9.033594005248093,RECONSTRUCTED
2026-02-17,PNB,3.5546554930869,RECONSTRUCTED
2026-02-17,SBIN,10.663445712730988,RECONSTRUCTED
2026-02-17,UNIONBANK,2.720553830478654,RECONSTRUCTED
2026-02-17,YESBANK,2.269284162628677,RECONSTRUCTED
2026-02-18,AUBANK,3.768951757587168,RECONSTRUCTED
2026-02-18,AXISBANK,10.13982653570065,RECONSTRUCTED
2026-02-18,BANKBARODA,4.765499805493791,RECONSTRUCTED
2026-02-18,CANBK,4.100037194406604,RECONSTRUCTED
2026-02-18,FEDERALBNK,5.807662272747733,RECONSTRUCTED
2026-02-18,HDFCBANK,19.187081435368075,RECONSTRUCTED
2026-02-18,ICICIBANK,16.031575990149687,RECONSTRUCTED
2026-02-18,IDFCFIRSTB,3.173389254689466,RECONSTRUCTED
2026-02-18,INDUSINDBK,4.852247297205121,RECONSTRUCTED
2026-02-18,KOTAKBANK,9.054405675006889,RECONSTRUCTED
2026-02-18,PNB,3.485254124553289,RECONSTRUCTED
2026-02-18,SBIN,10.68741317936822,RECONSTRUCTED
2026-02-18,UNIONBANK,2.6791722019742523,RECONSTRUCTED
2026-02-18,YESBANK,2.267483275749054,RECONSTRUCTED
2026-02-19,AUBANK,3.737340763036448,RECONSTRUCTED
2026-02-19,AXISBANK,10.156052114353225,RECONSTRUCTED
2026-02-19,BANKBARODA,4.713223969663495,RECONSTRUCTED
2026-02-19,CANBK,4.113992221578987,RECONSTRUCTED
2026-02-19,FEDERALBNK,5.781467621031381,RECONSTRUCTED
2026-02-19,HDFCBANK,19.12124969922908,RECONSTRUCTED
2026-02-19,ICICIBANK,16.040321657509757,RECONSTRUCTED
2026-02-19,IDFCFIRSTB,3.192889268688907,RECONSTRUCTED
2026-02-19,INDUSINDBK,4.877333492244586,RECONSTRUCTED
2026-02-19,KOTAKBANK,9.148034077452593,RECONSTRUCTED
2026-02-19,PNB,3.4955699959450843,RECONSTRUCTED
2026-02-19,SBIN,10.661386651740104,RECONSTRUCTED
2026-02-19,UNIONBANK,2.69378301737781,RECONSTRUCTED
2026-02-19,YESBANK,2.2673554501485182,RECONSTRUCTED
2026-02-20,AUBANK,3.720537306608045,RECONSTRUCTED
2026-02-20,AXISBANK,10.14812301198742,RECONSTRUCTED
2026-02-20,BANKBARODA,4.679459555930056,RECONSTRUCTED
2026-02-20,CANBK,4.019009277876694,RECONSTRUCTED
2026-02-20,FEDERALBNK,5.741147323619983,RECONSTRUCTED
2026-02-20,HDFCBANK,19.35035816439514,RECONSTRUCTED
2026-02-20,ICICIBANK,16.09995404183837,RECONSTRUCTED
2026-02-20,IDFCFIRSTB,3.197489490915426,RECONSTRUCTED
2026-02-20,INDUSINDBK,4.922458160441378,RECONSTRUCTED
2026-02-20,KOTAKBANK,9.11141508804891,RECONSTRUCTED
2026-02-20,PNB,3.428087893073058,RECONSTRUCTED
2026-02-20,SBIN,10.653051205319606,RECONSTRUCTED
2026-02-20,UNIONBANK,2.6524734614916707,RECONSTRUCTED
2026-02-20,YESBANK,2.2764360184542443,RECONSTRUCTED
2026-02-23,AUBANK,3.937474251332617,RECONSTRUCTED
2026-02-23,AXISBANK,10.025602803251257,RECONSTRUCTED
2026-02-23,BANKBARODA,4.620836811955499,RECONSTRUCTED
2026-02-23,CANBK,3.964976870064416,RECONSTRUCTED
2026-02-23,FEDERALBNK,5.678242057256377,RECONSTRUCTED
2026-02-23,HDFCBANK,19.12733281289384,RECONSTRUCTED
2026-02-23,ICICIBANK,16.06301966740351,RECONSTRUCTED
2026-02-23,IDFCFIRSTB,3.817046326354971,RECONSTRUCTED
2026-02-23,INDUSINDBK,4.962180986290922,RECONSTRUCTED
2026-02-23,KOTAKBANK,8.92441765606462,RECONSTRUCTED
2026-02-23,PNB,3.4143254923657467,RECONSTRUCTED
2026-02-23,SBIN,10.56432079980752,RECONSTRUCTED
2026-02-23,UNIONBANK,2.604663134345147,RECONSTRUCTED
2026-02-23,YESBANK,2.2955603306135406,RECONSTRUCTED
2026-02-24,AUBANK,3.816866704204716,RECONSTRUCTED
2026-02-24,AXISBANK,9.992378566131311,RECONSTRUCTED
2026-02-24,BANKBARODA,4.6121927337342665,RECONSTRUCTED
2026-02-24,CANBK,3.939544499494736,RECONSTRUCTED
2026-02-24,FEDERALBNK,5.67363341549026,RECONSTRUCTED
2026-02-24,HDFCBANK,19.350782691846,RECONSTRUCTED
2026-02-24,ICICIBANK,16.189080688854666,RECONSTRUCTED
2026-02-24,IDFCFIRSTB,3.756980272028269,RECONSTRUCTED
2026-02-24,INDUSINDBK,4.88704476539097,RECONSTRUCTED
2026-02-24,KOTAKBANK,8.963046426240332,RECONSTRUCTED
2026-02-24,PNB,3.385468467836249,RECONSTRUCTED
2026-02-24,SBIN,10.574902620293305,RECONSTRUCTED
2026-02-24,UNIONBANK,2.560942850772776,RECONSTRUCTED
2026-02-24,YESBANK,2.2971352976821726,RECONSTRUCTED
2026-02-25,AUBANK,3.8946578067527584,RECONSTRUCTED
2026-02-25,AXISBANK,9.881868691242111,RECONSTRUCTED
2026-02-25,BANKBARODA,4.571652564359968,RECONSTRUCTED
2026-02-25,CANBK,3.8921211731893,RECONSTRUCTED
2026-02-25,FEDERALBNK,5.607720039290473,RECONSTRUCTED
2026-02-25,HDFCBANK,19.410986520027887,RECONSTRUCTED
2026-02-25,ICICIBANK,16.006255007707562,RECONSTRUCTED
2026-02-25,IDFCFIRSTB,3.7967892159397865,RECONSTRUCTED
2026-02-25,INDUSINDBK,4.855616371915113,RECONSTRUCTED
2026-02-25,KOTAKBANK,9.020293475216429,RECONSTRUCTED
2026-02-25,PNB,3.3978915587665,RECONSTRUCTED
2026-02-25,SBIN,10.778430929545967,RECONSTRUCTED
2026-02-25,UNIONBANK,2.577688222816641,RECONSTRUCTED
2026-02-25,YESBANK,2.308028423229504,RECONSTRUCTED
2026-02-26,AUBANK,3.9442107049370136,RECONSTRUCTED
2026-02-26,AXISBANK,9.965083306757592,RECONSTRUCTED
2026-02-26,BANKBARODA,4.463960246587332,RECONSTRUCTED
2026-02-26,CANBK,3.905143611594286,RECONSTRUCTED
2026-02-26,FEDERALBNK,5.6172001997117125,RECONSTRUCTED
2026-02-26,HDFCBANK,19.664807409669702,RECONSTRUCTED
2026-02-26,ICICIBANK,16.00447467116218,RECONSTRUCTED
2026-02-26,IDFCFIRSTB,3.6728255320975736,RECONSTRUCTED
2026-02-26,INDUSINDBK,4.73274282371473,RECONSTRUCTED
2026-02-26,KOTAKBANK,9.056151509136024,RECONSTRUCTED
2026-02-26,PNB,3.409755069993612,RECONSTRUCTED
2026-02-26,SBIN,10.727069363712967,RECONSTRUCTED
2026-02-26,UNIONBANK,2.5567629661034066,RECONSTRUCTED
2026-02-26,YESBANK,2.279812584821861,RECONSTRUCTED
2026-02-27,AUBANK,3.96,OFFICIAL
2026-02-27,AXISBANK,9.94,OFFICIAL
2026-02-27,BANKBARODA,4.45,OFFICIAL
2026-02-27,CANBK,3.9,OFFICIAL
2026-02-27,FEDERALBNK,5.55,OFFICIAL
2026-02-27,HDFCBANK,19.69,OFFICIAL
2026-02-27,ICICIBANK,16.13,OFFICIAL
2026-02-27,IDFCFIRSTB,3.6,OFFICIAL
2026-02-27,INDUSINDBK,4.72,OFFICIAL
2026-02-27,KOTAKBANK,9.16,OFFICIAL
2026-02-27,PNB,3.4,OFFICIAL
2026-02-27,SBIN,10.68,OFFICIAL
2026-02-27,UNIONBANK,2.52,OFFICIAL
2026-02-27,YESBANK,2.29,OFFICIAL
2026-03-02,AUBANK,4.731172926823371,RECONSTRUCTED
2026-03-02,AXISBANK,10.075661724424132,RECONSTRUCTED
2026-03-02,BANKBARODA,4.157847855914889,RECONSTRUCTED
2026-03-02,CANBK,3.882247078057005,RECONSTRUCTED
2026-03-02,FEDERALBNK,6.46478657219504,RECONSTRUCTED
2026-03-02,HDFCBANK,18.809783110868715,RECONSTRUCTED
2026-03-02,ICICIBANK,14.729762568993172,RECONSTRUCTED
2026-03-02,IDFCFIRSTB,3.7057040636374254,RECONSTRUCTED
2026-03-02,INDUSINDBK,4.558077001418231,RECONSTRUCTED
2026-03-02,KOTAKBANK,9.900755304085289,RECONSTRUCTED
2026-03-02,PNB,3.20732690541261,RECONSTRUCTED
2026-03-02,SBIN,9.73150788559096,RECONSTRUCTED
2026-03-02,UNIONBANK,3.045969111008588,RECONSTRUCTED
2026-03-02,YESBANK,2.999397891570568,RECONSTRUCTED
2026-03-04,AUBANK,4.668786130409382,RECONSTRUCTED
2026-03-04,AXISBANK,10.042651919939702,RECONSTRUCTED
2026-03-04,BANKBARODA,4.2975964041852,RECONSTRUCTED
2026-03-04,CANBK,3.982248122908057,RECONSTRUCTED
2026-03-04,FEDERALBNK,6.533279787517992,RECONSTRUCTED
2026-03-04,HDFCBANK,18.68972615463512,RECONSTRUCTED
2026-03-04,ICICIBANK,14.547892900020315,RECONSTRUCTED
2026-03-04,IDFCFIRSTB,3.726332483217009,RECONSTRUCTED
2026-03-04,INDUSINDBK,4.545725622611119,RECONSTRUCTED
2026-03-04,KOTAKBANK,9.95219717995178,RECONSTRUCTED
2026-03-04,PNB,3.2692810096821416,RECONSTRUCTED
2026-03-04,SBIN,9.676429743091102,RECONSTRUCTED
2026-03-04,UNIONBANK,3.099020148307502,RECONSTRUCTED
2026-03-04,YESBANK,2.968832393523579,RECONSTRUCTED
2026-03-05,AUBANK,4.562822175316086,RECONSTRUCTED
2026-03-05,AXISBANK,10.114915790172212,RECONSTRUCTED
2026-03-05,BANKBARODA,4.28496567487289,RECONSTRUCTED
2026-03-05,CANBK,3.96177048732654,RECONSTRUCTED
2026-03-05,FEDERALBNK,6.49587733470909,RECONSTRUCTED
2026-03-05,HDFCBANK,18.59872399211024,RECONSTRUCTED
2026-03-05,ICICIBANK,14.712768277305443,RECONSTRUCTED
2026-03-05,IDFCFIRSTB,3.7289386125123016,RECONSTRUCTED
2026-03-05,INDUSINDBK,4.523915094053881,RECONSTRUCTED
2026-03-05,KOTAKBANK,9.910437977844392,RECONSTRUCTED
2026-03-05,PNB,3.2651160808039847,RECONSTRUCTED
2026-03-05,SBIN,9.771789770107006,RECONSTRUCTED
2026-03-05,UNIONBANK,3.115097023258388,RECONSTRUCTED
2026-03-05,YESBANK,2.9528617096075567,RECONSTRUCTED
2026-03-06,AUBANK,4.509527273820612,RECONSTRUCTED
2026-03-06,AXISBANK,10.152896930774544,RECONSTRUCTED
2026-03-06,BANKBARODA,4.2872126035706986,RECONSTRUCTED
2026-03-06,CANBK,3.945979594000503,RECONSTRUCTED
2026-03-06,FEDERALBNK,6.430358170595403,RECONSTRUCTED
2026-03-06,HDFCBANK,18.6475292702498,RECONSTRUCTED
2026-03-06,ICICIBANK,14.88821594596448,RECONSTRUCTED
2026-03-06,IDFCFIRSTB,3.672462887391724,RECONSTRUCTED
2026-03-06,INDUSINDBK,4.522186922987845,RECONSTRUCTED
2026-03-06,KOTAKBANK,9.884118592396536,RECONSTRUCTED
2026-03-06,PNB,3.2739077021902894,RECONSTRUCTED
2026-03-06,SBIN,9.788172309473078,RECONSTRUCTED
2026-03-06,UNIONBANK,3.090837297698751,RECONSTRUCTED
2026-03-06,YESBANK,2.906594498885733,RECONSTRUCTED
2026-03-09,AUBANK,4.52275572390128,RECONSTRUCTED
2026-03-09,AXISBANK,10.048427360161028,RECONSTRUCTED
2026-03-09,BANKBARODA,4.259703605811174,RECONSTRUCTED
2026-03-09,CANBK,3.989375559242348,RECONSTRUCTED
2026-03-09,FEDERALBNK,6.532139087820261,RECONSTRUCTED
2026-03-09,HDFCBANK,18.42135792391421,RECONSTRUCTED
2026-03-09,ICICIBANK,14.82204644865657,RECONSTRUCTED
2026-03-09,IDFCFIRSTB,3.730356218631018,RECONSTRUCTED
2026-03-09,INDUSINDBK,4.564371422705771,RECONSTRUCTED
2026-03-09,KOTAKBANK,9.911401007635334,RECONSTRUCTED
2026-03-09,PNB,3.2893980513267924,RECONSTRUCTED
2026-03-09,SBIN,9.86922423463737,RECONSTRUCTED
2026-03-09,UNIONBANK,3.1555104231413984,RECONSTRUCTED
2026-03-09,YESBANK,2.883932932415453,RECONSTRUCTED
2026-03-10,AUBANK,4.564231871931226,RECONSTRUCTED
2026-03-10,AXISBANK,10.01001040275129,RECONSTRUCTED
2026-03-10,BANKBARODA,4.236971332769249,RECONSTRUCTED
2026-03-10,CANBK,3.988286806411773,RECONSTRUCTED
2026-03-10,FEDERALBNK,6.575548479774719,RECONSTRUCTED
2026-03-10,HDFCBANK,18.53407535689068,RECONSTRUCTED
2026-03-10,ICICIBANK,14.683183640085934,RECONSTRUCTED
2026-03-10,IDFCFIRSTB,3.763494130629796,RECONSTRUCTED
2026-03-10,INDUSINDBK,4.54974175388801,RECONSTRUCTED
2026-03-10,KOTAKBANK,9.934412016867872,RECONSTRUCTED
2026-03-10,PNB,3.2739787267366323,RECONSTRUCTED
2026-03-10,SBIN,9.909374479557105,RECONSTRUCTED
2026-03-10,UNIONBANK,3.08319766002104,RECONSTRUCTED
2026-03-10,YESBANK,2.8934933416846773,RECONSTRUCTED
2026-03-11,AUBANK,4.563142271387225,RECONSTRUCTED
2026-03-11,AXISBANK,10.25261402314442,RECONSTRUCTED
2026-03-11,BANKBARODA,4.218313337275529,RECONSTRUCTED
2026-03-11,CANBK,3.9819861803133016,RECONSTRUCTED
2026-03-11,FEDERALBNK,6.589566269062286,RECONSTRUCTED
2026-03-11,HDFCBANK,18.46981999405784,RECONSTRUCTED
2026-03-11,ICICIBANK,14.557248718709992,RECONSTRUCTED
2026-03-11,IDFCFIRSTB,3.743786466659902,RECONSTRUCTED
2026-03-11,INDUSINDBK,4.560595421203246,RECONSTRUCTED
2026-03-11,KOTAKBANK,9.938719391614756,RECONSTRUCTED
2026-03-11,PNB,3.249825104758985,RECONSTRUCTED
2026-03-11,SBIN,9.882311172131416,RECONSTRUCTED
2026-03-11,UNIONBANK,3.106144128325586,RECONSTRUCTED
2026-03-11,YESBANK,2.8859275213555144,RECONSTRUCTED
2026-03-12,AUBANK,4.592302666640104,RECONSTRUCTED
2026-03-12,AXISBANK,10.311014741988696,RECONSTRUCTED
2026-03-12,BANKBARODA,4.171827558851008,RECONSTRUCTED
2026-03-12,CANBK,3.9106561460135385,RECONSTRUCTED
2026-03-12,FEDERALBNK,6.495412604466265,RECONSTRUCTED
2026-03-12,HDFCBANK,18.28628392601999,RECONSTRUCTED
2026-03-12,ICICIBANK,14.71116756312885,RECONSTRUCTED
2026-03-12,IDFCFIRSTB,3.7800980646234814,RECONSTRUCTED
2026-03-12,INDUSINDBK,4.757173302017971,RECONSTRUCTED
2026-03-12,KOTAKBANK,10.03263054515681,RECONSTRUCTED
2026-03-12,PNB,3.191685744529233,RECONSTRUCTED
2026-03-12,SBIN,9.8231486410295,RECONSTRUCTED
2026-03-12,UNIONBANK,3.050953921068713,RECONSTRUCTED
2026-03-12,YESBANK,2.8856445744658403,RECONSTRUCTED
2026-03-13,AUBANK,4.568468305709582,RECONSTRUCTED
2026-03-13,AXISBANK,10.366949878466992,RECONSTRUCTED
2026-03-13,BANKBARODA,4.186032085960681,RECONSTRUCTED
2026-03-13,CANBK,3.973648926605201,RECONSTRUCTED
2026-03-13,FEDERALBNK,6.50722217326065,RECONSTRUCTED
2026-03-13,HDFCBANK,18.17521212181252,RECONSTRUCTED
2026-03-13,ICICIBANK,14.479022360847209,RECONSTRUCTED
2026-03-13,IDFCFIRSTB,3.8162721093357934,RECONSTRUCTED
2026-03-13,INDUSINDBK,4.7353986489305,RECONSTRUCTED
2026-03-13,KOTAKBANK,10.00843808772675,RECONSTRUCTED
2026-03-13,PNB,3.249108753029623,RECONSTRUCTED
2026-03-13,SBIN,9.92830816654825,RECONSTRUCTED
2026-03-13,UNIONBANK,3.1157128482242378,RECONSTRUCTED
2026-03-13,YESBANK,2.8902055335420123,RECONSTRUCTED
2026-03-16,AUBANK,4.614420081628234,RECONSTRUCTED
2026-03-16,AXISBANK,10.332317744165714,RECONSTRUCTED
2026-03-16,BANKBARODA,4.249310360640473,RECONSTRUCTED
2026-03-16,CANBK,4.023007274625239,RECONSTRUCTED
2026-03-16,FEDERALBNK,6.635227944144045,RECONSTRUCTED
2026-03-16,HDFCBANK,17.86178977381587,RECONSTRUCTED
2026-03-16,ICICIBANK,14.432191877069588,RECONSTRUCTED
2026-03-16,IDFCFIRSTB,3.844054013099251,RECONSTRUCTED
2026-03-16,INDUSINDBK,4.726360694560204,RECONSTRUCTED
2026-03-16,KOTAKBANK,10.037879956387128,RECONSTRUCTED
2026-03-16,PNB,3.3069270406908164,RECONSTRUCTED
2026-03-16,SBIN,9.853543537546315,RECONSTRUCTED
2026-03-16,UNIONBANK,3.1195742218142497,RECONSTRUCTED
2026-03-16,YESBANK,2.963395479812875,RECONSTRUCTED
2026-03-17,AUBANK,4.567973370749372,RECONSTRUCTED
2026-03-17,AXISBANK,10.308123701854475,RECONSTRUCTED
2026-03-17,BANKBARODA,4.236191533840204,RECONSTRUCTED
2026-03-17,CANBK,3.996361876472252,RECONSTRUCTED
2026-03-17,FEDERALBNK,6.599112348023831,RECONSTRUCTED
2026-03-17,HDFCBANK,17.91531242923023,RECONSTRUCTED
2026-03-17,ICICIBANK,14.378756648777216,RECONSTRUCTED
2026-03-17,IDFCFIRSTB,3.825588199126844,RECONSTRUCTED
2026-03-17,INDUSINDBK,4.79170312189828,RECONSTRUCTED
2026-03-17,KOTAKBANK,10.007149818670172,RECONSTRUCTED
2026-03-17,PNB,3.304903235482701,RECONSTRUCTED
2026-03-17,SBIN,9.957585517472571,RECONSTRUCTED
2026-03-17,UNIONBANK,3.138203137601029,RECONSTRUCTED
2026-03-17,YESBANK,2.9730350608008065,RECONSTRUCTED
2026-03-18,AUBANK,4.470361211489244,RECONSTRUCTED
2026-03-18,AXISBANK,10.193760473533008,RECONSTRUCTED
2026-03-18,BANKBARODA,4.27632203320256,RECONSTRUCTED
2026-03-18,CANBK,4.005521886838128,RECONSTRUCTED
2026-03-18,FEDERALBNK,6.488807401480942,RECONSTRUCTED
2026-03-18,HDFCBANK,18.12796595479956,RECONSTRUCTED
2026-03-18,ICICIBANK,14.503092315171768,RECONSTRUCTED
2026-03-18,IDFCFIRSTB,3.76581732296087,RECONSTRUCTED
2026-03-18,INDUSINDBK,4.7130894800753484,RECONSTRUCTED
2026-03-18,KOTAKBANK,10.06610404068217,RECONSTRUCTED
2026-03-18,PNB,3.3020133878947027,RECONSTRUCTED
2026-03-18,SBIN,10.000463913762944,RECONSTRUCTED
2026-03-18,UNIONBANK,3.134061602103616,RECONSTRUCTED
2026-03-18,YESBANK,2.9526189760051382,RECONSTRUCTED
2026-03-19,AUBANK,4.4581705871499855,RECONSTRUCTED
2026-03-19,AXISBANK,10.230536529352644,RECONSTRUCTED
2026-03-19,BANKBARODA,4.293504873053931,RECONSTRUCTED
2026-03-19,CANBK,4.005473964295033,RECONSTRUCTED
2026-03-19,FEDERALBNK,6.404235402124582,RECONSTRUCTED
2026-03-19,HDFCBANK,18.507234409948328,RECONSTRUCTED
2026-03-19,ICICIBANK,14.458417087745907,RECONSTRUCTED
2026-03-19,IDFCFIRSTB,3.7941410997663088,RECONSTRUCTED
2026-03-19,INDUSINDBK,4.699982218695162,RECONSTRUCTED
2026-03-19,KOTAKBANK,9.921600066650042,RECONSTRUCTED
2026-03-19,PNB,3.297574568471779,RECONSTRUCTED
2026-03-19,SBIN,9.859151675429374,RECONSTRUCTED
2026-03-19,UNIONBANK,3.1305920882751685,RECONSTRUCTED
2026-03-19,YESBANK,2.93938542904176,RECONSTRUCTED
2026-03-20,AUBANK,4.458871158525471,RECONSTRUCTED
2026-03-20,AXISBANK,10.25792228950444,RECONSTRUCTED
2026-03-20,BANKBARODA,4.181205423009978,RECONSTRUCTED
2026-03-20,CANBK,3.902534008737325,RECONSTRUCTED
2026-03-20,FEDERALBNK,6.376110557094669,RECONSTRUCTED
2026-03-20,HDFCBANK,18.93007433504029,RECONSTRUCTED
2026-03-20,ICICIBANK,14.514456790841828,RECONSTRUCTED
2026-03-20,IDFCFIRSTB,3.7740322814776768,RECONSTRUCTED
2026-03-20,INDUSINDBK,4.687253542420919,RECONSTRUCTED
2026-03-20,KOTAKBANK,9.960486717520084,RECONSTRUCTED
2026-03-20,PNB,3.237587826935828,RECONSTRUCTED
2026-03-20,SBIN,9.775346171865491,RECONSTRUCTED
2026-03-20,UNIONBANK,3.0344959693133573,RECONSTRUCTED
2026-03-20,YESBANK,2.909622927712648,RECONSTRUCTED
2026-03-23,AUBANK,4.5517749852224405,RECONSTRUCTED
2026-03-23,AXISBANK,10.148933390872624,RECONSTRUCTED
2026-03-23,BANKBARODA,4.234895624546769,RECONSTRUCTED
2026-03-23,CANBK,3.953635016045856,RECONSTRUCTED
2026-03-23,FEDERALBNK,6.441352749156327,RECONSTRUCTED
2026-03-23,HDFCBANK,19.099234958754423,RECONSTRUCTED
2026-03-23,ICICIBANK,14.222266777119511,RECONSTRUCTED
2026-03-23,IDFCFIRSTB,3.79398357543057,RECONSTRUCTED
2026-03-23,INDUSINDBK,4.742358105885651,RECONSTRUCTED
2026-03-23,KOTAKBANK,9.856196058991475,RECONSTRUCTED
2026-03-23,PNB,3.29104692441707,RECONSTRUCTED
2026-03-23,SBIN,9.641825158205643,RECONSTRUCTED
2026-03-23,UNIONBANK,3.075926471185236,RECONSTRUCTED
2026-03-23,YESBANK,2.9465702041664,RECONSTRUCTED
2026-03-24,AUBANK,4.508656742446662,RECONSTRUCTED
2026-03-24,AXISBANK,10.191129402793656,RECONSTRUCTED
2026-03-24,BANKBARODA,4.259105270371538,RECONSTRUCTED
2026-03-24,CANBK,3.93596245670128,RECONSTRUCTED
2026-03-24,FEDERALBNK,6.385635097232881,RECONSTRUCTED
2026-03-24,HDFCBANK,19.01062530218052,RECONSTRUCTED
2026-03-24,ICICIBANK,14.219574051487893,RECONSTRUCTED
2026-03-24,IDFCFIRSTB,3.766026141785768,RECONSTRUCTED
2026-03-24,INDUSINDBK,4.736955359165664,RECONSTRUCTED
2026-03-24,KOTAKBANK,9.800896966620464,RECONSTRUCTED
2026-03-24,PNB,3.31343991265112,RECONSTRUCTED
2026-03-24,SBIN,9.875225690811398,RECONSTRUCTED
2026-03-24,UNIONBANK,3.052156597957362,RECONSTRUCTED
2026-03-24,YESBANK,2.944611007793787,RECONSTRUCTED
2026-03-25,AUBANK,4.438796917910695,RECONSTRUCTED
2026-03-25,AXISBANK,10.158977372837342,RECONSTRUCTED
2026-03-25,BANKBARODA,4.315227457968364,RECONSTRUCTED
2026-03-25,CANBK,3.920732448418243,RECONSTRUCTED
2026-03-25,FEDERALBNK,6.318987277507465,RECONSTRUCTED
2026-03-25,HDFCBANK,18.985890780796744,RECONSTRUCTED
2026-03-25,ICICIBANK,14.426116187408777,RECONSTRUCTED
2026-03-25,IDFCFIRSTB,3.776733631345593,RECONSTRUCTED
2026-03-25,INDUSINDBK,4.7133690440272735,RECONSTRUCTED
2026-03-25,KOTAKBANK,9.896158205853148,RECONSTRUCTED
2026-03-25,PNB,3.2980041406163325,RECONSTRUCTED
2026-03-25,SBIN,9.803318002027762,RECONSTRUCTED
2026-03-25,UNIONBANK,3.0051481301684384,RECONSTRUCTED
2026-03-25,YESBANK,2.942540403113844,RECONSTRUCTED
2026-03-27,AUBANK,4.456278357633574,RECONSTRUCTED
2026-03-27,AXISBANK,10.027902316471067,RECONSTRUCTED
2026-03-27,BANKBARODA,4.400755163852419,RECONSTRUCTED
2026-03-27,CANBK,3.994512012349365,RECONSTRUCTED
2026-03-27,FEDERALBNK,6.188890687516178,RECONSTRUCTED
2026-03-27,HDFCBANK,19.11965830589801,RECONSTRUCTED
2026-03-27,ICICIBANK,14.337856528846643,RECONSTRUCTED
2026-03-27,IDFCFIRSTB,3.7578600638054223,RECONSTRUCTED
2026-03-27,INDUSINDBK,4.737867343663031,RECONSTRUCTED
2026-03-27,KOTAKBANK,9.763623614149836,RECONSTRUCTED
2026-03-27,PNB,3.3612900962065546,RECONSTRUCTED
2026-03-27,SBIN,9.927729952106937,RECONSTRUCTED
2026-03-27,UNIONBANK,3.0060395485918363,RECONSTRUCTED
2026-03-27,YESBANK,2.919736008909126,RECONSTRUCTED
2026-03-30,AUBANK,4.49,OFFICIAL
2026-03-30,AXISBANK,10.01,OFFICIAL
2026-03-30,BANKBARODA,4.45,OFFICIAL
2026-03-30,CANBK,4.06,OFFICIAL
2026-03-30,FEDERALBNK,6.18,OFFICIAL
2026-03-30,HDFCBANK,19.01,OFFICIAL
2026-03-30,ICICIBANK,14.11,OFFICIAL
2026-03-30,IDFCFIRSTB,3.8,OFFICIAL
2026-03-30,INDUSINDBK,4.8,OFFICIAL
2026-03-30,KOTAKBANK,9.73,OFFICIAL
2026-03-30,PNB,3.38,OFFICIAL
2026-03-30,SBIN,9.94,OFFICIAL
2026-03-30,UNIONBANK,3.09,OFFICIAL
2026-03-30,YESBANK,2.95,OFFICIAL
2026-04-01,AUBANK,5.403099286119128,RECONSTRUCTED
2026-04-01,AXISBANK,9.972074841835788,RECONSTRUCTED
2026-04-01,BANKBARODA,4.247416134051687,RECONSTRUCTED
2026-04-01,CANBK,4.010565274178846,RECONSTRUCTED
2026-04-01,FEDERALBNK,6.2944865009663244,RECONSTRUCTED
2026-04-01,HDFCBANK,17.88051771043388,RECONSTRUCTED
2026-04-01,ICICIBANK,13.215982996018116,RECONSTRUCTED
2026-04-01,IDFCFIRSTB,4.463509415780371,RECONSTRUCTED
2026-04-01,INDUSINDBK,5.840048691178707,RECONSTRUCTED
2026-04-01,KOTAKBANK,9.74601216221968,RECONSTRUCTED
2026-04-01,PNB,3.3176280749956133,RECONSTRUCTED
2026-04-01,SBIN,9.75918706477112,RECONSTRUCTED
2026-04-01,UNIONBANK,2.5886377230483206,RECONSTRUCTED
2026-04-01,YESBANK,3.260834124402419,RECONSTRUCTED
2026-04-02,AUBANK,5.453332875138296,RECONSTRUCTED
2026-04-02,AXISBANK,9.948261927697711,RECONSTRUCTED
2026-04-02,BANKBARODA,4.296427880479816,RECONSTRUCTED
2026-04-02,CANBK,4.025306505132327,RECONSTRUCTED
2026-04-02,FEDERALBNK,6.353390621759592,RECONSTRUCTED
2026-04-02,HDFCBANK,17.70327493805728,RECONSTRUCTED
2026-04-02,ICICIBANK,13.203713537309095,RECONSTRUCTED
2026-04-02,IDFCFIRSTB,4.467795857356469,RECONSTRUCTED
2026-04-02,INDUSINDBK,5.90175058527643,RECONSTRUCTED
2026-04-02,KOTAKBANK,9.708683091951965,RECONSTRUCTED
2026-04-02,PNB,3.307754729455127,RECONSTRUCTED
2026-04-02,SBIN,9.769292513851546,RECONSTRUCTED
2026-04-02,UNIONBANK,2.587569179447942,RECONSTRUCTED
2026-04-02,YESBANK,3.273445757086397,RECONSTRUCTED
2026-04-06,AUBANK,5.467448931333739,RECONSTRUCTED
2026-04-06,AXISBANK,9.76344039424391,RECONSTRUCTED
2026-04-06,BANKBARODA,4.211329852681963,RECONSTRUCTED
2026-04-06,CANBK,3.99764963923032,RECONSTRUCTED
2026-04-06,FEDERALBNK,6.340026672240219,RECONSTRUCTED
2026-04-06,HDFCBANK,17.590995462370486,RECONSTRUCTED
2026-04-06,ICICIBANK,13.30050668917132,RECONSTRUCTED
2026-04-06,IDFCFIRSTB,4.494114119368739,RECONSTRUCTED
2026-04-06,INDUSINDBK,5.963854825949375,RECONSTRUCTED
2026-04-06,KOTAKBANK,9.835284623249674,RECONSTRUCTED
2026-04-06,PNB,3.310746709478786,RECONSTRUCTED
2026-04-06,SBIN,9.828684207228898,RECONSTRUCTED
2026-04-06,UNIONBANK,2.6076880220027414,RECONSTRUCTED
2026-04-06,YESBANK,3.288229851449837,RECONSTRUCTED
2026-04-07,AUBANK,5.448672321111099,RECONSTRUCTED
2026-04-07,AXISBANK,9.746303903665064,RECONSTRUCTED
2026-04-07,BANKBARODA,4.247284693970628,RECONSTRUCTED
2026-04-07,CANBK,4.0369468530811945,RECONSTRUCTED
2026-04-07,FEDERALBNK,6.269013794231336,RECONSTRUCTED
2026-04-07,HDFCBANK,17.604971793270305,RECONSTRUCTED
2026-04-07,ICICIBANK,13.177452263848382,RECONSTRUCTED
2026-04-07,IDFCFIRSTB,4.495422408903781,RECONSTRUCTED
2026-04-07,INDUSINDBK,5.9869957426829465,RECONSTRUCTED
2026-04-07,KOTAKBANK,9.790692414374124,RECONSTRUCTED
2026-04-07,PNB,3.378584173593386,RECONSTRUCTED
2026-04-07,SBIN,9.871714074826556,RECONSTRUCTED
2026-04-07,UNIONBANK,2.6471999293313395,RECONSTRUCTED
2026-04-07,YESBANK,3.298745633109846,RECONSTRUCTED
2026-04-08,AUBANK,5.2861886404222895,RECONSTRUCTED
2026-04-08,AXISBANK,9.65959890520544,RECONSTRUCTED
2026-04-08,BANKBARODA,4.197844307884888,RECONSTRUCTED
2026-04-08,CANBK,3.969655533613573,RECONSTRUCTED
2026-04-08,FEDERALBNK,6.408661873571335,RECONSTRUCTED
2026-04-08,HDFCBANK,17.60004590925161,RECONSTRUCTED
2026-04-08,ICICIBANK,13.248714527553972,RECONSTRUCTED
2026-04-08,IDFCFIRSTB,4.413344633203352,RECONSTRUCTED
2026-04-08,INDUSINDBK,5.940078486685293,RECONSTRUCTED
2026-04-08,KOTAKBANK,9.878927967559152,RECONSTRUCTED
2026-04-08,PNB,3.359831755199933,RECONSTRUCTED
2026-04-08,SBIN,10.127528125175836,RECONSTRUCTED
2026-04-08,UNIONBANK,2.589991161186988,RECONSTRUCTED
2026-04-08,YESBANK,3.319588173486318,RECONSTRUCTED
2026-04-09,AUBANK,5.228284119147046,RECONSTRUCTED
2026-04-09,AXISBANK,9.610950661547507,RECONSTRUCTED
2026-04-09,BANKBARODA,4.157481797053418,RECONSTRUCTED
2026-04-09,CANBK,3.9429598419103993,RECONSTRUCTED
2026-04-09,FEDERALBNK,6.332628205636001,RECONSTRUCTED
2026-04-09,HDFCBANK,17.72045144401453,RECONSTRUCTED
2026-04-09,ICICIBANK,13.322510964395406,RECONSTRUCTED
2026-04-09,IDFCFIRSTB,4.38260751349818,RECONSTRUCTED
2026-04-09,INDUSINDBK,5.999457304830315,RECONSTRUCTED
2026-04-09,KOTAKBANK,9.937928088241629,RECONSTRUCTED
2026-04-09,PNB,3.3533141841619583,RECONSTRUCTED
2026-04-09,SBIN,10.163197037319057,RECONSTRUCTED
2026-04-09,UNIONBANK,2.5623029049315926,RECONSTRUCTED
2026-04-09,YESBANK,3.285925933312957,RECONSTRUCTED
2026-04-10,AUBANK,5.229390526567288,RECONSTRUCTED
2026-04-10,AXISBANK,9.566301042056216,RECONSTRUCTED
2026-04-10,BANKBARODA,4.209609542853132,RECONSTRUCTED
2026-04-10,CANBK,3.956522761891898,RECONSTRUCTED
2026-04-10,FEDERALBNK,6.271663056139415,RECONSTRUCTED
2026-04-10,HDFCBANK,17.78923124075982,RECONSTRUCTED
2026-04-10,ICICIBANK,13.168216704874055,RECONSTRUCTED
2026-04-10,IDFCFIRSTB,4.406337501743257,RECONSTRUCTED
2026-04-10,INDUSINDBK,5.997490338297658,RECONSTRUCTED
2026-04-10,KOTAKBANK,10.06238365711008,RECONSTRUCTED
2026-04-10,PNB,3.351907044962474,RECONSTRUCTED
2026-04-10,SBIN,10.113617452803188,RECONSTRUCTED
2026-04-10,UNIONBANK,2.552887987512488,RECONSTRUCTED
2026-04-10,YESBANK,3.3244411424290425,RECONSTRUCTED
2026-04-13,AUBANK,5.213258676436021,RECONSTRUCTED
2026-04-13,AXISBANK,9.490406121551406,RECONSTRUCTED
2026-04-13,BANKBARODA,4.192002896017167,RECONSTRUCTED
2026-04-13,CANBK,3.9723833872227168,RECONSTRUCTED
2026-04-13,FEDERALBNK,6.310520722054905,RECONSTRUCTED
2026-04-13,HDFCBANK,18.03183238994876,RECONSTRUCTED
2026-04-13,ICICIBANK,12.807906517060887,RECONSTRUCTED
2026-04-13,IDFCFIRSTB,4.471615546672904,RECONSTRUCTED
2026-04-13,INDUSINDBK,6.049611604441735,RECONSTRUCTED
2026-04-13,KOTAKBANK,10.07452378666353,RECONSTRUCTED
2026-04-13,PNB,3.364406910240066,RECONSTRUCTED
2026-04-13,SBIN,10.083956445703986,RECONSTRUCTED
2026-04-13,UNIONBANK,2.5976624355674143,RECONSTRUCTED
2026-04-13,YESBANK,3.339912560418512,RECONSTRUCTED
2026-04-15,AUBANK,5.2701642310487,RECONSTRUCTED
2026-04-15,AXISBANK,9.600611048986352,RECONSTRUCTED
2026-04-15,BANKBARODA,4.195656556190959,RECONSTRUCTED
2026-04-15,CANBK,3.940664879534106,RECONSTRUCTED
2026-04-15,FEDERALBNK,6.422847621655427,RECONSTRUCTED
2026-04-15,HDFCBANK,17.923999941779147,RECONSTRUCTED
2026-04-15,ICICIBANK,13.003694998413618,RECONSTRUCTED
2026-04-15,IDFCFIRSTB,4.391102877518606,RECONSTRUCTED
2026-04-15,INDUSINDBK,5.973799980442543,RECONSTRUCTED
2026-04-15,KOTAKBANK,9.925584325259496,RECONSTRUCTED
2026-04-15,PNB,3.3374233282314725,RECONSTRUCTED
2026-04-15,SBIN,10.139580172011929,RECONSTRUCTED
2026-04-15,UNIONBANK,2.57531814794576,RECONSTRUCTED
2026-04-15,YESBANK,3.299551890981888,RECONSTRUCTED
2026-04-16,AUBANK,5.236528197022504,RECONSTRUCTED
2026-04-16,AXISBANK,9.608872290061456,RECONSTRUCTED
2026-04-16,BANKBARODA,4.1762002320193305,RECONSTRUCTED
2026-04-16,CANBK,3.945823028927895,RECONSTRUCTED
2026-04-16,FEDERALBNK,6.455530608737259,RECONSTRUCTED
2026-04-16,HDFCBANK,18.18580495092484,RECONSTRUCTED
2026-04-16,ICICIBANK,12.983274871036295,RECONSTRUCTED
2026-04-16,IDFCFIRSTB,4.317039172942117,RECONSTRUCTED
2026-04-16,INDUSINDBK,5.898153308968376,RECONSTRUCTED
2026-04-16,KOTAKBANK,9.97566753565173,RECONSTRUCTED
2026-04-16,PNB,3.311698440215368,RECONSTRUCTED
2026-04-16,SBIN,10.145319855568289,RECONSTRUCTED
2026-04-16,UNIONBANK,2.5693102438531943,RECONSTRUCTED
2026-04-16,YESBANK,3.190777264071364,RECONSTRUCTED
2026-04-17,AUBANK,5.246995353208218,RECONSTRUCTED
2026-04-17,AXISBANK,9.62539547101106,RECONSTRUCTED
2026-04-17,BANKBARODA,4.197055728978488,RECONSTRUCTED
2026-04-17,CANBK,3.942967218725451,RECONSTRUCTED
2026-04-17,FEDERALBNK,6.30487084009701,RECONSTRUCTED
2026-04-17,HDFCBANK,18.243249834403134,RECONSTRUCTED
2026-04-17,ICICIBANK,13.084506029827535,RECONSTRUCTED
2026-04-17,IDFCFIRSTB,4.3097841837133535,RECONSTRUCTED
2026-04-17,INDUSINDBK,5.908077485198579,RECONSTRUCTED
2026-04-17,KOTAKBANK,9.946423375178462,RECONSTRUCTED
2026-04-17,PNB,3.313897304746085,RECONSTRUCTED
2026-04-17,SBIN,10.110192959337777,RECONSTRUCTED
2026-04-17,UNIONBANK,2.5860829135775694,RECONSTRUCTED
2026-04-17,YESBANK,3.180501301997288,RECONSTRUCTED
2026-04-20,AUBANK,5.210475881418723,RECONSTRUCTED
2026-04-20,AXISBANK,9.657694859385185,RECONSTRUCTED
2026-04-20,BANKBARODA,4.188991847942707,RECONSTRUCTED
2026-04-20,CANBK,3.9331682618366393,RECONSTRUCTED
2026-04-20,FEDERALBNK,6.292694378168143,RECONSTRUCTED
2026-04-20,HDFCBANK,18.34727828033578,RECONSTRUCTED
2026-04-20,ICICIBANK,12.995211645824336,RECONSTRUCTED
2026-04-20,IDFCFIRSTB,4.3760181276418,RECONSTRUCTED
2026-04-20,INDUSINDBK,5.922236304678062,RECONSTRUCTED
2026-04-20,KOTAKBANK,10.062914967493306,RECONSTRUCTED
2026-04-20,PNB,3.3358158804674805,RECONSTRUCTED
2026-04-20,SBIN,9.859374638137314,RECONSTRUCTED
2026-04-20,UNIONBANK,2.581168497882904,RECONSTRUCTED
2026-04-20,YESBANK,3.23695642878764,RECONSTRUCTED
2026-04-21,AUBANK,5.076898079712134,RECONSTRUCTED
2026-04-21,AXISBANK,9.626320084274504,RECONSTRUCTED
2026-04-21,BANKBARODA,4.200827862386935,RECONSTRUCTED
2026-04-21,CANBK,3.944942459870412,RECONSTRUCTED
2026-04-21,FEDERALBNK,6.348546148122683,RECONSTRUCTED
2026-04-21,HDFCBANK,18.224708599054264,RECONSTRUCTED
2026-04-21,ICICIBANK,12.867400356564133,RECONSTRUCTED
2026-04-21,IDFCFIRSTB,4.407128207897415,RECONSTRUCTED
2026-04-21,INDUSINDBK,5.972023830134904,RECONSTRUCTED
2026-04-21,KOTAKBANK,10.121774479791808,RECONSTRUCTED
2026-04-21,PNB,3.370465789191986,RECONSTRUCTED
2026-04-21,SBIN,9.958237413064252,RECONSTRUCTED
2026-04-21,UNIONBANK,2.587889943911945,RECONSTRUCTED
2026-04-21,YESBANK,3.2928367460226404,RECONSTRUCTED
2026-04-22,AUBANK,5.030322737921312,RECONSTRUCTED
2026-04-22,AXISBANK,9.57351033307577,RECONSTRUCTED
2026-04-22,BANKBARODA,4.202481377059013,RECONSTRUCTED
2026-04-22,CANBK,3.902471172904765,RECONSTRUCTED
2026-04-22,FEDERALBNK,6.307496294405092,RECONSTRUCTED
2026-04-22,HDFCBANK,18.418600296963287,RECONSTRUCTED
2026-04-22,ICICIBANK,13.009356302992488,RECONSTRUCTED
2026-04-22,IDFCFIRSTB,4.36075426635645,RECONSTRUCTED
2026-04-22,INDUSINDBK,5.853808274156148,RECONSTRUCTED
2026-04-22,KOTAKBANK,10.221894866610992,RECONSTRUCTED
2026-04-22,PNB,3.340206150264033,RECONSTRUCTED
2026-04-22,SBIN,9.994118235817435,RECONSTRUCTED
2026-04-22,UNIONBANK,2.5417811453969423,RECONSTRUCTED
2026-04-22,YESBANK,3.2431985460762585,RECONSTRUCTED
2026-04-23,AUBANK,4.898620457760378,RECONSTRUCTED
2026-04-23,AXISBANK,9.508406618299476,RECONSTRUCTED
2026-04-23,BANKBARODA,4.240064106758734,RECONSTRUCTED
2026-04-23,CANBK,3.966930679158132,RECONSTRUCTED
2026-04-23,FEDERALBNK,6.241300501669373,RECONSTRUCTED
2026-04-23,HDFCBANK,18.52079163454269,RECONSTRUCTED
2026-04-23,ICICIBANK,13.013738192650154,RECONSTRUCTED
2026-04-23,IDFCFIRSTB,4.3345689464875,RECONSTRUCTED
2026-04-23,INDUSINDBK,5.8372671657655095,RECONSTRUCTED
2026-04-23,KOTAKBANK,10.254301126214038,RECONSTRUCTED
2026-04-23,PNB,3.3507168288671765,RECONSTRUCTED
2026-04-23,SBIN,9.935705050735285,RECONSTRUCTED
2026-04-23,UNIONBANK,2.7061797783974004,RECONSTRUCTED
2026-04-23,YESBANK,3.1914089126941563,RECONSTRUCTED
2026-04-24,AUBANK,4.836978158386093,RECONSTRUCTED
2026-04-24,AXISBANK,9.49796978420059,RECONSTRUCTED
2026-04-24,BANKBARODA,4.258021374423393,RECONSTRUCTED
2026-04-24,CANBK,3.9524326535801713,RECONSTRUCTED
2026-04-24,FEDERALBNK,6.268536244549675,RECONSTRUCTED
2026-04-24,HDFCBANK,18.43872858084869,RECONSTRUCTED
2026-04-24,ICICIBANK,13.177443007248735,RECONSTRUCTED
2026-04-24,IDFCFIRSTB,4.35665154754262,RECONSTRUCTED
2026-04-24,INDUSINDBK,5.900144996738424,RECONSTRUCTED
2026-04-24,KOTAKBANK,10.20297835574039,RECONSTRUCTED
2026-04-24,PNB,3.326780898966221,RECONSTRUCTED
2026-04-24,SBIN,9.836410897332245,RECONSTRUCTED
2026-04-24,UNIONBANK,2.7371828396167284,RECONSTRUCTED
2026-04-24,YESBANK,3.209740660826013,RECONSTRUCTED
2026-04-27,AUBANK,4.962516493332644,RECONSTRUCTED
2026-04-27,AXISBANK,9.837702472569184,RECONSTRUCTED
2026-04-27,BANKBARODA,4.277866684486705,RECONSTRUCTED
2026-04-27,CANBK,3.97814603579714,RECONSTRUCTED
2026-04-27,FEDERALBNK,6.272058987364028,RECONSTRUCTED
2026-04-27,HDFCBANK,18.399162636505125,RECONSTRUCTED
2026-04-27,ICICIBANK,13.353936870506574,RECONSTRUCTED
2026-04-27,IDFCFIRSTB,4.185463558648425,RECONSTRUCTED
2026-04-27,INDUSINDBK,5.581045743511527,RECONSTRUCTED
2026-04-27,KOTAKBANK,10.08351432188608,RECONSTRUCTED
2026-04-27,PNB,3.3174047286963138,RECONSTRUCTED
2026-04-27,SBIN,9.781709409014546,RECONSTRUCTED
2026-04-27,UNIONBANK,2.762582568979288,RECONSTRUCTED
2026-04-27,YESBANK,3.206889488702408,RECONSTRUCTED
2026-04-28,AUBANK,4.983843606671193,RECONSTRUCTED
2026-04-28,AXISBANK,9.953210143277436,RECONSTRUCTED
2026-04-28,BANKBARODA,4.309943939980846,RECONSTRUCTED
2026-04-28,CANBK,4.015598193804736,RECONSTRUCTED
2026-04-28,FEDERALBNK,6.250353028599475,RECONSTRUCTED
2026-04-28,HDFCBANK,18.28824165196325,RECONSTRUCTED
2026-04-28,ICICIBANK,13.376548371288118,RECONSTRUCTED
2026-04-28,IDFCFIRSTB,4.215629376509879,RECONSTRUCTED
2026-04-28,INDUSINDBK,5.587097680231592,RECONSTRUCTED
2026-04-28,KOTAKBANK,9.900504123602598,RECONSTRUCTED
2026-04-28,PNB,3.3401700626193818,RECONSTRUCTED
2026-04-28,SBIN,9.814895474133444,RECONSTRUCTED
2026-04-28,UNIONBANK,2.81041245948054,RECONSTRUCTED
2026-04-28,YESBANK,3.153551887837494,RECONSTRUCTED
2026-04-29,AUBANK,5.010160501022774,RECONSTRUCTED
2026-04-29,AXISBANK,9.898560501038526,RECONSTRUCTED
2026-04-29,BANKBARODA,4.304136635555363,RECONSTRUCTED
2026-04-29,CANBK,4.017649174594523,RECONSTRUCTED
2026-04-29,FEDERALBNK,6.380158011541677,RECONSTRUCTED
2026-04-29,HDFCBANK,18.37560151365864,RECONSTRUCTED
2026-04-29,ICICIBANK,13.49436435800006,RECONSTRUCTED
2026-04-29,IDFCFIRSTB,4.129996251574549,RECONSTRUCTED
2026-04-29,INDUSINDBK,5.4158536680841465,RECONSTRUCTED
2026-04-29,KOTAKBANK,9.79768007847212,RECONSTRUCTED
2026-04-29,PNB,3.347211100440383,RECONSTRUCTED
2026-04-29,SBIN,9.8567827761632,RECONSTRUCTED
2026-04-29,UNIONBANK,2.864287434532095,RECONSTRUCTED
2026-04-29,YESBANK,3.107557995321943,RECONSTRUCTED
2026-04-30,AUBANK,4.97,OFFICIAL
2026-04-30,AXISBANK,10.02,OFFICIAL
2026-04-30,BANKBARODA,4.34,OFFICIAL
2026-04-30,CANBK,4.05,OFFICIAL
2026-04-30,FEDERALBNK,6.27,OFFICIAL
2026-04-30,HDFCBANK,18.37,OFFICIAL
2026-04-30,ICICIBANK,13.55,OFFICIAL
2026-04-30,IDFCFIRSTB,4.12,OFFICIAL
2026-04-30,INDUSINDBK,5.35,OFFICIAL
2026-04-30,KOTAKBANK,9.67,OFFICIAL
2026-04-30,PNB,3.37,OFFICIAL
2026-04-30,SBIN,9.93,OFFICIAL
2026-04-30,UNIONBANK,2.86,OFFICIAL
2026-04-30,YESBANK,3.13,OFFICIAL
2026-05-04,AUBANK,4.762675837136651,RECONSTRUCTED
2026-05-04,AXISBANK,10.456265253343645,RECONSTRUCTED
2026-05-04,BANKBARODA,4.563795806359685,RECONSTRUCTED
2026-05-04,CANBK,3.8930060679899854,RECONSTRUCTED
2026-05-04,FEDERALBNK,6.426941473421355,RECONSTRUCTED
2026-05-04,HDFCBANK,17.266244379988414,RECONSTRUCTED
2026-05-04,ICICIBANK,13.584095061263572,RECONSTRUCTED
2026-05-04,IDFCFIRSTB,4.411401164791827,RECONSTRUCTED
2026-05-04,INDUSINDBK,5.446176065152026,RECONSTRUCTED
2026-05-04,KOTAKBANK,10.222953715412002,RECONSTRUCTED
2026-05-04,PNB,3.2460795464961474,RECONSTRUCTED
2026-05-04,SBIN,8.401817220042245,RECONSTRUCTED
2026-05-04,UNIONBANK,3.0277245541201614,RECONSTRUCTED
2026-05-04,YESBANK,4.290823854482287,RECONSTRUCTED
2026-05-05,AUBANK,4.772947060286093,RECONSTRUCTED
2026-05-05,AXISBANK,10.52436333095002,RECONSTRUCTED
2026-05-05,BANKBARODA,4.567329255232198,RECONSTRUCTED
2026-05-05,CANBK,3.8851587142778254,RECONSTRUCTED
2026-05-05,FEDERALBNK,6.3153199062186,RECONSTRUCTED
2026-05-05,HDFCBANK,17.32664362453856,RECONSTRUCTED
2026-05-05,ICICIBANK,13.717931876989596,RECONSTRUCTED
2026-05-05,IDFCFIRSTB,4.440100876124391,RECONSTRUCTED
2026-05-05,INDUSINDBK,5.434469629534479,RECONSTRUCTED
2026-05-05,KOTAKBANK,10.173472974881532,RECONSTRUCTED
2026-05-05,PNB,3.25139507603161,RECONSTRUCTED
2026-05-05,SBIN,8.421401239580224,RECONSTRUCTED
2026-05-05,UNIONBANK,3.011189498587765,RECONSTRUCTED
2026-05-05,YESBANK,4.1582769367670815,RECONSTRUCTED
2026-05-06,AUBANK,4.817804339448244,RECONSTRUCTED
2026-05-06,AXISBANK,10.51360067311666,RECONSTRUCTED
2026-05-06,BANKBARODA,4.56795630984304,RECONSTRUCTED
2026-05-06,CANBK,3.879735458223583,RECONSTRUCTED
2026-05-06,FEDERALBNK,6.472796972819748,RECONSTRUCTED
2026-05-06,HDFCBANK,17.24159042317982,RECONSTRUCTED
2026-05-06,ICICIBANK,13.768914517439264,RECONSTRUCTED
2026-05-06,IDFCFIRSTB,4.502032282829152,RECONSTRUCTED
2026-05-06,INDUSINDBK,5.365214558546391,RECONSTRUCTED
2026-05-06,KOTAKBANK,10.29585063922156,RECONSTRUCTED
2026-05-06,PNB,3.26766898793796,RECONSTRUCTED
2026-05-06,SBIN,8.358504904174257,RECONSTRUCTED
2026-05-06,UNIONBANK,2.9987413638075258,RECONSTRUCTED
2026-05-06,YESBANK,3.949588569412789,RECONSTRUCTED
2026-05-07,AUBANK,4.785572496361352,RECONSTRUCTED
2026-05-07,AXISBANK,10.541148893920813,RECONSTRUCTED
2026-05-07,BANKBARODA,4.573771045784246,RECONSTRUCTED
2026-05-07,CANBK,3.9457044342698846,RECONSTRUCTED
2026-05-07,FEDERALBNK,6.393856393417731,RECONSTRUCTED
2026-05-07,HDFCBANK,17.277576847777777,RECONSTRUCTED
2026-05-07,ICICIBANK,13.794382484887526,RECONSTRUCTED
2026-05-07,IDFCFIRSTB,4.45735531337458,RECONSTRUCTED
2026-05-07,INDUSINDBK,5.3719031976794325,RECONSTRUCTED
2026-05-07,KOTAKBANK,10.23476880188372,RECONSTRUCTED
2026-05-07,PNB,3.30452520388539,RECONSTRUCTED
2026-05-07,SBIN,8.401354894153792,RECONSTRUCTED
2026-05-07,UNIONBANK,3.0295042779605463,RECONSTRUCTED
2026-05-07,YESBANK,3.888575714643196,RECONSTRUCTED
2026-05-08,AUBANK,4.64527036198465,RECONSTRUCTED
2026-05-08,AXISBANK,10.610784357527397,RECONSTRUCTED
2026-05-08,BANKBARODA,4.627487273072031,RECONSTRUCTED
2026-05-08,CANBK,3.942923107768176,RECONSTRUCTED
2026-05-08,FEDERALBNK,6.31036318190163,RECONSTRUCTED
2026-05-08,HDFCBANK,17.3955989035513,RECONSTRUCTED
2026-05-08,ICICIBANK,13.776367793846632,RECONSTRUCTED
2026-05-08,IDFCFIRSTB,4.347757378566572,RECONSTRUCTED
2026-05-08,INDUSINDBK,5.284120280557262,RECONSTRUCTED
2026-05-08,KOTAKBANK,10.07076075609048,RECONSTRUCTED
2026-05-08,PNB,3.320478255620868,RECONSTRUCTED
2026-05-08,SBIN,8.889018026675693,RECONSTRUCTED
2026-05-08,UNIONBANK,3.010675043695968,RECONSTRUCTED
2026-05-08,YESBANK,3.768395279141338,RECONSTRUCTED
2026-05-11,AUBANK,4.703800335916696,RECONSTRUCTED
2026-05-11,AXISBANK,10.41499204017586,RECONSTRUCTED
2026-05-11,BANKBARODA,4.520453205498766,RECONSTRUCTED
2026-05-11,CANBK,4.029653768695838,RECONSTRUCTED
2026-05-11,FEDERALBNK,6.315439760960143,RECONSTRUCTED
2026-05-11,HDFCBANK,17.514252940215638,RECONSTRUCTED
2026-05-11,ICICIBANK,13.547673118685926,RECONSTRUCTED
2026-05-11,IDFCFIRSTB,4.407775202590311,RECONSTRUCTED
2026-05-11,INDUSINDBK,5.363469886786051,RECONSTRUCTED
2026-05-11,KOTAKBANK,9.909602806016595,RECONSTRUCTED
2026-05-11,PNB,3.351364975930569,RECONSTRUCTED
2026-05-11,SBIN,9.163349082105556,RECONSTRUCTED
2026-05-11,UNIONBANK,3.008416933983375,RECONSTRUCTED
2026-05-11,YESBANK,3.749755942438669,RECONSTRUCTED
2026-05-12,AUBANK,4.728218732492189,RECONSTRUCTED
2026-05-12,AXISBANK,10.344810744125825,RECONSTRUCTED
2026-05-12,BANKBARODA,4.550434292200971,RECONSTRUCTED
2026-05-12,CANBK,3.9464351131642097,RECONSTRUCTED
2026-05-12,FEDERALBNK,6.379612743490677,RECONSTRUCTED
2026-05-12,HDFCBANK,17.532476938393952,RECONSTRUCTED
2026-05-12,ICICIBANK,13.607799503886584,RECONSTRUCTED
2026-05-12,IDFCFIRSTB,4.434756363270215,RECONSTRUCTED
2026-05-12,INDUSINDBK,5.450277345230938,RECONSTRUCTED
2026-05-12,KOTAKBANK,9.879373219552033,RECONSTRUCTED
2026-05-12,PNB,3.355883707085814,RECONSTRUCTED
2026-05-12,SBIN,9.005077462595006,RECONSTRUCTED
2026-05-12,UNIONBANK,2.989051519798834,RECONSTRUCTED
2026-05-12,YESBANK,3.795792314712772,RECONSTRUCTED
2026-05-13,AUBANK,4.74251960334428,RECONSTRUCTED
2026-05-13,AXISBANK,10.362457636413,RECONSTRUCTED
2026-05-13,BANKBARODA,4.512768428211616,RECONSTRUCTED
2026-05-13,CANBK,3.962220881952968,RECONSTRUCTED
2026-05-13,FEDERALBNK,6.476193616140163,RECONSTRUCTED
2026-05-13,HDFCBANK,17.520906380147817,RECONSTRUCTED
2026-05-13,ICICIBANK,13.635085592260074,RECONSTRUCTED
2026-05-13,IDFCFIRSTB,4.386624851879099,RECONSTRUCTED
2026-05-13,INDUSINDBK,5.442644633853283,RECONSTRUCTED
2026-05-13,KOTAKBANK,9.818584589622231,RECONSTRUCTED
2026-05-13,PNB,3.350196433002819,RECONSTRUCTED
2026-05-13,SBIN,9.030638739536617,RECONSTRUCTED
2026-05-13,UNIONBANK,2.978736567781524,RECONSTRUCTED
2026-05-13,YESBANK,3.7804220458545057,RECONSTRUCTED
2026-05-14,AUBANK,4.753732437318105,RECONSTRUCTED
2026-05-14,AXISBANK,10.499524069665162,RECONSTRUCTED
2026-05-14,BANKBARODA,4.463540477331849,RECONSTRUCTED
2026-05-14,CANBK,3.9626756555115694,RECONSTRUCTED
2026-05-14,FEDERALBNK,6.551428282712488,RECONSTRUCTED
2026-05-14,HDFCBANK,17.27728660858884,RECONSTRUCTED
2026-05-14,ICICIBANK,13.688126016369614,RECONSTRUCTED
2026-05-14,IDFCFIRSTB,4.42520454991251,RECONSTRUCTED
2026-05-14,INDUSINDBK,5.4163462638748525,RECONSTRUCTED
2026-05-14,KOTAKBANK,9.795781371564315,RECONSTRUCTED
2026-05-14,PNB,3.331563839816894,RECONSTRUCTED
2026-05-14,SBIN,9.050643139829033,RECONSTRUCTED
2026-05-14,UNIONBANK,2.9708736223817525,RECONSTRUCTED
2026-05-14,YESBANK,3.813273665123022,RECONSTRUCTED
2026-05-15,AUBANK,4.791744134458393,RECONSTRUCTED
2026-05-15,AXISBANK,10.516039894374911,RECONSTRUCTED
2026-05-15,BANKBARODA,4.544241431356614,RECONSTRUCTED
2026-05-15,CANBK,4.023079026369191,RECONSTRUCTED
2026-05-15,FEDERALBNK,6.486178241330495,RECONSTRUCTED
2026-05-15,HDFCBANK,17.21515530202955,RECONSTRUCTED
2026-05-15,ICICIBANK,13.61896374356314,RECONSTRUCTED
2026-05-15,IDFCFIRSTB,4.455398655056658,RECONSTRUCTED
2026-05-15,INDUSINDBK,5.513046011971143,RECONSTRUCTED
2026-05-15,KOTAKBANK,9.637723543557216,RECONSTRUCTED
2026-05-15,PNB,3.39411664315905,RECONSTRUCTED
2026-05-15,SBIN,8.988002694842802,RECONSTRUCTED
2026-05-15,UNIONBANK,3.00626748688087,RECONSTRUCTED
2026-05-15,YESBANK,3.810043191049956,RECONSTRUCTED
2026-05-18,AUBANK,4.831015169044174,RECONSTRUCTED
2026-05-18,AXISBANK,10.537540882096948,RECONSTRUCTED
2026-05-18,BANKBARODA,4.551799559807677,RECONSTRUCTED
2026-05-18,CANBK,4.1107072023399205,RECONSTRUCTED
2026-05-18,FEDERALBNK,6.403090915958301,RECONSTRUCTED
2026-05-18,HDFCBANK,17.12906658035332,RECONSTRUCTED
2026-05-18,ICICIBANK,13.499570380609285,RECONSTRUCTED
2026-05-18,IDFCFIRSTB,4.443702312990607,RECONSTRUCTED
2026-05-18,INDUSINDBK,5.458288703237494,RECONSTRUCTED
2026-05-18,KOTAKBANK,9.48746372493737,RECONSTRUCTED
2026-05-18,PNB,3.4692322450262423,RECONSTRUCTED
2026-05-18,SBIN,9.18337046998008,RECONSTRUCTED
2026-05-18,UNIONBANK,3.053220775711725,RECONSTRUCTED
2026-05-18,YESBANK,3.8419310779068487,RECONSTRUCTED
2026-05-19,AUBANK,4.856460448554314,RECONSTRUCTED
2026-05-19,AXISBANK,10.512821526344515,RECONSTRUCTED
2026-05-19,BANKBARODA,4.533001853931603,RECONSTRUCTED
2026-05-19,CANBK,4.0617396682264255,RECONSTRUCTED
2026-05-19,FEDERALBNK,6.331049966418449,RECONSTRUCTED
2026-05-19,HDFCBANK,17.233413898955057,RECONSTRUCTED
2026-05-19,ICICIBANK,13.584089621986308,RECONSTRUCTED
2026-05-19,IDFCFIRSTB,4.420323336060154,RECONSTRUCTED
2026-05-19,INDUSINDBK,5.428382241778962,RECONSTRUCTED
2026-05-19,KOTAKBANK,9.71244009863137,RECONSTRUCTED
2026-05-19,PNB,3.4003506939758377,RECONSTRUCTED
2026-05-19,SBIN,9.073991361633103,RECONSTRUCTED
2026-05-19,UNIONBANK,3.0457007848808657,RECONSTRUCTED
2026-05-19,YESBANK,3.8062344986230254,RECONSTRUCTED
2026-05-20,AUBANK,4.860492993130393,RECONSTRUCTED
2026-05-20,AXISBANK,10.447262353277322,RECONSTRUCTED
2026-05-20,BANKBARODA,4.495677541106407,RECONSTRUCTED
2026-05-20,CANBK,4.025708711728307,RECONSTRUCTED
2026-05-20,FEDERALBNK,6.277714515859165,RECONSTRUCTED
2026-05-20,HDFCBANK,17.352127662382095,RECONSTRUCTED
2026-05-20,ICICIBANK,13.663285289519894,RECONSTRUCTED
2026-05-20,IDFCFIRSTB,4.407552913445715,RECONSTRUCTED
2026-05-20,INDUSINDBK,5.433097601516657,RECONSTRUCTED
2026-05-20,KOTAKBANK,9.709731505202567,RECONSTRUCTED
2026-05-20,PNB,3.379832007384527,RECONSTRUCTED
2026-05-20,SBIN,9.081048869172296,RECONSTRUCTED
2026-05-20,UNIONBANK,3.0540480008415227,RECONSTRUCTED
2026-05-20,YESBANK,3.812420035433129,RECONSTRUCTED
2026-05-21,AUBANK,4.926646316725438,RECONSTRUCTED
2026-05-21,AXISBANK,10.394002386345695,RECONSTRUCTED
2026-05-21,BANKBARODA,4.49295561828791,RECONSTRUCTED
2026-05-21,CANBK,4.006672503830493,RECONSTRUCTED
2026-05-21,FEDERALBNK,6.398950323689191,RECONSTRUCTED
2026-05-21,HDFCBANK,17.319994393935538,RECONSTRUCTED
2026-05-21,ICICIBANK,13.571371962395418,RECONSTRUCTED
2026-05-21,IDFCFIRSTB,4.391569009802217,RECONSTRUCTED
2026-05-21,INDUSINDBK,5.403672528789988,RECONSTRUCTED
2026-05-21,KOTAKBANK,9.74705895608633,RECONSTRUCTED
2026-05-21,PNB,3.381944118284864,RECONSTRUCTED
2026-05-21,SBIN,9.060055277832245,RECONSTRUCTED
2026-05-21,UNIONBANK,3.0256748192474365,RECONSTRUCTED
2026-05-21,YESBANK,3.879431784747232,RECONSTRUCTED
2026-05-22,AUBANK,4.885500928809576,RECONSTRUCTED
2026-05-22,AXISBANK,10.251065858354254,RECONSTRUCTED
2026-05-22,BANKBARODA,4.5052773776858,RECONSTRUCTED
2026-05-22,CANBK,4.044565339957828,RECONSTRUCTED
2026-05-22,FEDERALBNK,6.394838828305166,RECONSTRUCTED
2026-05-22,HDFCBANK,17.34453633697413,RECONSTRUCTED
2026-05-22,ICICIBANK,13.494111241915675,RECONSTRUCTED
2026-05-22,IDFCFIRSTB,4.404704453528829,RECONSTRUCTED
2026-05-22,INDUSINDBK,5.4046041535491245,RECONSTRUCTED
2026-05-22,KOTAKBANK,9.774537008901712,RECONSTRUCTED
2026-05-22,PNB,3.3962059015832664,RECONSTRUCTED
2026-05-22,SBIN,9.180734221045276,RECONSTRUCTED
2026-05-22,UNIONBANK,3.0490693857165687,RECONSTRUCTED
2026-05-22,YESBANK,3.8702489636728017,RECONSTRUCTED
2026-05-25,AUBANK,4.890140121224724,RECONSTRUCTED
2026-05-25,AXISBANK,10.279027799407256,RECONSTRUCTED
2026-05-25,BANKBARODA,4.4922939020433255,RECONSTRUCTED
2026-05-25,CANBK,3.9677447419424112,RECONSTRUCTED
2026-05-25,FEDERALBNK,6.494628823453144,RECONSTRUCTED
2026-05-25,HDFCBANK,17.288865525326493,RECONSTRUCTED
2026-05-25,ICICIBANK,13.50867528514039,RECONSTRUCTED
2026-05-25,IDFCFIRSTB,4.467748539388215,RECONSTRUCTED
2026-05-25,INDUSINDBK,5.432911352659529,RECONSTRUCTED
2026-05-25,KOTAKBANK,9.776510769061051,RECONSTRUCTED
2026-05-25,PNB,3.3561324771015566,RECONSTRUCTED
2026-05-25,SBIN,9.192977280544662,RECONSTRUCTED
2026-05-25,UNIONBANK,2.9682358134548594,RECONSTRUCTED
2026-05-25,YESBANK,3.884107569252391,RECONSTRUCTED
2026-05-26,AUBANK,4.813279071008514,RECONSTRUCTED
2026-05-26,AXISBANK,10.337844450259112,RECONSTRUCTED
2026-05-26,BANKBARODA,4.505127279880069,RECONSTRUCTED
2026-05-26,CANBK,3.970566679085152,RECONSTRUCTED
2026-05-26,FEDERALBNK,6.451323141679516,RECONSTRUCTED
2026-05-26,HDFCBANK,17.40585020119207,RECONSTRUCTED
2026-05-26,ICICIBANK,13.596343214986115,RECONSTRUCTED
2026-05-26,IDFCFIRSTB,4.404343584999086,RECONSTRUCTED
2026-05-26,INDUSINDBK,5.378402798024816,RECONSTRUCTED
2026-05-26,KOTAKBANK,9.848509478528532,RECONSTRUCTED
2026-05-26,PNB,3.355756405908424,RECONSTRUCTED
2026-05-26,SBIN,9.172076667470044,RECONSTRUCTED
2026-05-26,UNIONBANK,2.9812546060547405,RECONSTRUCTED
2026-05-26,YESBANK,3.779322420923807,RECONSTRUCTED
2026-05-27,AUBANK,4.825823020142796,RECONSTRUCTED
2026-05-27,AXISBANK,10.257235516668496,RECONSTRUCTED
2026-05-27,BANKBARODA,4.479888066033372,RECONSTRUCTED
2026-05-27,CANBK,3.924391081876908,RECONSTRUCTED
2026-05-27,FEDERALBNK,6.453576006128838,RECONSTRUCTED
2026-05-27,HDFCBANK,17.796607595495487,RECONSTRUCTED
2026-05-27,ICICIBANK,13.608250371159002,RECONSTRUCTED
2026-05-27,IDFCFIRSTB,4.308828507243222,RECONSTRUCTED
2026-05-27,INDUSINDBK,5.356178747980893,RECONSTRUCTED
2026-05-27,KOTAKBANK,9.8065525963422,RECONSTRUCTED
2026-05-27,PNB,3.318080124787312,RECONSTRUCTED
2026-05-27,SBIN,9.140783585053653,RECONSTRUCTED
2026-05-27,UNIONBANK,2.948523369643868,RECONSTRUCTED
2026-05-27,YESBANK,3.775281411443943,RECONSTRUCTED
2026-05-29,AUBANK,4.87,OFFICIAL
2026-05-29,AXISBANK,10.28,OFFICIAL
2026-05-29,BANKBARODA,4.47,OFFICIAL
2026-05-29,CANBK,3.98,OFFICIAL
2026-05-29,FEDERALBNK,6.38,OFFICIAL
2026-05-29,HDFCBANK,17.93,OFFICIAL
2026-05-29,ICICIBANK,13.63,OFFICIAL
2026-05-29,IDFCFIRSTB,4.27,OFFICIAL
2026-05-29,INDUSINDBK,5.4,OFFICIAL
2026-05-29,KOTAKBANK,9.81,OFFICIAL
2026-05-29,PNB,3.3,OFFICIAL
2026-05-29,SBIN,9.07,OFFICIAL
2026-05-29,UNIONBANK,2.93,OFFICIAL
2026-05-29,YESBANK,3.67,OFFICIAL
2026-06-01,AUBANK,4.607661088301914,RECONSTRUCTED
2026-06-01,AXISBANK,9.386508078166404,RECONSTRUCTED
2026-06-01,BANKBARODA,3.9488081573362135,RECONSTRUCTED
2026-06-01,CANBK,3.1125454858664905,RECONSTRUCTED
2026-06-01,FEDERALBNK,7.088680359164874,RECONSTRUCTED
2026-06-01,HDFCBANK,19.561296393455528,RECONSTRUCTED
2026-06-01,ICICIBANK,14.576939164646948,RECONSTRUCTED
2026-06-01,IDFCFIRSTB,4.514066136088908,RECONSTRUCTED
2026-06-01,INDUSINDBK,4.756922762256107,RECONSTRUCTED
2026-06-01,KOTAKBANK,8.979757345681357,RECONSTRUCTED
2026-06-01,PNB,3.112229181564781,RECONSTRUCTED
2026-06-01,SBIN,10.008196763875402,RECONSTRUCTED
2026-06-01,UNIONBANK,2.8746785181323253,RECONSTRUCTED
2026-06-01,YESBANK,3.471710565462752,RECONSTRUCTED
2026-06-02,AUBANK,4.579368782543449,RECONSTRUCTED
2026-06-02,AXISBANK,9.58545575472142,RECONSTRUCTED
2026-06-02,BANKBARODA,3.932552416987999,RECONSTRUCTED
2026-06-02,CANBK,3.089691152413912,RECONSTRUCTED
2026-06-02,FEDERALBNK,6.980745728247162,RECONSTRUCTED
2026-06-02,HDFCBANK,19.442334856096284,RECONSTRUCTED
2026-06-02,ICICIBANK,14.75244748146557,RECONSTRUCTED
2026-06-02,IDFCFIRSTB,4.498674435299699,RECONSTRUCTED
2026-06-02,INDUSINDBK,4.704077097235669,RECONSTRUCTED
2026-06-02,KOTAKBANK,8.952701269444278,RECONSTRUCTED
2026-06-02,PNB,3.1071364901017704,RECONSTRUCTED
2026-06-02,SBIN,9.994952390887327,RECONSTRUCTED
2026-06-02,UNIONBANK,2.876070110379235,RECONSTRUCTED
2026-06-02,YESBANK,3.5037920341762256,RECONSTRUCTED
2026-06-03,AUBANK,4.648343805818949,RECONSTRUCTED
2026-06-03,AXISBANK,9.639949483460216,RECONSTRUCTED
2026-06-03,BANKBARODA,3.922855363457274,RECONSTRUCTED
2026-06-03,CANBK,3.0519453435953943,RECONSTRUCTED
2026-06-03,FEDERALBNK,6.856267812034828,RECONSTRUCTED
2026-06-03,HDFCBANK,19.47638401333646,RECONSTRUCTED
2026-06-03,ICICIBANK,14.700372219146454,RECONSTRUCTED
2026-06-03,IDFCFIRSTB,4.5270609869681016,RECONSTRUCTED
2026-06-03,INDUSINDBK,4.812511568790742,RECONSTRUCTED
2026-06-03,KOTAKBANK,8.986870518721814,RECONSTRUCTED
2026-06-03,PNB,3.08437035291918,RECONSTRUCTED
2026-06-03,SBIN,9.941308043651128,RECONSTRUCTED
2026-06-03,UNIONBANK,2.831919415284742,RECONSTRUCTED
2026-06-03,YESBANK,3.5198410728147023,RECONSTRUCTED
2026-06-04,AUBANK,4.700280217026161,RECONSTRUCTED
2026-06-04,AXISBANK,9.676437317024146,RECONSTRUCTED
2026-06-04,BANKBARODA,3.8962375911750335,RECONSTRUCTED
2026-06-04,CANBK,3.0296781242976327,RECONSTRUCTED
2026-06-04,FEDERALBNK,6.893555159195549,RECONSTRUCTED
2026-06-04,HDFCBANK,19.506277484837693,RECONSTRUCTED
2026-06-04,ICICIBANK,14.619501077106802,RECONSTRUCTED
2026-06-04,IDFCFIRSTB,4.5134238856634346,RECONSTRUCTED
2026-06-04,INDUSINDBK,4.806059442787644,RECONSTRUCTED
2026-06-04,KOTAKBANK,8.995426976184396,RECONSTRUCTED
2026-06-04,PNB,3.095162029658338,RECONSTRUCTED
2026-06-04,SBIN,9.874292627303774,RECONSTRUCTED
2026-06-04,UNIONBANK,2.841062855494888,RECONSTRUCTED
2026-06-04,YESBANK,3.5526052122445093,RECONSTRUCTED
2026-06-05,AUBANK,4.67914838071712,RECONSTRUCTED
2026-06-05,AXISBANK,9.561575379441772,RECONSTRUCTED
2026-06-05,BANKBARODA,3.895014452654829,RECONSTRUCTED
2026-06-05,CANBK,2.978903981882284,RECONSTRUCTED
2026-06-05,FEDERALBNK,6.822914116163603,RECONSTRUCTED
2026-06-05,HDFCBANK,19.75421248526673,RECONSTRUCTED
2026-06-05,ICICIBANK,14.544120650498996,RECONSTRUCTED
2026-06-05,IDFCFIRSTB,4.515570179373973,RECONSTRUCTED
2026-06-05,INDUSINDBK,4.812479868388816,RECONSTRUCTED
2026-06-05,KOTAKBANK,9.12022014700528,RECONSTRUCTED
2026-06-05,PNB,3.0704993456246785,RECONSTRUCTED
2026-06-05,SBIN,9.920701982738912,RECONSTRUCTED
2026-06-05,UNIONBANK,2.84204756216841,RECONSTRUCTED
2026-06-05,YESBANK,3.4825914680745864,RECONSTRUCTED
2026-06-08,AUBANK,4.693922750790253,RECONSTRUCTED
2026-06-08,AXISBANK,9.519298626584058,RECONSTRUCTED
2026-06-08,BANKBARODA,3.931333481325159,RECONSTRUCTED
2026-06-08,CANBK,3.043336117647479,RECONSTRUCTED
2026-06-08,FEDERALBNK,6.760319579013176,RECONSTRUCTED
2026-06-08,HDFCBANK,19.824857090882187,RECONSTRUCTED
2026-06-08,ICICIBANK,14.56938349502198,RECONSTRUCTED
2026-06-08,IDFCFIRSTB,4.538474578709308,RECONSTRUCTED
2026-06-08,INDUSINDBK,4.827404123534939,RECONSTRUCTED
2026-06-08,KOTAKBANK,9.05832043516833,RECONSTRUCTED
2026-06-08,PNB,3.079689215879288,RECONSTRUCTED
2026-06-08,SBIN,9.801624735954164,RECONSTRUCTED
2026-06-08,UNIONBANK,2.851213771751022,RECONSTRUCTED
2026-06-08,YESBANK,3.5008219977386443,RECONSTRUCTED
2026-06-09,AUBANK,4.691680389966854,RECONSTRUCTED
2026-06-09,AXISBANK,9.526676979445776,RECONSTRUCTED
2026-06-09,BANKBARODA,3.797383783514188,RECONSTRUCTED
2026-06-09,CANBK,2.977647856376928,RECONSTRUCTED
2026-06-09,FEDERALBNK,6.66543834403894,RECONSTRUCTED
2026-06-09,HDFCBANK,20.22863068865859,RECONSTRUCTED
2026-06-09,ICICIBANK,14.571036991112509,RECONSTRUCTED
2026-06-09,IDFCFIRSTB,4.487060515813698,RECONSTRUCTED
2026-06-09,INDUSINDBK,4.77565923793309,RECONSTRUCTED
2026-06-09,KOTAKBANK,9.127713225505785,RECONSTRUCTED
2026-06-09,PNB,3.0282677822110733,RECONSTRUCTED
2026-06-09,SBIN,9.790309017718153,RECONSTRUCTED
2026-06-09,UNIONBANK,2.8183548069712137,RECONSTRUCTED
2026-06-09,YESBANK,3.514140380733203,RECONSTRUCTED
2026-06-10,AUBANK,4.781727839195607,RECONSTRUCTED
2026-06-10,AXISBANK,9.357989902088775,RECONSTRUCTED
2026-06-10,BANKBARODA,3.856621976821296,RECONSTRUCTED
2026-06-10,CANBK,3.065217130188466,RECONSTRUCTED
2026-06-10,FEDERALBNK,6.744998578518483,RECONSTRUCTED
2026-06-10,HDFCBANK,19.98021560037828,RECONSTRUCTED
2026-06-10,ICICIBANK,14.351791810765969,RECONSTRUCTED
2026-06-10,IDFCFIRSTB,4.525972609405373,RECONSTRUCTED
2026-06-10,INDUSINDBK,4.981016379688028,RECONSTRUCTED
2026-06-10,KOTAKBANK,8.969026699842447,RECONSTRUCTED
2026-06-10,PNB,3.09552619129982,RECONSTRUCTED
2026-06-10,SBIN,9.776041531887293,RECONSTRUCTED
2026-06-10,UNIONBANK,2.883289104808489,RECONSTRUCTED
2026-06-10,YESBANK,3.630564645111662,RECONSTRUCTED
2026-06-11,AUBANK,4.767795239250363,RECONSTRUCTED
2026-06-11,AXISBANK,9.350688585143406,RECONSTRUCTED
2026-06-11,BANKBARODA,3.886354493208657,RECONSTRUCTED
2026-06-11,CANBK,3.1146247487225263,RECONSTRUCTED
2026-06-11,FEDERALBNK,6.783529517986516,RECONSTRUCTED
2026-06-11,HDFCBANK,20.067609519505847,RECONSTRUCTED
2026-06-11,ICICIBANK,14.112526374354005,RECONSTRUCTED
2026-06-11,IDFCFIRSTB,4.53455982725635,RECONSTRUCTED
2026-06-11,INDUSINDBK,4.95967795363748,RECONSTRUCTED
2026-06-11,KOTAKBANK,8.861248466790022,RECONSTRUCTED
2026-06-11,PNB,3.12889515508449,RECONSTRUCTED
2026-06-11,SBIN,9.814166620596213,RECONSTRUCTED
2026-06-11,UNIONBANK,2.9206913408338115,RECONSTRUCTED
2026-06-11,YESBANK,3.697632157630308,RECONSTRUCTED
2026-06-12,AUBANK,4.657451850611047,RECONSTRUCTED
2026-06-12,AXISBANK,9.352369574064715,RECONSTRUCTED
2026-06-12,BANKBARODA,3.897983301666384,RECONSTRUCTED
2026-06-12,CANBK,3.101449212506396,RECONSTRUCTED
2026-06-12,FEDERALBNK,6.853960339205336,RECONSTRUCTED
2026-06-12,HDFCBANK,19.92037236089707,RECONSTRUCTED
2026-06-12,ICICIBANK,14.274985331272108,RECONSTRUCTED
2026-06-12,IDFCFIRSTB,4.452953160023871,RECONSTRUCTED
2026-06-12,INDUSINDBK,4.9493127226313565,RECONSTRUCTED
2026-06-12,KOTAKBANK,8.90010260994187,RECONSTRUCTED
2026-06-12,PNB,3.1102632143078663,RECONSTRUCTED
2026-06-12,SBIN,9.94309210628816,RECONSTRUCTED
2026-06-12,UNIONBANK,2.910245384854504,RECONSTRUCTED
2026-06-12,YESBANK,3.675458831729317,RECONSTRUCTED
2026-06-15,AUBANK,4.606106470225296,RECONSTRUCTED
2026-06-15,AXISBANK,9.331560126863923,RECONSTRUCTED
2026-06-15,BANKBARODA,3.905243309682306,RECONSTRUCTED
2026-06-15,CANBK,3.1094115834425,RECONSTRUCTED
2026-06-15,FEDERALBNK,6.8687558724269975,RECONSTRUCTED
2026-06-15,HDFCBANK,19.925507617511883,RECONSTRUCTED
2026-06-15,ICICIBANK,14.51211149244439,RECONSTRUCTED
2026-06-15,IDFCFIRSTB,4.377635495703912,RECONSTRUCTED
2026-06-15,INDUSINDBK,4.89737510822749,RECONSTRUCTED
2026-06-15,KOTAKBANK,8.904773325616814,RECONSTRUCTED
2026-06-15,PNB,3.09948015159345,RECONSTRUCTED
2026-06-15,SBIN,9.972469287338052,RECONSTRUCTED
2026-06-15,UNIONBANK,2.9080847873501985,RECONSTRUCTED
2026-06-15,YESBANK,3.581485371572799,RECONSTRUCTED
2026-06-16,AUBANK,4.662229461048354,RECONSTRUCTED
2026-06-16,AXISBANK,9.367109166990948,RECONSTRUCTED
2026-06-16,BANKBARODA,3.922617821563769,RECONSTRUCTED
2026-06-16,CANBK,3.100549982810836,RECONSTRUCTED
2026-06-16,FEDERALBNK,6.806691120198176,RECONSTRUCTED
2026-06-16,HDFCBANK,19.771375165442382,RECONSTRUCTED
2026-06-16,ICICIBANK,14.466704285917404,RECONSTRUCTED
2026-06-16,IDFCFIRSTB,4.432934098921612,RECONSTRUCTED
2026-06-16,INDUSINDBK,4.944841763075065,RECONSTRUCTED
2026-06-16,KOTAKBANK,8.875772517423995,RECONSTRUCTED
2026-06-16,PNB,3.1050877918564805,RECONSTRUCTED
2026-06-16,SBIN,10.04605398180813,RECONSTRUCTED
2026-06-16,UNIONBANK,2.9262572600345083,RECONSTRUCTED
2026-06-16,YESBANK,3.571775582908339,RECONSTRUCTED
2026-06-17,AUBANK,4.695771096269854,RECONSTRUCTED
2026-06-17,AXISBANK,9.516883922761709,RECONSTRUCTED
2026-06-17,BANKBARODA,3.8512363090708894,RECONSTRUCTED
2026-06-17,CANBK,3.060461102785949,RECONSTRUCTED
2026-06-17,FEDERALBNK,6.796067821103938,RECONSTRUCTED
2026-06-17,HDFCBANK,19.814287856916067,RECONSTRUCTED
2026-06-17,ICICIBANK,14.51154901931487,RECONSTRUCTED
2026-06-17,IDFCFIRSTB,4.461916093136737,RECONSTRUCTED
2026-06-17,INDUSINDBK,4.915320763721213,RECONSTRUCTED
2026-06-17,KOTAKBANK,8.993841812135814,RECONSTRUCTED
2026-06-17,PNB,3.09475223010825,RECONSTRUCTED
2026-06-17,SBIN,9.985919555936048,RECONSTRUCTED
2026-06-17,UNIONBANK,2.8868351477321434,RECONSTRUCTED
2026-06-17,YESBANK,3.415157269006506,RECONSTRUCTED
2026-06-18,AUBANK,4.707376008055047,RECONSTRUCTED
2026-06-18,AXISBANK,9.517641310570818,RECONSTRUCTED
2026-06-18,BANKBARODA,3.862015105742621,RECONSTRUCTED
2026-06-18,CANBK,3.0877133801178966,RECONSTRUCTED
2026-06-18,FEDERALBNK,6.890941803324512,RECONSTRUCTED
2026-06-18,HDFCBANK,19.65367488063733,RECONSTRUCTED
2026-06-18,ICICIBANK,14.551669447198126,RECONSTRUCTED
2026-06-18,IDFCFIRSTB,4.45181254867743,RECONSTRUCTED
2026-06-18,INDUSINDBK,4.935745162165253,RECONSTRUCTED
2026-06-18,KOTAKBANK,9.090646493376385,RECONSTRUCTED
2026-06-18,PNB,3.095886302910503,RECONSTRUCTED
2026-06-18,SBIN,9.898510573487906,RECONSTRUCTED
2026-06-18,UNIONBANK,2.8676117374936734,RECONSTRUCTED
2026-06-18,YESBANK,3.388755246242489,RECONSTRUCTED
2026-06-19,AUBANK,4.66350093650463,RECONSTRUCTED
2026-06-19,AXISBANK,9.515131440047652,RECONSTRUCTED
2026-06-19,BANKBARODA,3.881497036312008,RECONSTRUCTED
2026-06-19,CANBK,3.110250158326596,RECONSTRUCTED
2026-06-19,FEDERALBNK,6.803671263610226,RECONSTRUCTED
2026-06-19,HDFCBANK,19.77267898336129,RECONSTRUCTED
2026-06-19,ICICIBANK,14.478998047289092,RECONSTRUCTED
2026-06-19,IDFCFIRSTB,4.410119579898647,RECONSTRUCTED
2026-06-19,INDUSINDBK,4.881224842964552,RECONSTRUCTED
2026-06-19,KOTAKBANK,9.157637382154215,RECONSTRUCTED
2026-06-19,PNB,3.1130752378238187,RECONSTRUCTED
2026-06-19,SBIN,9.952434595237683,RECONSTRUCTED
2026-06-19,UNIONBANK,2.868080879496085,RECONSTRUCTED
2026-06-19,YESBANK,3.3916996169735056,RECONSTRUCTED
2026-06-22,AUBANK,4.6303617664500205,RECONSTRUCTED
2026-06-22,AXISBANK,9.552335305623105,RECONSTRUCTED
2026-06-22,BANKBARODA,3.8305351018139353,RECONSTRUCTED
2026-06-22,CANBK,3.0989948998711374,RECONSTRUCTED
2026-06-22,FEDERALBNK,6.845416541928984,RECONSTRUCTED
2026-06-22,HDFCBANK,19.69353918749973,RECONSTRUCTED
2026-06-22,ICICIBANK,14.479656026174142,RECONSTRUCTED
2026-06-22,IDFCFIRSTB,4.3193018280747015,RECONSTRUCTED
2026-06-22,INDUSINDBK,5.043365601538855,RECONSTRUCTED
2026-06-22,KOTAKBANK,9.131851886187237,RECONSTRUCTED
2026-06-22,PNB,3.097525784742844,RECONSTRUCTED
2026-06-22,SBIN,9.942228983202876,RECONSTRUCTED
2026-06-22,UNIONBANK,2.866751802137606,RECONSTRUCTED
2026-06-22,YESBANK,3.468135284754818,RECONSTRUCTED
2026-06-23,AUBANK,4.6536765001441935,RECONSTRUCTED
2026-06-23,AXISBANK,9.39476007990302,RECONSTRUCTED
2026-06-23,BANKBARODA,3.893218962802084,RECONSTRUCTED
2026-06-23,CANBK,3.1632770536804378,RECONSTRUCTED
2026-06-23,FEDERALBNK,6.830701490687472,RECONSTRUCTED
2026-06-23,HDFCBANK,19.733377468386543,RECONSTRUCTED
2026-06-23,ICICIBANK,14.442739543708788,RECONSTRUCTED
2026-06-23,IDFCFIRSTB,4.368399854172537,RECONSTRUCTED
2026-06-23,INDUSINDBK,5.063826945231608,RECONSTRUCTED
2026-06-23,KOTAKBANK,9.024826070429082,RECONSTRUCTED
2026-06-23,PNB,3.124865849647437,RECONSTRUCTED
2026-06-23,SBIN,9.972065040763768,RECONSTRUCTED
2026-06-23,UNIONBANK,2.853868149262136,RECONSTRUCTED
2026-06-23,YESBANK,3.4803969911808954,RECONSTRUCTED
2026-06-24,AUBANK,4.55238244750219,RECONSTRUCTED
2026-06-24,AXISBANK,9.411106916821211,RECONSTRUCTED
2026-06-24,BANKBARODA,3.9303481048944433,RECONSTRUCTED
2026-06-24,CANBK,3.223024313390901,RECONSTRUCTED
2026-06-24,FEDERALBNK,6.834737294229834,RECONSTRUCTED
2026-06-24,HDFCBANK,19.602754616368443,RECONSTRUCTED
2026-06-24,ICICIBANK,14.313163479834351,RECONSTRUCTED
2026-06-24,IDFCFIRSTB,4.418151917414219,RECONSTRUCTED
2026-06-24,INDUSINDBK,5.027770712639732,RECONSTRUCTED
2026-06-24,KOTAKBANK,9.08253134573754,RECONSTRUCTED
2026-06-24,PNB,3.170252006687095,RECONSTRUCTED
2026-06-24,SBIN,10.041306945615167,RECONSTRUCTED
2026-06-24,UNIONBANK,2.907679491657258,RECONSTRUCTED
2026-06-24,YESBANK,3.48479040720763,RECONSTRUCTED
2026-06-25,AUBANK,4.703208519045985,RECONSTRUCTED
2026-06-25,AXISBANK,9.468995007713522,RECONSTRUCTED
2026-06-25,BANKBARODA,3.944241504365177,RECONSTRUCTED
2026-06-25,CANBK,3.255769220929208,RECONSTRUCTED
2026-06-25,FEDERALBNK,6.864795402626443,RECONSTRUCTED
2026-06-25,HDFCBANK,19.542959061353017,RECONSTRUCTED
2026-06-25,ICICIBANK,14.181760019705193,RECONSTRUCTED
2026-06-25,IDFCFIRSTB,4.420772358393861,RECONSTRUCTED
2026-06-25,INDUSINDBK,5.071175776719336,RECONSTRUCTED
2026-06-25,KOTAKBANK,9.022426726218898,RECONSTRUCTED
2026-06-25,PNB,3.168227316277197,RECONSTRUCTED
2026-06-25,SBIN,9.945976217523851,RECONSTRUCTED
2026-06-25,UNIONBANK,2.912137997536442,RECONSTRUCTED
2026-06-25,YESBANK,3.49755487159188,RECONSTRUCTED
2026-06-29,AUBANK,4.6841406360771405,RECONSTRUCTED
2026-06-29,AXISBANK,9.54091658835018,RECONSTRUCTED
2026-06-29,BANKBARODA,4.006469554448184,RECONSTRUCTED
2026-06-29,CANBK,3.3112524434321418,RECONSTRUCTED
2026-06-29,FEDERALBNK,6.814479196703186,RECONSTRUCTED
2026-06-29,HDFCBANK,19.336580204840114,RECONSTRUCTED
2026-06-29,ICICIBANK,14.076799283172496,RECONSTRUCTED
2026-06-29,IDFCFIRSTB,4.445609973459468,RECONSTRUCTED
2026-06-29,INDUSINDBK,5.053528326898712,RECONSTRUCTED
2026-06-29,KOTAKBANK,9.262010507808492,RECONSTRUCTED
2026-06-29,PNB,3.171762830084341,RECONSTRUCTED
2026-06-29,SBIN,9.961697067070183,RECONSTRUCTED
2026-06-29,UNIONBANK,2.8932773928729154,RECONSTRUCTED
2026-06-29,YESBANK,3.441475994782435,RECONSTRUCTED
2026-06-30,AUBANK,4.64,OFFICIAL
2026-06-30,AXISBANK,9.59,OFFICIAL
2026-06-30,BANKBARODA,4.0,OFFICIAL
2026-06-30,CANBK,3.31,OFFICIAL
2026-06-30,FEDERALBNK,6.67,OFFICIAL
2026-06-30,HDFCBANK,19.3,OFFICIAL
2026-06-30,ICICIBANK,14.16,OFFICIAL
2026-06-30,IDFCFIRSTB,4.36,OFFICIAL
2026-06-30,INDUSINDBK,4.99,OFFICIAL
2026-06-30,KOTAKBANK,9.31,OFFICIAL
2026-06-30,PNB,3.17,OFFICIAL
2026-06-30,SBIN,10.02,OFFICIAL
2026-06-30,UNIONBANK,2.92,OFFICIAL
2026-06-30,YESBANK,3.56,OFFICIAL
2026-07-01,AUBANK,4.740614796769349,RECONSTRUCTED
2026-07-01,AXISBANK,7.995029990227316,RECONSTRUCTED
2026-07-01,BANKBARODA,3.2274031400776977,RECONSTRUCTED
2026-07-01,CANBK,3.316905736236325,RECONSTRUCTED
2026-07-01,FEDERALBNK,7.968508752948606,RECONSTRUCTED
2026-07-01,HDFCBANK,17.26450982686854,RECONSTRUCTED
2026-07-01,ICICIBANK,15.605032491778145,RECONSTRUCTED
2026-07-01,IDFCFIRSTB,5.057602488916657,RECONSTRUCTED
2026-07-01,INDUSINDBK,5.969788205077863,RECONSTRUCTED
2026-07-01,KOTAKBANK,9.185532783028371,RECONSTRUCTED
2026-07-01,PNB,3.565425727951041,RECONSTRUCTED
2026-07-01,SBIN,9.990960477402274,RECONSTRUCTED
2026-07-01,UNIONBANK,2.9613101450120944,RECONSTRUCTED
2026-07-01,YESBANK,3.151375437705734,RECONSTRUCTED
2026-07-02,AUBANK,4.718216257517655,RECONSTRUCTED
2026-07-02,AXISBANK,8.035448236862592,RECONSTRUCTED
2026-07-02,BANKBARODA,3.370717325715518,RECONSTRUCTED
2026-07-02,CANBK,3.309382403579988,RECONSTRUCTED
2026-07-02,FEDERALBNK,7.9827346988157215,RECONSTRUCTED
2026-07-02,HDFCBANK,17.27988316867341,RECONSTRUCTED
2026-07-02,ICICIBANK,15.388735567865789,RECONSTRUCTED
2026-07-02,IDFCFIRSTB,5.022969914514499,RECONSTRUCTED
2026-07-02,INDUSINDBK,5.961198896357058,RECONSTRUCTED
2026-07-02,KOTAKBANK,9.217295666816902,RECONSTRUCTED
2026-07-02,PNB,3.588502392635383,RECONSTRUCTED
2026-07-02,SBIN,9.956791388486463,RECONSTRUCTED
2026-07-02,UNIONBANK,2.972023525855197,RECONSTRUCTED
2026-07-02,YESBANK,3.1961005563038096,RECONSTRUCTED
2026-07-03,AUBANK,4.705673905718373,RECONSTRUCTED
2026-07-03,AXISBANK,8.147276925449138,RECONSTRUCTED
2026-07-03,BANKBARODA,3.4736562609821364,RECONSTRUCTED
2026-07-03,CANBK,3.2906653873593616,RECONSTRUCTED
2026-07-03,FEDERALBNK,8.05971888359735,RECONSTRUCTED
2026-07-03,HDFCBANK,17.145831341284392,RECONSTRUCTED
2026-07-03,ICICIBANK,15.24402695191841,RECONSTRUCTED
2026-07-03,IDFCFIRSTB,4.957648790090039,RECONSTRUCTED
2026-07-03,INDUSINDBK,5.764735477671222,RECONSTRUCTED
2026-07-03,KOTAKBANK,9.264131822442636,RECONSTRUCTED
2026-07-03,PNB,3.6367705082487154,RECONSTRUCTED
2026-07-03,SBIN,10.054384320002296,RECONSTRUCTED
2026-07-03,UNIONBANK,3.0819740820988257,RECONSTRUCTED
2026-07-03,YESBANK,3.1735053431370863,RECONSTRUCTED
2026-07-06,AUBANK,4.717521211329943,RECONSTRUCTED
2026-07-06,AXISBANK,8.206226218207624,RECONSTRUCTED
2026-07-06,BANKBARODA,3.523709190110645,RECONSTRUCTED
2026-07-06,CANBK,3.327398390278285,RECONSTRUCTED
2026-07-06,FEDERALBNK,8.03176992627614,RECONSTRUCTED
2026-07-06,HDFCBANK,16.639484124271426,RECONSTRUCTED
2026-07-06,ICICIBANK,15.159245240146674,RECONSTRUCTED
2026-07-06,IDFCFIRSTB,4.942447394046598,RECONSTRUCTED
2026-07-06,INDUSINDBK,5.59216889012306,RECONSTRUCTED
2026-07-06,KOTAKBANK,9.691168977322777,RECONSTRUCTED
2026-07-06,PNB,3.693422892212643,RECONSTRUCTED
2026-07-06,SBIN,10.130673119445843,RECONSTRUCTED
2026-07-06,UNIONBANK,3.137154857269663,RECONSTRUCTED
2026-07-06,YESBANK,3.2076095689586936,RECONSTRUCTED
2026-07-07,AUBANK,4.6857434811450265,RECONSTRUCTED
2026-07-07,AXISBANK,8.184632045898407,RECONSTRUCTED
2026-07-07,BANKBARODA,3.5479180210424683,RECONSTRUCTED
2026-07-07,CANBK,3.360106671883667,RECONSTRUCTED
2026-07-07,FEDERALBNK,7.988774050143739,RECONSTRUCTED
2026-07-07,HDFCBANK,16.624060075263557,RECONSTRUCTED
2026-07-07,ICICIBANK,15.265677499010025,RECONSTRUCTED
2026-07-07,IDFCFIRSTB,4.9781539678566125,RECONSTRUCTED
2026-07-07,INDUSINDBK,5.515283439129743,RECONSTRUCTED
2026-07-07,KOTAKBANK,9.66562804389475,RECONSTRUCTED
2026-07-07,PNB,3.705318182238584,RECONSTRUCTED
2026-07-07,SBIN,10.110676927178716,RECONSTRUCTED
2026-07-07,UNIONBANK,3.132169616705456,RECONSTRUCTED
2026-07-07,YESBANK,3.235857978609244,RECONSTRUCTED
2026-07-08,AUBANK,4.691234645545707,RECONSTRUCTED
2026-07-08,AXISBANK,8.170324311327876,RECONSTRUCTED
2026-07-08,BANKBARODA,3.5649595026419774,RECONSTRUCTED
2026-07-08,CANBK,3.380342722270771,RECONSTRUCTED
2026-07-08,FEDERALBNK,7.906719681491442,RECONSTRUCTED
2026-07-08,HDFCBANK,16.585164848892838,RECONSTRUCTED
2026-07-08,ICICIBANK,15.248581315462651,RECONSTRUCTED
2026-07-08,IDFCFIRSTB,5.015474634127689,RECONSTRUCTED
2026-07-08,INDUSINDBK,5.525499250245338,RECONSTRUCTED
2026-07-08,KOTAKBANK,9.717398873302567,RECONSTRUCTED
2026-07-08,PNB,3.713569698905697,RECONSTRUCTED
2026-07-08,SBIN,10.061390908540725,RECONSTRUCTED
2026-07-08,UNIONBANK,3.1855512688321914,RECONSTRUCTED
2026-07-08,YESBANK,3.2337883384125554,RECONSTRUCTED
2026-07-09,AUBANK,4.696184777344596,RECONSTRUCTED
2026-07-09,AXISBANK,8.322285902292567,RECONSTRUCTED
2026-07-09,BANKBARODA,3.537215908350678,RECONSTRUCTED
2026-07-09,CANBK,3.312136439502236,RECONSTRUCTED
2026-07-09,FEDERALBNK,7.951370217272673,RECONSTRUCTED
2026-07-09,HDFCBANK,16.59166479660417,RECONSTRUCTED
2026-07-09,ICICIBANK,15.389930349528042,RECONSTRUCTED
2026-07-09,IDFCFIRSTB,4.957849477355251,RECONSTRUCTED
2026-07-09,INDUSINDBK,5.46449771924865,RECONSTRUCTED
2026-07-09,KOTAKBANK,9.624843320424503,RECONSTRUCTED
2026-07-09,PNB,3.658036410950336,RECONSTRUCTED
2026-07-09,SBIN,10.10372597252977,RECONSTRUCTED
2026-07-09,UNIONBANK,3.156633527055132,RECONSTRUCTED
2026-07-09,YESBANK,3.233625181541408,RECONSTRUCTED
2026-07-10,AUBANK,4.652078312403921,RECONSTRUCTED
2026-07-10,AXISBANK,8.265775390658693,RECONSTRUCTED
2026-07-10,BANKBARODA,3.4958706141053777,RECONSTRUCTED
2026-07-10,CANBK,3.254609668407789,RECONSTRUCTED
2026-07-10,FEDERALBNK,8.011109706770826,RECONSTRUCTED
2026-07-10,HDFCBANK,16.672516670134787,RECONSTRUCTED
2026-07-10,ICICIBANK,15.376601675399664,RECONSTRUCTED
2026-07-10,IDFCFIRSTB,4.941898461042337,RECONSTRUCTED
2026-07-10,INDUSINDBK,5.537283858379196,RECONSTRUCTED
2026-07-10,KOTAKBANK,9.747658679926518,RECONSTRUCTED
2026-07-10,PNB,3.639814325096292,RECONSTRUCTED
2026-07-10,SBIN,10.107405597213427,RECONSTRUCTED
2026-07-10,UNIONBANK,3.059670402527271,RECONSTRUCTED
2026-07-10,YESBANK,3.2377066379338904,RECONSTRUCTED
2026-07-13,AUBANK,4.713163073230304,RECONSTRUCTED
2026-07-13,AXISBANK,8.310697815517372,RECONSTRUCTED
2026-07-13,BANKBARODA,3.5076453248550314,RECONSTRUCTED
2026-07-13,CANBK,3.247796949251007,RECONSTRUCTED
2026-07-13,FEDERALBNK,7.964497244792393,RECONSTRUCTED
2026-07-13,HDFCBANK,16.85166654065,RECONSTRUCTED
2026-07-13,ICICIBANK,15.319204280751784,RECONSTRUCTED
2026-07-13,IDFCFIRSTB,4.967981376397041,RECONSTRUCTED
2026-07-13,INDUSINDBK,5.5651802523445415,RECONSTRUCTED
2026-07-13,KOTAKBANK,9.589752477640062,RECONSTRUCTED
2026-07-13,PNB,3.615807020472255,RECONSTRUCTED
2026-07-13,SBIN,10.119557422502735,RECONSTRUCTED
2026-07-13,UNIONBANK,2.9604904077609224,RECONSTRUCTED
2026-07-13,YESBANK,3.266559813834574,RECONSTRUCTED
2026-07-14,AUBANK,4.757672995926041,RECONSTRUCTED
2026-07-14,AXISBANK,8.22478876934731,RECONSTRUCTED
2026-07-14,BANKBARODA,3.5235840940126995,RECONSTRUCTED
2026-07-14,CANBK,3.301482935198751,RECONSTRUCTED
2026-07-14,FEDERALBNK,7.991587467771005,RECONSTRUCTED
2026-07-14,HDFCBANK,16.830644972465752,RECONSTRUCTED
2026-07-14,ICICIBANK,15.159523649407028,RECONSTRUCTED
2026-07-14,IDFCFIRSTB,4.991059435245108,RECONSTRUCTED
2026-07-14,INDUSINDBK,5.585892684436905,RECONSTRUCTED
2026-07-14,KOTAKBANK,9.627854541494155,RECONSTRUCTED
2026-07-14,PNB,3.619152954004509,RECONSTRUCTED
2026-07-14,SBIN,10.214037739700176,RECONSTRUCTED
2026-07-14,UNIONBANK,2.921089932970269,RECONSTRUCTED
2026-07-14,YESBANK,3.2516278280202897,RECONSTRUCTED
2026-07-15,AUBANK,4.771378396149671,RECONSTRUCTED
2026-07-15,AXISBANK,8.300139821328255,RECONSTRUCTED
2026-07-15,BANKBARODA,3.5194409034724234,RECONSTRUCTED
2026-07-15,CANBK,3.299173877085241,RECONSTRUCTED
2026-07-15,FEDERALBNK,8.031136608243967,RECONSTRUCTED
2026-07-15,HDFCBANK,16.791011179528574,RECONSTRUCTED
2026-07-15,ICICIBANK,15.145419002880752,RECONSTRUCTED
2026-07-15,IDFCFIRSTB,5.003899664758108,RECONSTRUCTED
2026-07-15,INDUSINDBK,5.545721166091164,RECONSTRUCTED
2026-07-15,KOTAKBANK,9.683371194106895,RECONSTRUCTED
2026-07-15,PNB,3.61318659213269,RECONSTRUCTED
2026-07-15,SBIN,10.119649552726028,RECONSTRUCTED
2026-07-15,UNIONBANK,2.9068688987877658,RECONSTRUCTED
2026-07-15,YESBANK,3.269603142708461,RECONSTRUCTED
2026-07-16,AUBANK,4.782890717969445,RECONSTRUCTED
2026-07-16,AXISBANK,8.30593825519282,RECONSTRUCTED
2026-07-16,BANKBARODA,3.507165576794883,RECONSTRUCTED
2026-07-16,CANBK,3.3045478203828567,RECONSTRUCTED
2026-07-16,FEDERALBNK,8.031255834396864,RECONSTRUCTED
2026-07-16,HDFCBANK,16.890661980774958,RECONSTRUCTED
2026-07-16,ICICIBANK,15.0804205014957,RECONSTRUCTED
2026-07-16,IDFCFIRSTB,5.001418822622891,RECONSTRUCTED
2026-07-16,INDUSINDBK,5.5089862327736405,RECONSTRUCTED
2026-07-16,KOTAKBANK,9.687431177190934,RECONSTRUCTED
2026-07-16,PNB,3.619538540049053,RECONSTRUCTED
2026-07-16,SBIN,10.079686267305538,RECONSTRUCTED
2026-07-16,UNIONBANK,2.960479930784286,RECONSTRUCTED
2026-07-16,YESBANK,3.239578342266117,RECONSTRUCTED
2026-07-17,AUBANK,4.8876928553855015,RECONSTRUCTED
2026-07-17,AXISBANK,8.314855795513827,RECONSTRUCTED
2026-07-17,BANKBARODA,3.5887277449003245,RECONSTRUCTED
2026-07-17,CANBK,3.384898824307827,RECONSTRUCTED
2026-07-17,FEDERALBNK,7.644109436197071,RECONSTRUCTED
2026-07-17,HDFCBANK,16.942207035151384,RECONSTRUCTED
2026-07-17,ICICIBANK,15.060734492733449,RECONSTRUCTED
2026-07-17,IDFCFIRSTB,5.01907485735477,RECONSTRUCTED
2026-07-17,INDUSINDBK,5.528319421891349,RECONSTRUCTED
2026-07-17,KOTAKBANK,9.512996800787208,RECONSTRUCTED
2026-07-17,PNB,3.662196940474098,RECONSTRUCTED
2026-07-17,SBIN,10.123187446294594,RECONSTRUCTED
2026-07-17,UNIONBANK,3.016568886474634,RECONSTRUCTED
2026-07-17,YESBANK,3.31442946253395,RECONSTRUCTED
2026-07-20,AUBANK,5.025856272984472,RECONSTRUCTED
2026-07-20,AXISBANK,8.71950268560985,RECONSTRUCTED
2026-07-20,BANKBARODA,3.4456098435407325,RECONSTRUCTED
2026-07-20,CANBK,3.25665842463713,RECONSTRUCTED
2026-07-20,FEDERALBNK,7.540839699213533,RECONSTRUCTED
2026-07-20,HDFCBANK,17.704381438524806,RECONSTRUCTED
2026-07-20,ICICIBANK,14.769178075977882,RECONSTRUCTED
2026-07-20,IDFCFIRSTB,4.889084244132844,RECONSTRUCTED
2026-07-20,INDUSINDBK,5.450997082098848,RECONSTRUCTED
2026-07-20,KOTAKBANK,9.62656114319961,RECONSTRUCTED
2026-07-20,PNB,3.4362350186235484,RECONSTRUCTED
2026-07-20,SBIN,9.887848107562103,RECONSTRUCTED
2026-07-20,UNIONBANK,2.8637509822245644,RECONSTRUCTED
2026-07-20,YESBANK,3.383496981670089,RECONSTRUCTED
2026-07-21,AUBANK,4.967883630844812,RECONSTRUCTED
2026-07-21,AXISBANK,8.69047303516433,RECONSTRUCTED
2026-07-21,BANKBARODA,3.539455624221762,RECONSTRUCTED
2026-07-21,CANBK,3.284648959286756,RECONSTRUCTED
2026-07-21,FEDERALBNK,7.416826626546164,RECONSTRUCTED
2026-07-21,HDFCBANK,18.051251760048743,RECONSTRUCTED
2026-07-21,ICICIBANK,14.716562966294816,RECONSTRUCTED
2026-07-21,IDFCFIRSTB,4.88851501377114,RECONSTRUCTED
2026-07-21,INDUSINDBK,5.285765143261005,RECONSTRUCTED
2026-07-21,KOTAKBANK,9.514194596772835,RECONSTRUCTED
2026-07-21,PNB,3.4209982863527526,RECONSTRUCTED
2026-07-21,SBIN,10.019648897831836,RECONSTRUCTED
2026-07-21,UNIONBANK,2.856293571145125,RECONSTRUCTED
2026-07-21,YESBANK,3.3474818884579074,RECONSTRUCTED
2026-07-22,AUBANK,5.0219590549964135,RECONSTRUCTED
2026-07-22,AXISBANK,8.72002586851644,RECONSTRUCTED
2026-07-22,BANKBARODA,3.5233402999384547,RECONSTRUCTED
2026-07-22,CANBK,3.271144469446334,RECONSTRUCTED
2026-07-22,FEDERALBNK,7.382995286071813,RECONSTRUCTED
2026-07-22,HDFCBANK,18.02407025921828,RECONSTRUCTED
2026-07-22,ICICIBANK,14.76020883528222,RECONSTRUCTED
2026-07-22,IDFCFIRSTB,4.884170641539867,RECONSTRUCTED
2026-07-22,INDUSINDBK,5.191716586566419,RECONSTRUCTED
2026-07-22,KOTAKBANK,9.514649986447756,RECONSTRUCTED
2026-07-22,PNB,3.4198048016468774,RECONSTRUCTED
2026-07-22,SBIN,10.08280008243733,RECONSTRUCTED
2026-07-22,UNIONBANK,2.91133153701843,RECONSTRUCTED
2026-07-22,YESBANK,3.2917822908733454,RECONSTRUCTED
2026-07-23,AUBANK,4.983887312705532,RECONSTRUCTED
2026-07-23,AXISBANK,8.749479325434578,RECONSTRUCTED
2026-07-23,BANKBARODA,3.5286110997183795,RECONSTRUCTED
2026-07-23,CANBK,3.273475816589772,RECONSTRUCTED
2026-07-23,FEDERALBNK,7.292072631502553,RECONSTRUCTED
2026-07-23,HDFCBANK,18.001072603387964,RECONSTRUCTED
2026-07-23,ICICIBANK,14.688084307669088,RECONSTRUCTED
2026-07-23,IDFCFIRSTB,4.889395115634736,RECONSTRUCTED
2026-07-23,INDUSINDBK,5.470895625604697,RECONSTRUCTED
2026-07-23,KOTAKBANK,9.373962252837003,RECONSTRUCTED
2026-07-23,PNB,3.4065287958791504,RECONSTRUCTED
2026-07-23,SBIN,10.113396870560075,RECONSTRUCTED
2026-07-23,UNIONBANK,2.9232124217275435,RECONSTRUCTED
2026-07-23,YESBANK,3.305925820748911,RECONSTRUCTED
2026-07-24,AUBANK,4.867708264474327,RECONSTRUCTED
2026-07-24,AXISBANK,8.735713165638858,RECONSTRUCTED
2026-07-24,BANKBARODA,3.488106148117544,RECONSTRUCTED
2026-07-24,CANBK,3.2685926002994257,RECONSTRUCTED
2026-07-24,FEDERALBNK,7.3082603594424675,RECONSTRUCTED
2026-07-24,HDFCBANK,18.143993021795257,RECONSTRUCTED
2026-07-24,ICICIBANK,14.733996158355255,RECONSTRUCTED
2026-07-24,IDFCFIRSTB,4.844899499501481,RECONSTRUCTED
2026-07-24,INDUSINDBK,5.533498806919959,RECONSTRUCTED
2026-07-24,KOTAKBANK,9.357945191187929,RECONSTRUCTED
2026-07-24,PNB,3.4060156872905925,RECONSTRUCTED
2026-07-24,SBIN,10.109027346477788,RECONSTRUCTED
2026-07-24,UNIONBANK,2.892800703655241,RECONSTRUCTED
2026-07-24,YESBANK,3.3094430468439024,RECONSTRUCTED
2026-07-27,AUBANK,4.677517720826973,RECONSTRUCTED
2026-07-27,AXISBANK,8.79595622462651,RECONSTRUCTED
2026-07-27,BANKBARODA,3.54800420916819,RECONSTRUCTED
2026-07-27,CANBK,3.2500257965370607,RECONSTRUCTED
2026-07-27,FEDERALBNK,7.314439301307569,RECONSTRUCTED
2026-07-27,HDFCBANK,18.352391568954072,RECONSTRUCTED
2026-07-27,ICICIBANK,14.706647951145383,RECONSTRUCTED
2026-07-27,IDFCFIRSTB,4.64400268918469,RECONSTRUCTED
2026-07-27,INDUSINDBK,5.513887356868359,RECONSTRUCTED
2026-07-27,KOTAKBANK,9.42646455373418,RECONSTRUCTED
2026-07-27,PNB,3.391957771921709,RECONSTRUCTED
2026-07-27,SBIN,10.124540056690783,RECONSTRUCTED
2026-07-27,UNIONBANK,2.91990347240278,RECONSTRUCTED
2026-07-27,YESBANK,3.334261326631745,RECONSTRUCTED
2026-07-28,AUBANK,4.670352383502207,RECONSTRUCTED
2026-07-28,AXISBANK,8.77351156575551,RECONSTRUCTED
2026-07-28,BANKBARODA,3.598202901767331,RECONSTRUCTED
2026-07-28,CANBK,3.309711702820206,RECONSTRUCTED
2026-07-28,FEDERALBNK,7.256734193970319,RECONSTRUCTED
2026-07-28,HDFCBANK,18.3488743883716,RECONSTRUCTED
2026-07-28,ICICIBANK,14.773581716747394,RECONSTRUCTED
2026-07-28,IDFCFIRSTB,4.570214215047306,RECONSTRUCTED
2026-07-28,INDUSINDBK,5.563133442724098,RECONSTRUCTED
2026-07-28,KOTAKBANK,9.355961799928783,RECONSTRUCTED
2026-07-28,PNB,3.371371404868226,RECONSTRUCTED
2026-07-28,SBIN,10.139313159231287,RECONSTRUCTED
2026-07-28,UNIONBANK,2.935228619928893,RECONSTRUCTED
2026-07-28,YESBANK,3.33380850533684,RECONSTRUCTED
2026-07-29,AUBANK,4.731956772154253,RECONSTRUCTED
2026-07-29,AXISBANK,8.758238719638825,RECONSTRUCTED
2026-07-29,BANKBARODA,3.5650236488806093,RECONSTRUCTED
2026-07-29,CANBK,3.323245702167111,RECONSTRUCTED
2026-07-29,FEDERALBNK,7.275863587157111,RECONSTRUCTED
2026-07-29,HDFCBANK,18.178678709562107,RECONSTRUCTED
2026-07-29,ICICIBANK,14.817775211928394,RECONSTRUCTED
2026-07-29,IDFCFIRSTB,4.646185762154483,RECONSTRUCTED
2026-07-29,INDUSINDBK,5.494738013930845,RECONSTRUCTED
2026-07-29,KOTAKBANK,9.312088910437964,RECONSTRUCTED
2026-07-29,PNB,3.415673980210965,RECONSTRUCTED
2026-07-29,SBIN,10.21506721709051,RECONSTRUCTED
2026-07-29,UNIONBANK,2.9095037303113336,RECONSTRUCTED
2026-07-29,YESBANK,3.3559600343754705,RECONSTRUCTED
2026-07-30,AUBANK,4.780269368724901,RECONSTRUCTED
2026-07-30,AXISBANK,8.79546732836961,RECONSTRUCTED
2026-07-30,BANKBARODA,3.586394639077552,RECONSTRUCTED
2026-07-30,CANBK,3.331565886340968,RECONSTRUCTED
2026-07-30,FEDERALBNK,7.370963404250832,RECONSTRUCTED
2026-07-30,HDFCBANK,18.02140143709561,RECONSTRUCTED
2026-07-30,ICICIBANK,14.843759440514445,RECONSTRUCTED
2026-07-30,IDFCFIRSTB,4.655622683720917,RECONSTRUCTED
2026-07-30,INDUSINDBK,5.493674027399952,RECONSTRUCTED
2026-07-30,KOTAKBANK,9.321580206340627,RECONSTRUCTED
2026-07-30,PNB,3.395029503702543,RECONSTRUCTED
2026-07-30,SBIN,10.089062001676542,RECONSTRUCTED
2026-07-30,UNIONBANK,2.9180966920992293,RECONSTRUCTED
2026-07-30,YESBANK,3.397113380686271,RECONSTRUCTED
2026-07-31,AUBANK,4.71,OFFICIAL
2026-07-31,AXISBANK,8.81,OFFICIAL
2026-07-31,BANKBARODA,3.58,OFFICIAL
2026-07-31,CANBK,3.32,OFFICIAL
2026-07-31,FEDERALBNK,7.29,OFFICIAL
2026-07-31,HDFCBANK,18.2,OFFICIAL
2026-07-31,ICICIBANK,14.86,OFFICIAL
2026-07-31,IDFCFIRSTB,4.67,OFFICIAL
2026-07-31,INDUSINDBK,5.5,OFFICIAL
2026-07-31,KOTAKBANK,9.32,OFFICIAL
2026-07-31,PNB,3.37,OFFICIAL
2026-07-31,SBIN,10.09,OFFICIAL
2026-07-31,UNIONBANK,2.91,OFFICIAL
2026-07-31,YESBANK,3.37,OFFICIAL
2026-08-03,AUBANK,4.948970189454513,RECONSTRUCTED
2026-08-03,AXISBANK,9.42123754725758,RECONSTRUCTED
2026-08-03,BANKBARODA,3.3649396534035563,RECONSTRUCTED
2026-08-03,CANBK,3.331380209158667,RECONSTRUCTED
2026-08-03,FEDERALBNK,6.898610885868344,RECONSTRUCTED
2026-08-03,HDFCBANK,16.05738057320507,RECONSTRUCTED
2026-08-03,ICICIBANK,14.828398406881536,RECONSTRUCTED
2026-08-03,IDFCFIRSTB,4.701453712728515,RECONSTRUCTED
2026-08-03,INDUSINDBK,5.3955696808459175,RECONSTRUCTED
2026-08-03,KOTAKBANK,10.445088337603622,RECONSTRUCTED
2026-08-03,PNB,3.4134656184024017,RECONSTRUCTED
2026-08-03,SBIN,10.43815891166787,RECONSTRUCTED
2026-08-03,UNIONBANK,3.443377805141153,RECONSTRUCTED
2026-08-03,YESBANK,3.3119684683812616,RECONSTRUCTED
2026-08-04,AUBANK,4.926401821501365,RECONSTRUCTED
2026-08-04,AXISBANK,9.445166429350673,RECONSTRUCTED
2026-08-04,BANKBARODA,3.3771673747002136,RECONSTRUCTED
2026-08-04,CANBK,3.2897649275753795,RECONSTRUCTED
2026-08-04,FEDERALBNK,7.035762883146394,RECONSTRUCTED
2026-08-04,HDFCBANK,16.205814398504156,RECONSTRUCTED
2026-08-04,ICICIBANK,14.801598345684386,RECONSTRUCTED
2026-08-04,IDFCFIRSTB,4.675598965502162,RECONSTRUCTED
2026-08-04,INDUSINDBK,5.381064670628375,RECONSTRUCTED
2026-08-04,KOTAKBANK,10.374597759665152,RECONSTRUCTED
2026-08-04,PNB,3.365211156050743,RECONSTRUCTED
2026-08-04,SBIN,10.403654731462716,RECONSTRUCTED
2026-08-04,UNIONBANK,3.4244416062127816,RECONSTRUCTED
2026-08-04,YESBANK,3.293754930015496,RECONSTRUCTED
2026-08-05,AUBANK,4.949256098724503,RECONSTRUCTED
2026-08-05,AXISBANK,9.479339182555186,RECONSTRUCTED
2026-08-05,BANKBARODA,3.3599368542632053,RECONSTRUCTED
2026-08-05,CANBK,3.2578346222921573,RECONSTRUCTED
2026-08-05,FEDERALBNK,7.135123807962845,RECONSTRUCTED
2026-08-05,HDFCBANK,16.31654662007697,RECONSTRUCTED
2026-08-05,ICICIBANK,14.807954286476305,RECONSTRUCTED
2026-08-05,IDFCFIRSTB,4.7014032863653314,RECONSTRUCTED
2026-08-05,INDUSINDBK,5.403587738459857,RECONSTRUCTED
2026-08-05,KOTAKBANK,10.295208996850498,RECONSTRUCTED
2026-08-05,PNB,3.369246101514508,RECONSTRUCTED
2026-08-05,SBIN,10.254952274676674,RECONSTRUCTED
2026-08-05,UNIONBANK,3.380344434631824,RECONSTRUCTED
2026-08-05,YESBANK,3.2892656951501267,RECONSTRUCTED
2026-08-06,AUBANK,4.810150537033096,RECONSTRUCTED
2026-08-06,AXISBANK,9.515082986741358,RECONSTRUCTED
2026-08-06,BANKBARODA,3.305574982866814,RECONSTRUCTED
2026-08-06,CANBK,3.206203885260507,RECONSTRUCTED
2026-08-06,FEDERALBNK,7.2328681690431775,RECONSTRUCTED
2026-08-06,HDFCBANK,16.42114023993115,RECONSTRUCTED
2026-08-06,ICICIBANK,14.813091062716104,RECONSTRUCTED
2026-08-06,IDFCFIRSTB,4.724265251732657,RECONSTRUCTED
2026-08-06,INDUSINDBK,5.448016842857271,RECONSTRUCTED
2026-08-06,KOTAKBANK,10.508970736702732,RECONSTRUCTED
2026-08-06,PNB,3.3653860374760383,RECONSTRUCTED
2026-08-06,SBIN,10.025767080074235,RECONSTRUCTED
2026-08-06,UNIONBANK,3.273996490503022,RECONSTRUCTED
2026-08-06,YESBANK,3.349485697061831,RECONSTRUCTED
2026-08-07,AUBANK,4.875487285097805,RECONSTRUCTED
2026-08-07,AXISBANK,9.599224867294978,RECONSTRUCTED
2026-08-07,BANKBARODA,3.290947818455724,RECONSTRUCTED
2026-08-07,CANBK,3.1821606917604126,RECONSTRUCTED
2026-08-07,FEDERALBNK,7.13774653867284,RECONSTRUCTED
2026-08-07,HDFCBANK,16.402650996441213,RECONSTRUCTED
2026-08-07,ICICIBANK,15.1082710762032,RECONSTRUCTED
2026-08-07,IDFCFIRSTB,4.724386080867955,RECONSTRUCTED
2026-08-07,INDUSINDBK,5.386681924140264,RECONSTRUCTED
2026-08-07,KOTAKBANK,10.536879370157417,RECONSTRUCTED
2026-08-07,PNB,3.3316242392816284,RECONSTRUCTED
2026-08-07,SBIN,9.858620740008435,RECONSTRUCTED
2026-08-07,UNIONBANK,3.2361077782957555,RECONSTRUCTED
2026-08-07,YESBANK,3.3292105933223493,RECONSTRUCTED
2026-08-10,AUBANK,4.867712511751598,RECONSTRUCTED
2026-08-10,AXISBANK,9.52137338634147,RECONSTRUCTED
2026-08-10,BANKBARODA,3.3271335011618155,RECONSTRUCTED
2026-08-10,CANBK,3.252786110335969,RECONSTRUCTED
2026-08-10,FEDERALBNK,7.091241792658782,RECONSTRUCTED
2026-08-10,HDFCBANK,16.391842415192926,RECONSTRUCTED
2026-08-10,ICICIBANK,14.984429037322982,RECONSTRUCTED
2026-08-10,IDFCFIRSTB,4.694643190974605,RECONSTRUCTED
2026-08-10,INDUSINDBK,5.355359683136943,RECONSTRUCTED
2026-08-10,KOTAKBANK,10.45634692473974,RECONSTRUCTED
2026-08-10,PNB,3.3678565519853336,RECONSTRUCTED
2026-08-10,SBIN,10.093137606737098,RECONSTRUCTED
2026-08-10,UNIONBANK,3.2778949603926204,RECONSTRUCTED
2026-08-10,YESBANK,3.3182423272681185,RECONSTRUCTED
2026-08-11,AUBANK,4.8340929269328905,RECONSTRUCTED
2026-08-11,AXISBANK,9.61620647398475,RECONSTRUCTED
2026-08-11,BANKBARODA,3.3347920475883206,RECONSTRUCTED
2026-08-11,CANBK,3.206775382131919,RECONSTRUCTED
2026-08-11,FEDERALBNK,7.137070445477664,RECONSTRUCTED
2026-08-11,HDFCBANK,16.36761377967728,RECONSTRUCTED
2026-08-11,ICICIBANK,14.94430731651232,RECONSTRUCTED
2026-08-11,IDFCFIRSTB,4.720922982250921,RECONSTRUCTED
2026-08-11,INDUSINDBK,5.430071781355362,RECONSTRUCTED
2026-08-11,KOTAKBANK,10.428226329420674,RECONSTRUCTED
2026-08-11,PNB,3.3380902690696046,RECONSTRUCTED
2026-08-11,SBIN,10.09778710697334,RECONSTRUCTED
2026-08-11,UNIONBANK,3.239770714956322,RECONSTRUCTED
2026-08-11,YESBANK,3.304272443668636,RECONSTRUCTED
2026-08-12,AUBANK,4.778201513797618,RECONSTRUCTED
2026-08-12,AXISBANK,9.685402459334448,RECONSTRUCTED
2026-08-12,BANKBARODA,3.295092240582352,RECONSTRUCTED
2026-08-12,CANBK,3.18877247900441,RECONSTRUCTED
2026-08-12,FEDERALBNK,7.143256164190056,RECONSTRUCTED
2026-08-12,HDFCBANK,16.48807165454978,RECONSTRUCTED
2026-08-12,ICICIBANK,15.032209138382738,RECONSTRUCTED
2026-08-12,IDFCFIRSTB,4.670862536844842,RECONSTRUCTED
2026-08-12,INDUSINDBK,5.42380144991485,RECONSTRUCTED
2026-08-12,KOTAKBANK,10.56953618043188,RECONSTRUCTED
2026-08-12,PNB,3.222758163085089,RECONSTRUCTED
2026-08-12,SBIN,10.021682777384278,RECONSTRUCTED
2026-08-12,UNIONBANK,3.1850777277661466,RECONSTRUCTED
2026-08-12,YESBANK,3.295275514731502,RECONSTRUCTED
2026-08-13,AUBANK,4.728918427251233,RECONSTRUCTED
2026-08-13,AXISBANK,9.708192675246115,RECONSTRUCTED
2026-08-13,BANKBARODA,3.3205143322000987,RECONSTRUCTED
2026-08-13,CANBK,3.179785217725691,RECONSTRUCTED
2026-08-13,FEDERALBNK,7.201122164413157,RECONSTRUCTED
2026-08-13,HDFCBANK,16.507265250779078,RECONSTRUCTED
2026-08-13,ICICIBANK,15.232044042277582,RECONSTRUCTED
2026-08-13,IDFCFIRSTB,4.610340948963061,RECONSTRUCTED
2026-08-13,INDUSINDBK,5.36237556283566,RECONSTRUCTED
2026-08-13,KOTAKBANK,10.472821899226332,RECONSTRUCTED
2026-08-13,PNB,3.2467366175686645,RECONSTRUCTED
2026-08-13,SBIN,9.96908267731011,RECONSTRUCTED
2026-08-13,UNIONBANK,3.179790793593737,RECONSTRUCTED
2026-08-13,YESBANK,3.2810093906095004,RECONSTRUCTED
2026-08-14,AUBANK,4.788683801818002,RECONSTRUCTED
2026-08-14,AXISBANK,9.721747752047078,RECONSTRUCTED
2026-08-14,BANKBARODA,3.310239340923258,RECONSTRUCTED
2026-08-14,CANBK,3.186053202109593,RECONSTRUCTED
2026-08-14,FEDERALBNK,7.18418498009912,RECONSTRUCTED
2026-08-14,HDFCBANK,16.425471873581476,RECONSTRUCTED
2026-08-14,ICICIBANK,15.088978527768113,RECONSTRUCTED
2026-08-14,IDFCFIRSTB,4.646319876933141,RECONSTRUCTED
2026-08-14,INDUSINDBK,5.370966156986288,RECONSTRUCTED
2026-08-14,KOTAKBANK,10.483070618720705,RECONSTRUCTED
2026-08-14,PNB,3.228304993986966,RECONSTRUCTED
2026-08-14,SBIN,10.089590980155142,RECONSTRUCTED
2026-08-14,UNIONBANK,3.157862871617972,RECONSTRUCTED
2026-08-14,YESBANK,3.318525023253136,RECONSTRUCTED
2026-08-17,AUBANK,4.833266914911354,RECONSTRUCTED
2026-08-17,AXISBANK,9.645842660883387,RECONSTRUCTED
2026-08-17,BANKBARODA,3.333530458233692,RECONSTRUCTED
2026-08-17,CANBK,3.1905304539451294,RECONSTRUCTED
2026-08-17,FEDERALBNK,7.129235766113412,RECONSTRUCTED
2026-08-17,HDFCBANK,16.38468166847423,RECONSTRUCTED
2026-08-17,ICICIBANK,15.111042942141292,RECONSTRUCTED
2026-08-17,IDFCFIRSTB,4.682504440510135,RECONSTRUCTED
2026-08-17,INDUSINDBK,5.42659061317816,RECONSTRUCTED
2026-08-17,KOTAKBANK,10.444416809909184,RECONSTRUCTED
2026-08-17,PNB,3.2478636055558403,RECONSTRUCTED
2026-08-17,SBIN,10.154039136990106,RECONSTRUCTED
2026-08-17,UNIONBANK,3.133270139001197,RECONSTRUCTED
2026-08-17,YESBANK,3.28318439015288,RECONSTRUCTED
2026-08-18,AUBANK,4.79837455648165,RECONSTRUCTED
2026-08-18,AXISBANK,9.486118123940948,RECONSTRUCTED
2026-08-18,BANKBARODA,3.354967715486404,RECONSTRUCTED
2026-08-18,CANBK,3.2270676914594483,RECONSTRUCTED
2026-08-18,FEDERALBNK,7.027442841151863,RECONSTRUCTED
2026-08-18,HDFCBANK,16.454927416451824,RECONSTRUCTED
2026-08-18,ICICIBANK,15.086100499230117,RECONSTRUCTED
2026-08-18,IDFCFIRSTB,4.679832447842837,RECONSTRUCTED
2026-08-18,INDUSINDBK,5.381570478245252,RECONSTRUCTED
2026-08-18,KOTAKBANK,10.538384989694023,RECONSTRUCTED
2026-08-18,PNB,3.2577116606876686,RECONSTRUCTED
2026-08-18,SBIN,10.192398962608156,RECONSTRUCTED
2026-08-18,UNIONBANK,3.178005185878756,RECONSTRUCTED
2026-08-18,YESBANK,3.337097430841056,RECONSTRUCTED
2026-08-19,AUBANK,4.799603656160433,RECONSTRUCTED
2026-08-19,AXISBANK,9.543798130978024,RECONSTRUCTED
2026-08-19,BANKBARODA,3.339955131477669,RECONSTRUCTED
2026-08-19,CANBK,3.226293851617497,RECONSTRUCTED
2026-08-19,FEDERALBNK,7.005090799847843,RECONSTRUCTED
2026-08-19,HDFCBANK,16.51696760773953,RECONSTRUCTED
2026-08-19,ICICIBANK,15.18770751446958,RECONSTRUCTED
2026-08-19,IDFCFIRSTB,4.638040133505259,RECONSTRUCTED
2026-08-19,INDUSINDBK,5.370451402844617,RECONSTRUCTED
2026-08-19,KOTAKBANK,10.464042026514612,RECONSTRUCTED
2026-08-19,PNB,3.229261112468211,RECONSTRUCTED
2026-08-19,SBIN,10.231127295067074,RECONSTRUCTED
2026-08-19,UNIONBANK,3.1529550085486537,RECONSTRUCTED
2026-08-19,YESBANK,3.294706328760998,RECONSTRUCTED
2026-08-20,AUBANK,4.764556506885282,RECONSTRUCTED
2026-08-20,AXISBANK,9.466042066783997,RECONSTRUCTED
2026-08-20,BANKBARODA,3.362523986854702,RECONSTRUCTED
2026-08-20,CANBK,3.2284599186252296,RECONSTRUCTED
2026-08-20,FEDERALBNK,7.107363597748566,RECONSTRUCTED
2026-08-20,HDFCBANK,16.47905872985623,RECONSTRUCTED
2026-08-20,ICICIBANK,15.152134975466184,RECONSTRUCTED
2026-08-20,IDFCFIRSTB,4.640851327108388,RECONSTRUCTED
2026-08-20,INDUSINDBK,5.442276782282207,RECONSTRUCTED
2026-08-20,KOTAKBANK,10.32539561516385,RECONSTRUCTED
2026-08-20,PNB,3.230149650081058,RECONSTRUCTED
2026-08-20,SBIN,10.285125287330814,RECONSTRUCTED
2026-08-20,UNIONBANK,3.2058614537451566,RECONSTRUCTED
2026-08-20,YESBANK,3.3102001020683383,RECONSTRUCTED
2026-08-21,AUBANK,4.699389225267219,RECONSTRUCTED
2026-08-21,AXISBANK,9.549608389850668,RECONSTRUCTED
2026-08-21,BANKBARODA,3.343916832555404,RECONSTRUCTED
2026-08-21,CANBK,3.2344382334011788,RECONSTRUCTED
2026-08-21,FEDERALBNK,7.027562074354288,RECONSTRUCTED
2026-08-21,HDFCBANK,16.512163074502197,RECONSTRUCTED
2026-08-21,ICICIBANK,15.13552876827847,RECONSTRUCTED
2026-08-21,IDFCFIRSTB,4.613452238133849,RECONSTRUCTED
2026-08-21,INDUSINDBK,5.480549055430172,RECONSTRUCTED
2026-08-21,KOTAKBANK,10.232897925250972,RECONSTRUCTED
2026-08-21,PNB,3.2854928584447887,RECONSTRUCTED
2026-08-21,SBIN,10.32589696946724,RECONSTRUCTED
2026-08-21,UNIONBANK,3.242313881371057,RECONSTRUCTED
2026-08-21,YESBANK,3.316790473692513,RECONSTRUCTED
2026-08-24,AUBANK,4.655589008362348,RECONSTRUCTED
2026-08-24,AXISBANK,9.58552086208996,RECONSTRUCTED
2026-08-24,BANKBARODA,3.405928817414332,RECONSTRUCTED
2026-08-24,CANBK,3.288368312522188,RECONSTRUCTED
2026-08-24,FEDERALBNK,7.062078348101664,RECONSTRUCTED
2026-08-24,HDFCBANK,16.397637090121062,RECONSTRUCTED
2026-08-24,ICICIBANK,15.126198103224642,RECONSTRUCTED
2026-08-24,IDFCFIRSTB,4.640376237195754,RECONSTRUCTED
2026-08-24,INDUSINDBK,5.389285659142968,RECONSTRUCTED
2026-08-24,KOTAKBANK,10.224848851261251,RECONSTRUCTED
2026-08-24,PNB,3.2913917165186164,RECONSTRUCTED
2026-08-24,SBIN,10.37420493758901,RECONSTRUCTED
2026-08-24,UNIONBANK,3.226267362311592,RECONSTRUCTED
2026-08-24,YESBANK,3.332304694144604,RECONSTRUCTED
2026-08-25,AUBANK,4.59439737540608,RECONSTRUCTED
2026-08-25,AXISBANK,9.59126734515862,RECONSTRUCTED
2026-08-25,BANKBARODA,3.4122781589829745,RECONSTRUCTED
2026-08-25,CANBK,3.2491372962082576,RECONSTRUCTED
2026-08-25,FEDERALBNK,7.280379756953152,RECONSTRUCTED
2026-08-25,HDFCBANK,16.427995220087205,RECONSTRUCTED
2026-08-25,ICICIBANK,15.041171872606668,RECONSTRUCTED
2026-08-25,IDFCFIRSTB,4.687978754272558,RECONSTRUCTED
2026-08-25,INDUSINDBK,5.406202754986798,RECONSTRUCTED
2026-08-25,KOTAKBANK,10.21888303369154,RECONSTRUCTED
2026-08-25,PNB,3.2887134007301984,RECONSTRUCTED
2026-08-25,SBIN,10.287901576939774,RECONSTRUCTED
2026-08-25,UNIONBANK,3.167281522910385,RECONSTRUCTED
2026-08-25,YESBANK,3.3464119310657745,RECONSTRUCTED
2026-08-26,AUBANK,4.679757052953177,RECONSTRUCTED
2026-08-26,AXISBANK,9.485149175173598,RECONSTRUCTED
2026-08-26,BANKBARODA,3.407961368812492,RECONSTRUCTED
2026-08-26,CANBK,3.249080921363708,RECONSTRUCTED
2026-08-26,FEDERALBNK,7.351387486304992,RECONSTRUCTED
2026-08-26,HDFCBANK,16.516142646189447,RECONSTRUCTED
2026-08-26,ICICIBANK,15.03847818563449,RECONSTRUCTED
2026-08-26,IDFCFIRSTB,4.744681267130898,RECONSTRUCTED
2026-08-26,INDUSINDBK,5.49249406234448,RECONSTRUCTED
2026-08-26,KOTAKBANK,9.89734166859167,RECONSTRUCTED
2026-08-26,PNB,3.283189554872332,RECONSTRUCTED
2026-08-26,SBIN,10.299527007262997,RECONSTRUCTED
2026-08-26,UNIONBANK,3.173797002729719,RECONSTRUCTED
2026-08-26,YESBANK,3.381012600636008,RECONSTRUCTED
2026-08-27,AUBANK,4.754544391484996,RECONSTRUCTED
2026-08-27,AXISBANK,9.434488952566111,RECONSTRUCTED
2026-08-27,BANKBARODA,3.4135753349709,RECONSTRUCTED
2026-08-27,CANBK,3.2673674878529417,RECONSTRUCTED
2026-08-27,FEDERALBNK,7.32856196440455,RECONSTRUCTED
2026-08-27,HDFCBANK,16.81562563875309,RECONSTRUCTED
2026-08-27,ICICIBANK,14.83521090585267,RECONSTRUCTED
2026-08-27,IDFCFIRSTB,4.756917194513162,RECONSTRUCTED
2026-08-27,INDUSINDBK,5.473508481083514,RECONSTRUCTED
2026-08-27,KOTAKBANK,9.67813170109,RECONSTRUCTED
2026-08-27,PNB,3.305073453465178,RECONSTRUCTED
2026-08-27,SBIN,10.342141400336086,RECONSTRUCTED
2026-08-27,UNIONBANK,3.211075431616448,RECONSTRUCTED
2026-08-27,YESBANK,3.383777662010368,RECONSTRUCTED
2026-08-28,AUBANK,4.814268171737972,RECONSTRUCTED
2026-08-28,AXISBANK,9.364188154036508,RECONSTRUCTED
2026-08-28,BANKBARODA,3.399721284347964,RECONSTRUCTED
2026-08-28,CANBK,3.2609147438439514,RECONSTRUCTED
2026-08-28,FEDERALBNK,7.337780128745551,RECONSTRUCTED
2026-08-28,HDFCBANK,16.592883376051553,RECONSTRUCTED
2026-08-28,ICICIBANK,15.040726763783873,RECONSTRUCTED
2026-08-28,IDFCFIRSTB,4.794206256182126,RECONSTRUCTED
2026-08-28,INDUSINDBK,5.520643333598704,RECONSTRUCTED
2026-08-28,KOTAKBANK,9.68626541625461,RECONSTRUCTED
2026-08-28,PNB,3.3039521814425084,RECONSTRUCTED
2026-08-28,SBIN,10.29323183318519,RECONSTRUCTED
2026-08-28,UNIONBANK,3.1840990648905767,RECONSTRUCTED
2026-08-28,YESBANK,3.407119291898919,RECONSTRUCTED
2026-08-31,AUBANK,4.82,OFFICIAL
2026-08-31,AXISBANK,9.2,OFFICIAL
2026-08-31,BANKBARODA,3.48,OFFICIAL
2026-08-31,CANBK,3.33,OFFICIAL
2026-08-31,FEDERALBNK,7.15,OFFICIAL
2026-08-31,HDFCBANK,17.02,OFFICIAL
2026-08-31,ICICIBANK,14.86,OFFICIAL
2026-08-31,IDFCFIRSTB,4.68,OFFICIAL
2026-08-31,INDUSINDBK,5.45,OFFICIAL
2026-08-31,KOTAKBANK,9.88,OFFICIAL
2026-08-31,PNB,3.37,OFFICIAL
2026-08-31,SBIN,10.27,OFFICIAL
2026-08-31,UNIONBANK,3.17,OFFICIAL
2026-08-31,YESBANK,3.33,OFFICIAL
