date,open,high,low,close,directional_return_pct,abs_movement_pct,directional_movement_points,abs_movement_points,is_t0_event,is_t1_event,constituent_count
2023-01-02,43038.25,43382.75,42961.75,43203.1,0.3830313732551824,0.3830313732551824,164.84999999999854,164.84999999999854,False,False,12.0
2023-01-03,43151.45,43482.8,43148.45,43425.25,0.6345093849685304,0.6345093849685304,273.8000000000029,273.8000000000029,False,False,12.0
2023-01-04,43417.5,43578.4,42858.65,42958.8,-1.0564864397996132,1.0564864397996132,-458.6999999999971,458.6999999999971,False,False,12.0
2023-01-05,43073.05,43137.55,42298.6,42608.7,-1.0780522855939056,1.0780522855939056,-464.3500000000058,464.3500000000058,False,False,12.0
2023-01-06,42649.7,42685.9,41877.0,42188.8,-1.0806641078366184,1.0806641078366184,-460.8999999999942,460.8999999999942,False,False,12.0
2023-01-09,42404.85,42716.8,42186.55,42582.75,0.41952748329495676,0.41952748329495676,177.90000000000146,177.90000000000146,False,False,12.0
2023-01-10,42642.0,42674.25,41835.75,42014.75,-1.470967590638338,1.470967590638338,-627.25,627.25,False,False,12.0
2023-01-11,42071.85,42318.0,41729.0,42232.7,0.3823221465183931,0.3823221465183931,160.84999999999854,160.84999999999854,False,False,12.0
2023-01-12,42238.5,42343.5,41742.95,42082.25,-0.36992317435514993,0.36992317435514993,-156.25,156.25,False,False,12.0
2023-01-13,42171.25,42453.95,41885.6,42371.25,0.47425675074843643,0.47425675074843643,200.0,200.0,False,False,12.0
2023-01-16,42622.5,42715.65,42066.55,42167.55,-1.0673939820517264,1.0673939820517264,-454.9499999999971,454.9499999999971,True,False,12.0
2023-01-17,42241.2,42383.8,41861.1,42235.05,-0.014559245475967016,0.014559245475967016,-6.149999999994179,6.149999999994179,False,True,12.0
2023-01-18,42271.8,42555.9,42119.65,42458.0,0.4404827804824897,0.4404827804824897,186.1999999999971,186.1999999999971,True,False,12.0
2023-01-19,42416.3,42506.25,42234.9,42328.85,-0.2061707409651581,0.2061707409651581,-87.45000000000437,87.45000000000437,False,True,12.0
2023-01-20,42516.05,42709.2,42366.15,42506.8,-0.021756489608042138,0.021756489608042138,-9.25,9.25,True,False,12.0
2023-01-23,42891.45,43005.85,42727.7,42821.25,-0.16366898297911844,0.16366898297911844,-70.19999999999709,70.19999999999709,True,True,12.0
2023-01-24,42994.45,43078.9,42615.65,42733.45,-0.6070550966461951,0.6070550966461951,-261.0,261.0,False,True,12.0
2023-01-25,42703.6,42733.05,41540.3,41647.65,-2.4727423449076826,2.4727423449076826,-1055.949999999997,1055.949999999997,False,False,12.0
2023-01-27,41382.35,41417.9,40148.8,40345.3,-2.506020078608382,2.506020078608382,-1037.0499999999956,1037.0499999999956,False,False,12.0
2023-01-30,39856.15,40789.55,39419.8,40387.45,1.333043959338761,1.333043959338761,531.2999999999956,531.2999999999956,True,False,12.0
2023-01-31,40563.85,40811.65,40167.7,40655.05,0.22483072982471924,0.22483072982471924,91.20000000000437,91.20000000000437,False,True,12.0
2023-02-01,41115.0,42015.65,39490.5,40513.0,-1.4641858202602456,1.4641858202602456,-602.0,602.0,False,False,12.0
2023-02-02,39943.35,40757.6,39761.45,40669.3,1.8174489620925747,1.8174489620925747,725.9500000000044,725.9500000000044,False,False,12.0
2023-02-03,41019.35,41539.95,40609.75,41499.7,1.171032695544904,1.171032695544904,480.34999999999854,480.34999999999854,True,False,12.0
2023-02-06,41530.15,41724.5,41261.2,41374.65,-0.37442677187537243,0.37442677187537243,-155.5,155.5,False,True,12.0
2023-02-07,41513.1,41630.75,41095.1,41490.95,-0.053356651273938724,0.053356651273938724,-22.150000000001455,22.150000000001455,False,False,12.0
2023-02-08,41542.05,41791.95,41403.05,41537.65,-0.010591677589337684,0.010591677589337684,-4.400000000001455,4.400000000001455,False,False,12.0
2023-02-09,41634.0,41634.0,41252.95,41554.3,-0.191430081183641,0.191430081183641,-79.69999999999709,79.69999999999709,False,False,12.0
2023-02-10,41452.4,41678.9,41424.9,41559.4,0.25812739431251264,0.25812739431251264,107.0,107.0,False,False,12.0
2023-02-13,41563.5,41662.55,41157.9,41282.2,-0.676795746267766,0.676795746267766,-281.3000000000029,281.3000000000029,False,False,12.0
2023-02-14,41410.45,41718.0,41195.75,41648.35,0.5744926703283869,0.5744926703283869,237.90000000000146,237.90000000000146,False,False,12.0
2023-02-15,41674.6,41795.45,41455.6,41731.05,0.13545420951851816,0.13545420951851816,56.450000000004366,56.450000000004366,False,False,12.0
2023-02-16,41925.7,41979.1,41521.95,41631.35,-0.7020753380384789,0.7020753380384789,-294.34999999999854,294.34999999999854,False,False,12.0
2023-02-17,41514.0,41516.3,40882.7,41131.75,-0.920773714891362,0.920773714891362,-382.25,382.25,False,False,12.0
2023-02-20,41221.55,41292.6,40580.1,40701.7,-1.2611122095117864,1.2611122095117864,-519.8500000000058,519.8500000000058,False,False,12.0
2023-02-21,40784.9,40946.2,40508.25,40673.6,-0.2728951155942589,0.2728951155942589,-111.30000000000291,111.30000000000291,False,False,12.0
2023-02-22,40494.15,40529.25,39899.0,39995.9,-1.2304246415840314,1.2304246415840314,-498.25,498.25,False,False,12.0
2023-02-23,39983.7,40147.8,39600.25,40001.55,0.04464319210079563,0.04464319210079563,17.85000000000582,17.85000000000582,False,False,12.0
2023-02-24,40259.1,40348.1,39818.9,39909.4,-0.8686234913348712,0.8686234913348712,-349.6999999999971,349.6999999999971,False,False,12.0
2023-02-27,39820.4,40371.45,39745.4,40307.1,1.222237847937231,1.222237847937231,486.6999999999971,486.6999999999971,False,False,12.0
2023-02-28,40302.7,40391.45,40073.0,40269.05,-0.08349316547028904,0.08349316547028904,-33.64999999999418,33.64999999999418,False,False,12.0
2023-03-01,40473.85,40725.35,40341.95,40698.15,0.5541849861083216,0.5541849861083216,224.3000000000029,224.3000000000029,False,False,12.0
2023-03-02,40604.55,40773.25,40312.9,40389.8,-0.5288816154839789,0.5288816154839789,-214.75,214.75,False,False,12.0
2023-03-03,40671.4,41390.15,40605.35,41251.35,1.425940587243117,1.425940587243117,579.9499999999971,579.9499999999971,False,False,12.0
2023-03-06,41418.4,41671.2,41259.15,41350.4,-0.16417823962296949,0.16417823962296949,-68.0,68.0,False,False,12.0
2023-03-08,41178.35,41625.35,41100.35,41577.1,0.9683486589433526,0.9683486589433526,398.75,398.75,False,False,12.0
2023-03-09,41532.65,41659.0,41208.1,41256.75,-0.6642966437248802,0.6642966437248802,-275.90000000000146,275.90000000000146,False,False,12.0
2023-03-10,40805.25,40839.0,40341.7,40485.45,-0.7837226827430365,0.7837226827430365,-319.8000000000029,319.8000000000029,False,False,12.0
2023-03-13,40356.1,40690.05,39454.6,39564.7,-1.9610418251515918,1.9610418251515918,-791.4000000000015,791.4000000000015,False,False,12.0
2023-03-14,39522.4,39768.5,39132.6,39411.4,-0.2808533894702751,0.2808533894702751,-111.0,111.0,False,False,12.0
2023-03-15,39777.9,39914.1,38934.65,39051.5,-1.8261396403530639,1.8261396403530639,-726.4000000000015,726.4000000000015,False,False,12.0
2023-03-16,39061.7,39381.4,38613.15,39132.6,0.1815077172780536,0.1815077172780536,70.90000000000146,70.90000000000146,False,False,12.0
2023-03-17,39442.4,39705.15,38926.8,39598.1,0.3947528547958468,0.3947528547958468,155.6999999999971,155.6999999999971,False,False,12.0
2023-03-20,39512.1,39512.1,38941.9,39361.95,-0.38001017409857096,0.38001017409857096,-150.15000000000146,150.15000000000146,False,False,12.0
2023-03-21,39599.65,39970.9,39366.3,39894.7,0.7450823428994843,0.7450823428994843,295.04999999999563,295.04999999999563,False,False,12.0
2023-03-22,40036.0,40085.6,39837.8,39999.05,-0.0922919372564619,0.0922919372564619,-36.94999999999709,36.94999999999709,False,False,12.0
2023-03-23,39836.15,40201.6,39552.5,39616.9,-0.5503794919940806,0.5503794919940806,-219.25,219.25,False,False,12.0
2023-03-24,39555.25,39767.9,39294.9,39395.35,-0.40424469571043403,0.40424469571043403,-159.90000000000146,159.90000000000146,False,False,12.0
2023-03-27,39484.7,39695.2,39273.75,39431.3,-0.13524225839374285,0.13524225839374285,-53.39999999999418,53.39999999999418,False,False,12.0
2023-03-28,39545.05,39645.2,39326.1,39567.9,0.05778220030066605,0.05778220030066605,22.849999999998545,22.849999999998545,False,False,12.0
2023-03-29,39611.55,40055.0,39609.55,39910.15,0.7538205397163164,0.7538205397163164,298.59999999999854,298.59999999999854,False,False,12.0
2023-03-31,40231.25,40690.4,40180.2,40608.65,0.9380767438247667,0.9380767438247667,377.40000000000146,377.40000000000146,False,False,12.0
2023-04-03,40695.8,40857.6,40535.9,40813.05,0.2881132696740204,0.2881132696740204,117.25,117.25,False,False,12.0
2023-04-05,40972.3,41071.15,40802.65,40999.15,0.06553207898994819,0.06553207898994819,26.849999999998545,26.849999999998545,False,False,12.0
2023-04-06,40940.7,41274.7,40820.55,41041.0,0.24498848334298856,0.24498848334298856,100.30000000000291,100.30000000000291,False,False,12.0
2023-04-10,40834.6,41139.8,40727.3,41116.1,0.6893663706758485,0.6893663706758485,281.5,281.5,False,False,12.0
2023-04-11,41232.0,41403.2,40990.2,41366.5,0.3262029491656966,0.3262029491656966,134.5,134.5,False,False,12.0
2023-04-12,41426.0,41610.15,41332.0,41557.95,0.3185197701926256,0.3185197701926256,131.9499999999971,131.9499999999971,False,False,12.0
2023-04-13,41680.1,42196.2,41502.65,42132.55,1.0855300251199118,1.0855300251199118,452.45000000000437,452.45000000000437,False,False,12.0
2023-04-17,42603.55,42603.55,41799.0,42262.55,-0.8004027833361304,0.8004027833361304,-341.0,341.0,True,False,12.0
2023-04-18,42406.95,42500.7,42114.35,42265.2,-0.33426124727196843,0.33426124727196843,-141.75,141.75,False,True,12.0
2023-04-19,42280.1,42339.9,42022.15,42154.0,-0.2982490580675035,0.2982490580675035,-126.09999999999854,126.09999999999854,False,False,12.0
2023-04-20,42218.5,42378.15,42108.85,42269.5,0.12080012316875302,0.12080012316875302,51.0,51.0,True,False,12.0
2023-04-21,42252.55,42382.15,41962.35,42118.0,-0.3184423188659688,0.3184423188659688,-134.5500000000029,134.5500000000029,False,True,12.0
2023-04-24,42469.95,42714.15,42269.1,42635.75,0.39039367835376054,0.39039367835376054,165.8000000000029,165.8000000000029,True,False,12.0
2023-04-25,42731.6,42865.55,42601.5,42678.5,-0.12426401070869929,0.12426401070869929,-53.099999999998545,53.099999999998545,False,True,12.0
2023-04-26,42559.05,42875.6,42432.25,42829.9,0.636409882269455,0.636409882269455,270.84999999999854,270.84999999999854,False,False,12.0
2023-04-27,42753.9,43043.4,42736.6,43000.85,0.577608124638915,0.577608124638915,246.9499999999971,246.9499999999971,True,False,12.0
2023-04-28,43045.5,43302.05,42810.35,43233.9,0.4376764121685227,0.4376764121685227,188.40000000000146,188.40000000000146,True,True,12.0
2023-05-02,43395.05,43483.85,43269.4,43352.1,-0.09897442219793354,0.09897442219793354,-42.950000000004366,42.950000000004366,True,True,12.0
2023-05-03,43154.85,43354.95,43078.15,43312.7,0.36577580503697393,0.36577580503697393,157.84999999999854,157.84999999999854,False,True,12.0
2023-05-04,43236.1,43739.8,43213.95,43685.45,1.0392935533038332,1.0392935533038332,449.34999999999854,449.34999999999854,False,False,12.0
2023-05-05,43110.65,43588.0,42582.2,42661.2,-1.0425498107776254,1.0425498107776254,-449.45000000000437,449.45000000000437,False,False,12.0
2023-05-08,42796.85,43418.55,42780.3,43284.0,1.1382847102064788,1.1382847102064788,487.15000000000146,487.15000000000146,True,False,12.0
2023-05-09,43438.55,43533.25,43125.85,43198.15,-0.5534254711540819,0.5534254711540819,-240.40000000000146,240.40000000000146,False,True,12.0
2023-05-10,43275.25,43383.65,42822.15,43331.05,0.12894206272639192,0.12894206272639192,55.80000000000291,55.80000000000291,False,False,12.0
2023-05-11,43535.1,43774.25,43367.25,43475.3,-0.13736042871153537,0.13736042871153537,-59.799999999995634,59.799999999995634,False,False,12.0
2023-05-12,43447.15,43905.95,43347.75,43793.55,0.7972905012181499,0.7972905012181499,346.40000000000146,346.40000000000146,False,False,12.0
2023-05-15,43821.05,44151.7,43666.6,44072.1,0.5728981847764844,0.5728981847764844,251.04999999999563,251.04999999999563,False,False,12.0
2023-05-16,44144.15,44144.15,43815.7,43903.7,-0.5446927848877017,0.5446927848877017,-240.45000000000437,240.45000000000437,True,False,12.0
2023-05-17,43948.5,43992.75,43446.4,43698.7,-0.5683925503714642,0.5683925503714642,-249.8000000000029,249.8000000000029,True,True,12.0
2023-05-18,44006.9,44079.2,43673.7,43752.3,-0.5785456371614418,0.5785456371614418,-254.59999999999854,254.59999999999854,False,True,12.0
2023-05-19,43930.0,44020.9,43531.9,43969.4,0.0896881402230855,0.0896881402230855,39.400000000001455,39.400000000001455,True,False,12.0
2023-05-22,43935.3,44026.75,43684.9,43885.1,-0.11425892164160564,0.11425892164160564,-50.200000000004366,50.200000000004366,False,True,12.0
2023-05-23,43978.9,44095.25,43852.2,43954.45,-0.05559484207200354,0.05559484207200354,-24.450000000004366,24.450000000004366,False,False,12.0
2023-05-24,43751.95,44010.45,43639.8,43677.85,-0.169363879781355,0.169363879781355,-74.09999999999854,74.09999999999854,False,False,12.0
2023-05-25,43630.25,43719.85,43390.3,43681.4,0.11723517513651986,0.11723517513651986,51.150000000001455,51.150000000001455,False,False,12.0
2023-05-26,43765.35,44067.6,43588.8,44018.0,0.5772831703619449,0.5772831703619449,252.65000000000146,252.65000000000146,False,False,12.0
2023-05-29,44276.8,44483.35,44193.95,44311.9,0.07927402160950778,0.07927402160950778,35.099999999998545,35.099999999998545,False,False,12.0
2023-05-30,44277.35,44498.6,44207.5,44436.35,0.3591000816444525,0.3591000816444525,159.0,159.0,False,False,12.0
2023-05-31,44318.0,44339.05,43822.7,44128.15,-0.4283812446410004,0.4283812446410004,-189.84999999999854,189.84999999999854,True,False,12.0
2023-06-01,44172.05,44179.95,43706.15,43790.2,-0.864460671397424,0.864460671397424,-381.8500000000058,381.8500000000058,False,True,12.0
2023-06-02,43997.3,44088.9,43812.55,43937.85,-0.1351219279364969,0.1351219279364969,-59.450000000004366,59.450000000004366,False,False,12.0
2023-06-05,44103.25,44266.15,44074.2,44101.65,-0.0036278505552278907,0.0036278505552278907,-1.5999999999985448,1.5999999999985448,False,False,12.0
2023-06-06,44156.7,44236.2,44009.7,44164.55,0.01777759660483193,0.01777759660483193,7.850000000005821,7.850000000005821,False,False,12.0
2023-06-07,44318.7,44346.3,44143.5,44275.3,-0.09792706013487351,0.09792706013487351,-43.39999999999418,43.39999999999418,False,False,12.0
2023-06-08,44208.3,44459.25,43917.9,43995.25,-0.4819230777930906,0.4819230777930906,-213.0500000000029,213.0500000000029,False,False,12.0
2023-06-09,44045.75,44220.1,43932.6,43989.0,-0.12884330497267046,0.12884330497267046,-56.75,56.75,False,False,12.0
2023-06-12,44035.2,44124.95,43874.05,43944.2,-0.20665285953055737,0.20665285953055737,-91.0,91.0,False,False,12.0
2023-06-13,43889.7,44138.15,43889.7,44079.85,0.43324515774772093,0.43324515774772093,190.15000000000146,190.15000000000146,False,False,12.0
2023-06-14,44181.65,44212.35,43956.15,43988.0,-0.4383041375774817,0.4383041375774817,-193.65000000000146,193.65000000000146,False,False,12.0
2023-06-15,44054.35,44077.45,43397.5,43443.6,-1.3863557174263155,1.3863557174263155,-610.75,610.75,False,False,12.0
2023-06-16,43583.35,44083.25,43536.95,43938.15,0.8140723464350559,0.8140723464350559,354.8000000000029,354.8000000000029,False,False,12.0
2023-06-19,44015.3,44040.35,43501.4,43633.75,-0.8668576608588443,0.8668576608588443,-381.5500000000029,381.5500000000029,False,False,12.0
2023-06-20,43597.55,43823.95,43345.95,43766.5,0.3875217758796012,0.3875217758796012,168.9499999999971,168.9499999999971,False,False,12.0
2023-06-21,43894.4,43946.7,43698.95,43859.2,-0.08019246190859053,0.08019246190859053,-35.200000000004366,35.200000000004366,False,False,12.0
2023-06-22,43874.8,44042.15,43663.35,43724.85,-0.34176793968292585,0.34176793968292585,-149.95000000000437,149.95000000000437,False,False,12.0
2023-06-23,43641.6,43824.1,43519.55,43622.9,-0.042849024783685956,0.042849024783685956,-18.69999999999709,18.69999999999709,False,False,12.0
2023-06-26,43714.75,43773.1,43541.75,43641.05,-0.16859298063010103,0.16859298063010103,-73.69999999999709,73.69999999999709,False,False,12.0
2023-06-27,43804.55,44194.65,43693.15,44121.5,0.7235549731705886,0.7235549731705886,316.9499999999971,316.9499999999971,False,False,12.0
2023-06-28,44419.5,44508.4,44163.2,44327.8,-0.20644086493543848,0.20644086493543848,-91.69999999999709,91.69999999999709,False,False,12.0
2023-06-30,44666.0,44787.1,44447.2,44747.35,0.18212958402363888,0.18212958402363888,81.34999999999854,81.34999999999854,False,False,12.0
2023-07-03,44957.95,45353.2,44882.1,45158.1,0.4451937866384065,0.4451937866384065,200.15000000000146,200.15000000000146,False,False,12.0
2023-07-04,45310.55,45655.5,45000.25,45301.45,-0.020083622909026308,0.020083622909026308,-9.10000000000582,9.10000000000582,False,False,12.0
2023-07-05,45169.7,45418.9,45073.4,45151.8,-0.03962833492361955,0.03962833492361955,-17.89999999999418,17.89999999999418,False,False,12.0
2023-07-06,45060.55,45417.5,45042.6,45339.9,0.6199436092102705,0.6199436092102705,279.34999999999854,279.34999999999854,False,False,12.0
2023-07-07,45118.05,45227.25,44844.8,44925.0,-0.42787753460090344,0.42787753460090344,-193.0500000000029,193.0500000000029,False,False,12.0
2023-07-10,44958.65,45184.3,44721.9,44860.85,-0.2175332221941782,0.2175332221941782,-97.80000000000291,97.80000000000291,False,False,12.0
2023-07-11,44998.0,45139.55,44663.05,44745.05,-0.5621360949375463,0.5621360949375463,-252.9499999999971,252.9499999999971,False,False,12.0
2023-07-12,44872.6,44937.25,44562.4,44639.45,-0.5195821057839337,0.5195821057839337,-233.15000000000146,233.15000000000146,True,False,12.0
2023-07-13,45009.3,45085.15,44612.2,44665.05,-0.7648419326672486,0.7648419326672486,-344.25,344.25,False,True,12.0
2023-07-14,44860.65,44923.85,44547.8,44819.3,-0.09217432203946786,0.09217432203946786,-41.349999999998545,41.349999999998545,False,False,12.0
2023-07-17,44951.2,45556.45,44695.05,45449.75,1.109091637153186,1.109091637153186,498.5500000000029,498.5500000000029,True,False,12.0
2023-07-18,45754.8,45905.85,45281.3,45410.85,-0.7517244092423184,0.7517244092423184,-343.95000000000437,343.95000000000437,False,True,12.0
2023-07-19,45622.5,45707.4,45433.0,45669.3,0.1025809633404634,0.1025809633404634,46.80000000000291,46.80000000000291,False,False,12.0
2023-07-20,45689.05,46256.2,45640.95,46186.9,1.08964839496553,1.08964839496553,497.84999999999854,497.84999999999854,True,False,12.0
2023-07-21,46063.95,46369.5,45925.9,46075.2,0.024422569058884444,0.024422569058884444,11.25,11.25,True,True,12.0
2023-07-24,46131.9,46191.5,45858.75,45923.05,-0.4527236034067501,0.4527236034067501,-208.84999999999854,208.84999999999854,True,True,12.0
2023-07-25,46154.7,46156.1,45622.85,45845.0,-0.6710042530879783,0.6710042530879783,-309.6999999999971,309.6999999999971,False,True,12.0
2023-07-26,45935.15,46096.6,45804.7,46062.35,0.2769121250284305,0.2769121250284305,127.19999999999709,127.19999999999709,True,False,12.0
2023-07-27,46285.85,46310.1,45570.65,45679.3,-1.310443688513867,1.310443688513867,-606.5499999999956,606.5499999999956,False,True,12.0
2023-07-28,45560.9,45727.75,45238.8,45468.1,-0.20368342153030977,0.20368342153030977,-92.80000000000291,92.80000000000291,False,False,12.0
2023-07-31,45546.35,45694.9,45359.75,45651.1,0.2299854982891055,0.2299854982891055,104.75,104.75,True,False,12.0
2023-08-01,45740.0,45782.75,45471.05,45592.5,-0.3224748578924355,0.3224748578924355,-147.5,147.5,False,True,12.0
2023-08-02,45234.65,45404.9,44720.9,44995.7,-0.5282454932225724,0.5282454932225724,-238.95000000000437,238.95000000000437,False,False,12.0
2023-08-03,44862.85,45038.45,44279.4,44513.45,-0.778818108969897,0.778818108969897,-349.40000000000146,349.40000000000146,False,False,12.0
2023-08-04,44754.75,45118.05,44520.55,44879.5,0.2787413626486574,0.2787413626486574,124.75,124.75,True,False,12.0
2023-08-07,44993.7,45011.35,44773.85,44837.5,-0.34715971347099056,0.34715971347099056,-156.1999999999971,156.1999999999971,True,True,12.0
2023-08-08,44888.95,45096.85,44817.85,44964.45,0.16819284033152926,0.16819284033152926,75.5,75.5,False,True,12.0
2023-08-09,44973.45,44975.0,44533.75,44880.7,-0.20623278845630033,0.20623278845630033,-92.75,92.75,False,False,12.0
2023-08-10,44797.65,44980.35,44418.4,44541.8,-0.5711237084980988,0.5711237084980988,-255.84999999999854,255.84999999999854,False,False,12.0
2023-08-11,44568.15,44571.25,44120.9,44199.1,-0.8280577048856704,0.8280577048856704,-369.0500000000029,369.0500000000029,False,False,12.0
2023-08-14,44066.6,44212.75,43776.9,44090.95,0.05525726967816565,0.05525726967816565,24.349999999998545,24.349999999998545,False,False,12.0
2023-08-16,43726.25,44002.8,43600.35,43946.4,0.5034733140847922,0.5034733140847922,220.15000000000146,220.15000000000146,False,False,12.0
2023-08-17,43897.25,44071.85,43745.1,43891.35,-0.013440477478660862,0.013440477478660862,-5.900000000001455,5.900000000001455,False,False,12.0
2023-08-18,43724.75,43957.65,43672.45,43851.05,0.2888524233986539,0.2888524233986539,126.30000000000291,126.30000000000291,False,False,12.0
2023-08-21,43952.85,44113.8,43862.0,44002.0,0.11182437543868363,0.11182437543868363,49.150000000001455,49.150000000001455,False,False,12.0
2023-08-22,44125.0,44151.3,43938.7,43993.25,-0.29858356940509917,0.29858356940509917,-131.75,131.75,False,False,12.0
2023-08-23,44064.5,44521.65,43952.05,44479.05,0.9407799929648649,0.9407799929648649,414.5500000000029,414.5500000000029,False,False,12.0
2023-08-24,44704.2,44949.9,44433.75,44496.2,-0.46528066714089505,0.46528066714089505,-208.0,208.0,False,False,12.0
2023-08-25,44276.2,44359.1,43983.75,44231.45,-0.10107010086683141,0.10107010086683141,-44.75,44.75,False,False,12.0
2023-08-28,44253.65,44610.4,44201.45,44494.65,0.5445878475560773,0.5445878475560773,241.0,241.0,False,False,12.0
2023-08-29,44655.75,44673.0,44429.8,44495.25,-0.35941620060126633,0.35941620060126633,-160.5,160.5,False,False,12.0
2023-08-30,44706.55,44779.65,44149.8,44232.6,-1.0601354835029864,1.0601354835029864,-473.95000000000437,473.95000000000437,True,False,12.0
2023-08-31,44265.85,44399.65,43895.05,43989.15,-0.6250868333037705,0.6250868333037705,-276.6999999999971,276.6999999999971,False,True,12.0
2023-09-01,43996.1,44568.55,43830.75,44436.1,1.0000886442207377,1.0000886442207377,440.0,440.0,False,False,12.0
2023-09-04,44647.65,44656.05,44310.95,44578.3,-0.15532732405848582,0.15532732405848582,-69.34999999999854,69.34999999999854,False,False,12.0
2023-09-05,44625.05,44668.7,44401.7,44532.15,-0.20817903845486213,0.20817903845486213,-92.90000000000146,92.90000000000146,False,False,12.0
2023-09-06,44494.65,44577.0,44207.25,44409.1,-0.19227030665485156,0.19227030665485156,-85.55000000000291,85.55000000000291,False,False,12.0
2023-09-07,44418.05,44915.55,44341.2,44878.35,1.0362904269773112,1.0362904269773112,460.29999999999563,460.29999999999563,False,False,12.0
2023-09-08,44953.65,45383.35,44812.15,45156.4,0.4510201062650085,0.4510201062650085,202.75,202.75,False,False,12.0
2023-09-11,45340.8,45636.2,45231.3,45570.7,0.5070488390147376,0.5070488390147376,229.89999999999418,229.89999999999418,False,False,12.0
2023-09-12,45893.8,45893.8,45322.55,45511.35,-0.8333369649059446,0.8333369649059446,-382.45000000000437,382.45000000000437,False,False,12.0
2023-09-13,45449.35,45990.5,45299.4,45909.45,1.0123357099716466,1.0123357099716466,460.09999999999854,460.09999999999854,False,False,12.0
2023-09-14,46013.3,46153.9,45801.5,46000.85,-0.02705739427514298,0.02705739427514298,-12.450000000004366,12.450000000004366,False,False,12.0
2023-09-15,46122.15,46310.4,46028.75,46231.5,0.2370878200604233,0.2370878200604233,109.34999999999854,109.34999999999854,False,False,12.0
2023-09-18,46100.95,46252.95,45906.9,45979.85,-0.2626843915363969,0.2626843915363969,-121.09999999999854,121.09999999999854,False,False,12.0
2023-09-20,45493.7,45745.15,45276.4,45384.6,-0.2398134247159465,0.2398134247159465,-109.09999999999854,109.09999999999854,False,False,12.0
2023-09-21,45179.6,45276.8,44592.45,44623.85,-1.2300905718510124,1.2300905718510124,-555.75,555.75,False,False,12.0
2023-09-22,44707.35,44996.75,44548.9,44612.05,-0.21316405468003724,0.21316405468003724,-95.29999999999563,95.29999999999563,False,False,12.0
2023-09-25,44615.0,44936.55,44400.9,44766.1,0.33867533340804334,0.33867533340804334,151.09999999999854,151.09999999999854,False,False,12.0
2023-09-26,44722.5,44773.8,44532.45,44624.2,-0.21979987701940393,0.21979987701940393,-98.30000000000291,98.30000000000291,False,False,12.0
2023-09-27,44465.9,44668.0,44182.5,44588.3,0.2752671148003334,0.2752671148003334,122.40000000000146,122.40000000000146,False,False,12.0
2023-09-28,44700.35,44756.8,44248.2,44300.95,-0.8935053081239888,0.8935053081239888,-399.40000000000146,399.40000000000146,False,False,12.0
2023-09-29,44445.35,44755.05,44344.9,44584.55,0.31319361868002926,0.31319361868002926,139.20000000000437,139.20000000000437,False,False,12.0
2023-10-03,44561.5,44566.3,44243.1,44399.05,-0.3645523602212607,0.3645523602212607,-162.4499999999971,162.4499999999971,False,False,12.0
2023-10-04,44108.15,44161.35,43857.5,43964.05,-0.3266969936394941,0.3266969936394941,-144.09999999999854,144.09999999999854,False,False,12.0
2023-10-05,44181.35,44391.85,44108.3,44213.35,0.07242875104540716,0.07242875104540716,32.0,32.0,False,False,12.0
2023-10-06,44395.4,44500.7,44242.95,44360.6,-0.07838649950220723,0.07838649950220723,-34.80000000000291,34.80000000000291,False,False,12.0
2023-10-09,44057.8,44113.2,43796.75,43886.5,-0.3888074302393739,0.3888074302393739,-171.3000000000029,171.3000000000029,False,False,12.0
2023-10-10,44027.55,44487.25,44004.55,44360.15,0.7554360849059248,0.7554360849059248,332.59999999999854,332.59999999999854,False,False,12.0
2023-10-11,44554.9,44710.55,44411.4,44516.9,-0.08528803790379957,0.08528803790379957,-38.0,38.0,False,False,12.0
2023-10-12,44571.55,44693.05,44530.05,44599.2,0.06203508740439625,0.06203508740439625,27.64999999999418,27.64999999999418,False,False,12.0
2023-10-13,44322.05,44563.05,44203.7,44287.95,-0.07693687453537419,0.07693687453537419,-34.10000000000582,34.10000000000582,False,False,12.0
2023-10-16,44204.75,44356.95,44044.4,44225.9,0.04784553696152892,0.04784553696152892,21.150000000001455,21.150000000001455,True,False,12.0
2023-10-17,44589.8,44589.85,44336.95,44409.5,-0.40435256493638205,0.40435256493638205,-180.3000000000029,180.3000000000029,True,True,12.0
2023-10-18,44404.2,44412.5,43861.45,43888.7,-1.1609262186910247,1.1609262186910247,-515.5,515.5,True,True,12.0
2023-10-19,43616.75,44058.8,43558.1,43754.5,0.31581903741108636,0.31581903741108636,137.75,137.75,False,True,12.0
2023-10-20,43584.25,43877.5,43567.45,43723.05,0.318463665200165,0.318463665200165,138.8000000000029,138.8000000000029,True,False,12.0
2023-10-23,43822.7,43831.3,43029.45,43151.2,-1.5323108799777285,1.5323108799777285,-671.5,671.5,True,True,12.0
2023-10-25,43308.3,43397.45,42758.4,42832.0,-1.0997891859066342,1.0997891859066342,-476.3000000000029,476.3000000000029,True,True,12.0
2023-10-26,42708.4,42716.2,42105.4,42280.15,-1.0027301420797783,1.0027301420797783,-428.25,428.25,True,True,12.0
2023-10-27,42555.6,42840.15,42482.75,42782.0,0.532009888240329,0.532009888240329,226.40000000000146,226.40000000000146,True,True,12.0
2023-10-30,42721.4,43112.5,42390.5,43039.15,0.7437724419143567,0.7437724419143567,317.75,317.75,True,True,12.0
2023-10-31,43356.85,43356.85,42797.15,42845.95,-1.1783605128140109,1.1783605128140109,-510.90000000000146,510.90000000000146,False,True,12.0
2023-11-01,42694.25,42815.15,42589.65,42700.95,0.015692979733798088,0.015692979733798088,6.69999999999709,6.69999999999709,False,False,12.0
2023-11-02,43018.7,43271.5,42796.45,43017.2,-0.0034868557162350327,0.0034868557162350327,-1.5,1.5,False,False,12.0
2023-11-03,43318.3,43416.1,43221.0,43318.25,-0.00011542465886913933,0.00011542465886913933,-0.05000000000291038,0.05000000000291038,True,False,12.0
2023-11-06,43627.75,43648.7,43415.2,43619.4,-0.01913919466394335,0.01913919466394335,-8.349999999998545,8.349999999998545,True,True,12.0
2023-11-07,43598.85,43799.35,43283.85,43737.9,0.318930430504481,0.318930430504481,139.0500000000029,139.0500000000029,False,True,12.0
2023-11-08,43791.8,43797.55,43547.75,43658.65,-0.3040523568339311,0.3040523568339311,-133.15000000000146,133.15000000000146,False,False,12.0
2023-11-09,43626.1,43876.75,43542.65,43683.6,0.13180183422309122,0.13180183422309122,57.5,57.5,False,False,12.0
2023-11-10,43543.25,43908.7,43504.95,43820.1,0.6358046310277679,0.6358046310277679,276.84999999999854,276.84999999999854,False,False,12.0
2023-11-12,44054.5,44056.0,43916.6,43996.65,-0.13131462166180197,0.13131462166180197,-57.849999999998545,57.849999999998545,False,False,
2023-11-13,43915.1,43970.75,43681.4,43891.25,-0.05430933779041502,0.05430933779041502,-23.849999999998545,23.849999999998545,False,False,12.0
2023-11-15,44398.45,44408.55,44164.55,44201.7,-0.44314610082108724,0.44314610082108724,-196.75,196.75,False,False,12.0
2023-11-16,44251.7,44420.95,44064.15,44161.55,-0.2037209869903172,0.2037209869903172,-90.14999999999418,90.14999999999418,False,False,12.0
2023-11-17,43656.25,43872.85,43513.85,43583.95,-0.16561202576951276,0.16561202576951276,-72.30000000000291,72.30000000000291,False,False,12.0
2023-11-20,43591.5,43724.0,43450.05,43584.95,-0.015025865134264503,0.015025865134264503,-6.55000000000291,6.55000000000291,False,False,12.0
2023-11-21,43790.95,43790.95,43586.45,43689.15,-0.23246812412152656,0.23246812412152656,-101.79999999999563,101.79999999999563,False,False,12.0
2023-11-22,43663.6,43692.5,43230.95,43449.6,-0.4901107558698779,0.4901107558698779,-214.0,214.0,False,False,12.0
2023-11-23,43452.75,43649.65,43451.35,43577.5,0.28709345208300974,0.28709345208300974,124.75,124.75,False,False,12.0
2023-11-24,43607.35,43806.5,43566.15,43769.1,0.3709237089619067,0.3709237089619067,161.75,161.75,False,False,12.0
2023-11-28,43851.55,43960.3,43739.8,43880.95,0.0670443804152742,0.0670443804152742,29.39999999999418,29.39999999999418,False,False,12.0
2023-11-29,44081.75,44630.35,44003.45,44566.45,1.0995479988884223,1.0995479988884223,484.6999999999971,484.6999999999971,False,False,12.0
2023-11-30,44711.2,44764.8,44254.6,44481.75,-0.5131823793590803,0.5131823793590803,-229.4499999999971,229.4499999999971,False,False,12.0
2023-12-01,44580.15,44951.1,44531.75,44814.2,0.5250094492728168,0.5250094492728168,234.04999999999563,234.04999999999563,False,False,12.0
2023-12-04,45671.5,46484.45,45484.2,46431.4,1.6638384988450161,1.6638384988450161,759.9000000000015,759.9000000000015,False,False,12.0
2023-12-05,46895.9,47230.55,46653.65,47012.25,0.24810271260387057,0.24810271260387057,116.34999999999854,116.34999999999854,False,False,12.0
2023-12-06,47256.75,47259.85,46750.2,46834.55,-0.8934173424960393,0.8934173424960393,-422.1999999999971,422.1999999999971,False,False,12.0
2023-12-07,46735.4,46927.7,46507.15,46841.4,0.226808800181447,0.226808800181447,106.0,106.0,False,False,12.0
2023-12-08,46797.2,47303.65,46793.9,47262.0,0.9932218166898937,0.9932218166898937,464.8000000000029,464.8000000000029,False,False,12.0
2023-12-11,47233.3,47588.0,47186.6,47314.25,0.1713833249000114,0.1713833249000114,80.94999999999709,80.94999999999709,False,False,12.0
2023-12-12,47421.7,47454.0,47004.05,47097.55,-0.6835478272605036,0.6835478272605036,-324.1499999999942,324.1499999999942,False,False,12.0
2023-12-13,47190.75,47201.95,46886.9,47092.25,-0.20872734593114114,0.20872734593114114,-98.5,98.5,False,False,12.0
2023-12-14,47567.65,47943.6,47510.85,47732.3,0.3461386047029892,0.3461386047029892,164.65000000000146,164.65000000000146,False,False,12.0
2023-12-15,47939.9,48219.95,47632.85,48143.55,0.4248027217411831,0.4248027217411831,203.65000000000146,203.65000000000146,False,False,12.0
2023-12-18,48068.5,48076.6,47806.7,47867.7,-0.41773718755526573,0.41773718755526573,-200.8000000000029,200.8000000000029,False,False,12.0
2023-12-19,47940.4,48017.0,47646.05,47870.9,-0.1449716731608414,0.1449716731608414,-69.5,69.5,False,False,12.0
2023-12-20,48085.35,48166.15,47202.65,47445.3,-1.33107068992946,1.33107068992946,-640.0499999999956,640.0499999999956,False,False,12.0
2023-12-21,47172.45,47932.4,46919.7,47840.15,1.4154448200167777,1.4154448200167777,667.7000000000044,667.7000000000044,False,False,12.0
2023-12-22,47837.75,48071.4,47415.85,47491.85,-0.7230691242794686,0.7230691242794686,-345.90000000000146,345.90000000000146,False,False,12.0
2023-12-26,47576.4,47838.45,47411.65,47724.85,0.3120244490966048,0.3120244490966048,148.4499999999971,148.4499999999971,False,False,12.0
2023-12-27,47818.5,48347.65,47806.7,48282.2,0.9697083764651695,0.9697083764651695,463.6999999999971,463.6999999999971,False,False,12.0
2023-12-28,48479.05,48636.45,48343.15,48508.55,0.06085102740255842,0.06085102740255842,29.5,29.5,False,False,12.0
2023-12-29,48374.85,48477.7,48091.85,48292.25,-0.17074988346216796,0.17074988346216796,-82.59999999999854,82.59999999999854,False,False,12.0
2024-01-01,48203.45,48450.0,48044.15,48234.3,0.06399956849562806,0.06399956849562806,30.85000000000582,30.85000000000582,False,False,12.0
2024-01-02,48194.8,48223.55,47689.8,47761.65,-0.8987484126918287,0.8987484126918287,-433.15000000000146,433.15000000000146,False,False,12.0
2024-01-03,47796.3,47798.75,47481.35,47704.95,-0.19112358069558902,0.19112358069558902,-91.35000000000582,91.35000000000582,False,False,12.0
2024-01-04,47805.4,48281.2,47738.15,48195.85,0.816748735498494,0.816748735498494,390.4499999999971,390.4499999999971,False,False,12.0
2024-01-05,48245.55,48381.95,47822.85,48159.0,-0.17939478356035513,0.17939478356035513,-86.55000000000291,86.55000000000291,False,False,12.0
2024-01-08,48096.65,48154.5,47387.35,47450.25,-1.3439605461087236,1.3439605461087236,-646.4000000000015,646.4000000000015,False,False,12.0
2024-01-09,47705.4,47939.3,47156.05,47242.65,-0.9700159730344993,0.9700159730344993,-462.75,462.75,False,False,12.0
2024-01-10,47073.85,47423.45,47010.8,47360.85,0.6096803214523563,0.6096803214523563,287.0,287.0,False,False,12.0
2024-01-11,47538.6,47662.1,47237.0,47438.35,-0.2108812628053834,0.2108812628053834,-100.25,100.25,False,False,12.0
2024-01-12,47572.7,47873.7,47408.5,47709.8,0.2881904958095837,0.2881904958095837,137.10000000000582,137.10000000000582,False,False,12.0
2024-01-15,47891.05,48248.05,47825.4,48158.3,0.5580374621145288,0.5580374621145288,267.25,267.25,True,False,12.0
2024-01-16,48109.95,48305.4,48002.85,48125.1,0.031490367377229565,0.031490367377229565,15.150000000001455,15.150000000001455,True,True,12.0
2024-01-17,46573.95,47212.75,45979.6,46064.45,-1.0939591767500934,1.0939591767500934,-509.5,509.5,True,True,12.0
2024-01-18,45492.75,46184.05,45430.7,45713.55,0.4853520615922381,0.4853520615922381,220.8000000000029,220.8000000000029,False,True,12.0
2024-01-19,46103.5,46249.85,45558.05,45701.15,-0.8727103148350962,0.8727103148350962,-402.34999999999854,402.34999999999854,False,False,12.0
2024-01-20,45989.25,46183.7,45640.9,46058.2,0.14992634148197045,0.14992634148197045,68.94999999999709,68.94999999999709,True,False,
2024-01-23,46495.45,46580.3,44886.1,45015.05,-3.1839674634829738,3.1839674634829738,-1480.3999999999942,1480.3999999999942,True,True,12.0
2024-01-24,44489.4,45485.5,44489.4,45082.4,1.3329017698597867,1.3329017698597867,593.0,593.0,True,True,12.0
2024-01-25,45057.95,45139.05,44429.0,44866.15,-0.4256740486417949,0.4256740486417949,-191.79999999999563,191.79999999999563,True,True,12.0
2024-01-29,45171.5,45660.35,45110.9,45442.35,0.5996037324419126,0.5996037324419126,270.84999999999854,270.84999999999854,True,True,12.0
2024-01-30,45481.5,45678.7,45206.05,45367.75,-0.2501016896980091,0.2501016896980091,-113.75,113.75,True,True,12.0
2024-01-31,45295.65,46179.75,45071.2,45996.8,1.547941137835535,1.547941137835535,701.1500000000015,701.1500000000015,False,True,12.0
2024-02-01,46164.9,46306.9,45668.35,46188.65,0.051446012013456104,0.051446012013456104,23.75,23.75,False,False,12.0
2024-02-02,46568.2,46892.35,45901.25,45970.95,-1.2825275617266718,1.2825275617266718,-597.25,597.25,False,False,12.0
2024-02-05,45962.25,46048.6,45615.1,45825.55,-0.29741798976333206,0.29741798976333206,-136.6999999999971,136.6999999999971,True,False,12.0
2024-02-06,45891.2,45932.15,45527.0,45690.8,-0.43668502893799727,0.43668502893799727,-200.39999999999418,200.39999999999418,False,True,12.0
2024-02-07,45944.6,46062.85,45620.5,45818.5,-0.27446098126874224,0.27446098126874224,-126.09999999999854,126.09999999999854,False,False,12.0
2024-02-08,45973.85,46181.2,44893.75,45012.0,-2.0921676126754636,2.0921676126754636,-961.8499999999985,961.8499999999985,True,False,12.0
2024-02-09,44986.75,45718.15,44859.15,45634.55,1.439979549534036,1.439979549534036,647.8000000000029,647.8000000000029,False,True,12.0
2024-02-12,45664.3,45748.5,44633.85,44882.25,-1.712607003720637,1.712607003720637,-782.0500000000029,782.0500000000029,False,False,12.0
2024-02-13,45056.8,45750.4,44819.55,45502.4,0.9889739173665207,0.9889739173665207,445.59999999999854,445.59999999999854,False,False,12.0
2024-02-14,45014.65,46170.45,44860.75,45908.3,1.985242582137152,1.985242582137152,893.6500000000015,893.6500000000015,False,False,12.0
2024-02-15,46027.1,46297.7,45590.2,46218.9,0.4167110245920402,0.4167110245920402,191.8000000000029,191.8000000000029,False,False,12.0
2024-02-16,46454.3,46693.4,46264.4,46384.85,-0.14950176840465654,0.14950176840465654,-69.45000000000437,69.45000000000437,False,False,12.0
2024-02-19,46554.9,46717.4,46317.7,46535.5,-0.04167123117008404,0.04167123117008404,-19.400000000001455,19.400000000001455,False,False,12.0
2024-02-20,46444.9,47136.75,46367.8,47094.2,1.3980006416204913,1.3980006416204913,649.2999999999956,649.2999999999956,False,False,12.0
2024-02-21,47363.4,47363.4,46886.95,47019.7,-0.7256658094647014,0.7256658094647014,-343.70000000000437,343.70000000000437,False,False,12.0
2024-02-22,46934.55,47024.05,46426.85,46919.8,-0.03142674213346032,0.03142674213346032,-14.75,14.75,False,False,12.0
2024-02-23,47060.7,47245.35,46723.15,46811.75,-0.5289976562184521,0.5289976562184521,-248.9499999999971,248.9499999999971,False,False,12.0
2024-02-26,46615.85,46893.15,46513.55,46576.5,-0.08441334867861155,0.08441334867861155,-39.349999999998545,39.349999999998545,False,False,12.0
2024-02-27,46480.2,46722.25,46324.9,46588.05,0.23203428556677,0.23203428556677,107.85000000000582,107.85000000000582,False,False,12.0
2024-02-28,46640.9,46754.55,45852.55,45963.15,-1.45312376047632,1.45312376047632,-677.75,677.75,False,False,12.0
2024-02-29,45881.45,46329.65,45661.75,46120.9,0.5218884756257799,0.5218884756257799,239.45000000000437,239.45000000000437,False,False,12.0
2024-03-01,46218.0,47342.25,46218.0,47286.9,2.3127352979358724,2.3127352979358724,1068.9000000000015,1068.9000000000015,False,False,12.0
2024-03-02,47377.45,47433.85,47237.0,47297.5,-0.16875116748579144,0.16875116748579144,-79.94999999999709,79.94999999999709,False,False,
2024-03-04,47318.5,47529.6,47191.65,47456.1,0.2907953548823368,0.2907953548823368,137.59999999999854,137.59999999999854,False,False,12.0
2024-03-05,47265.7,47737.85,47196.75,47581.0,0.6670799332285419,0.6670799332285419,315.3000000000029,315.3000000000029,False,False,12.0
2024-03-06,47451.65,48161.25,47442.25,47965.4,1.0826810026627103,1.0826810026627103,513.75,513.75,False,False,12.0
2024-03-07,48035.8,48071.7,47747.2,47835.8,-0.41635613438310587,0.41635613438310587,-200.0,200.0,False,False,12.0
2024-03-11,47792.2,47853.8,47230.65,47327.85,-0.9716020605872896,0.9716020605872896,-464.34999999999854,464.34999999999854,False,False,12.0
2024-03-12,47351.35,47812.75,46884.45,47282.4,-0.14561358863051865,0.14561358863051865,-68.94999999999709,68.94999999999709,False,False,12.0
2024-03-13,47341.15,47468.7,46842.15,46981.3,-0.760120951856891,0.760120951856891,-359.84999999999854,359.84999999999854,False,False,12.0
2024-03-14,46825.75,47231.5,46565.55,46789.95,-0.07645366064612508,0.07645366064612508,-35.80000000000291,35.80000000000291,False,False,12.0
2024-03-15,46572.1,46802.55,46310.5,46594.1,0.04723858275662897,0.04723858275662897,22.0,22.0,False,False,12.0
2024-03-18,46458.75,46739.25,46022.15,46575.9,0.25215917346033084,0.25215917346033084,117.15000000000146,117.15000000000146,False,False,12.0
2024-03-19,46421.9,46602.35,46258.75,46384.8,-0.07991917607852876,0.07991917607852876,-37.099999999998545,37.099999999998545,False,False,12.0
2024-03-20,46392.9,46655.55,45828.8,46310.9,-0.17675118390960684,0.17675118390960684,-82.0,82.0,False,False,12.0
2024-03-21,46674.85,46990.25,46570.15,46684.9,0.021531938506503846,0.021531938506503846,10.05000000000291,10.05000000000291,False,False,12.0
2024-03-22,46634.9,46974.15,46566.8,46863.75,0.49072690195539936,0.49072690195539936,228.84999999999854,228.84999999999854,False,False,12.0
2024-03-26,46552.95,46788.35,46529.05,46600.2,0.10149732723704943,0.10149732723704943,47.25,47.25,False,False,12.0
2024-03-27,46643.45,46956.1,46643.45,46785.95,0.30550913365113436,0.30550913365113436,142.5,142.5,False,False,12.0
2024-03-28,46827.85,47440.45,46827.85,47124.6,0.633704088485805,0.633704088485805,296.75,296.75,False,False,12.0
2024-04-01,47391.05,47646.8,47373.1,47578.25,0.3950112943266652,0.3950112943266652,187.1999999999971,187.1999999999971,False,False,12.0
2024-04-02,47490.75,47707.35,47408.55,47545.45,0.11518032458951921,0.11518032458951921,54.69999999999709,54.69999999999709,False,False,12.0
2024-04-03,47350.25,47676.95,47279.8,47624.25,0.5786664273155897,0.5786664273155897,274.0,274.0,False,False,12.0
2024-04-04,48086.2,48254.65,47712.7,48060.8,-0.05282180750401192,0.05282180750401192,-25.39999999999418,25.39999999999418,False,False,12.0
2024-04-05,48104.65,48557.4,47894.5,48493.05,0.8074063526083266,0.8074063526083266,388.40000000000146,388.40000000000146,False,False,12.0
2024-04-08,48586.75,48716.95,48424.65,48581.7,-0.010393780197281996,0.010393780197281996,-5.05000000000291,5.05000000000291,False,False,12.0
2024-04-09,48810.8,48960.75,48568.25,48730.55,-0.1644103354175715,0.1644103354175715,-80.25,80.25,False,False,12.0
2024-04-10,48879.55,49057.4,48669.25,48986.6,0.21900774454755748,0.21900774454755748,107.04999999999563,107.04999999999563,False,False,12.0
2024-04-12,48671.2,48882.65,48477.55,48564.55,-0.21912342411938515,0.21912342411938515,-106.64999999999418,106.64999999999418,False,False,12.0
2024-04-15,48057.5,48255.5,47725.8,47773.25,-0.5914789574988295,0.5914789574988295,-284.25,284.25,True,False,12.0
2024-04-16,47436.7,47609.0,47316.55,47484.8,0.10139828445065915,0.10139828445065915,48.10000000000582,48.10000000000582,False,True,12.0
2024-04-18,47592.7,47829.75,46982.15,47069.45,-1.099433316453994,1.099433316453994,-523.25,523.25,False,False,12.0
2024-04-19,46744.95,47668.7,46579.05,47574.15,1.7738814567135153,1.7738814567135153,829.2000000000044,829.2000000000044,False,False,12.0
2024-04-22,48145.7,48146.3,47628.45,47924.9,-0.45860793383416515,0.45860793383416515,-220.79999999999563,220.79999999999563,False,False,12.0
2024-04-23,48299.6,48302.7,47899.3,47970.45,-0.6814756229865289,0.6814756229865289,-329.15000000000146,329.15000000000146,False,False,12.0
2024-04-24,48120.9,48246.2,48028.7,48189.0,0.14151855015180212,0.14151855015180212,68.09999999999854,68.09999999999854,True,False,12.0
2024-04-25,47772.65,48625.45,47737.2,48494.95,1.5119529689058397,1.5119529689058397,722.2999999999956,722.2999999999956,True,True,12.0
2024-04-26,48660.0,48679.65,48088.25,48201.05,-0.9431771475544535,0.9431771475544535,-458.9499999999971,458.9499999999971,False,True,12.0
2024-04-29,48359.9,49473.6,48342.7,49424.05,2.2004801498762436,2.2004801498762436,1064.1500000000015,1064.1500000000015,True,False,12.0
2024-04-30,49477.1,49974.75,49249.9,49396.75,-0.1623983620705307,0.1623983620705307,-80.34999999999854,80.34999999999854,False,True,12.0
2024-05-02,49262.0,49529.35,49123.6,49231.05,-0.06282733141162983,0.06282733141162983,-30.94999999999709,30.94999999999709,True,False,12.0
2024-05-03,49375.05,49607.75,48659.7,48923.55,-0.9144294537423252,0.9144294537423252,-451.5,451.5,False,True,12.0
2024-05-06,49174.55,49252.65,48784.0,48895.3,-0.5678750491870287,0.5678750491870287,-279.25,279.25,True,False,12.0
2024-05-07,48965.05,49023.5,48213.75,48285.35,-1.3881329642265336,1.3881329642265336,-679.7000000000044,679.7000000000044,False,True,12.0
2024-05-08,48124.2,48223.05,47851.15,48021.1,-0.21423732758154643,0.21423732758154643,-103.09999999999854,103.09999999999854,True,False,12.0
2024-05-09,47976.35,48258.65,47440.65,47487.9,-1.018105795876504,1.018105795876504,-488.4499999999971,488.4499999999971,True,True,12.0
2024-05-10,47555.5,47868.7,47313.35,47421.1,-0.2826171525901346,0.2826171525901346,-134.40000000000146,134.40000000000146,True,True,12.0
2024-05-13,47389.8,47841.6,46983.25,47754.1,0.768730823932567,0.768730823932567,364.29999999999563,364.29999999999563,False,True,12.0
2024-05-14,47748.85,47937.25,47607.85,47859.45,0.23162861513941918,0.23162861513941918,110.59999999999854,110.59999999999854,False,False,12.0
2024-05-15,47923.1,47957.2,47534.5,47687.45,-0.4917252848834935,0.4917252848834935,-235.65000000000146,235.65000000000146,False,False,12.0
2024-05-16,47945.85,48052.9,47340.35,47977.05,0.06507341094172774,0.06507341094172774,31.200000000004366,31.200000000004366,True,False,12.0
2024-05-17,47842.95,48188.65,47758.8,48115.65,0.5699899358212743,0.5699899358212743,272.70000000000437,272.70000000000437,False,True,12.0
2024-05-18,48197.3,48222.35,48108.15,48199.5,0.00456457104443006,0.00456457104443006,2.1999999999970896,2.1999999999970896,False,False,
2024-05-21,47927.1,48259.75,47927.1,48048.2,0.25267541745692634,0.25267541745692634,121.09999999999854,121.09999999999854,False,False,12.0
2024-05-22,48113.9,48114.05,47435.25,47781.95,-0.6899253646035852,0.6899253646035852,-331.95000000000437,331.95000000000437,False,False,12.0
2024-05-23,47899.35,48829.7,47873.15,48768.6,1.814742788785234,1.814742788785234,869.25,869.25,False,False,12.0
2024-05-24,48668.0,49052.95,48644.8,48971.65,0.6239212624311693,0.6239212624311693,303.65000000000146,303.65000000000146,False,False,12.0
2024-05-27,49105.9,49688.85,49051.25,49281.8,0.35820542949014567,0.35820542949014567,175.90000000000146,175.90000000000146,False,False,12.0
2024-05-28,49390.9,49511.15,49043.65,49142.15,-0.5036352850423863,0.5036352850423863,-248.75,248.75,False,False,12.0
2024-05-29,48786.7,49022.6,48401.55,48501.35,-0.5848930138746801,0.5848930138746801,-285.34999999999854,285.34999999999854,False,False,12.0
2024-05-30,48313.6,49044.6,48313.6,48682.35,0.763242648032852,0.763242648032852,368.75,368.75,False,False,12.0
2024-05-31,48895.15,49122.55,48569.05,48983.95,0.18161310477623166,0.18161310477623166,88.79999999999563,88.79999999999563,False,False,12.0
2024-06-03,50889.85,51133.2,50092.65,50979.95,0.17704905791626138,0.17704905791626138,90.09999999999854,90.09999999999854,False,False,12.0
2024-06-04,50667.05,50667.05,46077.85,46928.6,-7.37846391293751,7.37846391293751,-3738.4500000000044,3738.4500000000044,False,False,12.0
2024-06-05,47486.6,49362.9,46446.8,49054.6,3.3019841386833337,3.3019841386833337,1568.0,1568.0,False,False,12.0
2024-06-06,49426.4,49672.75,48906.75,49291.9,-0.2721217810724633,0.2721217810724633,-134.5,134.5,False,False,12.0
2024-06-07,49316.95,49943.2,49080.45,49803.2,0.9859693269758166,0.9859693269758166,486.25,486.25,False,False,12.0
2024-06-10,49808.15,50252.95,49622.75,49780.9,-0.0547099219706012,0.0547099219706012,-27.25,27.25,False,False,12.0
2024-06-11,49751.2,49970.3,49530.45,49705.75,-0.0913545803920249,0.0913545803920249,-45.44999999999709,45.44999999999709,False,False,12.0
2024-06-12,49857.45,50233.4,49697.35,49895.1,0.07551529410349198,0.07551529410349198,37.650000000001455,37.650000000001455,False,False,12.0
2024-06-13,50179.0,50186.45,49799.65,49846.7,-0.6622292193945732,0.6622292193945732,-332.3000000000029,332.3000000000029,False,False,12.0
2024-06-14,49993.95,50102.6,49693.35,50002.0,0.01610194833575445,0.01610194833575445,8.05000000000291,8.05000000000291,False,False,12.0
2024-06-18,50194.35,50562.15,49900.2,50440.9,0.49119074158745535,0.49119074158745535,246.5500000000029,246.5500000000029,False,False,12.0
2024-06-19,50607.9,51957.0,50441.75,51398.05,1.5613175018129608,1.5613175018129608,790.1500000000015,790.1500000000015,False,False,12.0
2024-06-20,51712.9,51842.2,51281.5,51783.25,0.13603955686105118,0.13603955686105118,70.34999999999854,70.34999999999854,False,False,12.0
2024-06-21,51927.3,51934.35,51224.95,51661.45,-0.5119657675249932,0.5119657675249932,-265.8500000000058,265.8500000000058,False,False,12.0
2024-06-24,51280.25,51783.95,51138.9,51703.95,0.8262440218212609,0.8262440218212609,423.6999999999971,423.6999999999971,False,False,12.0
2024-06-25,51759.45,52746.5,51747.65,52606.0,1.6355467455701385,1.6355467455701385,846.5500000000029,846.5500000000029,False,False,12.0
2024-06-26,52653.2,52988.3,52373.7,52870.5,0.412700462649949,0.412700462649949,217.3000000000029,217.3000000000029,False,False,12.0
2024-06-27,52980.3,53180.75,52639.0,52811.3,-0.31898649120522155,0.31898649120522155,-169.0,169.0,False,False,12.0
2024-06-28,52874.95,53030.3,52242.3,52342.25,-1.0074714018642044,1.0074714018642044,-532.6999999999971,532.6999999999971,False,False,12.0
2024-07-01,52351.15,52656.15,52166.05,52574.75,0.42711573671256226,0.42711573671256226,223.59999999999854,223.59999999999854,False,False,12.0
2024-07-02,52793.75,52828.45,51996.65,52168.1,-1.1850834615839971,1.1850834615839971,-625.6500000000015,625.6500000000015,False,False,12.0
2024-07-03,52872.3,53256.7,52482.65,53089.25,0.4103282815387208,0.4103282815387208,216.9499999999971,216.9499999999971,False,False,12.0
2024-07-04,53357.7,53357.7,52815.9,53103.7,-0.47603251264578494,0.47603251264578494,-254.0,254.0,False,False,12.0
2024-07-05,52560.1,52817.85,52290.05,52660.35,0.19073403589414786,0.19073403589414786,100.25,100.25,False,False,12.0
2024-07-08,52533.1,52710.8,52246.7,52425.8,-0.2042521762469674,0.2042521762469674,-107.29999999999563,107.29999999999563,False,False,12.0
2024-07-09,52390.5,52626.6,52292.95,52568.8,0.3403288764184402,0.3403288764184402,178.3000000000029,178.3000000000029,False,False,12.0
2024-07-10,52528.8,52528.8,52075.4,52189.3,-0.6463121183046252,0.6463121183046252,-339.5,339.5,False,False,12.0
2024-07-11,52316.9,52400.3,51749.45,52270.65,-0.08840355602109451,0.08840355602109451,-46.25,46.25,False,False,12.0
2024-07-12,52272.65,52794.55,52171.15,52278.9,0.011956539414014786,0.011956539414014786,6.25,6.25,False,False,12.0
2024-07-15,52330.05,52662.25,52154.0,52455.9,0.2404927952486163,0.2404927952486163,125.84999999999854,125.84999999999854,False,False,12.0
2024-07-16,52466.7,52619.05,52331.6,52396.8,-0.13322736135490545,0.13322736135490545,-69.89999999999418,69.89999999999418,False,False,12.0
2024-07-18,52215.05,52782.75,52168.65,52620.7,0.7768832932267501,0.7768832932267501,405.6499999999942,405.6499999999942,False,False,12.0
2024-07-19,52531.55,52586.75,52146.3,52265.6,-0.5062671861005517,0.5062671861005517,-265.95000000000437,265.95000000000437,True,False,12.0
2024-07-22,52145.6,52427.0,51874.55,52280.4,0.25850694977141486,0.25850694977141486,134.8000000000029,134.8000000000029,True,True,12.0
2024-07-23,52511.0,52547.55,51342.65,51778.3,-1.3953266934546993,1.3953266934546993,-732.6999999999971,732.6999999999971,True,True,12.0
2024-07-24,51657.65,51944.65,50784.25,51317.0,-0.6594376631534757,0.6594376631534757,-340.65000000000146,340.65000000000146,True,True,12.0
2024-07-25,50762.3,51006.1,50559.9,50888.75,0.24910218804111928,0.24910218804111928,126.44999999999709,126.44999999999709,True,True,12.0
2024-07-26,50456.1,51398.6,50438.3,51295.95,1.6645162824712938,1.6645162824712938,839.8499999999985,839.8499999999985,False,True,12.0
2024-07-29,51546.65,52340.25,51186.95,51406.25,-0.27237463540307943,0.27237463540307943,-140.40000000000146,140.40000000000146,True,False,12.0
2024-07-30,51383.9,51957.75,51260.05,51499.3,0.22458396501628225,0.22458396501628225,115.40000000000146,115.40000000000146,False,True,12.0
2024-07-31,51583.45,51663.1,51335.7,51553.4,-0.058255118647542264,0.058255118647542264,-30.049999999995634,30.049999999995634,True,False,12.0
2024-08-01,51672.6,51877.15,51456.2,51564.0,-0.210169412802914,0.210169412802914,-108.59999999999854,108.59999999999854,False,True,12.0
2024-08-02,51172.25,51608.7,51087.85,51350.15,0.34764936073751196,0.34764936073751196,177.90000000000146,177.90000000000146,False,False,12.0
2024-08-05,50586.25,50747.55,49719.1,50092.1,-0.9768464750796935,0.9768464750796935,-494.15000000000146,494.15000000000146,False,False,12.0
2024-08-06,50436.9,50688.8,49659.05,49748.3,-1.3652702683947635,1.3652702683947635,-688.5999999999985,688.5999999999985,False,False,12.0
2024-08-07,50286.2,50292.45,49782.2,50119.0,-0.3324967883832883,0.3324967883832883,-167.1999999999971,167.1999999999971,False,False,12.0
2024-08-08,50051.9,50440.75,49829.6,50156.7,0.20938266079808285,0.20938266079808285,104.79999999999563,104.79999999999563,False,False,12.0
2024-08-09,50612.1,50707.75,50386.45,50484.5,-0.25211362500271384,0.25211362500271384,-127.59999999999854,127.59999999999854,False,False,12.0
2024-08-12,50412.6,50830.7,50149.25,50577.95,0.327993398475775,0.327993398475775,165.34999999999854,165.34999999999854,False,False,12.0
2024-08-13,50395.35,50559.25,49785.1,49831.85,-1.1181587190087974,1.1181587190087974,-563.5,563.5,False,False,12.0
2024-08-14,49887.15,49959.25,49654.65,49727.3,-0.3204231951514539,0.3204231951514539,-159.84999999999854,159.84999999999854,True,False,12.0
2024-08-16,50133.0,50603.4,49806.05,50516.9,0.7657630702331827,0.7657630702331827,383.90000000000146,383.90000000000146,False,True,12.0
2024-08-19,50683.55,50728.25,50283.55,50368.35,-0.6218980320044756,0.6218980320044756,-315.20000000000437,315.20000000000437,False,False,12.0
2024-08-20,50417.25,51025.6,50398.6,50803.15,0.7654126315893894,0.7654126315893894,385.90000000000146,385.90000000000146,False,False,12.0
2024-08-21,50666.65,50772.45,50333.35,50685.55,0.03730264384955677,0.03730264384955677,18.900000000001455,18.900000000001455,False,False,12.0
2024-08-22,50894.8,51080.0,50794.45,50985.7,0.1786037080408886,0.1786037080408886,90.89999999999418,90.89999999999418,False,False,12.0
2024-08-23,51040.05,51117.85,50856.7,50933.45,-0.20885559477313562,0.20885559477313562,-106.60000000000582,106.60000000000582,False,False,12.0
2024-08-26,51100.65,51317.85,51061.55,51148.1,0.09285596171476701,0.09285596171476701,47.44999999999709,47.44999999999709,False,False,12.0
2024-08-27,51214.05,51404.7,50938.1,51278.75,0.1263325200799333,0.1263325200799333,64.69999999999709,64.69999999999709,False,False,12.0
2024-08-28,51208.95,51260.75,51033.7,51143.85,-0.12712621524166878,0.12712621524166878,-65.09999999999854,65.09999999999854,False,False,12.0
2024-08-29,51103.75,51368.95,50984.4,51152.75,0.0958833745077416,0.0958833745077416,49.0,49.0,False,False,12.0
2024-08-30,51437.45,51466.55,51256.0,51351.0,-0.16806820711368292,0.16806820711368292,-86.44999999999709,86.44999999999709,False,False,12.0
2024-09-02,51579.5,51579.5,51295.8,51439.55,-0.27132872555956744,0.27132872555956744,-139.9499999999971,139.9499999999971,False,False,12.0
2024-09-03,51479.75,51750.1,51240.05,51689.1,0.40666475653047757,0.40666475653047757,209.34999999999854,209.34999999999854,False,False,12.0
2024-09-04,51364.65,51503.55,51259.9,51400.25,0.06930836674638792,0.06930836674638792,35.599999999998545,35.599999999998545,False,False,12.0
2024-09-05,51544.25,51636.75,51389.15,51473.05,-0.1381337394568688,0.1381337394568688,-71.19999999999709,71.19999999999709,False,False,12.0
2024-09-06,51200.4,51380.05,50447.3,50576.85,-1.217861579206418,1.217861579206418,-623.5500000000029,623.5500000000029,False,False,12.0
2024-09-09,50549.25,51192.75,50369.4,51117.8,1.124744679693572,1.124744679693572,568.5500000000029,568.5500000000029,False,False,12.0
2024-09-10,51328.3,51366.0,50958.25,51272.3,-0.1091016067159832,0.1091016067159832,-56.0,56.0,False,False,12.0
2024-09-11,51218.55,51420.15,50947.7,51010.0,-0.40717669672414175,0.40717669672414175,-208.5500000000029,208.5500000000029,False,False,12.0
2024-09-12,51271.0,51878.1,51025.0,51772.4,0.9779407462308156,0.9779407462308156,501.40000000000146,501.40000000000146,False,False,12.0
2024-09-13,51952.55,51994.1,51643.95,51938.05,-0.02791008333565917,0.02791008333565917,-14.5,14.5,False,False,12.0
2024-09-16,52038.7,52208.7,51921.45,52153.15,0.21993247333235527,0.21993247333235527,114.45000000000437,114.45000000000437,False,False,12.0
2024-09-17,52249.05,52284.6,52085.5,52188.65,-0.11560018794600371,0.11560018794600371,-60.400000000001455,60.400000000001455,False,False,12.0
2024-09-18,52177.1,52954.2,52154.55,52750.4,1.098757884205912,1.098757884205912,573.3000000000029,573.3000000000029,False,False,12.0
2024-09-19,52929.25,53353.3,52847.9,53037.6,0.2047072271003246,0.2047072271003246,108.34999999999854,108.34999999999854,False,False,12.0
2024-09-20,53235.8,54066.1,53037.6,53793.2,1.047039773986667,1.047039773986667,557.3999999999942,557.3999999999942,False,False,12.0
2024-09-23,53917.9,54197.95,53741.4,54105.8,0.34849280109203334,0.34849280109203334,187.90000000000146,187.90000000000146,False,False,12.0
2024-09-24,54110.65,54247.7,53904.65,53968.6,-0.2625176374706327,0.2625176374706327,-142.0500000000029,142.0500000000029,False,False,12.0
2024-09-25,53794.0,54141.3,53792.85,54101.65,0.5719039298063008,0.5719039298063008,307.65000000000146,307.65000000000146,False,False,12.0
2024-09-26,54045.85,54467.35,54010.9,54375.35,0.6096675322897133,0.6096675322897133,329.5,329.5,False,False,12.0
2024-09-27,54338.7,54338.7,53763.2,53834.3,-0.9282518720543448,0.9282518720543448,-504.3999999999942,504.3999999999942,False,False,12.0
2024-09-30,53556.95,53726.4,52926.55,52978.1,-1.0808121074855803,1.0808121074855803,-578.8499999999985,578.8499999999985,False,False,12.0
2024-10-01,52844.0,53235.25,52817.8,52922.6,0.14873968662477963,0.14873968662477963,78.59999999999854,78.59999999999854,False,False,12.0
2024-10-03,52314.45,52582.95,51683.4,51845.2,-0.8969797063717578,0.8969797063717578,-469.25,469.25,False,False,12.0
2024-10-04,51643.75,52358.35,51347.25,51462.05,-0.35183347452498526,0.35183347452498526,-181.6999999999971,181.6999999999971,False,False,12.0
2024-10-07,51543.2,51784.8,50194.3,50478.9,-2.064869856741521,2.064869856741521,-1064.2999999999956,1064.2999999999956,False,False,12.0
2024-10-08,50736.1,51176.05,50466.0,51021.0,0.5615331095610452,0.5615331095610452,284.90000000000146,284.90000000000146,False,False,12.0
2024-10-09,51161.75,51707.15,50903.75,51007.0,-0.3024720616476176,0.3024720616476176,-154.75,154.75,False,False,12.0
2024-10-10,51195.7,51659.45,51047.0,51530.9,0.6547424881386609,0.6547424881386609,335.20000000000437,335.20000000000437,False,False,12.0
2024-10-11,51491.9,51560.0,51005.85,51172.3,-0.6206801458093381,0.6206801458093381,-319.59999999999854,319.59999999999854,False,False,12.0
2024-10-14,51263.25,51893.0,51220.85,51816.9,1.0800134599347513,1.0800134599347513,553.6500000000015,553.6500000000015,False,False,12.0
2024-10-15,51975.95,52022.05,51698.75,51906.0,-0.13458147470127452,0.13458147470127452,-69.94999999999709,69.94999999999709,False,False,12.0
2024-10-16,51711.2,52031.6,51711.2,51801.05,0.17375346153252258,0.17375346153252258,89.85000000000582,89.85000000000582,False,False,12.0
2024-10-17,51849.3,51930.2,51150.25,51288.8,-1.0810174872177638,1.0810174872177638,-560.5,560.5,True,False,12.0
2024-10-18,51261.0,52199.45,51000.9,52094.2,1.6254072296677728,1.6254072296677728,833.1999999999971,833.1999999999971,False,True,12.0
2024-10-21,52361.1,52577.5,51855.15,51962.7,-0.7608701879830666,0.7608701879830666,-398.40000000000146,398.40000000000146,True,False,12.0
2024-10-22,52071.35,52257.3,51179.6,51257.15,-1.5636237585543624,1.5636237585543624,-814.1999999999971,814.1999999999971,False,True,12.0
2024-10-23,51117.8,51551.55,51107.9,51239.0,0.23709940568646748,0.23709940568646748,121.19999999999709,121.19999999999709,True,False,12.0
2024-10-24,51272.3,51781.55,51201.85,51531.15,0.5048534978926214,0.5048534978926214,258.84999999999854,258.84999999999854,True,True,12.0
2024-10-25,51369.75,51501.05,50382.1,50787.45,-1.1335464938022919,1.1335464938022919,-582.3000000000029,582.3000000000029,True,True,12.0
2024-10-28,51061.35,51589.15,51012.55,51259.3,0.38767090960188944,0.38767090960188944,197.95000000000437,197.95000000000437,True,True,12.0
2024-10-29,51404.1,52354.85,51278.9,52320.7,1.7831262486844406,1.7831262486844406,916.5999999999985,916.5999999999985,True,True,12.0
2024-10-30,51988.7,52220.0,51733.0,51807.5,-0.348537278293162,0.348537278293162,-181.1999999999971,181.1999999999971,False,True,12.0
2024-10-31,51649.45,52005.6,51318.1,51475.35,-0.3370800657122168,0.3370800657122168,-174.09999999999854,174.09999999999854,False,False,12.0
2024-11-01,51550.15,51825.5,51459.4,51673.9,0.24005749740786397,0.24005749740786397,123.75,123.75,False,False,12.0
2024-11-04,51764.5,51764.5,51066.8,51215.25,-1.0610553564701677,1.0610553564701677,-549.25,549.25,False,False,12.0
2024-11-05,51052.6,52289.55,50865.45,52207.25,2.2616869659919403,2.2616869659919403,1154.6500000000015,1154.6500000000015,False,False,12.0
2024-11-06,52440.4,52493.95,52185.4,52317.4,-0.23455198663625754,0.23455198663625754,-123.0,123.0,False,False,12.0
2024-11-07,52258.95,52377.25,51752.25,51916.5,-0.6552944519551142,0.6552944519551142,-342.4499999999971,342.4499999999971,False,False,12.0
2024-11-08,51869.15,52007.15,51494.0,51561.2,-0.5937055070306807,0.5937055070306807,-307.95000000000437,307.95000000000437,True,False,12.0
2024-11-11,51562.7,52177.7,51294.2,51876.75,0.6090643042354317,0.6090643042354317,314.0500000000029,314.0500000000029,False,True,12.0
2024-11-12,52053.75,52169.05,51006.85,51157.8,-1.7212016425329533,1.7212016425329533,-895.9499999999971,895.9499999999971,False,False,12.0
2024-11-13,51030.95,51353.5,49904.4,50088.35,-1.8471143492331588,1.8471143492331588,-942.5999999999985,942.5999999999985,False,False,12.0
2024-11-14,50053.45,50561.8,49939.35,50179.55,0.25193068609657443,0.25193068609657443,126.10000000000582,126.10000000000582,False,False,12.0
2024-11-18,50312.45,50445.8,50074.0,50363.8,0.10206221322954026,0.10206221322954026,51.35000000000582,51.35000000000582,False,False,12.0
2024-11-19,50580.55,50983.5,50440.85,50626.5,0.09084519642431149,0.09084519642431149,45.94999999999709,45.94999999999709,False,False,12.0
2024-11-21,50625.0,50652.15,49787.1,50372.9,-0.4979753086419725,0.4979753086419725,-252.09999999999854,252.09999999999854,False,False,12.0
2024-11-22,50512.8,51271.5,50508.25,51135.4,1.232558876166038,1.232558876166038,622.5999999999985,622.5999999999985,False,False,12.0
2024-11-25,52046.35,52331.1,51774.05,52207.5,0.30962786055122304,0.30962786055122304,161.15000000000146,161.15000000000146,False,False,12.0
2024-11-26,52554.9,52555.5,51999.75,52191.5,-0.6914673988533923,0.6914673988533923,-363.40000000000146,363.40000000000146,False,False,12.0
2024-11-27,52154.3,52444.35,52019.65,52301.8,0.28281464807312146,0.28281464807312146,147.5,147.5,False,False,12.0
2024-11-28,52389.95,52760.2,51782.9,51906.85,-0.922123422526646,0.922123422526646,-483.09999999999854,483.09999999999854,False,False,12.0
2024-11-29,51984.15,52170.9,51759.45,52055.6,0.13744574067287257,0.13744574067287257,71.44999999999709,71.44999999999709,False,False,12.0
2024-12-02,52087.65,52197.25,51693.95,52109.0,0.040988602864591786,0.040988602864591786,21.349999999998545,21.349999999998545,False,False,12.0
2024-12-03,52357.95,52780.9,52216.85,52695.75,0.6451742285555544,0.6451742285555544,337.8000000000029,337.8000000000029,False,False,12.0
2024-12-04,52775.0,53387.1,52685.15,53266.9,0.9320701089531055,0.9320701089531055,491.90000000000146,491.90000000000146,False,False,12.0
2024-12-05,53354.45,53888.3,52850.35,53603.55,0.46687764563219347,0.46687764563219347,249.10000000000582,249.10000000000582,False,False,12.0
2024-12-06,53634.2,53868.5,53160.65,53509.5,-0.2325009042737602,0.2325009042737602,-124.69999999999709,124.69999999999709,False,False,12.0
2024-12-09,53380.75,53775.1,53326.4,53407.75,0.05058003119101924,0.05058003119101924,27.0,27.0,False,False,12.0
2024-12-10,53450.05,53624.05,53302.65,53577.7,0.238821104938151,0.238821104938151,127.64999999999418,127.64999999999418,False,False,12.0
2024-12-11,53459.3,53648.05,53302.15,53391.35,-0.127106041418433,0.127106041418433,-67.95000000000437,67.95000000000437,False,False,12.0
2024-12-12,53201.0,53537.45,53174.4,53216.45,0.029040807503612882,0.029040807503612882,15.44999999999709,15.44999999999709,False,False,12.0
2024-12-13,53109.8,53654.0,52264.55,53583.8,0.8924906514428599,0.8924906514428599,474.0,474.0,False,False,12.0
2024-12-16,53502.5,53738.9,53335.0,53581.35,0.1473762908275287,0.1473762908275287,78.84999999999854,78.84999999999854,False,False,12.0
2024-12-17,53394.1,53515.7,52709.4,52834.8,-1.0474940115106268,1.0474940115106268,-559.2999999999956,559.2999999999956,False,False,12.0
2024-12-18,52696.95,52827.6,52010.65,52139.55,-1.0577462262996136,1.0577462262996136,-557.3999999999942,557.3999999999942,False,False,12.0
2024-12-19,51428.45,51789.85,51263.75,51575.7,0.28632012047806227,0.28632012047806227,147.25,147.25,False,False,12.0
2024-12-20,51401.35,51629.0,50609.35,50759.2,-1.2492862541548062,1.2492862541548062,-642.1500000000015,642.1500000000015,False,False,12.0
2024-12-23,51044.4,51417.35,51030.4,51317.6,0.5352203179976591,0.5352203179976591,273.1999999999971,273.1999999999971,False,False,12.0
2024-12-24,51314.95,51382.1,51137.5,51233.0,-0.15970004842642757,0.15970004842642757,-81.94999999999709,81.94999999999709,False,False,12.0
2024-12-26,51395.8,51740.0,50951.8,51170.7,-0.43797353091109736,0.43797353091109736,-225.10000000000582,225.10000000000582,False,False,12.0
2024-12-27,51268.2,51628.45,51240.1,51311.3,0.08406770668758767,0.08406770668758767,43.10000000000582,43.10000000000582,False,False,12.0
2024-12-30,51255.35,51979.75,50718.35,50952.75,-0.5903773947500086,0.5903773947500086,-302.59999999999854,302.59999999999854,False,False,12.0
2024-12-31,50648.2,50945.55,50599.8,50860.2,0.4185736116979478,0.4185736116979478,212.0,212.0,False,False,12.0
2025-01-01,50841.9,51321.95,50485.05,51060.6,0.43015701616186075,0.43015701616186075,218.6999999999971,218.6999999999971,False,False,12.0
2025-01-02,51084.95,51672.75,50992.8,51605.55,1.019086834772288,1.019086834772288,520.6000000000058,520.6000000000058,False,False,12.0
2025-01-03,51567.15,51671.6,50904.35,50988.8,-1.1215473416700332,1.1215473416700332,-578.3499999999985,578.3499999999985,False,False,12.0
2025-01-06,50990.65,51026.1,49751.0,49922.0,-2.095776382532879,2.095776382532879,-1068.6500000000015,1068.6500000000015,False,False,12.0
2025-01-07,50061.2,50447.6,49969.3,50202.15,0.28155537621951604,0.28155537621951604,140.95000000000437,140.95000000000437,False,False,12.0
2025-01-08,50201.75,50246.9,49389.75,49835.05,-0.7304526236635119,0.7304526236635119,-366.6999999999971,366.6999999999971,False,False,12.0
2025-01-09,49712.55,49798.1,49230.15,49503.5,-0.42051755542615077,0.42051755542615077,-209.0500000000029,209.0500000000029,False,False,12.0
2025-01-10,49426.5,49483.15,48631.2,48734.15,-1.4007667951402558,1.4007667951402558,-692.3499999999985,692.3499999999985,False,False,12.0
2025-01-13,48264.25,48606.35,47898.35,48041.25,-0.46203970847987896,0.46203970847987896,-223.0,223.0,False,False,12.0
2025-01-14,48266.9,49007.35,48235.2,48729.15,0.9576956464989465,0.9576956464989465,462.25,462.25,False,False,12.0
2025-01-15,48832.75,49083.65,48522.4,48751.7,-0.1659746788784226,0.1659746788784226,-81.05000000000291,81.05000000000291,False,False,12.0
2025-01-16,49082.9,49459.0,49038.45,49278.7,0.39891693441095705,0.39891693441095705,195.79999999999563,195.79999999999563,True,False,12.0
2025-01-17,48959.5,49047.2,48309.5,48540.6,-0.855605143026382,0.855605143026382,-418.90000000000146,418.90000000000146,False,True,12.0
2025-01-20,48834.15,49650.6,48683.6,49350.8,1.057968655131709,1.057968655131709,516.6500000000015,516.6500000000015,True,False,12.0
2025-01-21,49532.0,49543.15,48430.95,48570.9,-1.9403617863199516,1.9403617863199516,-961.0999999999985,961.0999999999985,False,True,12.0
2025-01-22,48689.55,48781.75,48074.05,48724.4,0.07157593364489617,0.07157593364489617,34.849999999998545,34.849999999998545,True,False,12.0
2025-01-23,48770.15,48892.7,48493.0,48589.0,-0.3714362166202102,0.3714362166202102,-181.15000000000146,181.15000000000146,False,True,12.0
2025-01-24,48546.05,48858.65,48203.0,48367.8,-0.3671771441754787,0.3671771441754787,-178.25,178.25,True,False,12.0
2025-01-27,47881.65,48319.2,47844.15,48064.65,0.38219234299569876,0.38219234299569876,183.0,183.0,True,True,12.0
2025-01-28,48642.5,49247.15,48449.05,48866.85,0.4612221822480311,0.4612221822480311,224.34999999999854,224.34999999999854,False,True,12.0
2025-01-29,48997.2,49199.65,48849.8,49165.95,0.3444074355269281,0.3444074355269281,168.75,168.75,False,False,12.0
2025-01-30,49206.2,49426.2,49031.8,49311.95,0.21491194199104993,0.21491194199104993,105.75,105.75,True,False,12.0
2025-01-31,49259.65,49674.8,49031.8,49587.2,0.6649458532490499,0.6649458532490499,327.54999999999563,327.54999999999563,True,True,12.0
2025-02-01,49592.55,50009.5,48925.45,49506.95,-0.17260657094665594,0.17260657094665594,-85.60000000000582,85.60000000000582,False,True,12.0
2025-02-03,49074.8,49373.45,48906.05,49210.55,0.2766185496425864,0.2766185496425864,135.75,135.75,False,False,12.0
2025-02-04,49538.8,50206.6,49482.5,50157.95,1.2498284173213605,1.2498284173213605,619.1499999999942,619.1499999999942,False,False,12.0
2025-02-05,50402.3,50522.15,50215.45,50343.05,-0.11755415923479683,0.11755415923479683,-59.25,59.25,True,False,12.0
2025-02-06,50468.35,50553.35,50149.8,50382.1,-0.17089918731244433,0.17089918731244433,-86.25,86.25,False,True,12.0
2025-02-07,50484.45,50641.75,49871.15,50158.85,-0.644951069091569,0.644951069091569,-325.59999999999854,325.59999999999854,False,False,12.0
2025-02-10,50052.5,50155.65,49703.1,49981.0,-0.14285000749213328,0.14285000749213328,-71.5,71.5,False,False,12.0
2025-02-11,49812.15,49906.75,49177.4,49403.4,-0.8205829300682664,0.8205829300682664,-408.75,408.75,False,False,12.0
2025-02-12,49402.25,49702.35,48734.35,49479.45,0.15626818616560398,0.15626818616560398,77.19999999999709,77.19999999999709,False,False,12.0
2025-02-13,49469.35,49836.1,49276.1,49359.85,-0.2213491788349756,0.2213491788349756,-109.5,109.5,False,False,12.0
2025-02-14,49485.65,49592.95,48719.75,49099.45,-0.7804282655679058,0.7804282655679058,-386.20000000000437,386.20000000000437,False,False,12.0
2025-02-17,48880.4,49319.0,48525.6,49258.9,0.7743389988625298,0.7743389988625298,378.5,378.5,False,False,12.0
2025-02-18,49211.85,49328.55,48814.95,49087.3,-0.2530894489843313,0.2530894489843313,-124.54999999999563,124.54999999999563,False,False,12.0
2025-02-19,48895.35,49628.25,48804.0,49570.1,1.379988076575789,1.379988076575789,674.75,674.75,False,False,12.0
2025-02-20,49314.1,49455.8,49150.95,49334.55,0.04146886995809386,0.04146886995809386,20.450000000004366,20.450000000004366,False,False,12.0
2025-02-21,49127.95,49306.55,48764.0,48981.2,-0.2987097975795856,0.2987097975795856,-146.75,146.75,False,False,12.0
2025-02-24,48619.8,48748.4,48281.9,48651.95,0.06612532342789189,0.06612532342789189,32.14999999999418,32.14999999999418,False,False,12.0
2025-02-25,48691.2,48862.15,48534.15,48608.35,-0.17015394978969206,0.17015394978969206,-82.84999999999854,82.84999999999854,False,False,12.0
2025-02-27,48732.2,48972.55,48627.1,48743.8,0.023803563147171317,0.023803563147171317,11.60000000000582,11.60000000000582,False,False,12.0
2025-02-28,48437.55,48574.5,48078.7,48344.7,-0.19169012470698005,0.19169012470698005,-92.85000000000582,92.85000000000582,False,False,12.0
2025-03-03,48478.6,48574.7,47841.3,48114.3,-0.7514655951285633,0.7514655951285633,-364.29999999999563,364.29999999999563,False,False,12.0
2025-03-04,47942.5,48374.9,47924.75,48245.2,0.6313813422328771,0.6313813422328771,302.6999999999971,302.6999999999971,False,False,12.0
2025-03-05,48241.3,48657.65,48190.25,48489.95,0.5154297251525024,0.5154297251525024,248.64999999999418,248.64999999999418,False,False,12.0
2025-03-06,48760.0,48839.1,48299.4,48627.7,-0.2713289581624342,0.2713289581624342,-132.3000000000029,132.3000000000029,False,False,12.0
2025-03-07,48463.8,48709.05,48359.35,48497.5,0.06953643750592625,0.06953643750592625,33.69999999999709,33.69999999999709,False,False,12.0
2025-03-10,48312.0,48599.15,48124.65,48216.8,-0.1970524921344533,0.1970524921344533,-95.19999999999709,95.19999999999709,False,False,12.0
2025-03-11,47874.8,48029.05,47702.9,47853.95,-0.04355109577482479,0.04355109577482479,-20.85000000000582,20.85000000000582,False,False,12.0
2025-03-12,47894.4,48222.15,47844.95,48056.65,0.3387661187946816,0.3387661187946816,162.25,162.25,False,False,12.0
2025-03-13,48219.15,48352.45,48006.1,48060.4,-0.32922604400948585,0.32922604400948585,-158.75,158.75,False,False,12.0
2025-03-17,48219.55,48481.35,48196.1,48354.15,0.27913989242951986,0.27913989242951986,134.59999999999854,134.59999999999854,False,False,12.0
2025-03-18,48792.9,49400.3,48629.45,49314.5,1.0690079909167083,1.0690079909167083,521.5999999999985,521.5999999999985,False,False,
2025-03-19,49375.4,49807.55,49324.8,49702.6,0.6626781757717346,0.6626781757717346,327.1999999999971,327.1999999999971,False,False,12.0
2025-03-20,49947.6,50155.3,49771.65,50062.85,0.23074181742466104,0.23074181742466104,115.25,115.25,False,False,12.0
2025-03-21,49927.1,50672.15,49891.95,50593.55,1.3348462057680186,1.3348462057680186,666.4500000000044,666.4500000000044,False,False,12.0
2025-03-24,50982.7,51801.15,50795.9,51704.95,1.4166570228724646,1.4166570228724646,722.25,722.25,False,False,12.0
2025-03-25,51874.2,52063.95,51429.6,51607.95,-0.5132609273974346,0.5132609273974346,-266.25,266.25,False,False,12.0
2025-03-26,51640.05,51875.8,51069.15,51209.0,-0.8347203381871298,0.8347203381871298,-431.0500000000029,431.0500000000029,False,False,12.0
2025-03-27,51084.7,51714.35,51050.85,51575.85,0.9614424671183378,0.9614424671183378,491.15000000000146,491.15000000000146,False,False,12.0
2025-03-28,51608.4,51839.1,51335.35,51564.85,-0.08438548763380169,0.08438548763380169,-43.55000000000291,43.55000000000291,False,False,12.0
2025-04-01,51178.15,51683.85,50742.0,50827.5,-0.6851556767878507,0.6851556767878507,-350.65000000000146,350.65000000000146,False,False,12.0
2025-04-02,50966.9,51404.2,50908.35,51348.05,0.7478383028985508,0.7478383028985508,381.15000000000146,381.15000000000146,False,False,12.0
2025-04-03,50910.0,51661.6,50906.65,51597.35,1.350127676291492,1.350127676291492,687.3499999999985,687.3499999999985,False,False,12.0
2025-04-04,51711.6,51893.6,51360.4,51502.7,-0.40397125596578226,0.40397125596578226,-208.90000000000146,208.90000000000146,False,False,12.0
2025-04-07,49336.1,50426.25,49156.95,49860.1,1.0621025983002306,1.0621025983002306,524.0,524.0,False,False,12.0
2025-04-08,50388.55,50793.7,50030.8,50511.0,0.24301155718907783,0.24301155718907783,122.44999999999709,122.44999999999709,False,False,12.0
2025-04-09,50487.1,50496.9,49910.85,50240.15,-0.48913484830777976,0.48913484830777976,-246.9499999999971,246.9499999999971,False,False,12.0
2025-04-11,50634.1,51244.7,50634.1,51002.35,0.7272766771800032,0.7272766771800032,368.25,368.25,False,False,12.0
2025-04-15,52299.0,52486.35,51863.3,52379.5,0.15392263714411367,0.15392263714411367,80.5,80.5,False,False,12.0
2025-04-16,52690.9,53164.45,52471.35,53117.75,0.8101019341100617,0.8101019341100617,426.84999999999854,426.84999999999854,False,False,12.0
2025-04-17,53153.75,54407.2,53084.9,54290.2,2.1380429414669653,2.1380429414669653,1136.449999999997,1136.449999999997,False,False,12.0
2025-04-21,54891.25,55461.65,54674.95,55304.5,0.7528522305467629,0.7528522305467629,413.25,413.25,True,False,12.0
2025-04-22,55414.3,55961.2,55243.55,55647.2,0.4202886258601014,0.4202886258601014,232.89999999999418,232.89999999999418,True,True,12.0
2025-04-23,56097.1,56098.7,55162.5,55370.05,-1.2960563023756944,1.2960563023756944,-727.0499999999956,727.0499999999956,False,True,12.0
2025-04-24,55103.9,55550.45,55088.4,55201.4,0.17693847440925234,0.17693847440925234,97.5,97.5,True,False,12.0
2025-04-25,55233.55,55350.55,54176.45,54664.05,-1.0310762208838649,1.0310762208838649,-569.5,569.5,False,True,12.0
2025-04-28,54610.3,55577.4,54582.35,55432.8,1.506126133714702,1.506126133714702,822.5,822.5,True,False,12.0
2025-04-29,55524.35,55957.75,55262.4,55391.25,-0.23971464771762035,0.23971464771762035,-133.09999999999854,133.09999999999854,False,True,12.0
2025-04-30,55382.4,55478.25,54723.7,55087.15,-0.5331116022418674,0.5331116022418674,-295.25,295.25,True,False,12.0
2025-05-02,55100.95,55691.95,54994.4,55115.35,0.026133850686787533,0.026133850686787533,14.400000000001455,14.400000000001455,False,True,12.0
2025-05-05,55065.8,55345.5,54786.5,54919.5,-0.2656821475398576,0.2656821475398576,-146.3000000000029,146.3000000000029,True,False,12.0
2025-05-06,54918.25,55036.95,54172.95,54271.4,-1.1778416100294502,1.1778416100294502,-646.8499999999985,646.8499999999985,True,True,12.0
2025-05-07,54013.4,54684.3,53919.9,54610.9,1.1062069782683557,1.1062069782683557,597.5,597.5,True,True,12.0
2025-05-08,54801.75,54937.25,54108.0,54365.65,-0.7957775071051536,0.7957775071051536,-436.09999999999854,436.09999999999854,True,True,12.0
2025-05-09,53595.95,54054.8,53483.05,53595.25,-0.0013060688354196346,0.0013060688354196346,-0.6999999999970896,0.6999999999970896,False,True,12.0
2025-05-12,54658.75,55466.3,54558.05,55382.85,1.3247650193244422,1.3247650193244422,724.0999999999985,724.0999999999985,False,False,12.0
2025-05-13,55233.5,55499.65,54888.5,54940.85,-0.5298414911240488,0.5298414911240488,-292.65000000000146,292.65000000000146,False,False,12.0
2025-05-14,55008.55,55208.6,54491.0,54801.3,-0.37675961282382464,0.37675961282382464,-207.25,207.25,False,False,12.0
2025-05-15,54853.7,55490.55,54442.3,55355.6,0.9149792994820796,0.9149792994820796,501.90000000000146,501.90000000000146,False,False,12.0
2025-05-16,55276.0,55418.9,55170.25,55354.9,0.14273825891888242,0.14273825891888242,78.90000000000146,78.90000000000146,False,False,12.0
2025-05-19,55326.05,55695.55,55296.55,55420.7,0.17107673510036264,0.17107673510036264,94.64999999999418,94.64999999999418,False,False,12.0
2025-05-20,55445.3,55568.35,54829.45,54877.35,-1.0243429109410613,1.0243429109410613,-567.9500000000044,567.9500000000044,True,False,12.0
2025-05-21,55060.2,55336.85,54690.8,55075.1,0.027061289279736462,0.027061289279736462,14.900000000001455,14.900000000001455,True,True,12.0
2025-05-22,54875.9,54996.1,54576.6,54941.3,0.11917799981412872,0.11917799981412872,65.40000000000146,65.40000000000146,False,True,12.0
2025-05-23,54959.3,55441.3,54854.5,55398.25,0.7986819337218578,0.7986819337218578,438.9499999999971,438.9499999999971,False,False,12.0
2025-05-26,55534.9,55875.75,55307.5,55572.0,0.06680483803878019,0.06680483803878019,37.099999999998545,37.099999999998545,False,False,12.0
2025-05-27,55458.95,55831.35,55037.85,55352.8,-0.19140283038174033,0.19140283038174033,-106.14999999999418,106.14999999999418,False,False,12.0
2025-05-28,55328.6,55521.8,55235.55,55417.0,0.1597727034481289,0.1597727034481289,88.40000000000146,88.40000000000146,False,False,12.0
2025-05-29,55571.4,55782.75,55096.45,55546.05,-0.04561699003443956,0.04561699003443956,-25.349999999998545,25.349999999998545,False,False,12.0
2025-05-30,55615.55,55813.3,55356.6,55749.7,0.24120951784167227,0.24120951784167227,134.14999999999418,134.14999999999418,False,False,12.0
2025-06-02,55598.25,55966.3,55400.55,55903.4,0.548848210150502,0.548848210150502,305.15000000000146,305.15000000000146,False,False,12.0
2025-06-03,56104.8,56161.4,55455.8,55599.95,-0.8998338823059806,0.8998338823059806,-504.8500000000058,504.8500000000058,False,False,12.0
2025-06-04,55650.35,55791.0,55408.35,55676.85,0.04761874813006567,0.04761874813006567,26.5,26.5,False,False,12.0
2025-06-05,55806.75,56010.15,55580.45,55760.85,-0.08224811514736381,0.08224811514736381,-45.900000000001455,45.900000000001455,False,False,12.0
2025-06-06,55699.45,56695.0,55534.75,56578.4,1.5780227632409376,1.5780227632409376,878.9500000000044,878.9500000000044,False,False,12.0
2025-06-09,57049.5,57049.5,56792.7,56839.6,-0.36792609926467623,0.36792609926467623,-209.90000000000146,209.90000000000146,False,False,12.0
2025-06-10,56993.9,57015.4,56564.15,56629.1,-0.6400684985586227,0.6400684985586227,-364.8000000000029,364.8000000000029,False,False,12.0
2025-06-11,56639.85,56782.5,56399.4,56459.75,-0.31797400593398206,0.31797400593398206,-180.09999999999854,180.09999999999854,False,False,12.0
2025-06-12,56480.9,56611.05,55968.5,56082.55,-0.7052826707789687,0.7052826707789687,-398.34999999999854,398.34999999999854,False,False,12.0
2025-06-13,55149.3,55688.0,55149.3,55527.35,0.6855028078325485,0.6855028078325485,378.04999999999563,378.04999999999563,False,False,12.0
2025-06-16,55554.1,55999.85,55381.45,55944.9,0.7034584306108873,0.7034584306108873,390.8000000000029,390.8000000000029,False,False,12.0
2025-06-17,55975.0,56067.3,55643.95,55714.15,-0.46601161232692906,0.46601161232692906,-260.84999999999854,260.84999999999854,False,False,12.0
2025-06-18,55544.95,55933.6,55511.8,55828.75,0.5109375379760049,0.5109375379760049,283.8000000000029,283.8000000000029,False,False,12.0
2025-06-19,55784.85,55942.45,55475.45,55577.45,-0.3717855295837516,0.3717855295837516,-207.40000000000146,207.40000000000146,False,False,12.0
2025-06-20,55566.7,56328.2,55566.4,56252.85,1.2348222946476963,1.2348222946476963,686.1500000000015,686.1500000000015,False,False,12.0
2025-06-23,55832.35,56233.55,55779.25,56059.35,0.4065743247418387,0.4065743247418387,227.0,227.0,False,False,12.0
2025-06-24,56529.45,56862.0,56276.15,56461.9,-0.11949523655368244,0.11949523655368244,-67.54999999999563,67.54999999999563,False,False,12.0
2025-06-25,56564.5,56681.4,56420.65,56621.15,0.10015115487629425,0.10015115487629425,56.650000000001455,56.650000000001455,False,False,12.0
2025-06-26,56693.55,57263.45,56558.35,57206.7,0.9051294194842168,0.9051294194842168,513.1499999999942,513.1499999999942,False,False,12.0
2025-06-27,57234.7,57475.4,56993.85,57443.9,0.36551252998618733,0.36551252998618733,209.20000000000437,209.20000000000437,False,False,12.0
2025-06-30,57529.95,57614.5,57193.8,57312.75,-0.3775424800473442,0.3775424800473442,-217.1999999999971,217.1999999999971,False,False,12.0
2025-07-01,57375.8,57533.85,57150.35,57459.45,0.14579317412566653,0.14579317412566653,83.64999999999418,83.64999999999418,False,False,12.0
2025-07-02,57558.2,57628.4,56833.8,56999.2,-0.9711908989509749,0.9711908989509749,-559.0,559.0,False,False,12.0
2025-07-03,57050.4,57193.25,56764.1,56791.95,-0.4530204871482134,0.4530204871482134,-258.45000000000437,258.45000000000437,False,False,12.0
2025-07-04,56825.25,57075.1,56623.6,57031.9,0.3636587608501528,0.3636587608501528,206.65000000000146,206.65000000000146,False,False,12.0
2025-07-07,56938.7,57152.2,56838.55,56949.2,0.01844088467070727,0.01844088467070727,10.5,10.5,False,False,12.0
2025-07-08,56942.55,57303.3,56923.05,57256.3,0.5509939403837727,0.5509939403837727,313.75,313.75,False,False,12.0
2025-07-09,57199.75,57290.65,57037.9,57213.55,0.024125979571594125,0.024125979571594125,13.80000000000291,13.80000000000291,False,False,12.0
2025-07-10,57339.75,57363.7,56886.6,56956.0,-0.6692564930959761,0.6692564930959761,-383.75,383.75,False,False,12.0
2025-07-11,56843.45,57091.05,56607.75,56754.7,-0.15613056561485977,0.15613056561485977,-88.75,88.75,False,False,12.0
2025-07-14,56780.75,56896.3,56594.25,56765.35,-0.02712186788656623,0.02712186788656623,-15.400000000001455,15.400000000001455,False,False,12.0
2025-07-15,56709.2,57134.95,56707.8,57006.65,0.524518067615139,0.524518067615139,297.45000000000437,297.45000000000437,False,False,12.0
2025-07-16,57111.25,57276.55,56937.6,57168.95,0.10103088270699222,0.10103088270699222,57.69999999999709,57.69999999999709,False,False,12.0
2025-07-17,57231.95,57262.85,56780.15,56828.8,-0.7044142301633863,0.7044142301633863,-403.1499999999942,403.1499999999942,True,False,12.0
2025-07-18,56524.25,56705.15,56204.85,56283.0,-0.42680796295395335,0.42680796295395335,-241.25,241.25,True,True,12.0
2025-07-21,56558.9,56983.45,56255.7,56952.75,0.696353712678285,0.696353712678285,393.84999999999854,393.84999999999854,True,True,12.0
2025-07-22,57253.35,57286.15,56692.0,56756.0,-0.8686827932339306,0.8686827932339306,-497.34999999999854,497.34999999999854,False,True,12.0
2025-07-23,56918.15,57249.0,56715.8,57210.45,0.5135444493540209,0.5135444493540209,292.29999999999563,292.29999999999563,False,False,12.0
2025-07-24,57316.6,57316.6,56850.9,57066.05,-0.43713339590972883,0.43713339590972883,-250.54999999999563,250.54999999999563,True,False,12.0
2025-07-25,57170.7,57170.7,56439.4,56528.9,-1.12260301168255,1.12260301168255,-641.7999999999956,641.7999999999956,True,True,12.0
2025-07-28,56215.1,56578.4,55997.45,56084.9,-0.23161036803278318,0.23161036803278318,-130.1999999999971,130.1999999999971,True,True,12.0
2025-07-29,55881.8,56296.4,55843.25,56222.0,0.6087849711354987,0.6087849711354987,340.1999999999971,340.1999999999971,False,True,12.0
2025-07-30,56310.1,56321.15,56064.55,56150.7,-0.2830753275167358,0.2830753275167358,-159.40000000000146,159.40000000000146,True,False,12.0
2025-07-31,55728.15,56406.2,55547.35,55961.95,0.41953662556534826,0.41953662556534826,233.79999999999563,233.79999999999563,False,True,12.0
2025-08-01,55897.15,56097.6,55562.1,55617.6,-0.5001149432484534,0.5001149432484534,-279.5500000000029,279.5500000000029,True,False,12.0
2025-08-04,55557.5,55752.45,55437.3,55619.35,0.11132610358637186,0.11132610358637186,61.849999999998545,61.849999999998545,False,True,12.0
2025-08-05,55545.05,55648.15,55202.85,55360.25,-0.3327029141210655,0.3327029141210655,-184.8000000000029,184.8000000000029,False,False,12.0
2025-08-06,55329.8,55559.4,55227.7,55411.15,0.14702746078966225,0.14702746078966225,81.34999999999854,81.34999999999854,False,False,12.0
2025-08-07,55215.65,55614.8,54973.55,55521.15,0.553285164622711,0.553285164622711,305.5,305.5,True,False,12.0
2025-08-08,55609.35,55652.6,54905.6,55004.9,-1.086957499053661,1.086957499053661,-604.4499999999971,604.4499999999971,False,True,12.0
2025-08-11,54999.35,55582.15,54927.55,55510.75,0.9298291707083838,0.9298291707083838,511.40000000000146,511.40000000000146,False,False,12.0
2025-08-12,55441.1,55566.7,55001.5,55043.7,-0.7167967446533374,0.7167967446533374,-397.40000000000146,397.40000000000146,False,False,12.0
2025-08-13,55340.05,55340.05,55026.95,55181.45,-0.28659171793304455,0.28659171793304455,-158.60000000000582,158.60000000000582,False,False,12.0
2025-08-14,55102.55,55472.8,55074.3,55341.85,0.43428117210545725,0.43428117210545725,239.29999999999563,239.29999999999563,False,False,12.0
2025-08-18,55940.6,56156.3,55647.65,55734.9,-0.3677114653757684,0.3677114653757684,-205.6999999999971,205.6999999999971,False,False,12.0
2025-08-19,55622.3,55965.55,55608.15,55865.15,0.43660546219771307,0.43660546219771307,242.84999999999854,242.84999999999854,False,False,12.0
2025-08-20,55751.5,55812.6,55577.35,55698.5,-0.0950647067791898,0.0950647067791898,-53.0,53.0,False,False,12.0
2025-08-21,55972.05,55993.65,55708.2,55755.45,-0.38697885819798594,0.38697885819798594,-216.60000000000582,216.60000000000582,False,False,12.0
2025-08-22,55669.25,55745.0,55102.6,55149.4,-0.9338189395402282,0.9338189395402282,-519.8499999999985,519.8499999999985,False,False,12.0
2025-08-25,55147.75,55306.0,55048.4,55139.3,-0.015322474624979423,0.015322474624979423,-8.44999999999709,8.44999999999709,False,False,12.0
2025-08-26,54999.05,55068.9,54396.1,54450.45,-0.9974717745124795,0.9974717745124795,-548.6000000000058,548.6000000000058,False,False,12.0
2025-08-28,54256.0,54382.25,53768.45,53820.35,-0.8029526688292565,0.8029526688292565,-435.65000000000146,435.65000000000146,False,False,12.0
2025-08-29,53660.35,54086.0,53606.45,53655.65,-0.008758794901630514,0.008758794901630514,-4.69999999999709,4.69999999999709,False,False,12.0
2025-09-01,53658.15,54035.85,53658.15,54002.45,0.641654622829888,0.641654622829888,344.29999999999563,344.29999999999563,False,False,12.0
2025-09-02,54038.25,54160.95,53578.0,53661.0,-0.698116611844388,0.698116611844388,-377.25,377.25,False,False,12.0
2025-09-03,53630.75,54136.15,53561.75,54067.55,0.8144581233713921,0.8144581233713921,436.8000000000029,436.8000000000029,False,False,12.0
2025-09-04,54379.6,54450.55,53971.85,54075.45,-0.5593090055829786,0.5593090055829786,-304.15000000000146,304.15000000000146,False,False,12.0
2025-09-05,54308.05,54308.05,53719.55,54114.55,-0.35630076940711364,0.35630076940711364,-193.5,193.5,False,False,12.0
2025-09-08,54215.4,54518.7,54067.15,54186.9,-0.052568089509622724,0.052568089509622724,-28.5,28.5,False,False,12.0
2025-09-09,54330.55,54350.65,54079.45,54216.1,-0.21065496299964634,0.21065496299964634,-114.45000000000437,114.45000000000437,False,False,12.0
2025-09-10,54554.75,54705.2,54400.0,54536.0,-0.0343691429252265,0.0343691429252265,-18.75,18.75,False,False,12.0
2025-09-11,54413.05,54757.45,54402.4,54669.6,0.4714861600296172,0.4714861600296172,256.54999999999563,256.54999999999563,False,False,12.0
2025-09-12,54781.55,54852.25,54580.35,54809.3,0.05065574084705526,0.05065574084705526,27.75,27.75,False,False,12.0
2025-09-15,54884.05,55018.7,54807.5,54887.85,0.006923687300765221,0.006923687300765221,3.7999999999956344,3.7999999999956344,False,False,12.0
2025-09-16,54778.4,55185.45,54777.75,55147.6,0.6739882873541343,0.6739882873541343,369.1999999999971,369.1999999999971,False,False,12.0
2025-09-17,55158.35,55540.75,55146.55,55493.3,0.6072516672453117,0.6072516672453117,334.95000000000437,334.95000000000437,False,False,12.0
2025-09-18,55797.1,55835.25,55490.9,55727.45,-0.12482727596954224,0.12482727596954224,-69.65000000000146,69.65000000000146,False,False,12.0
2025-09-19,55647.95,55688.75,55355.3,55458.85,-0.33981485391644894,0.33981485391644894,-189.09999999999854,189.09999999999854,False,False,12.0
2025-09-22,55429.3,55666.35,55215.6,55284.75,-0.26078265466098777,0.26078265466098777,-144.5500000000029,144.5500000000029,False,False,12.0
2025-09-23,55248.7,55662.0,55159.0,55509.75,0.4724998054252913,0.4724998054252913,261.0500000000029,261.0500000000029,False,False,12.0
2025-09-24,55387.1,55511.1,55040.45,55121.5,-0.4795340431255627,0.4795340431255627,-265.59999999999854,265.59999999999854,False,False,12.0
2025-09-25,55061.65,55276.65,54903.3,54976.2,-0.15518968283733664,0.15518968283733664,-85.45000000000437,85.45000000000437,False,False,12.0
2025-09-26,54797.9,54897.0,54310.95,54389.35,-0.7455577677246809,0.7455577677246809,-408.5500000000029,408.5500000000029,False,False,12.0
2025-09-29,54460.4,54686.05,54226.6,54461.0,0.001101717945513703,0.001101717945513703,0.5999999999985448,0.5999999999985448,False,False,12.0
2025-09-30,54705.5,54793.05,54502.95,54635.85,-0.12731809415872528,0.12731809415872528,-69.65000000000146,69.65000000000146,False,False,12.0
2025-10-01,54653.9,55406.75,54582.55,55347.95,1.269900226699276,1.269900226699276,694.0499999999956,694.0499999999956,False,False,12.0
2025-10-03,55182.6,55616.45,55177.0,55589.25,0.7369170716856427,0.7369170716856427,406.65000000000146,406.65000000000146,False,False,12.0
2025-10-06,55834.7,56164.2,55727.25,56104.85,0.48383890304774896,0.48383890304774896,270.15000000000146,270.15000000000146,False,False,12.0
2025-10-07,56126.4,56502.45,56025.05,56239.35,0.20124219618574699,0.20124219618574699,112.94999999999709,112.94999999999709,False,False,12.0
2025-10-08,56098.5,56303.6,55821.0,56018.25,-0.14305195326078238,0.14305195326078238,-80.25,80.25,False,False,12.0
2025-10-09,55979.0,56286.25,55843.9,56192.05,0.3805891495024972,0.3805891495024972,213.0500000000029,213.0500000000029,False,False,12.0
2025-10-10,56168.6,56760.25,56152.45,56609.75,0.7854032324109939,0.7854032324109939,441.15000000000146,441.15000000000146,False,False,12.0
2025-10-13,56337.05,56770.9,56327.4,56625.0,0.5111201243231533,0.5111201243231533,287.9499999999971,287.9499999999971,False,False,12.0
2025-10-14,56598.65,56721.3,56230.15,56496.45,-0.18056967789868553,0.18056967789868553,-102.20000000000437,102.20000000000437,False,False,12.0
2025-10-15,56528.95,56922.7,56491.85,56799.9,0.47931192778214415,0.47931192778214415,270.95000000000437,270.95000000000437,True,False,12.0
2025-10-16,57139.95,57525.8,56994.7,57422.55,0.49457516151135206,0.49457516151135206,282.6000000000058,282.6000000000058,False,True,12.0
2025-10-17,57362.9,57830.2,57238.65,57713.35,0.6109349422710446,0.6109349422710446,350.4499999999971,350.4499999999971,True,False,12.0
2025-10-20,57872.85,58261.55,57872.85,58033.2,0.27707292797917943,0.27707292797917943,160.34999999999854,160.34999999999854,True,True,12.0
2025-10-21,58063.4,58155.55,57887.2,58007.2,-0.09679074942219086,0.09679074942219086,-56.200000000004366,56.200000000004366,False,True,12.0
2025-10-23,58314.55,58577.5,57951.45,58078.05,-0.4055591614785675,0.4055591614785675,-236.5,236.5,False,False,12.0
2025-10-24,58172.75,58232.9,57482.05,57699.6,-0.8133533312418639,0.8133533312418639,-473.15000000000146,473.15000000000146,False,False,12.0
2025-10-27,57796.45,58224.55,57652.75,58114.25,0.5498607613443437,0.5498607613443437,317.8000000000029,317.8000000000029,True,False,12.0
2025-10-28,58006.55,58313.8,57770.35,58214.1,0.3578044203628653,0.3578044203628653,207.54999999999563,207.54999999999563,False,True,12.0
2025-10-29,58316.25,58469.9,58087.05,58385.25,0.11832036524982315,0.11832036524982315,69.0,69.0,False,False,12.0
2025-10-30,58152.05,58331.2,57999.2,58031.1,-0.2079892282387368,0.2079892282387368,-120.95000000000437,120.95000000000437,True,False,12.0
2025-10-31,57942.45,58254.95,57656.95,57776.35,-0.28666374997950306,0.28666374997950306,-166.09999999999854,166.09999999999854,True,True,12.0
2025-11-03,57726.85,58247.55,57718.4,58101.45,0.6489181377469905,0.6489181377469905,374.59999999999854,374.59999999999854,True,True,12.0
2025-11-04,57966.65,58119.65,57732.95,57827.05,-0.24082813134793635,0.24082813134793635,-139.59999999999854,139.59999999999854,False,True,12.0
2025-11-06,57714.8,57945.05,57521.0,57554.25,-0.2781782142535414,0.2781782142535414,-160.5500000000029,160.5500000000029,False,False,12.0
2025-11-07,57391.4,58001.35,57157.85,57876.8,0.8457713176538669,0.8457713176538669,485.40000000000146,485.40000000000146,False,False,12.0
2025-11-10,57846.2,58097.2,57846.2,57937.55,0.15791875697972524,0.15791875697972524,91.35000000000582,91.35000000000582,False,False,12.0
2025-11-11,57962.3,58187.35,57594.25,58138.15,0.30338685662922027,0.30338685662922027,175.84999999999854,175.84999999999854,False,False,12.0
2025-11-12,58505.35,58507.7,58171.85,58274.65,-0.3943229123490366,0.3943229123490366,-230.6999999999971,230.6999999999971,False,False,12.0
2025-11-13,58158.75,58615.95,58127.1,58381.95,0.3837771616480703,0.3837771616480703,223.1999999999971,223.1999999999971,False,False,12.0
2025-11-14,58050.0,58590.15,58050.0,58517.55,0.8054263565891524,0.8054263565891524,467.5500000000029,467.5500000000029,False,False,12.0
2025-11-17,58696.3,59001.55,58605.3,58962.7,0.4538616573787345,0.4538616573787345,266.3999999999942,266.3999999999942,False,False,12.0
2025-11-18,58990.5,59103.65,58798.9,58899.25,-0.15468592400471262,0.15468592400471262,-91.25,91.25,False,False,12.0
2025-11-19,58908.15,59264.25,58688.55,59216.05,0.5226781014172088,0.5226781014172088,307.90000000000146,307.90000000000146,False,False,12.0
2025-11-20,59308.2,59440.1,59125.25,59347.7,0.06660124569621065,0.06660124569621065,39.5,39.5,False,False,12.0
2025-11-21,59116.7,59232.15,58823.65,58867.7,-0.4212007774452904,0.4212007774452904,-249.0,249.0,False,False,12.0
2025-11-24,58996.9,59309.9,58649.5,58835.35,-0.2738279468921298,0.2738279468921298,-161.5500000000029,161.5500000000029,False,False,12.0
2025-11-25,58925.65,59166.15,58746.2,58820.3,-0.17878462095878203,0.17878462095878203,-105.34999999999854,105.34999999999854,False,False,12.0
2025-11-26,58783.05,59554.95,58783.05,59528.05,1.2673721421396134,1.2673721421396134,745.0,745.0,False,False,12.0
2025-11-27,59605.3,59866.6,59523.0,59737.3,0.22145681675958345,0.22145681675958345,132.0,132.0,False,False,12.0
2025-11-28,59758.7,59897.5,59598.95,59752.7,-0.010040379057777363,0.010040379057777363,-6.0,6.0,False,False,12.0
2025-12-01,60102.05,60114.3,59527.6,59681.35,-0.699976123942535,0.699976123942535,-420.70000000000437,420.70000000000437,False,False,12.0
2025-12-02,59354.2,59656.55,59251.95,59273.8,-0.13545797938476836,0.13545797938476836,-80.39999999999418,80.39999999999418,False,False,12.0
2025-12-03,59158.7,59414.9,58925.7,59348.25,0.3204093396237627,0.3204093396237627,189.5500000000029,189.5500000000029,False,False,12.0
2025-12-04,59287.1,59548.7,59062.15,59288.7,0.0026987321019219103,0.0026987321019219103,1.5999999999985448,1.5999999999985448,False,False,12.0
2025-12-05,59133.2,59806.6,59106.55,59777.2,1.0890667171741086,1.0890667171741086,644.0,644.0,False,False,12.0
2025-12-08,59672.05,59713.15,59030.6,59238.55,-0.726470768140193,0.726470768140193,-433.5,433.5,False,False,12.0
2025-12-09,58918.85,59358.25,58878.45,59222.35,0.515115281442187,0.515115281442187,303.5,303.5,False,False,12.0
2025-12-10,59281.55,59440.9,58853.9,58960.4,-0.5417368472990356,0.5417368472990356,-321.15000000000146,321.15000000000146,False,False,12.0
2025-12-11,58966.2,59423.35,58799.9,59209.85,0.413202817885503,0.413202817885503,243.65000000000146,243.65000000000146,False,False,12.0
2025-12-12,59401.5,59545.7,59224.85,59389.95,-0.019443953435524203,0.019443953435524203,-11.55000000000291,11.55000000000291,False,False,12.0
2025-12-15,59053.7,59533.0,59044.65,59461.8,0.6910659281298307,0.6910659281298307,408.1000000000058,408.1000000000058,False,False,12.0
2025-12-16,59288.75,59335.25,58966.35,59034.6,-0.4286647972844788,0.4286647972844788,-254.15000000000146,254.15000000000146,False,False,12.0
2025-12-17,59072.8,59127.2,58801.4,58926.75,-0.24723730718706904,0.24723730718706904,-146.0500000000029,146.0500000000029,False,False,12.0
2025-12-18,58712.7,59211.0,58712.7,58912.85,0.3408972845738681,0.3408972845738681,200.15000000000146,200.15000000000146,False,False,12.0
2025-12-19,59047.4,59140.55,58897.5,59069.2,0.03691949179810734,0.03691949179810734,21.799999999995634,21.799999999995634,False,False,12.0
2025-12-22,59224.75,59371.2,59155.5,59304.0,0.1338122997564363,0.1338122997564363,79.25,79.25,False,False,12.0
2025-12-23,59334.35,59402.35,59216.75,59299.55,-0.05865068042372695,0.05865068042372695,-34.799999999995634,34.799999999995634,False,False,12.0
2025-12-24,59322.95,59478.15,59118.25,59183.6,-0.23490065817697628,0.23490065817697628,-139.34999999999854,139.34999999999854,False,False,12.0
2025-12-26,59092.85,59180.65,58947.05,59011.35,-0.13791854682926954,0.13791854682926954,-81.5,81.5,False,False,12.0
2025-12-29,59007.05,59140.4,58809.55,58932.35,-0.12659504245679856,0.12659504245679856,-74.70000000000437,74.70000000000437,False,False,12.0
2025-12-30,58885.95,59272.7,58737.6,59171.25,0.48449587719991427,0.48449587719991427,285.3000000000029,285.3000000000029,False,False,12.0
2025-12-31,59194.6,59766.2,59187.1,59581.85,0.6541981869967869,0.6541981869967869,387.25,387.25,False,False,14.0
2026-01-01,59674.8,59743.2,59569.65,59711.55,0.06158378410987553,0.06158378410987553,36.75,36.75,False,False,14.0
2026-01-02,59757.4,60203.75,59738.25,60150.95,0.6585795232054868,0.6585795232054868,393.54999999999563,393.54999999999563,False,False,14.0
2026-01-05,60360.4,60437.35,59859.8,60044.2,-0.5238533873201708,0.5238533873201708,-316.20000000000437,316.20000000000437,False,False,14.0
2026-01-06,59957.8,60305.0,59844.8,60118.4,0.267855058057498,0.267855058057498,160.59999999999854,160.59999999999854,False,False,14.0
2026-01-07,60039.7,60065.4,59760.65,59990.85,-0.08136283159309347,0.08136283159309347,-48.849999999998545,48.849999999998545,False,False,14.0
2026-01-08,59893.15,60112.85,59564.8,59686.5,-0.3450311095676241,0.3450311095676241,-206.65000000000146,206.65000000000146,False,False,14.0
2026-01-09,59558.15,59739.65,59154.2,59251.55,-0.5147910067723704,0.5147910067723704,-306.59999999999854,306.59999999999854,False,False,14.0
2026-01-12,59217.25,59541.1,58864.2,59450.5,0.39388860509395485,0.39388860509395485,233.25,233.25,False,False,14.0
2026-01-13,59767.55,59767.55,59312.05,59578.8,-0.3158068215946613,0.3158068215946613,-188.75,188.75,False,False,14.0
2026-01-14,59330.35,59796.65,59324.2,59580.15,0.421032405842883,0.421032405842883,249.8000000000029,249.8000000000029,True,False,14.0
2026-01-16,59590.35,60235.15,59510.5,60095.15,0.8471170248202988,0.8471170248202988,504.8000000000029,504.8000000000029,True,True,14.0
2026-01-19,60093.3,60107.5,59594.6,59891.35,-0.33606075885332365,0.33606075885332365,-201.95000000000437,201.95000000000437,True,True,14.0
2026-01-20,59851.4,59993.5,59283.95,59404.2,-0.7471838586900296,0.7471838586900296,-447.20000000000437,447.20000000000437,True,True,14.0
2026-01-21,59142.0,59447.35,58278.6,58800.3,-0.5777619965506697,0.5777619965506697,-341.6999999999971,341.6999999999971,False,True,14.0
2026-01-22,59194.25,59573.1,58823.05,59200.1,0.00988271664899639,0.00988271664899639,5.849999999998545,5.849999999998545,True,False,14.0
2026-01-23,59305.15,59400.15,58346.25,58473.1,-1.4029978846693802,1.4029978846693802,-832.0500000000029,832.0500000000029,False,True,14.0
2026-01-27,58366.05,59436.8,58121.6,59205.45,1.4381648235575204,1.4381648235575204,839.3999999999942,839.3999999999942,True,False,14.0
2026-01-28,59575.65,59699.9,59240.1,59598.8,0.038858157653339,0.038858157653339,23.150000000001455,23.150000000001455,False,True,14.0
2026-01-29,59416.25,60060.7,59339.0,59957.85,0.911535144005215,0.911535144005215,541.5999999999985,541.5999999999985,True,False,14.0
2026-01-30,59542.25,59906.9,59501.8,59610.45,0.1145405153483402,0.1145405153483402,68.19999999999709,68.19999999999709,True,True,14.0
2026-02-01,59607.65,59865.7,57783.2,58417.2,-1.9971429841639528,1.9971429841639528,-1190.4500000000044,1190.4500000000044,True,True,
2026-02-02,58239.3,58687.05,57829.85,58619.0,0.6519652537032503,0.6519652537032503,379.6999999999971,379.6999999999971,False,True,14.0
2026-02-03,61411.2,61764.85,59793.2,60041.3,-2.2307005888176654,2.2307005888176654,-1369.8999999999942,1369.8999999999942,False,False,14.0
2026-02-04,60163.35,60389.4,59891.75,60238.15,0.12432818318794236,0.12432818318794236,74.80000000000291,74.80000000000291,False,False,14.0
2026-02-05,60315.35,60328.3,59881.05,60063.65,-0.41730670550696813,0.41730670550696813,-251.6999999999971,251.6999999999971,False,False,14.0
2026-02-06,59967.1,60149.9,59644.55,60120.55,0.25589031318840555,0.25589031318840555,153.45000000000437,153.45000000000437,True,False,14.0
2026-02-09,60805.2,60876.2,60495.7,60669.35,-0.22341839184806325,0.22341839184806325,-135.84999999999854,135.84999999999854,False,True,14.0
2026-02-10,60740.8,60797.55,60531.55,60626.4,-0.1883412796670466,0.1883412796670466,-114.40000000000146,114.40000000000146,False,False,14.0
2026-02-11,60670.25,60779.95,60444.65,60745.35,0.12378389737968534,0.12378389737968534,75.09999999999854,75.09999999999854,False,False,14.0
2026-02-12,60786.15,60864.4,60597.65,60739.75,-0.07633317787029027,0.07633317787029027,-46.400000000001455,46.400000000001455,False,False,14.0
2026-02-13,60504.4,60621.9,60073.55,60186.65,-0.5251684175035204,0.5251684175035204,-317.75,317.75,False,False,14.0
2026-02-16,59947.8,61011.3,59861.1,60949.1,1.6702864825731647,1.6702864825731647,1001.2999999999956,1001.2999999999956,False,False,14.0
2026-02-17,60821.15,61241.6,60560.0,61174.0,0.5801435849207036,0.5801435849207036,352.84999999999854,352.84999999999854,False,False,14.0
2026-02-18,61255.35,61596.85,61100.9,61550.8,0.4823252173075566,0.4823252173075566,295.45000000000437,295.45000000000437,False,False,14.0
2026-02-19,61660.85,61678.8,60592.9,60739.55,-1.4941409338340221,1.4941409338340221,-921.2999999999956,921.2999999999956,False,False,14.0
2026-02-20,60627.85,61360.5,60562.35,61172.0,0.8975248173900302,0.8975248173900302,544.1500000000015,544.1500000000015,False,False,14.0
2026-02-23,61145.55,61517.8,61029.15,61264.25,0.19412696426804088,0.19412696426804088,118.69999999999709,118.69999999999709,False,False,14.0
2026-02-24,61392.1,61435.65,60801.85,61047.3,-0.5616357804994383,0.5616357804994383,-344.79999999999563,344.79999999999563,False,False,14.0
2026-02-25,61175.05,61317.55,60816.75,61043.35,-0.21528384529314543,0.21528384529314543,-131.70000000000437,131.70000000000437,False,False,14.0
2026-02-26,61193.9,61284.75,60813.3,61187.7,-0.010131728816114622,0.010131728816114622,-6.200000000004366,6.200000000004366,False,False,14.0
2026-02-27,61057.45,61086.45,60438.95,60529.0,-0.865496348111487,0.865496348111487,-528.4499999999971,528.4499999999971,False,False,14.0
2026-03-02,59204.3,60177.5,59148.0,59839.65,1.0731484030720717,1.0731484030720717,635.3499999999985,635.3499999999985,False,False,14.0
2026-03-04,58447.15,59058.4,58393.55,58755.25,0.5271428974723293,0.5271428974723293,308.09999999999854,308.09999999999854,False,False,14.0
2026-03-05,59008.25,59274.35,58506.4,59055.85,0.08066668643791088,0.08066668643791088,47.599999999998545,47.599999999998545,False,False,14.0
2026-03-06,58629.6,58807.15,57696.4,57783.25,-1.4435541091871658,1.4435541091871658,-846.3499999999985,846.3499999999985,False,False,14.0
2026-03-09,56121.4,56274.15,55270.6,56019.8,-0.1810361110022176,0.1810361110022176,-101.59999999999854,101.59999999999854,False,False,14.0
2026-03-10,56583.85,57097.05,56387.2,56950.8,0.6485065968469879,0.6485065968469879,366.95000000000437,366.95000000000437,False,False,14.0
2026-03-11,56790.4,56938.4,55631.95,55735.75,-1.8570920437257028,1.8570920437257028,-1054.6500000000015,1054.6500000000015,False,False,14.0
2026-03-12,55008.2,55636.95,54760.55,55100.95,0.16861122523551034,0.16861122523551034,92.75,92.75,False,False,14.0
2026-03-13,54592.05,54713.75,53675.7,53757.85,-1.5280613202838222,1.5280613202838222,-834.2000000000044,834.2000000000044,False,False,14.0
2026-03-16,53721.5,54664.15,53258.15,54413.4,1.2879387209962518,1.2879387209962518,691.9000000000015,691.9000000000015,False,False,14.0
2026-03-17,54649.1,54996.0,54113.15,54876.0,0.41519439478418024,0.41519439478418024,226.90000000000146,226.90000000000146,False,False,14.0
2026-03-18,54927.05,55554.15,54689.1,55326.05,0.7264180399275038,0.7264180399275038,399.0,399.0,False,False,14.0
2026-03-19,53474.55,54150.3,53240.6,53451.0,-0.0440396412873094,0.0440396412873094,-23.55000000000291,23.55000000000291,False,False,14.0
2026-03-20,53548.2,54382.45,53297.55,53427.05,-0.2262447663973657,0.2262447663973657,-121.14999999999418,121.14999999999418,False,False,14.0
2026-03-23,52576.1,52665.3,51323.6,51437.75,-2.16514728174969,2.16514728174969,-1138.3499999999985,1138.3499999999985,False,False,14.0
2026-03-24,52384.8,52949.15,51827.5,52605.65,0.42159175944166727,0.42159175944166727,220.84999999999854,220.84999999999854,False,False,14.0
2026-03-25,53024.75,54146.15,53024.75,53708.1,1.2887378064017248,1.2887378064017248,683.3499999999985,683.3499999999985,False,False,14.0
2026-03-27,53244.25,53292.5,52211.2,52274.6,-1.821135615582906,1.821135615582906,-969.6500000000015,969.6500000000015,False,False,14.0
2026-03-30,51527.9,51624.5,50105.25,50275.35,-2.4308190320195524,2.4308190320195524,-1252.550000000003,1252.550000000003,False,False,14.0
2026-04-01,51433.9,52025.85,51133.55,51448.65,0.02867758423918855,0.02867758423918855,14.75,14.75,False,False,14.0
2026-04-02,50625.65,51731.95,49954.85,51548.75,1.8233839960573317,1.8233839960573317,923.0999999999985,923.0999999999985,False,False,14.0
2026-04-06,51747.6,52704.55,51111.1,52609.1,1.6648115081665624,1.6648115081665624,861.5,861.5,False,False,14.0
2026-04-07,52258.7,52778.2,51868.45,52716.25,0.8755479948793271,0.8755479948793271,457.5500000000029,457.5500000000029,False,False,14.0
2026-04-08,54904.45,55778.25,54797.5,55703.9,1.4560750540256835,1.4560750540256835,799.4500000000044,799.4500000000044,False,False,14.0
2026-04-09,55505.95,55583.1,54626.85,54821.7,-1.2327507231206745,1.2327507231206745,-684.25,684.25,False,False,14.0
2026-04-10,55182.25,55978.5,55145.25,55912.75,1.323795242129489,1.323795242129489,730.5,730.5,False,False,14.0
2026-04-13,54646.0,55752.65,54356.2,55605.05,1.7550232404933628,1.7550232404933628,959.0500000000029,959.0500000000029,False,False,14.0
2026-04-15,56343.45,56786.25,56109.2,56301.95,-0.07365541158732737,0.07365541158732737,-41.5,41.5,False,False,14.0
2026-04-16,56657.25,56834.25,55898.25,56086.4,-1.0075497840082224,1.0075497840082224,-570.8499999999985,570.8499999999985,False,False,14.0
2026-04-17,56072.4,56628.7,55841.65,56565.7,0.8797554590136959,0.8797554590136959,493.29999999999563,493.29999999999563,False,False,14.0
2026-04-20,56704.05,57085.1,56356.55,56582.35,-0.21462311774909262,0.21462311774909262,-121.70000000000437,121.70000000000437,True,False,14.0
2026-04-21,56823.6,57456.3,56696.3,57371.45,0.9641240611295282,0.9641240611295282,547.8499999999985,547.8499999999985,False,True,14.0
2026-04-22,57163.35,57438.2,57002.15,57124.45,-0.06805059535524327,0.06805059535524327,-38.900000000001455,38.900000000001455,False,False,14.0
2026-04-23,56608.95,56868.7,56217.15,56305.0,-0.5369292311551391,0.5369292311551391,-303.9499999999971,303.9499999999971,True,False,14.0
2026-04-24,56170.2,56460.5,55750.4,56089.75,-0.14322541133910346,0.14322541133910346,-80.44999999999709,80.44999999999709,False,True,14.0
2026-04-27,56162.6,56474.95,55911.1,56264.3,0.18108136019344612,0.18108136019344612,101.70000000000437,101.70000000000437,True,False,14.0
2026-04-28,55862.5,56138.05,55263.75,55400.35,-0.8272991720742923,0.8272991720742923,-462.15000000000146,462.15000000000146,True,True,14.0
2026-04-29,55634.5,56178.75,55290.5,55403.6,-0.4150302420260836,0.4150302420260836,-230.90000000000146,230.90000000000146,False,True,14.0
2026-04-30,54880.65,55111.6,54440.25,54863.35,-0.03152295025660758,0.03152295025660758,-17.30000000000291,17.30000000000291,False,False,14.0
2026-05-04,54937.9,55602.3,54723.5,54878.5,-0.1081220796572156,0.1081220796572156,-59.400000000001455,59.400000000001455,True,False,14.0
2026-05-05,54691.3,54888.55,54221.65,54547.05,-0.26375310149877584,0.26375310149877584,-144.25,144.25,True,True,14.0
2026-05-06,55113.4,56078.8,54587.2,55981.05,1.574299535140277,1.574299535140277,867.6500000000015,867.6500000000015,False,True,14.0
2026-05-07,56114.0,56334.15,55783.2,56047.4,-0.11868695869123311,0.11868695869123311,-66.59999999999854,66.59999999999854,False,False,14.0
2026-05-08,55783.95,55797.7,55062.5,55310.55,-0.8486311923053034,0.8486311923053034,-473.3999999999942,473.3999999999942,True,False,14.0
2026-05-11,54832.45,55002.45,54360.7,54439.9,-0.7159081894024353,0.7159081894024353,-392.54999999999563,392.54999999999563,True,True,14.0
2026-05-12,54178.4,54365.45,53457.5,53555.2,-1.1502739098976793,1.1502739098976793,-623.2000000000044,623.2000000000044,False,True,14.0
2026-05-13,53600.4,54103.9,53194.25,53456.15,-0.26912112596174653,0.26912112596174653,-144.25,144.25,False,False,14.0
2026-05-14,53639.5,54393.75,53191.6,54128.95,0.9124805413920658,0.9124805413920658,489.4499999999971,489.4499999999971,False,False,14.0
2026-05-15,54207.75,54325.45,53628.3,53710.35,-0.9175809732003292,0.9175809732003292,-497.40000000000146,497.40000000000146,False,False,14.0
2026-05-18,53282.15,53667.55,52783.45,53537.0,0.4783027711907244,0.4783027711907244,254.84999999999854,254.84999999999854,False,False,14.0
2026-05-19,53553.75,53770.65,53337.05,53409.15,-0.2700091030039886,0.2700091030039886,-144.59999999999854,144.59999999999854,False,False,14.0
2026-05-20,53015.7,53640.9,52836.1,53562.2,1.0308267173686285,1.0308267173686285,546.5,546.5,False,False,14.0
2026-05-21,53963.1,54109.15,53156.15,53439.4,-0.9704779747642316,0.9704779747642316,-523.6999999999971,523.6999999999971,False,False,14.0
2026-05-22,53483.85,54213.05,53483.55,54055.35,1.068546860407394,1.068546860407394,571.5,571.5,False,False,14.0
2026-05-25,54610.55,55405.2,54590.7,55293.65,1.2508572061625427,1.2508572061625427,683.0999999999985,683.0999999999985,False,False,14.0
2026-05-26,55311.8,55536.8,54979.75,55092.9,-0.39575642087222157,0.39575642087222157,-218.90000000000146,218.90000000000146,False,False,14.0
2026-05-27,54992.95,55221.7,54738.6,54853.85,-0.25294151341217114,0.25294151341217114,-139.09999999999854,139.09999999999854,False,False,14.0
2026-05-29,54748.3,55184.45,54116.15,54239.2,-0.9298918870540379,0.9298918870540379,-509.1000000000058,509.1000000000058,False,False,14.0
2026-06-01,54403.85,54582.75,53470.0,53643.1,-1.3983385367028252,1.3983385367028252,-760.75,760.75,False,False,14.0
2026-06-02,53265.1,53933.55,53121.85,53714.65,0.843986024620254,0.843986024620254,449.5500000000029,449.5500000000029,False,False,14.0
2026-06-03,53541.1,54299.35,53027.15,54185.95,1.204401852035163,1.204401852035163,644.8499999999985,644.8499999999985,False,False,14.0
2026-06-04,53918.85,54461.0,53829.4,54307.85,0.7214545562451722,0.7214545562451722,389.0,389.0,False,False,14.0
2026-06-05,54405.2,54865.5,54140.6,54496.25,0.16735532632910624,0.16735532632910624,91.05000000000291,91.05000000000291,False,False,14.0
2026-06-08,53853.45,54455.2,53843.3,54063.75,0.39050422953404645,0.39050422953404645,210.3000000000029,210.3000000000029,False,False,14.0
2026-06-09,54265.0,55318.35,54242.3,55194.5,1.712890445038238,1.712890445038238,929.5,929.5,False,False,14.0
2026-06-10,55110.5,55555.85,55026.15,55100.3,-0.01850826974895363,0.01850826974895363,-10.19999999999709,10.19999999999709,False,False,14.0
2026-06-11,54779.65,55600.15,54753.15,55176.75,0.724904229946702,0.724904229946702,397.09999999999854,397.09999999999854,False,False,14.0
2026-06-12,55934.1,56867.1,55726.55,56814.8,1.5745314575545228,1.5745314575545228,880.7000000000044,880.7000000000044,False,False,14.0
2026-06-15,57679.65,57804.5,57119.2,57198.8,-0.8336562375118409,0.8336562375118409,-480.84999999999854,480.84999999999854,False,False,14.0
2026-06-16,57320.1,57399.7,57076.25,57297.15,-0.040038311168328546,0.040038311168328546,-22.94999999999709,22.94999999999709,False,False,14.0
2026-06-17,57434.05,57646.15,57222.4,57585.05,0.2629102422691766,0.2629102422691766,151.0,151.0,False,False,14.0
2026-06-18,57596.45,58021.25,57583.2,57963.8,0.6377997255039258,0.6377997255039258,367.3500000000058,367.3500000000058,False,False,14.0
2026-06-19,57754.95,57804.9,57464.55,57685.75,-0.11981656983513463,0.11981656983513463,-69.19999999999709,69.19999999999709,False,False,14.0
2026-06-22,57906.9,58009.1,57720.1,57935.6,0.049562314680974266,0.049562314680974266,28.69999999999709,28.69999999999709,False,False,14.0
2026-06-23,57886.75,57970.9,57078.45,57183.75,-1.2144402648274433,1.2144402648274433,-703.0,703.0,False,False,14.0
2026-06-24,57074.9,58256.35,57074.9,58150.35,1.8842783780611039,1.8842783780611039,1075.449999999997,1075.449999999997,False,False,14.0
2026-06-25,58493.85,58706.05,58109.85,58177.05,-0.5415953984906031,0.5415953984906031,-316.79999999999563,316.79999999999563,False,False,14.0
2026-06-29,58191.45,58318.05,57637.25,57727.35,-0.7975398447710077,0.7975398447710077,-464.09999999999854,464.09999999999854,False,False,14.0
2026-06-30,58011.95,58011.95,57456.65,57542.9,-0.8085403093672866,0.8085403093672866,-469.04999999999563,469.04999999999563,False,False,14.0
2026-07-01,57573.35,58134.15,57487.85,58033.05,0.7984597040123674,0.7984597040123674,459.70000000000437,459.70000000000437,False,False,14.0
2026-07-02,58134.5,58396.1,57884.6,58031.65,-0.17691732103999955,0.17691732103999955,-102.84999999999854,102.84999999999854,False,False,14.0
2026-07-03,58343.25,58343.25,57799.05,57938.5,-0.6937392071919202,0.6937392071919202,-404.75,404.75,False,False,14.0
2026-07-06,57983.9,58477.3,57938.65,58291.5,0.5304920848718326,0.5304920848718326,307.59999999999854,307.59999999999854,False,False,14.0
2026-07-07,58567.85,58581.1,58110.1,58200.7,-0.6268797642392566,0.6268797642392566,-367.15000000000146,367.15000000000146,False,False,14.0
2026-07-08,57918.25,58075.6,56549.4,56742.6,-2.029843788443196,2.029843788443196,-1175.6500000000015,1175.6500000000015,False,False,14.0
2026-07-09,56871.0,57464.2,56867.3,57252.45,0.6707284907949519,0.6707284907949519,381.4499999999971,381.4499999999971,False,False,14.0
2026-07-10,57592.5,58251.95,57576.7,58045.9,0.7872552849763449,0.7872552849763449,453.40000000000146,453.40000000000146,False,False,14.0
2026-07-13,57616.7,58219.9,57492.05,58131.45,0.8934041692773103,0.8934041692773103,514.75,514.75,False,False,14.0
2026-07-14,57832.55,57840.05,57286.9,57462.3,-0.6402104005443301,0.6402104005443301,-370.25,370.25,False,False,14.0
2026-07-15,57643.75,58148.8,57545.2,57757.85,0.19793993277675126,0.19793993277675126,114.09999999999854,114.09999999999854,True,False,14.0
2026-07-16,57831.1,57931.3,57420.15,57582.25,-0.4303048013957863,0.4303048013957863,-248.84999999999854,248.84999999999854,False,True,14.0
2026-07-17,57662.0,58596.85,57542.15,58521.4,1.4904096285248543,1.4904096285248543,859.4000000000015,859.4000000000015,True,False,14.0
2026-07-20,57738.25,58111.0,57533.1,57945.0,0.358081514420683,0.358081514420683,206.75,206.75,True,True,14.0
2026-07-21,57853.75,58228.65,57803.85,57835.35,-0.03180433420478613,0.03180433420478613,-18.400000000001455,18.400000000001455,True,True,14.0
2026-07-22,57768.4,57824.0,56970.6,57126.8,-1.1106418041697512,1.1106418041697512,-641.5999999999985,641.5999999999985,True,True,14.0
2026-07-23,56796.95,56930.15,56374.75,56592.0,-0.36084684124763233,0.36084684124763233,-204.9499999999971,204.9499999999971,False,True,14.0
2026-07-24,56169.4,56831.45,56023.6,56693.5,0.933070319426589,0.933070319426589,524.0999999999985,524.0999999999985,True,False,14.0
2026-07-27,57116.8,57330.05,56928.65,57087.2,-0.05182363157600885,0.05182363157600885,-29.60000000000582,29.60000000000582,True,True,14.0
2026-07-28,56883.55,57054.2,56672.4,56755.6,-0.22493321883040765,0.22493321883040765,-127.95000000000437,127.95000000000437,False,True,14.0
2026-07-29,57126.6,57315.95,56939.35,57205.9,0.13881449272318483,0.13881449272318483,79.30000000000291,79.30000000000291,False,False,14.0
2026-07-30,57127.05,57236.65,56768.6,57147.5,0.03579740245644942,0.03579740245644942,20.44999999999709,20.44999999999709,False,False,14.0
2026-07-31,57225.9,57411.25,57139.6,57264.85,0.06806358659277895,0.06806358659277895,38.94999999999709,38.94999999999709,False,False,14.0
2026-08-03,57569.6,58247.95,57465.95,58247.95,1.1783128595647678,1.1783128595647678,678.3499999999985,678.3499999999985,False,False,14.0
2026-08-04,58068.95,58068.95,57352.65,57907.2,-0.27854817419636485,0.27854817419636485,-161.75,161.75,False,False,14.0
2026-08-05,57810.05,57931.85,57456.35,57739.95,-0.12125919282201938,0.12125919282201938,-70.10000000000582,70.10000000000582,False,False,14.0
2026-08-06,57815.0,58076.85,57714.7,58063.65,0.4300786992994922,0.4300786992994922,248.65000000000146,248.65000000000146,True,False,14.0
2026-08-07,57882.0,57994.45,57686.55,57746.45,-0.2341833385162968,0.2341833385162968,-135.5500000000029,135.5500000000029,False,True,14.0
2026-08-10,57812.3,58015.85,57527.75,57686.95,-0.2168223717098365,0.2168223717098365,-125.35000000000582,125.35000000000582,False,False,14.0
2026-08-11,57604.35,57607.25,57158.1,57446.25,-0.27445843933661007,0.27445843933661007,-158.09999999999854,158.09999999999854,False,False,14.0
2026-08-12,57391.8,57885.85,57254.0,57885.85,0.860837262466059,0.860837262466059,494.04999999999563,494.04999999999563,False,False,14.0
2026-08-13,57799.15,57799.15,57548.6,57635.25,-0.2835681839611853,0.2835681839611853,-163.90000000000146,163.90000000000146,False,False,14.0
2026-08-14,57589.75,57681.45,57380.45,57491.1,-0.17129784380033158,0.17129784380033158,-98.65000000000146,98.65000000000146,False,False,14.0
2026-08-17,57418.3,57757.25,57119.6,57497.8,0.138457599754782,0.138457599754782,79.5,79.5,False,False,14.0
2026-08-18,57325.55,57584.7,57217.6,57262.4,-0.11016030373891127,0.11016030373891127,-63.150000000001455,63.150000000001455,False,False,14.0
2026-08-19,57260.65,57356.85,57001.75,57239.75,-0.03649976030660053,0.03649976030660053,-20.900000000001455,20.900000000001455,False,False,14.0
2026-08-20,57507.65,57702.95,57431.8,57495.9,-0.02043206425579901,0.02043206425579901,-11.75,11.75,False,False,14.0
2026-08-21,57613.2,57772.45,57481.55,57761.95,0.25818735984114755,0.25818735984114755,148.75,148.75,False,False,14.0
2026-08-24,57828.15,57873.75,57245.95,57525.95,-0.5225828597318164,0.5225828597318164,-302.20000000000437,302.20000000000437,False,False,14.0
2026-08-25,57360.65,57653.85,57231.25,57514.2,0.26769222454765706,0.26769222454765706,153.54999999999563,153.54999999999563,False,False,14.0
2026-08-26,57628.65,57996.05,57611.85,57783.75,0.26913696572798174,0.26913696572798174,155.09999999999854,155.09999999999854,False,False,14.0
2026-08-27,57985.0,58012.4,57509.95,57509.95,-0.8192636026558642,0.8192636026558642,-475.0500000000029,475.0500000000029,False,False,14.0
2026-08-28,57429.75,57596.4,57264.0,57496.3,0.11588070642829355,0.11588070642829355,66.55000000000291,66.55000000000291,False,False,14.0
2026-08-31,57353.75,58024.95,57187.35,58024.95,1.17028093193557,1.17028093193557,671.1999999999971,671.1999999999971,False,False,14.0
