date,symbol,open,high,low,close,volume
2023-01-02 00:00:00,AUBANK,656.9,661.25,654.0,657.0,1586054
2023-01-02 00:00:00,AXISBANK,932.25,945.0,931.8,941.6,3498198
2023-01-02 00:00:00,BANDHANBNK,236.3,242.3,235.5,240.15,7625641
2023-01-02 00:00:00,BANKBARODA,186.6,187.75,185.1,186.25,14679657
2023-01-02 00:00:00,CANBK,335.85,340.4,332.5,336.15,13632732
2023-01-02 00:00:00,FEDERALBNK,139.75,140.7,137.15,137.7,11044858
2023-01-02 00:00:00,HDFCBANK,1627.0,1639.75,1618.55,1628.7,2190689
2023-01-02 00:00:00,ICICIBANK,894.0,907.0,894.0,902.45,4315403
2023-01-02 00:00:00,IDFCFIRSTB,58.5,61.5,58.25,61.15,51505940
2023-01-02 00:00:00,INDUSINDBK,1220.1,1231.1,1211.75,1226.35,2587946
2023-01-02 00:00:00,KOTAKBANK,1827.8,1833.0,1816.45,1825.05,1125001
2023-01-02 00:00:00,PNB,56.8,57.6,56.35,57.15,72924744
2023-01-02 00:00:00,SBIN,614.95,619.2,611.2,612.2,6726084
2023-01-02 00:00:00,UNIONBANK,80.9,82.3,80.2,81.4,25652957
2023-01-02 00:00:00,YESBANK,20.85,22.1,20.75,21.65,495265210
2023-01-03 00:00:00,AUBANK,658.95,663.9,650.0,651.05,1288812
2023-01-03 00:00:00,AXISBANK,944.75,965.6,942.6,962.3,6927819
2023-01-03 00:00:00,BANDHANBNK,240.35,243.65,239.0,240.55,6273607
2023-01-03 00:00:00,BANKBARODA,186.5,189.9,186.3,187.5,19758561
2023-01-03 00:00:00,CANBK,337.0,341.7,334.65,336.8,11333959
2023-01-03 00:00:00,FEDERALBNK,138.25,142.25,137.3,137.75,24559742
2023-01-03 00:00:00,HDFCBANK,1622.2,1643.0,1622.2,1639.35,4189015
2023-01-03 00:00:00,ICICIBANK,898.5,905.95,896.75,901.35,5846855
2023-01-03 00:00:00,IDFCFIRSTB,61.5,61.65,60.5,61.35,38946801
2023-01-03 00:00:00,INDUSINDBK,1226.55,1249.85,1222.3,1240.95,2195814
2023-01-03 00:00:00,KOTAKBANK,1822.25,1836.5,1821.0,1832.85,1663448
2023-01-03 00:00:00,PNB,57.45,58.3,57.15,57.8,78566820
2023-01-03 00:00:00,SBIN,614.5,616.6,610.0,612.4,6818062
2023-01-03 00:00:00,UNIONBANK,81.7,83.6,81.6,82.25,20994008
2023-01-03 00:00:00,YESBANK,21.9,22.25,21.75,22.05,339801604
2023-01-04 00:00:00,AUBANK,652.0,655.45,639.0,641.6,1242852
2023-01-04 00:00:00,AXISBANK,963.5,970.0,955.0,957.45,9059392
2023-01-04 00:00:00,BANDHANBNK,240.9,241.95,236.4,240.1,10555612
2023-01-04 00:00:00,BANKBARODA,187.1,188.5,181.3,182.7,24902705
2023-01-04 00:00:00,CANBK,336.9,338.5,325.05,326.9,12735248
2023-01-04 00:00:00,FEDERALBNK,138.25,138.5,134.9,136.4,10921191
2023-01-04 00:00:00,HDFCBANK,1635.0,1645.75,1607.0,1610.05,5175800
2023-01-04 00:00:00,ICICIBANK,899.0,907.9,894.8,899.1,12454582
2023-01-04 00:00:00,IDFCFIRSTB,61.35,61.7,59.5,60.2,28996108
2023-01-04 00:00:00,INDUSINDBK,1258.0,1273.4,1206.1,1223.1,8001367
2023-01-04 00:00:00,KOTAKBANK,1834.9,1834.9,1813.95,1820.75,1664104
2023-01-04 00:00:00,PNB,58.1,58.35,55.7,56.25,96809213
2023-01-04 00:00:00,SBIN,611.85,614.95,604.0,605.2,7011191
2023-01-04 00:00:00,UNIONBANK,82.5,83.1,79.6,80.55,24618028
2023-01-04 00:00:00,YESBANK,22.2,22.4,20.9,21.35,395137176
2023-01-05 00:00:00,AUBANK,641.8,644.7,624.15,636.1,1987570
2023-01-05 00:00:00,AXISBANK,960.0,961.9,938.25,949.55,6998980
2023-01-05 00:00:00,BANDHANBNK,241.25,242.1,236.15,240.5,8344344
2023-01-05 00:00:00,BANKBARODA,183.6,185.5,181.5,184.05,21073286
2023-01-05 00:00:00,CANBK,328.65,330.3,321.15,327.5,9144778
2023-01-05 00:00:00,FEDERALBNK,136.9,137.1,135.1,136.7,8313992
2023-01-05 00:00:00,HDFCBANK,1615.0,1618.05,1589.4,1599.7,5470718
2023-01-05 00:00:00,ICICIBANK,900.9,903.0,872.0,879.15,16547196
2023-01-05 00:00:00,IDFCFIRSTB,60.55,60.8,59.3,60.35,25828441
2023-01-05 00:00:00,INDUSINDBK,1229.25,1232.5,1203.8,1215.85,2364186
2023-01-05 00:00:00,KOTAKBANK,1820.0,1832.8,1806.15,1820.3,1732618
2023-01-05 00:00:00,PNB,56.7,57.15,55.45,56.75,82173647
2023-01-05 00:00:00,SBIN,607.0,611.6,601.95,605.1,8241475
2023-01-05 00:00:00,UNIONBANK,81.0,81.8,79.3,80.6,18355266
2023-01-05 00:00:00,YESBANK,21.5,21.7,21.15,21.45,207055994
2023-01-06 00:00:00,AUBANK,635.0,639.35,619.45,625.8,1634322
2023-01-06 00:00:00,AXISBANK,946.55,950.95,934.3,939.9,5787783
2023-01-06 00:00:00,BANDHANBNK,241.75,249.45,240.4,242.35,14306941
2023-01-06 00:00:00,BANKBARODA,184.95,185.3,181.2,183.25,16229775
2023-01-06 00:00:00,CANBK,328.5,328.65,317.5,320.45,8893004
2023-01-06 00:00:00,FEDERALBNK,137.0,137.45,133.35,134.6,11398532
2023-01-06 00:00:00,HDFCBANK,1602.0,1609.1,1578.2,1594.4,4546231
2023-01-06 00:00:00,ICICIBANK,878.95,878.95,860.5,870.1,14804613
2023-01-06 00:00:00,IDFCFIRSTB,60.6,60.8,59.05,59.5,23389760
2023-01-06 00:00:00,INDUSINDBK,1214.0,1217.7,1176.1,1181.9,3029739
2023-01-06 00:00:00,KOTAKBANK,1826.0,1826.0,1770.65,1786.8,3799655
2023-01-06 00:00:00,PNB,57.0,57.6,56.0,56.4,88223106
2023-01-06 00:00:00,SBIN,607.4,607.45,597.0,600.65,7972036
2023-01-06 00:00:00,UNIONBANK,81.0,81.4,79.65,80.8,19809952
2023-01-06 00:00:00,YESBANK,21.6,21.75,20.95,21.1,221378840
2023-01-09 00:00:00,AUBANK,635.0,635.7,627.0,633.2,1012950
2023-01-09 00:00:00,AXISBANK,946.8,960.0,941.35,958.75,7025747
2023-01-09 00:00:00,BANDHANBNK,243.0,248.65,233.65,247.25,14237598
2023-01-09 00:00:00,BANKBARODA,184.3,187.7,182.4,185.15,15758981
2023-01-09 00:00:00,CANBK,324.0,328.5,320.65,326.65,6926537
2023-01-09 00:00:00,FEDERALBNK,135.45,137.0,134.75,135.65,10116170
2023-01-09 00:00:00,HDFCBANK,1596.0,1611.55,1590.0,1597.5,5364670
2023-01-09 00:00:00,ICICIBANK,874.25,878.75,862.3,873.35,16811853
2023-01-09 00:00:00,IDFCFIRSTB,60.0,60.35,59.35,59.7,19607384
2023-01-09 00:00:00,INDUSINDBK,1190.15,1223.6,1188.05,1218.65,2836421
2023-01-09 00:00:00,KOTAKBANK,1801.0,1816.0,1789.0,1811.9,3426868
2023-01-09 00:00:00,PNB,57.0,57.75,56.75,57.1,56732510
2023-01-09 00:00:00,SBIN,605.0,609.0,600.1,607.7,8878905
2023-01-09 00:00:00,UNIONBANK,81.5,82.6,80.6,81.0,15145300
2023-01-09 00:00:00,YESBANK,21.4,21.5,21.05,21.25,133642156
2023-01-10 00:00:00,AUBANK,632.9,632.9,617.75,625.2,1056504
2023-01-10 00:00:00,AXISBANK,964.0,964.0,942.75,952.15,7140150
2023-01-10 00:00:00,BANDHANBNK,247.2,247.8,241.6,246.05,6058780
2023-01-10 00:00:00,BANKBARODA,185.8,185.8,178.3,180.7,18392517
2023-01-10 00:00:00,CANBK,326.85,326.85,314.0,317.3,9573029
2023-01-10 00:00:00,FEDERALBNK,135.95,136.0,133.2,135.25,9012962
2023-01-10 00:00:00,HDFCBANK,1600.0,1600.0,1565.0,1568.3,8185883
2023-01-10 00:00:00,ICICIBANK,875.4,878.4,856.6,861.35,13470142
2023-01-10 00:00:00,IDFCFIRSTB,59.7,59.8,58.35,58.8,19429029
2023-01-10 00:00:00,INDUSINDBK,1215.0,1231.15,1205.0,1227.55,2442613
2023-01-10 00:00:00,KOTAKBANK,1808.55,1816.0,1788.9,1795.55,1474131
2023-01-10 00:00:00,PNB,56.9,56.95,54.65,55.1,82014187
2023-01-10 00:00:00,SBIN,608.45,609.0,590.6,595.15,10622660
2023-01-10 00:00:00,UNIONBANK,81.4,81.4,78.3,79.1,12580481
2023-01-10 00:00:00,YESBANK,21.2,21.2,20.35,20.65,217605501
2023-01-11 00:00:00,AUBANK,625.05,626.95,615.05,622.05,1159019
2023-01-11 00:00:00,AXISBANK,953.0,955.75,942.8,949.75,7100355
2023-01-11 00:00:00,BANDHANBNK,245.95,246.75,242.5,244.45,4228644
2023-01-11 00:00:00,BANKBARODA,181.0,182.3,177.15,181.25,17867902
2023-01-11 00:00:00,CANBK,318.7,319.8,312.25,318.0,7830184
2023-01-11 00:00:00,FEDERALBNK,135.75,135.75,133.3,134.65,10832347
2023-01-11 00:00:00,HDFCBANK,1567.95,1598.0,1560.0,1590.9,7597899
2023-01-11 00:00:00,ICICIBANK,862.9,870.85,854.85,866.3,15558460
2023-01-11 00:00:00,IDFCFIRSTB,58.8,60.05,58.2,59.8,18356979
2023-01-11 00:00:00,INDUSINDBK,1232.4,1238.2,1207.4,1213.25,2675249
2023-01-11 00:00:00,KOTAKBANK,1800.0,1804.15,1784.1,1801.85,1603701
2023-01-11 00:00:00,PNB,55.3,56.6,54.6,56.4,75395366
2023-01-11 00:00:00,SBIN,596.45,599.5,592.25,596.7,7419630
2023-01-11 00:00:00,UNIONBANK,79.5,79.7,77.35,78.45,16186993
2023-01-11 00:00:00,YESBANK,20.65,20.65,20.0,20.05,180768626
2023-01-12 00:00:00,AUBANK,625.0,631.9,620.4,628.15,923943
2023-01-12 00:00:00,AXISBANK,949.35,949.7,924.0,935.55,8661375
2023-01-12 00:00:00,BANDHANBNK,245.0,246.8,237.2,239.25,4997953
2023-01-12 00:00:00,BANKBARODA,181.9,183.15,179.7,181.7,14044249
2023-01-12 00:00:00,CANBK,319.0,319.8,314.1,317.15,5349609
2023-01-12 00:00:00,FEDERALBNK,135.25,136.2,133.6,135.05,9268341
2023-01-12 00:00:00,HDFCBANK,1587.8,1603.9,1584.15,1599.4,4625035
2023-01-12 00:00:00,ICICIBANK,865.5,869.35,854.95,860.65,16659001
2023-01-12 00:00:00,IDFCFIRSTB,60.0,60.35,59.1,59.6,23202901
2023-01-12 00:00:00,INDUSINDBK,1214.0,1224.75,1197.3,1209.15,1862790
2023-01-12 00:00:00,KOTAKBANK,1807.0,1807.0,1772.4,1779.5,3529605
2023-01-12 00:00:00,PNB,56.4,56.5,55.3,55.85,58123134
2023-01-12 00:00:00,SBIN,597.9,597.9,590.1,594.9,8183715
2023-01-12 00:00:00,UNIONBANK,78.85,79.0,77.6,78.05,9106012
2023-01-12 00:00:00,YESBANK,20.1,20.15,19.65,19.9,206504664
2023-01-13 00:00:00,AUBANK,631.45,631.5,616.3,619.75,1393324
2023-01-13 00:00:00,AXISBANK,935.5,937.45,923.0,934.15,9083608
2023-01-13 00:00:00,BANDHANBNK,240.5,240.85,234.25,238.0,5995954
2023-01-13 00:00:00,BANKBARODA,181.8,185.25,181.25,184.9,15651311
2023-01-13 00:00:00,CANBK,318.0,325.2,316.6,324.6,10708251
2023-01-13 00:00:00,FEDERALBNK,135.5,138.8,134.05,138.45,22395780
2023-01-13 00:00:00,HDFCBANK,1598.75,1609.9,1586.0,1600.65,4622273
2023-01-13 00:00:00,ICICIBANK,864.7,874.9,858.3,873.45,11223103
2023-01-13 00:00:00,IDFCFIRSTB,59.9,60.45,59.45,60.2,22266548
2023-01-13 00:00:00,INDUSINDBK,1213.0,1237.3,1210.1,1234.4,2184432
2023-01-13 00:00:00,KOTAKBANK,1779.5,1787.3,1759.0,1780.3,3983197
2023-01-13 00:00:00,PNB,56.0,57.4,55.7,56.8,98864358
2023-01-13 00:00:00,SBIN,597.9,602.9,593.65,600.1,7877610
2023-01-13 00:00:00,UNIONBANK,78.45,80.2,77.85,78.75,12099047
2023-01-13 00:00:00,YESBANK,19.9,20.3,19.65,20.15,177999521
2023-01-16 00:00:00,AUBANK,623.65,629.75,618.2,624.0,578028
2023-01-16 00:00:00,AXISBANK,940.45,941.75,911.7,913.15,10008273
2023-01-16 00:00:00,BANDHANBNK,239.7,241.95,236.7,240.65,3949648
2023-01-16 00:00:00,BANKBARODA,185.5,188.0,184.6,185.8,18924642
2023-01-16 00:00:00,CANBK,324.9,328.0,322.3,323.05,9464206
2023-01-16 00:00:00,FEDERALBNK,139.25,143.4,137.15,140.3,58289006
2023-01-16 00:00:00,HDFCBANK,1615.0,1621.3,1580.3,1585.3,7374047
2023-01-16 00:00:00,ICICIBANK,877.25,877.45,861.05,865.25,8319812
2023-01-16 00:00:00,IDFCFIRSTB,60.45,61.2,60.25,60.55,28271421
2023-01-16 00:00:00,INDUSINDBK,1240.0,1250.0,1232.6,1239.25,2398823
2023-01-16 00:00:00,KOTAKBANK,1787.0,1799.0,1780.0,1784.8,2118161
2023-01-16 00:00:00,PNB,56.95,59.45,56.8,58.9,166603280
2023-01-16 00:00:00,SBIN,603.0,606.1,600.6,603.0,5483191
2023-01-16 00:00:00,UNIONBANK,79.1,83.4,79.05,82.95,34760901
2023-01-16 00:00:00,YESBANK,20.45,20.55,20.05,20.15,136916066
2023-01-17 00:00:00,AUBANK,624.95,630.45,621.65,628.0,995664
2023-01-17 00:00:00,AXISBANK,914.95,919.7,906.7,917.7,6904960
2023-01-17 00:00:00,BANDHANBNK,241.25,241.25,237.7,240.15,2816426
2023-01-17 00:00:00,BANKBARODA,185.6,186.75,179.3,181.8,18380191
2023-01-17 00:00:00,CANBK,323.9,325.85,312.05,319.6,8712534
2023-01-17 00:00:00,FEDERALBNK,142.5,142.9,135.0,138.0,46001364
2023-01-17 00:00:00,HDFCBANK,1589.8,1611.0,1577.5,1608.9,5393177
2023-01-17 00:00:00,ICICIBANK,866.95,867.95,858.1,865.15,12624859
2023-01-17 00:00:00,IDFCFIRSTB,60.75,60.75,58.4,59.2,29070697
2023-01-17 00:00:00,INDUSINDBK,1240.0,1240.0,1212.7,1230.35,1803413
2023-01-17 00:00:00,KOTAKBANK,1780.0,1801.95,1776.6,1797.65,2132394
2023-01-17 00:00:00,PNB,59.2,59.45,56.75,57.75,116738590
2023-01-17 00:00:00,SBIN,603.0,606.0,586.05,592.95,13461999
2023-01-17 00:00:00,UNIONBANK,83.5,83.8,79.8,81.45,22262142
2023-01-17 00:00:00,YESBANK,20.2,20.2,19.95,20.1,78608576
2023-01-18 00:00:00,AUBANK,630.0,632.0,625.0,629.5,658733
2023-01-18 00:00:00,AXISBANK,921.9,925.6,913.25,924.0,5730939
2023-01-18 00:00:00,BANDHANBNK,240.95,241.25,238.0,239.9,2670278
2023-01-18 00:00:00,BANKBARODA,182.1,182.35,177.35,178.25,21152950
2023-01-18 00:00:00,CANBK,319.9,322.0,315.8,317.4,5458403
2023-01-18 00:00:00,FEDERALBNK,138.7,138.75,134.75,136.7,19124929
2023-01-18 00:00:00,HDFCBANK,1605.0,1641.6,1599.7,1637.3,9545321
2023-01-18 00:00:00,ICICIBANK,864.45,872.0,858.65,869.5,11313898
2023-01-18 00:00:00,IDFCFIRSTB,59.45,59.85,59.0,59.3,15547909
2023-01-18 00:00:00,INDUSINDBK,1232.0,1238.0,1218.0,1223.0,1865108
2023-01-18 00:00:00,KOTAKBANK,1802.95,1827.0,1796.0,1799.1,2835232
2023-01-18 00:00:00,PNB,57.85,58.0,56.45,56.75,68557704
2023-01-18 00:00:00,SBIN,595.9,597.15,587.6,591.45,11538075
2023-01-18 00:00:00,UNIONBANK,81.5,82.25,80.65,81.25,8064214
2023-01-18 00:00:00,YESBANK,20.15,20.45,20.0,20.35,97888455
2023-01-19 00:00:00,AUBANK,628.55,630.8,618.85,621.25,607144
2023-01-19 00:00:00,AXISBANK,923.6,938.0,920.75,928.7,7721730
2023-01-19 00:00:00,BANDHANBNK,239.7,242.0,234.65,236.25,5855828
2023-01-19 00:00:00,BANKBARODA,177.95,178.3,176.0,177.9,10865755
2023-01-19 00:00:00,CANBK,316.7,321.35,314.4,320.15,4566634
2023-01-19 00:00:00,FEDERALBNK,136.45,137.8,135.0,136.0,12287029
2023-01-19 00:00:00,HDFCBANK,1637.0,1650.0,1633.0,1644.1,5586081
2023-01-19 00:00:00,ICICIBANK,868.0,870.55,862.0,866.15,6694679
2023-01-19 00:00:00,IDFCFIRSTB,58.95,59.6,58.75,59.4,13131866
2023-01-19 00:00:00,INDUSINDBK,1215.0,1245.0,1183.25,1200.55,9691261
2023-01-19 00:00:00,KOTAKBANK,1803.5,1803.5,1765.0,1767.3,4425644
2023-01-19 00:00:00,PNB,56.7,57.35,56.2,57.2,59090340
2023-01-19 00:00:00,SBIN,591.0,591.75,587.55,589.85,7475688
2023-01-19 00:00:00,UNIONBANK,80.9,82.25,80.5,81.6,8762013
2023-01-19 00:00:00,YESBANK,20.25,20.35,20.05,20.15,84048843
2023-01-20 00:00:00,AUBANK,627.85,629.15,613.9,616.35,1583943
2023-01-20 00:00:00,AXISBANK,931.25,934.85,924.65,930.55,4511360
2023-01-20 00:00:00,BANDHANBNK,236.35,241.8,232.5,237.15,7048865
2023-01-20 00:00:00,BANKBARODA,178.45,181.8,177.8,179.35,20620881
2023-01-20 00:00:00,CANBK,320.8,326.35,318.05,318.95,6798143
2023-01-20 00:00:00,FEDERALBNK,136.0,137.2,133.5,134.25,11820995
2023-01-20 00:00:00,HDFCBANK,1644.1,1669.0,1643.4,1660.95,9421702
2023-01-20 00:00:00,ICICIBANK,873.5,876.5,865.55,870.35,8127162
2023-01-20 00:00:00,IDFCFIRSTB,59.35,60.25,59.2,59.35,19902180
2023-01-20 00:00:00,INDUSINDBK,1208.6,1228.0,1198.5,1202.45,4144033
2023-01-20 00:00:00,KOTAKBANK,1778.9,1778.9,1757.0,1762.9,4270294
2023-01-20 00:00:00,PNB,57.45,58.1,56.75,56.95,60893155
2023-01-20 00:00:00,SBIN,593.8,596.6,590.8,592.2,6750607
2023-01-20 00:00:00,UNIONBANK,81.95,83.5,80.65,81.25,25750876
2023-01-20 00:00:00,YESBANK,20.15,20.15,19.65,19.75,132306803
2023-01-23 00:00:00,AUBANK,616.35,645.0,613.5,640.9,2321545
2023-01-23 00:00:00,AXISBANK,936.0,939.7,924.45,932.7,5236124
2023-01-23 00:00:00,BANDHANBNK,243.0,249.85,240.0,247.95,23551552
2023-01-23 00:00:00,BANKBARODA,180.45,182.1,179.85,180.55,12719955
2023-01-23 00:00:00,CANBK,321.6,326.55,319.5,323.05,13083365
2023-01-23 00:00:00,FEDERALBNK,135.1,136.35,134.0,136.0,12409370
2023-01-23 00:00:00,HDFCBANK,1666.25,1682.6,1661.4,1673.1,7722200
2023-01-23 00:00:00,ICICIBANK,882.0,883.3,864.6,871.7,16882379
2023-01-23 00:00:00,IDFCFIRSTB,61.5,61.85,59.0,59.3,58550580
2023-01-23 00:00:00,INDUSINDBK,1212.7,1220.15,1200.5,1204.7,1848813
2023-01-23 00:00:00,KOTAKBANK,1790.0,1799.65,1770.0,1783.75,7764627
2023-01-23 00:00:00,PNB,57.25,57.5,56.6,56.8,48030932
2023-01-23 00:00:00,SBIN,598.5,601.75,592.95,600.45,6604469
2023-01-23 00:00:00,UNIONBANK,82.6,83.45,80.9,81.5,11880967
2023-01-23 00:00:00,YESBANK,17.75,18.6,17.45,18.15,461080397
2023-01-24 00:00:00,AUBANK,642.5,642.5,630.45,634.7,878065
2023-01-24 00:00:00,AXISBANK,935.0,935.0,903.75,910.2,18527897
2023-01-24 00:00:00,BANDHANBNK,249.8,250.75,244.7,248.35,7580417
2023-01-24 00:00:00,BANKBARODA,181.0,182.1,177.55,177.95,15302459
2023-01-24 00:00:00,CANBK,324.35,328.0,318.05,320.15,8443043
2023-01-24 00:00:00,FEDERALBNK,136.7,136.85,134.05,135.0,9611256
2023-01-24 00:00:00,HDFCBANK,1675.05,1702.4,1675.0,1695.5,12491970
2023-01-24 00:00:00,ICICIBANK,879.0,881.7,868.0,870.75,11504090
2023-01-24 00:00:00,IDFCFIRSTB,59.3,59.65,58.6,58.8,17770730
2023-01-24 00:00:00,INDUSINDBK,1206.3,1219.8,1198.35,1212.3,2472106
2023-01-24 00:00:00,KOTAKBANK,1792.7,1792.7,1748.75,1760.25,4159188
2023-01-24 00:00:00,PNB,57.0,57.35,55.3,55.5,51548951
2023-01-24 00:00:00,SBIN,603.5,604.6,593.05,594.35,7609623
2023-01-24 00:00:00,UNIONBANK,81.8,82.35,80.25,80.65,9090900
2023-01-24 00:00:00,YESBANK,18.2,18.5,18.1,18.2,158031026
2023-01-25 00:00:00,AUBANK,633.5,634.95,613.5,615.9,1557125
2023-01-25 00:00:00,AXISBANK,905.0,907.45,884.2,892.35,11921748
2023-01-25 00:00:00,BANDHANBNK,247.0,248.35,243.65,244.95,4870562
2023-01-25 00:00:00,BANKBARODA,178.4,178.6,166.35,169.75,42652626
2023-01-25 00:00:00,CANBK,320.9,320.9,302.2,306.05,13880215
2023-01-25 00:00:00,FEDERALBNK,135.0,135.0,130.85,132.25,15133077
2023-01-25 00:00:00,HDFCBANK,1691.4,1692.95,1645.3,1648.65,7352071
2023-01-25 00:00:00,ICICIBANK,873.3,876.8,848.0,855.3,14918485
2023-01-25 00:00:00,IDFCFIRSTB,58.8,58.8,56.7,56.9,29346045
2023-01-25 00:00:00,INDUSINDBK,1210.0,1211.0,1151.35,1156.15,3420414
2023-01-25 00:00:00,KOTAKBANK,1757.0,1760.4,1733.0,1749.8,4280333
2023-01-25 00:00:00,PNB,55.45,55.55,53.15,53.7,83514024
2023-01-25 00:00:00,SBIN,595.85,595.85,567.4,568.7,25686294
2023-01-25 00:00:00,UNIONBANK,80.45,80.45,77.5,78.4,11152007
2023-01-25 00:00:00,YESBANK,18.2,18.2,17.55,17.9,169888903
2023-01-27 00:00:00,AUBANK,618.85,626.65,601.0,603.95,1776308
2023-01-27 00:00:00,AXISBANK,892.35,892.5,851.0,873.75,17300736
2023-01-27 00:00:00,BANDHANBNK,246.4,247.2,235.8,240.2,10059750
2023-01-27 00:00:00,BANKBARODA,170.6,170.6,156.1,157.25,46482837
2023-01-27 00:00:00,CANBK,307.8,307.8,286.1,291.0,15518076
2023-01-27 00:00:00,FEDERALBNK,132.95,133.3,129.4,132.0,13446595
2023-01-27 00:00:00,HDFCBANK,1632.0,1637.0,1589.95,1615.8,17589974
2023-01-27 00:00:00,ICICIBANK,839.15,843.0,813.1,817.2,39718683
2023-01-27 00:00:00,IDFCFIRSTB,57.5,57.65,54.2,55.7,40692202
2023-01-27 00:00:00,INDUSINDBK,1163.05,1168.65,1106.0,1116.4,4781085
2023-01-27 00:00:00,KOTAKBANK,1752.1,1752.1,1704.0,1713.1,7516979
2023-01-27 00:00:00,PNB,53.75,54.35,50.05,50.8,111244364
2023-01-27 00:00:00,SBIN,568.0,568.55,532.25,539.95,40163464
2023-01-27 00:00:00,UNIONBANK,78.45,78.8,72.35,74.9,23963704
2023-01-27 00:00:00,YESBANK,18.2,18.2,17.3,17.5,186338397
2023-01-30 00:00:00,AUBANK,604.0,613.65,598.5,606.25,1447773
2023-01-30 00:00:00,AXISBANK,851.9,885.5,846.15,871.85,21233998
2023-01-30 00:00:00,BANDHANBNK,240.0,247.0,238.25,241.9,4847378
2023-01-30 00:00:00,BANKBARODA,158.1,163.8,153.0,158.9,52599629
2023-01-30 00:00:00,CANBK,291.0,301.05,283.7,292.15,14427918
2023-01-30 00:00:00,FEDERALBNK,131.9,134.15,130.0,133.05,12277806
2023-01-30 00:00:00,HDFCBANK,1595.0,1625.3,1582.0,1614.15,9256411
2023-01-30 00:00:00,ICICIBANK,800.0,826.25,796.0,823.5,36301441
2023-01-30 00:00:00,IDFCFIRSTB,55.45,57.5,54.7,56.4,29977488
2023-01-30 00:00:00,INDUSINDBK,1110.0,1124.8,1055.0,1089.05,7991091
2023-01-30 00:00:00,KOTAKBANK,1713.1,1730.6,1683.85,1726.25,4939556
2023-01-30 00:00:00,PNB,51.1,53.25,49.1,50.7,148179904
2023-01-30 00:00:00,SBIN,536.0,554.35,525.2,538.2,40797825
2023-01-30 00:00:00,UNIONBANK,74.2,77.3,72.25,75.05,16941004
2023-01-30 00:00:00,YESBANK,17.5,17.9,17.0,17.1,210890783
2023-01-31 00:00:00,AUBANK,609.4,624.0,605.0,618.9,926518
2023-01-31 00:00:00,AXISBANK,873.0,879.3,861.1,871.6,16856151
2023-01-31 00:00:00,BANDHANBNK,241.2,244.95,238.65,244.2,4132547
2023-01-31 00:00:00,BANKBARODA,160.5,168.9,159.4,167.85,40527508
2023-01-31 00:00:00,CANBK,294.0,305.35,292.65,303.95,12722748
2023-01-31 00:00:00,FEDERALBNK,133.7,135.2,131.65,134.45,12256476
2023-01-31 00:00:00,HDFCBANK,1619.7,1622.7,1595.0,1603.5,9298122
2023-01-31 00:00:00,ICICIBANK,826.0,838.3,814.1,831.9,27291226
2023-01-31 00:00:00,IDFCFIRSTB,56.75,58.5,56.25,58.2,31753859
2023-01-31 00:00:00,INDUSINDBK,1097.05,1098.85,1068.35,1082.95,6080048
2023-01-31 00:00:00,KOTAKBANK,1730.5,1738.6,1713.05,1731.0,4385384
2023-01-31 00:00:00,PNB,51.0,54.0,50.55,53.55,114490184
2023-01-31 00:00:00,SBIN,545.0,557.0,537.85,553.5,21911943
2023-01-31 00:00:00,UNIONBANK,75.5,79.3,75.0,78.5,13742963
2023-01-31 00:00:00,YESBANK,17.1,17.6,16.75,17.25,172354037
2023-02-01 00:00:00,AUBANK,622.0,633.0,600.3,611.85,1069083
2023-02-01 00:00:00,AXISBANK,876.3,895.2,833.3,857.25,12409819
2023-02-01 00:00:00,BANDHANBNK,245.55,248.85,230.2,237.05,6112826
2023-02-01 00:00:00,BANKBARODA,169.5,169.9,151.1,154.6,70595394
2023-02-01 00:00:00,CANBK,307.0,309.0,273.65,284.45,18573785
2023-02-01 00:00:00,FEDERALBNK,135.45,136.45,127.1,131.35,12078487
2023-02-01 00:00:00,HDFCBANK,1624.0,1665.0,1606.0,1627.55,8651395
2023-02-01 00:00:00,ICICIBANK,843.45,875.2,823.15,847.95,39237711
2023-02-01 00:00:00,IDFCFIRSTB,58.95,59.75,55.05,56.5,40879663
2023-02-01 00:00:00,INDUSINDBK,1094.0,1119.0,990.0,1041.85,7563064
2023-02-01 00:00:00,KOTAKBANK,1745.0,1784.0,1720.75,1744.7,3652098
2023-02-01 00:00:00,PNB,54.25,54.4,48.3,50.3,159606635
2023-02-01 00:00:00,SBIN,561.4,565.0,499.35,527.35,38218810
2023-02-01 00:00:00,UNIONBANK,79.2,79.7,70.9,73.95,18757195
2023-02-01 00:00:00,YESBANK,17.3,17.55,16.65,16.9,165385637
2023-02-02 00:00:00,AUBANK,610.0,627.55,607.0,625.35,894783
2023-02-02 00:00:00,AXISBANK,850.95,872.0,837.05,868.45,9567053
2023-02-02 00:00:00,BANDHANBNK,235.5,238.45,222.5,226.85,10748375
2023-02-02 00:00:00,BANKBARODA,151.0,156.4,146.5,154.05,58831062
2023-02-02 00:00:00,CANBK,282.0,290.5,277.65,285.1,13509048
2023-02-02 00:00:00,FEDERALBNK,128.55,134.05,128.55,133.3,11753340
2023-02-02 00:00:00,HDFCBANK,1608.1,1624.5,1588.75,1603.35,8748553
2023-02-02 00:00:00,ICICIBANK,828.4,860.6,826.1,857.9,16798190
2023-02-02 00:00:00,IDFCFIRSTB,57.0,59.8,56.8,59.6,61949943
2023-02-02 00:00:00,INDUSINDBK,1034.9,1081.0,1028.4,1075.9,4494575
2023-02-02 00:00:00,KOTAKBANK,1720.0,1768.0,1720.0,1761.75,4184470
2023-02-02 00:00:00,PNB,50.0,52.25,48.6,50.8,121217105
2023-02-02 00:00:00,SBIN,520.2,532.65,502.5,528.1,39287056
2023-02-02 00:00:00,UNIONBANK,73.6,75.95,71.55,73.4,16806203
2023-02-02 00:00:00,YESBANK,16.85,17.25,16.7,16.85,123967342
2023-02-03 00:00:00,AUBANK,628.0,631.25,615.0,629.15,611768
2023-02-03 00:00:00,AXISBANK,873.0,885.0,859.25,882.6,7365732
2023-02-03 00:00:00,BANDHANBNK,229.0,232.25,223.1,227.7,7025274
2023-02-03 00:00:00,BANKBARODA,157.0,164.35,151.75,163.6,72557245
2023-02-03 00:00:00,CANBK,288.0,297.3,278.75,296.5,16406307
2023-02-03 00:00:00,FEDERALBNK,133.9,135.0,130.3,133.4,7881035
2023-02-03 00:00:00,HDFCBANK,1611.0,1660.5,1607.0,1658.8,7205550
2023-02-03 00:00:00,ICICIBANK,864.65,872.65,852.1,863.8,14914366
2023-02-03 00:00:00,IDFCFIRSTB,60.0,60.15,57.55,58.8,32921777
2023-02-03 00:00:00,INDUSINDBK,1110.0,1131.0,1079.0,1103.55,9207051
2023-02-03 00:00:00,KOTAKBANK,1770.6,1783.7,1745.2,1780.3,2675212
2023-02-03 00:00:00,PNB,51.25,52.3,49.2,51.8,114130816
2023-02-03 00:00:00,SBIN,536.0,545.95,519.15,544.2,32317232
2023-02-03 00:00:00,UNIONBANK,73.9,74.9,70.7,73.9,19317133
2023-02-03 00:00:00,YESBANK,16.95,17.15,16.15,16.45,156969022
2023-02-06 00:00:00,AUBANK,629.25,640.7,627.0,632.05,668139
2023-02-06 00:00:00,AXISBANK,871.85,899.15,870.6,882.65,10129098
2023-02-06 00:00:00,BANDHANBNK,228.7,237.2,228.0,236.25,7696925
2023-02-06 00:00:00,BANKBARODA,165.5,168.8,163.6,167.9,39343917
2023-02-06 00:00:00,CANBK,296.85,299.35,293.5,294.65,7873736
2023-02-06 00:00:00,FEDERALBNK,130.0,134.25,130.0,132.9,7602374
2023-02-06 00:00:00,HDFCBANK,1660.0,1669.4,1646.2,1651.75,5583836
2023-02-06 00:00:00,ICICIBANK,861.5,867.8,849.65,853.7,8463833
2023-02-06 00:00:00,IDFCFIRSTB,59.0,60.35,58.8,59.75,29353628
2023-02-06 00:00:00,INDUSINDBK,1109.0,1135.0,1100.45,1129.15,2865938
2023-02-06 00:00:00,KOTAKBANK,1775.0,1778.25,1740.0,1747.0,3040209
2023-02-06 00:00:00,PNB,51.9,52.3,51.1,51.4,57728571
2023-02-06 00:00:00,SBIN,558.8,558.8,536.55,545.4,25338586
2023-02-06 00:00:00,UNIONBANK,74.3,75.4,73.5,74.0,7331384
2023-02-06 00:00:00,YESBANK,16.5,17.0,16.4,16.65,208869003
2023-02-07 00:00:00,AUBANK,632.5,650.0,630.15,649.0,1562892
2023-02-07 00:00:00,AXISBANK,886.85,888.4,871.5,879.1,5055187
2023-02-07 00:00:00,BANDHANBNK,236.25,238.35,233.3,234.95,6825488
2023-02-07 00:00:00,BANKBARODA,167.9,170.5,166.55,168.55,26650769
2023-02-07 00:00:00,CANBK,295.45,300.5,293.4,294.75,6572235
2023-02-07 00:00:00,FEDERALBNK,133.25,133.25,130.5,131.0,12025284
2023-02-07 00:00:00,HDFCBANK,1659.4,1664.9,1632.6,1654.2,5132294
2023-02-07 00:00:00,ICICIBANK,855.0,856.0,847.2,852.75,9337066
2023-02-07 00:00:00,IDFCFIRSTB,59.9,60.15,59.1,59.9,27073089
2023-02-07 00:00:00,INDUSINDBK,1134.0,1148.15,1122.5,1142.9,3603258
2023-02-07 00:00:00,KOTAKBANK,1752.2,1780.0,1747.05,1775.4,3643187
2023-02-07 00:00:00,PNB,51.55,52.1,50.7,51.3,54786770
2023-02-07 00:00:00,SBIN,548.0,551.4,541.05,547.1,16195947
2023-02-07 00:00:00,UNIONBANK,74.25,74.4,72.85,73.25,6350775
2023-02-07 00:00:00,YESBANK,16.7,16.95,16.55,16.85,92270861
2023-02-08 00:00:00,AUBANK,650.95,652.9,645.3,649.0,776186
2023-02-08 00:00:00,AXISBANK,882.1,886.45,868.25,871.75,6572818
2023-02-08 00:00:00,BANDHANBNK,236.15,239.95,234.35,239.05,5398511
2023-02-08 00:00:00,BANKBARODA,168.5,169.45,166.05,168.0,21655466
2023-02-08 00:00:00,CANBK,295.45,297.8,292.0,295.65,5916213
2023-02-08 00:00:00,FEDERALBNK,131.45,131.85,130.15,131.35,6651377
2023-02-08 00:00:00,HDFCBANK,1654.25,1668.2,1650.0,1654.0,4222413
2023-02-08 00:00:00,ICICIBANK,852.5,860.7,851.9,859.1,8082983
2023-02-08 00:00:00,IDFCFIRSTB,59.45,60.25,59.4,59.5,21390443
2023-02-08 00:00:00,INDUSINDBK,1144.0,1151.25,1136.0,1145.35,1675932
2023-02-08 00:00:00,KOTAKBANK,1778.8,1780.0,1761.1,1765.5,1446690
2023-02-08 00:00:00,PNB,51.65,52.0,51.15,51.6,43092026
2023-02-08 00:00:00,SBIN,550.0,554.5,545.5,549.75,15502847
2023-02-08 00:00:00,UNIONBANK,73.25,73.95,72.3,72.7,9312500
2023-02-08 00:00:00,YESBANK,16.95,17.35,16.75,17.1,125682040
2023-02-09 00:00:00,AUBANK,652.0,652.75,636.0,640.85,713809
2023-02-09 00:00:00,AXISBANK,876.15,876.15,862.55,867.7,5993312
2023-02-09 00:00:00,BANDHANBNK,239.0,242.5,236.5,242.05,4975876
2023-02-09 00:00:00,BANKBARODA,168.0,170.95,164.3,169.45,24268013
2023-02-09 00:00:00,CANBK,295.5,296.8,288.15,293.0,6239893
2023-02-09 00:00:00,FEDERALBNK,131.35,131.4,129.0,129.95,9128501
2023-02-09 00:00:00,HDFCBANK,1660.0,1661.65,1635.55,1650.55,5888668
2023-02-09 00:00:00,ICICIBANK,858.5,864.9,851.6,860.8,6299265
2023-02-09 00:00:00,IDFCFIRSTB,59.7,59.7,58.2,58.75,17445192
2023-02-09 00:00:00,INDUSINDBK,1150.15,1168.2,1138.3,1163.8,2284751
2023-02-09 00:00:00,KOTAKBANK,1767.95,1775.2,1747.95,1770.9,2163825
2023-02-09 00:00:00,PNB,51.55,51.55,50.35,51.0,48710526
2023-02-09 00:00:00,SBIN,552.0,552.0,542.8,550.8,15061047
2023-02-09 00:00:00,UNIONBANK,72.7,73.65,71.4,72.55,8305455
2023-02-09 00:00:00,YESBANK,17.15,17.15,16.75,16.85,77906475
2023-02-10 00:00:00,AUBANK,642.0,652.6,642.0,649.95,739083
2023-02-10 00:00:00,AXISBANK,872.05,872.7,865.15,867.25,4603464
2023-02-10 00:00:00,BANDHANBNK,241.35,244.6,240.5,244.3,3804269
2023-02-10 00:00:00,BANKBARODA,169.8,173.85,168.6,169.3,34741224
2023-02-10 00:00:00,CANBK,290.85,299.5,290.85,293.9,7552040
2023-02-10 00:00:00,FEDERALBNK,129.65,132.3,129.5,131.45,7108094
2023-02-10 00:00:00,HDFCBANK,1648.8,1658.5,1642.2,1657.1,4086058
2023-02-10 00:00:00,ICICIBANK,855.55,861.9,852.0,853.85,8656405
2023-02-10 00:00:00,IDFCFIRSTB,58.7,59.05,57.85,58.1,17298126
2023-02-10 00:00:00,INDUSINDBK,1160.0,1167.0,1147.1,1161.2,2126093
2023-02-10 00:00:00,KOTAKBANK,1767.9,1778.65,1765.0,1772.05,1445942
2023-02-10 00:00:00,PNB,50.8,52.65,50.55,51.25,56528450
2023-02-10 00:00:00,SBIN,546.5,557.25,546.5,553.05,13824475
2023-02-10 00:00:00,UNIONBANK,72.35,75.4,71.85,73.55,11809675
2023-02-10 00:00:00,YESBANK,16.8,17.3,16.7,17.05,148680021
2023-02-13 00:00:00,AUBANK,648.45,652.75,633.6,634.7,1050676
2023-02-13 00:00:00,AXISBANK,867.25,870.45,856.5,859.1,5707194
2023-02-13 00:00:00,BANDHANBNK,244.1,245.0,236.65,237.05,4415666
2023-02-13 00:00:00,BANKBARODA,169.5,170.65,164.1,165.2,22382470
2023-02-13 00:00:00,CANBK,293.9,295.8,283.85,284.7,7065234
2023-02-13 00:00:00,FEDERALBNK,131.75,131.9,129.8,130.4,4384613
2023-02-13 00:00:00,HDFCBANK,1655.0,1661.75,1644.55,1658.35,2868472
2023-02-13 00:00:00,ICICIBANK,853.4,859.3,849.35,850.65,9394365
2023-02-13 00:00:00,IDFCFIRSTB,58.1,58.25,57.15,57.45,20135551
2023-02-13 00:00:00,INDUSINDBK,1165.0,1170.0,1148.6,1157.35,2112106
2023-02-13 00:00:00,KOTAKBANK,1775.1,1784.45,1761.65,1773.8,2389142
2023-02-13 00:00:00,PNB,51.4,51.6,49.8,50.2,53678758
2023-02-13 00:00:00,SBIN,554.0,556.9,533.3,537.5,18488732
2023-02-13 00:00:00,UNIONBANK,73.9,74.0,70.9,71.5,6107111
2023-02-13 00:00:00,YESBANK,17.05,17.15,16.55,16.7,177648359
2023-02-14 00:00:00,AUBANK,634.7,636.5,628.1,633.0,491778
2023-02-14 00:00:00,AXISBANK,862.55,871.9,854.25,870.75,7527755
2023-02-14 00:00:00,BANDHANBNK,237.2,238.1,232.1,236.05,3500256
2023-02-14 00:00:00,BANKBARODA,166.0,169.4,163.7,168.8,20137499
2023-02-14 00:00:00,CANBK,286.3,292.4,284.5,290.65,10681060
2023-02-14 00:00:00,FEDERALBNK,130.8,130.8,127.9,129.75,7680733
2023-02-14 00:00:00,HDFCBANK,1665.0,1677.5,1657.95,1673.7,5454296
2023-02-14 00:00:00,ICICIBANK,853.9,867.3,852.1,865.3,13402934
2023-02-14 00:00:00,IDFCFIRSTB,57.45,57.6,56.5,57.25,17828666
2023-02-14 00:00:00,INDUSINDBK,1160.7,1162.0,1137.0,1156.85,2433798
2023-02-14 00:00:00,KOTAKBANK,1770.0,1777.0,1763.75,1770.35,1614893
2023-02-14 00:00:00,PNB,50.4,51.15,49.5,50.8,44481427
2023-02-14 00:00:00,SBIN,539.95,544.6,530.75,540.85,18559909
2023-02-14 00:00:00,UNIONBANK,71.5,72.25,69.95,71.8,7112400
2023-02-14 00:00:00,YESBANK,16.75,16.85,16.25,16.4,67042640
2023-02-15 00:00:00,AUBANK,635.2,638.75,629.55,633.95,848205
2023-02-15 00:00:00,AXISBANK,872.0,872.2,861.6,868.3,7322266
2023-02-15 00:00:00,BANDHANBNK,236.05,242.8,235.5,242.3,7196960
2023-02-15 00:00:00,BANKBARODA,168.0,170.0,167.6,169.55,15662905
2023-02-15 00:00:00,CANBK,289.85,297.0,288.55,295.9,5382881
2023-02-15 00:00:00,FEDERALBNK,129.6,130.35,128.55,129.65,6266944
2023-02-15 00:00:00,HDFCBANK,1678.0,1678.0,1656.75,1670.3,5719356
2023-02-15 00:00:00,ICICIBANK,866.4,873.25,860.6,870.8,12070288
2023-02-15 00:00:00,IDFCFIRSTB,57.0,57.6,56.8,57.5,17237521
2023-02-15 00:00:00,INDUSINDBK,1155.0,1160.45,1145.0,1149.6,2050158
2023-02-15 00:00:00,KOTAKBANK,1768.45,1790.0,1760.25,1785.5,2409292
2023-02-15 00:00:00,PNB,50.45,51.05,50.25,50.9,26711967
2023-02-15 00:00:00,SBIN,540.0,544.65,536.8,542.25,12796579
2023-02-15 00:00:00,UNIONBANK,71.7,72.7,71.1,72.2,6064470
2023-02-15 00:00:00,YESBANK,16.3,16.5,16.2,16.4,69598730
2023-02-16 00:00:00,AUBANK,639.0,639.7,623.35,626.45,546492
2023-02-16 00:00:00,AXISBANK,872.8,874.3,862.25,864.75,5843235
2023-02-16 00:00:00,BANDHANBNK,243.0,244.5,240.85,242.1,5045368
2023-02-16 00:00:00,BANKBARODA,170.4,171.35,169.05,170.1,16113489
2023-02-16 00:00:00,CANBK,297.8,298.65,294.05,294.95,4813057
2023-02-16 00:00:00,FEDERALBNK,130.75,132.05,129.9,130.25,10039227
2023-02-16 00:00:00,HDFCBANK,1673.2,1681.9,1661.0,1664.25,4031250
2023-02-16 00:00:00,ICICIBANK,875.95,877.8,864.85,869.45,10715685
2023-02-16 00:00:00,IDFCFIRSTB,57.8,57.8,56.9,57.0,16901709
2023-02-16 00:00:00,INDUSINDBK,1155.35,1156.1,1143.7,1148.35,1918858
2023-02-16 00:00:00,KOTAKBANK,1794.0,1803.9,1783.55,1787.95,2291602
2023-02-16 00:00:00,PNB,50.95,51.25,50.4,50.8,25514798
2023-02-16 00:00:00,SBIN,546.85,546.85,538.5,540.1,12767016
2023-02-16 00:00:00,UNIONBANK,72.8,73.15,71.8,72.25,5460422
2023-02-16 00:00:00,YESBANK,16.4,16.5,16.2,16.25,66369663
2023-02-17 00:00:00,AUBANK,626.0,626.0,604.5,613.5,1686927
2023-02-17 00:00:00,AXISBANK,861.0,868.25,850.0,854.9,8420479
2023-02-17 00:00:00,BANDHANBNK,240.95,241.4,234.2,235.0,4577513
2023-02-17 00:00:00,BANKBARODA,169.0,169.15,164.55,166.8,19597310
2023-02-17 00:00:00,CANBK,294.0,295.3,290.05,293.65,6573332
2023-02-17 00:00:00,FEDERALBNK,129.85,130.2,126.7,127.1,13966049
2023-02-17 00:00:00,HDFCBANK,1661.0,1668.15,1642.95,1655.9,4478135
2023-02-17 00:00:00,ICICIBANK,867.55,867.55,855.15,862.65,9990618
2023-02-17 00:00:00,IDFCFIRSTB,56.9,57.0,55.7,55.9,18757195
2023-02-17 00:00:00,INDUSINDBK,1142.0,1143.9,1109.0,1114.7,3146155
2023-02-17 00:00:00,KOTAKBANK,1783.1,1791.4,1751.05,1759.25,2587909
2023-02-17 00:00:00,PNB,50.55,50.55,49.5,49.7,37386646
2023-02-17 00:00:00,SBIN,538.5,539.65,527.75,531.0,14192008
2023-02-17 00:00:00,UNIONBANK,71.65,71.75,70.55,70.9,4812342
2023-02-17 00:00:00,YESBANK,16.25,16.35,16.0,16.1,60097807
2023-02-20 00:00:00,AUBANK,613.8,614.7,600.5,603.05,1506325
2023-02-20 00:00:00,AXISBANK,859.7,861.2,842.5,846.75,5992322
2023-02-20 00:00:00,BANDHANBNK,235.15,238.95,234.6,235.65,4340061
2023-02-20 00:00:00,BANKBARODA,167.0,168.4,163.3,164.25,17285378
2023-02-20 00:00:00,CANBK,294.0,296.25,288.1,289.0,4939123
2023-02-20 00:00:00,FEDERALBNK,127.1,127.4,125.3,126.0,9530070
2023-02-20 00:00:00,HDFCBANK,1660.0,1669.45,1634.8,1640.35,4043353
2023-02-20 00:00:00,ICICIBANK,862.65,866.55,850.25,852.1,9013430
2023-02-20 00:00:00,IDFCFIRSTB,56.0,56.1,54.8,55.0,22030126
2023-02-20 00:00:00,INDUSINDBK,1117.25,1122.8,1103.8,1109.3,1613608
2023-02-20 00:00:00,KOTAKBANK,1768.05,1768.05,1730.1,1737.3,3224839
2023-02-20 00:00:00,PNB,49.75,50.5,49.3,49.5,52556924
2023-02-20 00:00:00,SBIN,532.0,533.95,522.15,525.15,12570032
2023-02-20 00:00:00,UNIONBANK,71.0,71.6,69.9,70.4,5267372
2023-02-20 00:00:00,YESBANK,16.2,16.75,16.1,16.6,173752454
2023-02-21 00:00:00,AUBANK,607.05,611.5,599.45,605.1,1166085
2023-02-21 00:00:00,AXISBANK,849.0,849.0,837.4,844.05,9677064
2023-02-21 00:00:00,BANDHANBNK,235.7,236.15,229.0,229.8,6710337
2023-02-21 00:00:00,BANKBARODA,164.5,164.5,159.5,159.9,34585035
2023-02-21 00:00:00,CANBK,289.9,289.9,278.45,278.95,13397274
2023-02-21 00:00:00,FEDERALBNK,126.4,128.3,125.05,127.35,9155033
2023-02-21 00:00:00,HDFCBANK,1640.0,1662.35,1634.0,1646.5,6194648
2023-02-21 00:00:00,ICICIBANK,854.4,859.45,846.85,854.2,11704445
2023-02-21 00:00:00,IDFCFIRSTB,55.15,55.25,54.05,54.6,24268699
2023-02-21 00:00:00,INDUSINDBK,1110.0,1112.15,1096.0,1101.75,1767689
2023-02-21 00:00:00,KOTAKBANK,1745.0,1745.0,1725.05,1730.2,2936934
2023-02-21 00:00:00,PNB,49.7,50.0,48.8,49.05,51854291
2023-02-21 00:00:00,SBIN,527.1,528.95,522.4,523.45,10223218
2023-02-21 00:00:00,UNIONBANK,70.6,70.85,69.15,69.55,7033623
2023-02-21 00:00:00,YESBANK,16.75,17.0,16.45,16.7,173188893
2023-02-22 00:00:00,AUBANK,603.0,606.3,588.25,595.4,1077300
2023-02-22 00:00:00,AXISBANK,840.0,843.0,829.55,833.35,6984037
2023-02-22 00:00:00,BANDHANBNK,227.3,229.25,226.05,228.0,4211645
2023-02-22 00:00:00,BANKBARODA,158.7,159.35,155.6,157.1,22746525
2023-02-22 00:00:00,CANBK,278.0,278.0,270.5,274.15,9232454
2023-02-22 00:00:00,FEDERALBNK,126.8,127.25,124.8,125.2,5283351
2023-02-22 00:00:00,HDFCBANK,1639.0,1641.95,1609.05,1614.2,5179551
2023-02-22 00:00:00,ICICIBANK,851.25,854.1,834.75,839.25,13880984
2023-02-22 00:00:00,IDFCFIRSTB,54.4,54.45,53.2,53.4,25387270
2023-02-22 00:00:00,INDUSINDBK,1096.75,1096.95,1079.2,1092.75,1983022
2023-02-22 00:00:00,KOTAKBANK,1723.95,1726.1,1698.0,1700.55,3539149
2023-02-22 00:00:00,PNB,48.75,48.85,47.5,47.8,50161602
2023-02-22 00:00:00,SBIN,520.75,521.9,512.5,516.35,14763050
2023-02-22 00:00:00,UNIONBANK,69.5,69.5,67.25,67.6,7708120
2023-02-22 00:00:00,YESBANK,16.65,16.7,16.1,16.3,106084194
2023-02-23 00:00:00,AUBANK,596.0,598.75,585.0,593.4,1294389
2023-02-23 00:00:00,AXISBANK,833.05,848.25,830.2,844.35,8437003
2023-02-23 00:00:00,BANDHANBNK,228.45,229.9,223.8,229.1,4493260
2023-02-23 00:00:00,BANKBARODA,157.6,158.4,153.15,155.5,28791025
2023-02-23 00:00:00,CANBK,275.35,276.6,270.5,273.8,7074211
2023-02-23 00:00:00,FEDERALBNK,125.2,128.25,124.1,127.85,9981405
2023-02-23 00:00:00,HDFCBANK,1613.0,1618.85,1592.1,1603.25,13941005
2023-02-23 00:00:00,ICICIBANK,836.55,844.45,833.55,839.75,11743574
2023-02-23 00:00:00,IDFCFIRSTB,53.5,54.45,53.0,53.75,40993719
2023-02-23 00:00:00,INDUSINDBK,1092.7,1097.55,1066.65,1075.6,3193602
2023-02-23 00:00:00,KOTAKBANK,1707.4,1713.75,1687.75,1707.15,2770110
2023-02-23 00:00:00,PNB,48.0,48.6,47.25,48.25,59329147
2023-02-23 00:00:00,SBIN,516.95,524.0,511.35,521.0,15535085
2023-02-23 00:00:00,UNIONBANK,67.3,68.6,66.45,68.0,9840051
2023-02-23 00:00:00,YESBANK,16.25,16.55,16.15,16.4,74749112
2023-02-24 00:00:00,AUBANK,597.0,606.6,595.65,598.05,999140
2023-02-24 00:00:00,AXISBANK,850.1,854.6,844.45,851.4,7763814
2023-02-24 00:00:00,BANDHANBNK,230.5,233.65,228.0,228.8,3407737
2023-02-24 00:00:00,BANKBARODA,156.5,157.7,153.65,154.6,22601120
2023-02-24 00:00:00,CANBK,275.25,276.9,268.8,271.1,8263410
2023-02-24 00:00:00,FEDERALBNK,128.6,129.0,126.75,127.15,6152834
2023-02-24 00:00:00,HDFCBANK,1617.9,1617.9,1585.2,1588.95,8530870
2023-02-24 00:00:00,ICICIBANK,843.95,845.6,835.55,839.7,8246139
2023-02-24 00:00:00,IDFCFIRSTB,54.15,55.05,54.05,54.3,26667699
2023-02-24 00:00:00,INDUSINDBK,1080.05,1089.65,1069.6,1079.15,1862986
2023-02-24 00:00:00,KOTAKBANK,1713.0,1724.25,1694.0,1697.3,2080363
2023-02-24 00:00:00,PNB,48.6,49.15,47.35,47.55,43992957
2023-02-24 00:00:00,SBIN,524.2,527.5,517.6,521.05,12253035
2023-02-24 00:00:00,UNIONBANK,69.1,69.5,66.0,66.85,9881953
2023-02-24 00:00:00,YESBANK,16.45,16.55,16.1,16.15,88544284
2023-02-27 00:00:00,AUBANK,598.05,600.4,586.2,597.2,1169695
2023-02-27 00:00:00,AXISBANK,851.85,858.45,845.95,854.35,8064267
2023-02-27 00:00:00,BANDHANBNK,228.8,229.2,222.8,227.4,4457508
2023-02-27 00:00:00,BANKBARODA,154.5,159.4,153.6,159.0,29046654
2023-02-27 00:00:00,CANBK,270.9,277.2,269.45,276.1,7397267
2023-02-27 00:00:00,FEDERALBNK,127.0,129.0,125.8,128.65,8137444
2023-02-27 00:00:00,HDFCBANK,1585.9,1599.0,1577.3,1592.9,7156486
2023-02-27 00:00:00,ICICIBANK,833.55,858.3,833.55,856.4,14422574
2023-02-27 00:00:00,IDFCFIRSTB,54.25,54.65,53.85,54.4,16776470
2023-02-27 00:00:00,INDUSINDBK,1079.95,1089.85,1067.05,1081.95,2047252
2023-02-27 00:00:00,KOTAKBANK,1698.3,1729.8,1690.8,1725.95,2343798
2023-02-27 00:00:00,PNB,47.5,48.3,47.2,48.1,60479465
2023-02-27 00:00:00,SBIN,521.1,529.8,519.0,527.7,11048799
2023-02-27 00:00:00,UNIONBANK,66.7,67.1,65.35,66.45,10301884
2023-02-27 00:00:00,YESBANK,16.15,16.55,16.0,16.4,94589990
2023-02-28 00:00:00,AUBANK,596.75,606.0,589.5,592.9,1360975
2023-02-28 00:00:00,AXISBANK,855.95,857.6,840.0,844.1,13012372
2023-02-28 00:00:00,BANDHANBNK,228.55,232.0,225.5,230.9,4206214
2023-02-28 00:00:00,BANKBARODA,160.25,161.25,157.2,159.0,179242251
2023-02-28 00:00:00,CANBK,277.3,280.4,274.0,279.55,6161412
2023-02-28 00:00:00,FEDERALBNK,128.75,130.0,127.6,129.15,8178756
2023-02-28 00:00:00,HDFCBANK,1592.0,1605.3,1588.7,1599.6,9496996
2023-02-28 00:00:00,ICICIBANK,854.9,858.0,850.0,854.85,19600146
2023-02-28 00:00:00,IDFCFIRSTB,54.55,55.5,54.1,55.15,25579480
2023-02-28 00:00:00,INDUSINDBK,1082.5,1089.9,1068.05,1077.7,1360243
2023-02-28 00:00:00,KOTAKBANK,1725.95,1741.4,1721.65,1729.25,4395098
2023-02-28 00:00:00,PNB,48.25,48.6,47.65,48.35,45553040
2023-02-28 00:00:00,SBIN,527.25,528.45,521.05,522.8,15768010
2023-02-28 00:00:00,UNIONBANK,66.5,67.6,66.25,67.25,8770598
2023-02-28 00:00:00,YESBANK,16.4,17.65,16.3,17.45,212755636
2023-03-01 00:00:00,AUBANK,593.0,613.5,591.0,611.5,1079988
2023-03-01 00:00:00,AXISBANK,846.05,868.75,845.05,865.15,12345125
2023-03-01 00:00:00,BANDHANBNK,230.6,236.0,230.0,235.15,2913920
2023-03-01 00:00:00,BANKBARODA,157.9,164.7,157.6,164.4,25974322
2023-03-01 00:00:00,CANBK,279.9,289.5,278.7,288.8,7486961
2023-03-01 00:00:00,FEDERALBNK,129.85,134.75,129.15,134.35,13898807
2023-03-01 00:00:00,HDFCBANK,1612.0,1613.0,1595.75,1598.05,7068628
2023-03-01 00:00:00,ICICIBANK,864.0,864.0,851.85,856.3,11015843
2023-03-01 00:00:00,IDFCFIRSTB,55.25,56.25,55.15,55.7,17589664
2023-03-01 00:00:00,INDUSINDBK,1077.05,1106.55,1070.1,1100.45,4006038
2023-03-01 00:00:00,KOTAKBANK,1729.25,1750.6,1726.0,1744.9,5613386
2023-03-01 00:00:00,PNB,48.35,50.95,48.2,50.15,54733648
2023-03-01 00:00:00,SBIN,523.25,537.4,523.1,536.7,13510198
2023-03-01 00:00:00,UNIONBANK,67.2,68.4,66.9,67.3,19101022
2023-03-01 00:00:00,YESBANK,17.55,18.4,17.55,18.3,282273280
2023-03-02 00:00:00,AUBANK,611.0,620.0,605.85,611.35,1774214
2023-03-02 00:00:00,AXISBANK,866.0,866.8,843.5,845.45,13900508
2023-03-02 00:00:00,BANDHANBNK,235.5,236.9,232.6,234.3,2597341
2023-03-02 00:00:00,BANKBARODA,164.45,166.35,162.8,164.65,16266106
2023-03-02 00:00:00,CANBK,287.9,292.9,286.3,290.4,7126666
2023-03-02 00:00:00,FEDERALBNK,134.1,135.4,132.45,133.35,10331343
2023-03-02 00:00:00,HDFCBANK,1594.0,1605.95,1582.0,1584.45,8695907
2023-03-02 00:00:00,ICICIBANK,853.0,861.85,851.1,854.0,12327141
2023-03-02 00:00:00,IDFCFIRSTB,55.7,56.45,55.05,55.15,25302931
2023-03-02 00:00:00,INDUSINDBK,1099.95,1110.5,1093.4,1102.05,3831094
2023-03-02 00:00:00,KOTAKBANK,1735.6,1746.35,1718.0,1721.7,4119935
2023-03-02 00:00:00,PNB,50.15,50.25,49.4,49.75,39689768
2023-03-02 00:00:00,SBIN,535.95,539.9,532.5,533.75,10376913
2023-03-02 00:00:00,UNIONBANK,67.5,68.2,66.6,66.85,10632545
2023-03-02 00:00:00,YESBANK,18.4,18.6,17.3,17.5,246207153
2023-03-03 00:00:00,AUBANK,616.25,625.5,610.5,623.25,1615160
2023-03-03 00:00:00,AXISBANK,849.75,858.6,845.6,852.65,7977804
2023-03-03 00:00:00,BANDHANBNK,235.55,238.25,232.9,233.45,5027035
2023-03-03 00:00:00,BANKBARODA,168.0,173.75,168.0,172.9,34946790
2023-03-03 00:00:00,CANBK,293.95,306.0,293.5,305.2,13642093
2023-03-03 00:00:00,FEDERALBNK,134.05,135.2,134.0,134.2,8336592
2023-03-03 00:00:00,HDFCBANK,1596.0,1620.0,1588.0,1615.9,7493117
2023-03-03 00:00:00,ICICIBANK,856.75,873.0,849.85,868.55,12823098
2023-03-03 00:00:00,IDFCFIRSTB,55.6,56.75,55.55,56.4,25512205
2023-03-03 00:00:00,INDUSINDBK,1109.0,1133.2,1104.75,1126.4,3365349
2023-03-03 00:00:00,KOTAKBANK,1732.0,1765.0,1719.9,1751.0,3626269
2023-03-03 00:00:00,PNB,50.15,51.9,50.15,51.8,75460112
2023-03-03 00:00:00,SBIN,542.0,564.3,541.75,561.2,27656538
2023-03-03 00:00:00,UNIONBANK,67.55,73.0,67.55,72.4,42879581
2023-03-03 00:00:00,YESBANK,17.5,17.7,16.8,16.85,269921902
2023-03-06 00:00:00,AUBANK,625.9,630.0,622.0,624.55,1067601
2023-03-06 00:00:00,AXISBANK,856.95,863.75,855.6,859.5,10781567
2023-03-06 00:00:00,BANDHANBNK,235.7,236.45,231.4,232.25,3967163
2023-03-06 00:00:00,BANKBARODA,173.55,176.4,172.45,173.1,23752197
2023-03-06 00:00:00,CANBK,306.75,308.95,304.5,305.65,6282170
2023-03-06 00:00:00,FEDERALBNK,135.4,135.95,133.7,134.15,10685105
2023-03-06 00:00:00,HDFCBANK,1620.0,1639.45,1618.05,1627.3,13502355
2023-03-06 00:00:00,ICICIBANK,871.75,876.85,865.35,867.75,13904231
2023-03-06 00:00:00,IDFCFIRSTB,56.7,57.85,56.55,57.15,30200876
2023-03-06 00:00:00,INDUSINDBK,1132.0,1140.0,1116.65,1120.6,3623590
2023-03-06 00:00:00,KOTAKBANK,1756.3,1764.6,1741.45,1751.0,5186846
2023-03-06 00:00:00,PNB,52.05,52.45,51.15,51.3,47324177
2023-03-06 00:00:00,SBIN,564.9,567.9,559.0,561.7,16162268
2023-03-06 00:00:00,UNIONBANK,74.0,75.6,71.25,72.2,22288338
2023-03-06 00:00:00,YESBANK,16.8,17.25,16.5,16.9,166703741
2023-03-08 00:00:00,AUBANK,618.5,633.0,618.5,631.1,824314
2023-03-08 00:00:00,AXISBANK,858.5,862.5,853.05,860.95,8785735
2023-03-08 00:00:00,BANDHANBNK,232.0,232.0,225.0,230.1,6624245
2023-03-08 00:00:00,BANKBARODA,171.0,174.65,170.75,174.0,14441376
2023-03-08 00:00:00,CANBK,302.0,311.9,302.0,311.5,8044479
2023-03-08 00:00:00,FEDERALBNK,133.9,136.25,132.9,135.9,7830013
2023-03-08 00:00:00,HDFCBANK,1620.0,1639.5,1620.0,1630.55,10049887
2023-03-08 00:00:00,ICICIBANK,866.65,873.65,861.5,872.1,16144568
2023-03-08 00:00:00,IDFCFIRSTB,57.1,58.1,56.5,57.65,30672621
2023-03-08 00:00:00,INDUSINDBK,1109.65,1179.0,1105.55,1174.25,7227479
2023-03-08 00:00:00,KOTAKBANK,1736.0,1744.3,1726.85,1740.2,5202608
2023-03-08 00:00:00,PNB,51.0,51.65,50.65,51.5,37125655
2023-03-08 00:00:00,SBIN,560.0,565.5,556.45,564.8,12637578
2023-03-08 00:00:00,UNIONBANK,71.25,73.65,70.65,73.4,13937593
2023-03-08 00:00:00,YESBANK,16.85,16.85,16.4,16.7,99406365
2023-03-09 00:00:00,AUBANK,632.0,636.65,622.5,623.75,953543
2023-03-09 00:00:00,AXISBANK,862.5,874.25,862.0,867.8,14746065
2023-03-09 00:00:00,BANDHANBNK,231.1,231.3,226.1,226.85,3482036
2023-03-09 00:00:00,BANKBARODA,174.6,175.0,170.95,171.55,11038443
2023-03-09 00:00:00,CANBK,311.7,313.7,309.1,310.35,6850617
2023-03-09 00:00:00,FEDERALBNK,136.2,136.45,133.85,134.2,6794833
2023-03-09 00:00:00,HDFCBANK,1629.95,1645.95,1627.0,1630.7,10350083
2023-03-09 00:00:00,ICICIBANK,867.2,869.8,854.15,855.95,10624440
2023-03-09 00:00:00,IDFCFIRSTB,57.8,57.85,57.0,57.2,15449160
2023-03-09 00:00:00,INDUSINDBK,1174.25,1182.65,1162.3,1169.8,3086720
2023-03-09 00:00:00,KOTAKBANK,1739.3,1744.55,1713.7,1716.7,6928316
2023-03-09 00:00:00,PNB,51.5,51.75,50.7,50.9,26784782
2023-03-09 00:00:00,SBIN,564.75,565.75,558.0,558.9,8993423
2023-03-09 00:00:00,UNIONBANK,73.45,73.9,71.75,72.25,8344489
2023-03-09 00:00:00,YESBANK,16.65,16.95,16.5,16.55,99557952
2023-03-10 00:00:00,AUBANK,616.0,626.45,612.3,624.5,1421904
2023-03-10 00:00:00,AXISBANK,859.6,861.6,845.5,851.9,11198583
2023-03-10 00:00:00,BANDHANBNK,224.8,225.7,220.3,224.85,6411858
2023-03-10 00:00:00,BANKBARODA,170.7,170.7,166.05,167.8,18452431
2023-03-10 00:00:00,CANBK,306.5,307.0,295.4,298.2,9835952
2023-03-10 00:00:00,FEDERALBNK,133.25,133.4,131.8,133.0,6662275
2023-03-10 00:00:00,HDFCBANK,1610.45,1613.75,1585.0,1588.65,13693500
2023-03-10 00:00:00,ICICIBANK,844.7,845.35,836.25,842.65,17273189
2023-03-10 00:00:00,IDFCFIRSTB,56.8,56.85,55.8,56.1,17833800
2023-03-10 00:00:00,INDUSINDBK,1155.1,1162.25,1138.0,1144.8,3255900
2023-03-10 00:00:00,KOTAKBANK,1707.0,1713.5,1692.0,1699.3,4876144
2023-03-10 00:00:00,PNB,50.45,50.45,49.35,49.9,32660079
2023-03-10 00:00:00,SBIN,553.1,554.95,545.0,547.35,11522371
2023-03-10 00:00:00,UNIONBANK,71.4,71.4,69.7,70.55,7850068
2023-03-10 00:00:00,YESBANK,16.4,16.75,16.3,16.5,93220422
2023-03-13 00:00:00,AUBANK,619.0,622.35,594.05,596.45,3529195
2023-03-13 00:00:00,AXISBANK,845.6,857.0,828.45,832.35,8315798
2023-03-13 00:00:00,BANDHANBNK,226.0,227.2,217.05,217.9,6385092
2023-03-13 00:00:00,BANKBARODA,167.0,170.0,163.45,163.9,18595906
2023-03-13 00:00:00,CANBK,296.5,303.45,287.5,288.55,11160363
2023-03-13 00:00:00,FEDERALBNK,131.95,133.45,128.75,129.5,7173855
2023-03-13 00:00:00,HDFCBANK,1587.9,1603.8,1564.95,1568.55,13221775
2023-03-13 00:00:00,ICICIBANK,841.45,855.3,823.95,828.4,16413159
2023-03-13 00:00:00,IDFCFIRSTB,55.95,56.3,54.55,54.75,20976044
2023-03-13 00:00:00,INDUSINDBK,1119.0,1119.5,1055.0,1060.1,12242080
2023-03-13 00:00:00,KOTAKBANK,1699.0,1723.3,1666.2,1673.9,8978938
2023-03-13 00:00:00,PNB,49.9,50.25,48.0,48.15,44252288
2023-03-13 00:00:00,SBIN,547.0,553.15,528.45,530.0,14373729
2023-03-13 00:00:00,UNIONBANK,70.7,71.45,68.7,69.25,9150800
2023-03-13 00:00:00,YESBANK,14.4,16.3,14.4,15.65,560565493
2023-03-14 00:00:00,AUBANK,596.0,606.9,588.3,590.65,1493303
2023-03-14 00:00:00,AXISBANK,828.0,835.7,817.4,832.85,12573734
2023-03-14 00:00:00,BANDHANBNK,217.9,218.15,205.2,206.05,15322776
2023-03-14 00:00:00,BANKBARODA,164.0,164.9,161.0,162.4,22898154
2023-03-14 00:00:00,CANBK,288.8,289.7,281.35,286.3,10288358
2023-03-14 00:00:00,FEDERALBNK,129.5,130.25,127.5,127.75,10242575
2023-03-14 00:00:00,HDFCBANK,1570.25,1583.6,1559.3,1564.35,16592806
2023-03-14 00:00:00,ICICIBANK,827.0,834.45,818.25,830.35,15456802
2023-03-14 00:00:00,IDFCFIRSTB,54.8,55.2,54.2,54.8,18978401
2023-03-14 00:00:00,INDUSINDBK,1060.1,1082.4,1052.2,1064.0,5410127
2023-03-14 00:00:00,KOTAKBANK,1673.0,1677.55,1643.5,1648.25,14138986
2023-03-14 00:00:00,PNB,48.2,48.85,47.6,48.15,57868867
2023-03-14 00:00:00,SBIN,527.65,532.8,520.0,525.4,14750800
2023-03-14 00:00:00,UNIONBANK,69.0,69.6,65.7,66.2,15393042
2023-03-14 00:00:00,YESBANK,15.7,15.95,15.45,15.55,179730170
2023-03-15 00:00:00,AUBANK,596.75,599.65,580.25,583.2,862519
2023-03-15 00:00:00,AXISBANK,838.05,843.5,819.35,824.05,6652641
2023-03-15 00:00:00,BANDHANBNK,209.0,210.8,204.45,205.8,8503683
2023-03-15 00:00:00,BANKBARODA,164.4,164.95,158.4,159.2,19255062
2023-03-15 00:00:00,CANBK,290.1,291.15,279.0,281.15,6607789
2023-03-15 00:00:00,FEDERALBNK,129.5,129.7,126.05,126.6,7183525
2023-03-15 00:00:00,HDFCBANK,1578.0,1582.9,1536.6,1541.9,18632377
2023-03-15 00:00:00,ICICIBANK,836.45,843.95,822.2,825.9,12914488
2023-03-15 00:00:00,IDFCFIRSTB,55.65,56.45,54.6,54.75,31109683
2023-03-15 00:00:00,INDUSINDBK,1079.8,1086.55,1040.0,1044.35,4117107
2023-03-15 00:00:00,KOTAKBANK,1668.0,1688.0,1661.6,1665.95,4692363
2023-03-15 00:00:00,PNB,48.85,49.05,47.4,47.7,39104721
2023-03-15 00:00:00,SBIN,529.8,532.0,515.55,517.55,11282329
2023-03-15 00:00:00,UNIONBANK,67.5,68.3,65.1,65.6,10953046
2023-03-15 00:00:00,YESBANK,15.5,15.85,15.3,15.35,139128847
2023-03-16 00:00:00,AUBANK,582.0,588.95,573.85,584.0,1453328
2023-03-16 00:00:00,AXISBANK,821.5,837.9,814.3,830.55,8791383
2023-03-16 00:00:00,BANDHANBNK,205.8,205.8,197.75,204.4,9437354
2023-03-16 00:00:00,BANKBARODA,158.7,161.45,155.6,159.75,24291234
2023-03-16 00:00:00,CANBK,280.0,285.6,275.7,281.65,9840727
2023-03-16 00:00:00,FEDERALBNK,126.6,128.0,124.55,127.3,9318760
2023-03-16 00:00:00,HDFCBANK,1539.0,1559.1,1532.05,1551.9,10876671
2023-03-16 00:00:00,ICICIBANK,829.7,831.3,810.3,823.9,14987868
2023-03-16 00:00:00,IDFCFIRSTB,54.6,55.7,53.9,55.35,27896428
2023-03-16 00:00:00,INDUSINDBK,1040.0,1041.95,1001.9,1017.8,9261210
2023-03-16 00:00:00,KOTAKBANK,1670.0,1678.85,1648.2,1663.55,3632063
2023-03-16 00:00:00,PNB,47.7,48.45,46.8,48.0,56323397
2023-03-16 00:00:00,SBIN,518.4,529.35,514.3,524.5,20040008
2023-03-16 00:00:00,UNIONBANK,65.0,65.4,63.5,64.5,16875112
2023-03-16 00:00:00,YESBANK,15.35,15.35,14.8,14.9,207783632
2023-03-17 00:00:00,AUBANK,591.05,594.05,581.3,590.25,1049797
2023-03-17 00:00:00,AXISBANK,835.0,841.5,823.0,837.4,7762461
2023-03-17 00:00:00,BANDHANBNK,206.05,209.8,205.6,207.4,8089756
2023-03-17 00:00:00,BANKBARODA,162.05,162.65,158.15,160.05,26762767
2023-03-17 00:00:00,CANBK,285.0,286.0,276.5,281.75,8292983
2023-03-17 00:00:00,FEDERALBNK,127.8,129.05,127.8,128.4,8882157
2023-03-17 00:00:00,HDFCBANK,1557.5,1579.2,1540.0,1572.65,11475438
2023-03-17 00:00:00,ICICIBANK,831.8,838.4,818.65,836.25,11104490
2023-03-17 00:00:00,IDFCFIRSTB,55.85,56.15,54.85,55.2,21226200
2023-03-17 00:00:00,INDUSINDBK,1038.0,1038.6,1006.25,1020.5,5324960
2023-03-17 00:00:00,KOTAKBANK,1679.6,1706.2,1671.15,1693.1,8928301
2023-03-17 00:00:00,PNB,48.5,48.75,47.5,47.95,43994185
2023-03-17 00:00:00,SBIN,528.65,531.6,520.1,529.8,18787379
2023-03-17 00:00:00,UNIONBANK,65.7,65.95,63.8,64.8,11370395
2023-03-17 00:00:00,YESBANK,15.0,15.85,14.5,15.05,445464706
2023-03-20 00:00:00,AUBANK,585.05,592.05,573.05,577.1,899489
2023-03-20 00:00:00,AXISBANK,836.0,841.0,825.55,837.55,10744023
2023-03-20 00:00:00,BANDHANBNK,206.0,206.2,199.55,201.6,9617006
2023-03-20 00:00:00,BANKBARODA,159.7,159.7,155.7,158.75,26144673
2023-03-20 00:00:00,CANBK,280.0,280.35,273.8,278.0,8397488
2023-03-20 00:00:00,FEDERALBNK,128.5,129.8,126.0,129.1,7022788
2023-03-20 00:00:00,HDFCBANK,1567.95,1568.1,1545.4,1561.75,13251557
2023-03-20 00:00:00,ICICIBANK,837.0,837.8,825.0,836.45,14838651
2023-03-20 00:00:00,IDFCFIRSTB,55.15,55.35,53.6,54.3,16124821
2023-03-20 00:00:00,INDUSINDBK,1020.0,1020.0,990.2,1002.3,5439347
2023-03-20 00:00:00,KOTAKBANK,1687.0,1702.95,1681.05,1699.65,4463937
2023-03-20 00:00:00,PNB,47.85,48.0,46.1,47.0,51001675
2023-03-20 00:00:00,SBIN,526.6,526.6,515.0,519.2,14275315
2023-03-20 00:00:00,UNIONBANK,64.8,64.85,63.15,63.5,7812349
2023-03-20 00:00:00,YESBANK,15.4,15.5,15.0,15.35,297633356
2023-03-21 00:00:00,AUBANK,581.2,582.6,568.8,579.6,1113971
2023-03-21 00:00:00,AXISBANK,840.1,857.35,838.75,855.6,11489951
2023-03-21 00:00:00,BANDHANBNK,202.65,204.0,198.25,202.8,8216894
2023-03-21 00:00:00,BANKBARODA,159.5,163.4,159.3,163.05,25702421
2023-03-21 00:00:00,CANBK,279.7,285.45,277.1,284.0,7330105
2023-03-21 00:00:00,FEDERALBNK,129.75,129.75,127.6,128.8,7719172
2023-03-21 00:00:00,HDFCBANK,1571.95,1582.5,1556.2,1579.45,16525247
2023-03-21 00:00:00,ICICIBANK,843.0,854.5,839.05,852.4,18755854
2023-03-21 00:00:00,IDFCFIRSTB,54.6,55.9,54.55,55.7,20186435
2023-03-21 00:00:00,INDUSINDBK,1007.35,1029.95,996.0,1022.85,6200518
2023-03-21 00:00:00,KOTAKBANK,1707.55,1711.95,1692.0,1706.85,1805180
2023-03-21 00:00:00,PNB,47.4,48.05,46.85,47.75,40735601
2023-03-21 00:00:00,SBIN,522.0,523.45,516.45,521.85,29485180
2023-03-21 00:00:00,UNIONBANK,64.0,65.2,63.35,64.95,8182952
2023-03-21 00:00:00,YESBANK,15.45,15.55,15.15,15.25,185863476
2023-03-22 00:00:00,AUBANK,584.2,586.95,577.65,579.45,854002
2023-03-22 00:00:00,AXISBANK,855.6,859.8,847.05,849.65,8018924
2023-03-22 00:00:00,BANDHANBNK,204.75,212.05,204.0,211.35,13861356
2023-03-22 00:00:00,BANKBARODA,163.85,168.25,163.2,167.4,27468538
2023-03-22 00:00:00,CANBK,284.85,288.45,283.85,284.85,6038432
2023-03-22 00:00:00,FEDERALBNK,129.3,129.65,128.1,129.1,7040596
2023-03-22 00:00:00,HDFCBANK,1584.0,1586.05,1565.3,1575.8,7088662
2023-03-22 00:00:00,ICICIBANK,857.65,862.55,851.0,860.2,17431520
2023-03-22 00:00:00,IDFCFIRSTB,56.0,56.6,55.75,56.1,15285261
2023-03-22 00:00:00,INDUSINDBK,1028.0,1044.0,1024.15,1031.15,2992139
2023-03-22 00:00:00,KOTAKBANK,1710.0,1713.2,1692.1,1705.15,3326099
2023-03-22 00:00:00,PNB,47.95,48.35,47.7,47.85,28630222
2023-03-22 00:00:00,SBIN,522.2,527.0,520.1,521.55,11619538
2023-03-22 00:00:00,UNIONBANK,65.3,66.85,65.05,65.8,8929519
2023-03-22 00:00:00,YESBANK,15.3,15.5,15.2,15.3,139692815
2023-03-23 00:00:00,AUBANK,579.0,582.0,567.5,569.65,917334
2023-03-23 00:00:00,AXISBANK,847.0,861.15,845.1,848.8,9857892
2023-03-23 00:00:00,BANDHANBNK,210.5,215.8,208.25,212.5,9715223
2023-03-23 00:00:00,BANKBARODA,166.2,167.1,162.25,162.7,20129946
2023-03-23 00:00:00,CANBK,284.25,287.0,279.35,280.6,5882865
2023-03-23 00:00:00,FEDERALBNK,128.9,129.7,126.65,127.0,6305290
2023-03-23 00:00:00,HDFCBANK,1567.75,1590.35,1558.55,1563.15,14182089
2023-03-23 00:00:00,ICICIBANK,857.0,867.45,852.8,855.45,17920621
2023-03-23 00:00:00,IDFCFIRSTB,55.65,56.1,54.95,55.1,12078965
2023-03-23 00:00:00,INDUSINDBK,1028.15,1046.2,1014.25,1018.25,3703523
2023-03-23 00:00:00,KOTAKBANK,1699.15,1700.0,1675.0,1679.7,5642151
2023-03-23 00:00:00,PNB,47.65,47.9,46.7,46.85,30619961
2023-03-23 00:00:00,SBIN,519.4,521.0,511.5,512.75,22097792
2023-03-23 00:00:00,UNIONBANK,65.5,66.0,64.2,64.65,5884352
2023-03-23 00:00:00,YESBANK,15.25,15.4,14.9,15.2,124581123
2023-03-24 00:00:00,AUBANK,570.0,570.2,548.0,559.9,2178563
2023-03-24 00:00:00,AXISBANK,846.25,852.5,837.25,839.9,8078718
2023-03-24 00:00:00,BANDHANBNK,212.75,213.0,202.0,203.1,7957836
2023-03-24 00:00:00,BANKBARODA,162.5,163.95,159.15,159.8,18610261
2023-03-24 00:00:00,CANBK,279.65,281.45,272.35,273.8,6442538
2023-03-24 00:00:00,FEDERALBNK,127.0,128.2,125.85,126.85,7844882
2023-03-24 00:00:00,HDFCBANK,1560.0,1573.9,1554.95,1560.65,15738874
2023-03-24 00:00:00,ICICIBANK,852.5,860.0,849.15,852.4,17295696
2023-03-24 00:00:00,IDFCFIRSTB,55.1,56.05,53.9,54.1,24352812
2023-03-24 00:00:00,INDUSINDBK,1019.0,1024.95,1004.65,1009.55,2709449
2023-03-24 00:00:00,KOTAKBANK,1676.05,1708.95,1675.0,1692.15,5480609
2023-03-24 00:00:00,PNB,47.0,47.15,45.1,45.5,41476341
2023-03-24 00:00:00,SBIN,514.5,514.95,503.45,505.35,14416984
2023-03-24 00:00:00,UNIONBANK,65.0,65.8,62.55,63.4,9123250
2023-03-24 00:00:00,YESBANK,15.05,15.25,15.0,15.05,93654254
2023-03-27 00:00:00,AUBANK,562.0,572.75,560.05,566.9,1373334
2023-03-27 00:00:00,AXISBANK,841.05,842.2,829.2,833.35,10602508
2023-03-27 00:00:00,BANDHANBNK,204.0,205.75,196.8,197.8,7024491
2023-03-27 00:00:00,BANKBARODA,159.5,162.4,158.5,161.25,50783785
2023-03-27 00:00:00,CANBK,274.95,279.2,272.5,277.2,6354846
2023-03-27 00:00:00,FEDERALBNK,126.85,127.2,125.0,125.45,6549186
2023-03-27 00:00:00,HDFCBANK,1562.2,1579.45,1558.9,1567.45,15936003
2023-03-27 00:00:00,ICICIBANK,854.95,856.4,844.05,848.7,17047675
2023-03-27 00:00:00,IDFCFIRSTB,53.85,54.0,52.8,53.05,21905394
2023-03-27 00:00:00,INDUSINDBK,1014.0,1020.95,1004.0,1012.85,2116764
2023-03-27 00:00:00,KOTAKBANK,1700.65,1712.85,1693.1,1705.2,2837204
2023-03-27 00:00:00,PNB,45.5,46.0,45.0,45.55,42307425
2023-03-27 00:00:00,SBIN,507.0,514.15,501.55,510.15,15674218
2023-03-27 00:00:00,UNIONBANK,63.5,63.85,61.55,62.05,5844197
2023-03-27 00:00:00,YESBANK,15.1,15.3,15.0,15.05,131495843
2023-03-28 00:00:00,AUBANK,566.9,569.7,551.0,563.55,1763884
2023-03-28 00:00:00,AXISBANK,837.4,837.4,826.05,832.45,11002402
2023-03-28 00:00:00,BANDHANBNK,195.8,195.8,182.15,187.45,26339803
2023-03-28 00:00:00,BANKBARODA,161.5,161.8,158.75,160.75,31049605
2023-03-28 00:00:00,CANBK,277.4,281.9,272.75,275.15,5261212
2023-03-28 00:00:00,FEDERALBNK,125.75,126.2,123.65,125.7,8491983
2023-03-28 00:00:00,HDFCBANK,1565.7,1582.9,1564.1,1580.2,19638151
2023-03-28 00:00:00,ICICIBANK,855.55,858.9,848.2,854.75,24469018
2023-03-28 00:00:00,IDFCFIRSTB,53.15,53.35,52.1,52.75,18691013
2023-03-28 00:00:00,INDUSINDBK,1017.7,1038.4,1007.2,1036.15,4396283
2023-03-28 00:00:00,KOTAKBANK,1708.95,1709.8,1685.45,1698.9,2371652
2023-03-28 00:00:00,PNB,45.55,45.75,44.4,44.9,38272734
2023-03-28 00:00:00,SBIN,511.45,511.75,503.85,508.1,15833599
2023-03-28 00:00:00,UNIONBANK,62.15,63.0,60.35,61.6,9337592
2023-03-28 00:00:00,YESBANK,15.1,15.15,14.7,14.75,87761633
2023-03-29 00:00:00,AUBANK,563.55,589.95,562.7,585.55,2505188
2023-03-29 00:00:00,AXISBANK,832.5,848.45,830.0,842.6,17121194
2023-03-29 00:00:00,BANDHANBNK,185.1,191.9,185.0,189.9,26398887
2023-03-29 00:00:00,BANKBARODA,160.3,165.0,160.0,164.45,38390279
2023-03-29 00:00:00,CANBK,275.9,282.6,274.1,281.05,15684111
2023-03-29 00:00:00,FEDERALBNK,125.6,130.0,125.5,129.1,11695672
2023-03-29 00:00:00,HDFCBANK,1584.0,1602.0,1581.9,1587.8,19881806
2023-03-29 00:00:00,ICICIBANK,857.05,862.1,848.0,851.0,34881515
2023-03-29 00:00:00,IDFCFIRSTB,52.85,54.95,52.45,54.5,26709018
2023-03-29 00:00:00,INDUSINDBK,1031.0,1063.95,1025.0,1057.1,5803091
2023-03-29 00:00:00,KOTAKBANK,1700.1,1727.0,1695.0,1721.05,2821000
2023-03-29 00:00:00,PNB,44.9,46.65,44.6,46.3,49229088
2023-03-29 00:00:00,SBIN,509.0,518.0,506.3,516.5,24203789
2023-03-29 00:00:00,UNIONBANK,61.65,67.75,61.3,66.4,14462638
2023-03-29 00:00:00,YESBANK,14.8,15.1,14.75,14.95,111967037
2023-03-31 00:00:00,AUBANK,584.0,591.55,578.0,579.2,1618002
2023-03-31 00:00:00,AXISBANK,854.9,860.9,847.5,858.5,12946752
2023-03-31 00:00:00,BANDHANBNK,192.0,197.8,191.0,195.75,15449908
2023-03-31 00:00:00,BANKBARODA,166.25,169.8,165.9,168.85,28240603
2023-03-31 00:00:00,CANBK,283.85,285.85,282.1,284.45,6938673
2023-03-31 00:00:00,FEDERALBNK,129.7,133.25,129.4,132.3,10340913
2023-03-31 00:00:00,HDFCBANK,1595.6,1612.95,1592.4,1609.55,17355614
2023-03-31 00:00:00,ICICIBANK,861.95,881.0,858.5,877.25,25739021
2023-03-31 00:00:00,IDFCFIRSTB,54.95,55.6,54.8,55.05,19857237
2023-03-31 00:00:00,INDUSINDBK,1063.0,1076.0,1060.4,1067.95,3097113
2023-03-31 00:00:00,KOTAKBANK,1725.5,1740.65,1721.0,1732.85,3565755
2023-03-31 00:00:00,PNB,46.7,47.05,46.5,46.6,32435561
2023-03-31 00:00:00,SBIN,520.65,524.9,519.35,523.75,17356345
2023-03-31 00:00:00,UNIONBANK,66.8,67.3,65.35,66.55,11553787
2023-03-31 00:00:00,YESBANK,15.0,15.2,14.95,15.05,101307931
2023-04-03 00:00:00,AUBANK,580.4,580.9,560.05,562.8,1980458
2023-04-03 00:00:00,AXISBANK,864.0,866.8,856.45,864.6,13266882
2023-04-03 00:00:00,BANDHANBNK,198.1,206.5,196.75,204.1,19121498
2023-04-03 00:00:00,BANKBARODA,169.1,170.25,168.1,169.2,16659059
2023-04-03 00:00:00,CANBK,286.7,287.95,284.3,287.2,3857744
2023-04-03 00:00:00,FEDERALBNK,133.0,134.7,132.3,133.15,16580155
2023-04-03 00:00:00,HDFCBANK,1607.55,1615.7,1602.75,1610.55,20012699
2023-04-03 00:00:00,ICICIBANK,880.2,887.1,868.85,883.8,26416933
2023-04-03 00:00:00,IDFCFIRSTB,55.2,55.6,54.6,55.55,15206162
2023-04-03 00:00:00,INDUSINDBK,1073.0,1081.15,1064.0,1078.75,1534155
2023-04-03 00:00:00,KOTAKBANK,1734.0,1752.2,1733.2,1745.7,2436866
2023-04-03 00:00:00,PNB,46.85,47.45,46.6,47.35,20028650
2023-04-03 00:00:00,SBIN,524.75,528.5,522.1,526.75,14210949
2023-04-03 00:00:00,UNIONBANK,67.0,68.25,66.3,67.75,7272184
2023-04-03 00:00:00,YESBANK,15.1,15.45,15.05,15.35,80090577
2023-04-05 00:00:00,AUBANK,564.9,571.2,555.75,558.4,1578872
2023-04-05 00:00:00,AXISBANK,871.0,871.0,857.0,860.5,11890015
2023-04-05 00:00:00,BANDHANBNK,206.1,207.7,203.55,206.7,8837693
2023-04-05 00:00:00,BANKBARODA,169.5,169.7,165.1,167.0,34861706
2023-04-05 00:00:00,CANBK,288.15,288.15,281.2,284.25,4617050
2023-04-05 00:00:00,FEDERALBNK,133.45,133.45,128.2,128.55,16378346
2023-04-05 00:00:00,HDFCBANK,1618.6,1656.0,1616.0,1653.75,21682696
2023-04-05 00:00:00,ICICIBANK,886.6,887.75,874.0,884.6,21068934
2023-04-05 00:00:00,IDFCFIRSTB,55.85,55.85,54.5,54.9,17115146
2023-04-05 00:00:00,INDUSINDBK,1089.0,1089.2,1060.1,1067.2,2979782
2023-04-05 00:00:00,KOTAKBANK,1745.0,1759.7,1739.05,1751.9,2526350
2023-04-05 00:00:00,PNB,47.35,47.45,46.45,46.7,24882531
2023-04-05 00:00:00,SBIN,527.0,527.6,519.05,523.0,13574801
2023-04-05 00:00:00,UNIONBANK,67.8,68.2,67.0,67.3,5029902
2023-04-05 00:00:00,YESBANK,15.45,15.55,15.15,15.25,57795927
2023-04-06 00:00:00,AUBANK,558.45,571.5,553.65,569.45,2686132
2023-04-06 00:00:00,AXISBANK,861.8,863.25,849.0,851.95,19677316
2023-04-06 00:00:00,BANDHANBNK,206.0,209.9,203.55,208.15,6797050
2023-04-06 00:00:00,BANKBARODA,167.1,169.25,165.4,166.9,27208238
2023-04-06 00:00:00,CANBK,284.2,288.5,282.1,284.55,5665424
2023-04-06 00:00:00,FEDERALBNK,128.5,129.2,126.75,127.05,10998936
2023-04-06 00:00:00,HDFCBANK,1648.55,1669.2,1647.1,1666.35,22318672
2023-04-06 00:00:00,ICICIBANK,882.0,890.1,872.7,875.0,26042745
2023-04-06 00:00:00,IDFCFIRSTB,54.8,55.7,54.55,55.05,16590924
2023-04-06 00:00:00,INDUSINDBK,1067.2,1093.45,1064.25,1082.0,3458673
2023-04-06 00:00:00,KOTAKBANK,1750.0,1761.45,1739.35,1757.1,1557355
2023-04-06 00:00:00,PNB,46.7,47.8,46.45,47.2,33990957
2023-04-06 00:00:00,SBIN,524.0,533.7,521.65,527.65,25125879
2023-04-06 00:00:00,UNIONBANK,67.15,68.4,66.75,67.05,8148079
2023-04-06 00:00:00,YESBANK,15.25,15.6,15.2,15.4,69023622
2023-04-10 00:00:00,AUBANK,570.0,572.55,560.2,564.5,1052472
2023-04-10 00:00:00,AXISBANK,854.8,854.95,843.95,847.35,15656078
2023-04-10 00:00:00,BANDHANBNK,209.35,211.15,206.75,210.05,5926532
2023-04-10 00:00:00,BANKBARODA,167.5,168.15,165.35,166.2,15331631
2023-04-10 00:00:00,CANBK,285.85,286.7,282.4,283.3,3768541
2023-04-10 00:00:00,FEDERALBNK,127.95,127.95,126.1,127.0,8949316
2023-04-10 00:00:00,HDFCBANK,1663.25,1671.0,1654.0,1658.45,15906643
2023-04-10 00:00:00,ICICIBANK,880.05,882.8,864.4,868.45,30906205
2023-04-10 00:00:00,IDFCFIRSTB,55.0,55.1,53.95,54.1,19205321
2023-04-10 00:00:00,INDUSINDBK,1082.0,1083.0,1063.0,1069.3,1602094
2023-04-10 00:00:00,KOTAKBANK,1757.15,1768.0,1749.65,1759.3,1253171
2023-04-10 00:00:00,PNB,47.2,47.45,46.8,47.05,20735073
2023-04-10 00:00:00,SBIN,529.25,530.4,524.4,526.3,17335453
2023-04-10 00:00:00,UNIONBANK,67.25,68.15,66.4,66.6,6371937
2023-04-10 00:00:00,YESBANK,15.45,15.45,15.15,15.2,58424414
2023-04-11 00:00:00,AUBANK,567.95,588.0,559.75,576.2,1999310
2023-04-11 00:00:00,AXISBANK,848.25,855.7,844.05,853.3,23930907
2023-04-11 00:00:00,BANDHANBNK,210.75,211.1,207.25,209.95,5471814
2023-04-11 00:00:00,BANKBARODA,173.0,173.9,170.2,170.85,25897114
2023-04-11 00:00:00,CANBK,287.0,292.2,287.0,287.9,7206608
2023-04-11 00:00:00,FEDERALBNK,127.95,128.75,127.15,128.3,7732152
2023-04-11 00:00:00,HDFCBANK,1659.0,1669.4,1651.1,1663.3,21180771
2023-04-11 00:00:00,ICICIBANK,873.7,885.6,865.0,881.9,39504022
2023-04-11 00:00:00,IDFCFIRSTB,54.4,54.6,53.55,53.7,19245739
2023-04-11 00:00:00,INDUSINDBK,1077.4,1078.1,1055.05,1074.2,1932390
2023-04-11 00:00:00,KOTAKBANK,1847.2,1859.0,1826.0,1846.5,9293763
2023-04-11 00:00:00,PNB,47.65,48.1,47.15,47.25,36635159
2023-04-11 00:00:00,SBIN,530.85,535.7,527.15,532.1,26414406
2023-04-11 00:00:00,UNIONBANK,67.2,69.7,67.2,68.15,10300941
2023-04-11 00:00:00,YESBANK,15.25,15.4,15.15,15.2,43019043
2023-04-12 00:00:00,AUBANK,579.8,587.5,574.2,580.15,1782378
2023-04-12 00:00:00,AXISBANK,854.9,856.65,846.65,851.05,13480335
2023-04-12 00:00:00,BANDHANBNK,210.0,211.85,208.85,209.35,3702330
2023-04-12 00:00:00,BANKBARODA,171.0,172.15,169.2,170.4,14553551
2023-04-12 00:00:00,CANBK,287.9,288.5,283.5,286.1,4707437
2023-04-12 00:00:00,FEDERALBNK,127.15,128.85,127.0,127.25,7493813
2023-04-12 00:00:00,HDFCBANK,1668.0,1688.2,1667.8,1684.9,13477752
2023-04-12 00:00:00,ICICIBANK,883.45,892.0,880.3,890.15,22686032
2023-04-12 00:00:00,IDFCFIRSTB,54.0,54.2,53.35,53.85,14012737
2023-04-12 00:00:00,INDUSINDBK,1073.5,1077.1,1057.55,1074.75,3005913
2023-04-12 00:00:00,KOTAKBANK,1842.0,1850.95,1831.5,1844.05,3408713
2023-04-12 00:00:00,PNB,47.55,47.55,46.9,47.05,24089807
2023-04-12 00:00:00,SBIN,533.2,534.0,526.0,528.2,21292441
2023-04-12 00:00:00,UNIONBANK,68.4,68.65,67.25,67.6,5664983
2023-04-12 00:00:00,YESBANK,15.25,15.5,15.15,15.4,57667885
2023-04-13 00:00:00,AUBANK,630.0,689.9,625.0,679.2,30807207
2023-04-13 00:00:00,AXISBANK,853.65,867.7,845.0,864.35,23934570
2023-04-13 00:00:00,BANDHANBNK,209.1,209.25,201.9,205.0,9980066
2023-04-13 00:00:00,BANKBARODA,170.0,171.9,168.5,171.4,20601286
2023-04-13 00:00:00,CANBK,285.4,291.9,284.85,291.25,5688026
2023-04-13 00:00:00,FEDERALBNK,127.25,128.55,126.0,128.1,9104949
2023-04-13 00:00:00,HDFCBANK,1688.3,1697.05,1678.15,1692.45,17665043
2023-04-13 00:00:00,ICICIBANK,891.1,901.65,886.5,899.0,34439635
2023-04-13 00:00:00,IDFCFIRSTB,54.0,54.2,53.4,54.0,15813167
2023-04-13 00:00:00,INDUSINDBK,1073.0,1114.5,1007.95,1109.3,6082307
2023-04-13 00:00:00,KOTAKBANK,1838.0,1874.3,1831.0,1869.5,2924116
2023-04-13 00:00:00,PNB,47.1,47.95,46.8,47.75,32614533
2023-04-13 00:00:00,SBIN,529.3,534.25,527.15,532.95,28597560
2023-04-13 00:00:00,UNIONBANK,67.75,70.5,67.3,69.7,9997908
2023-04-13 00:00:00,YESBANK,15.5,15.55,15.2,15.35,76131404
2023-04-17 00:00:00,AUBANK,670.05,692.95,665.1,688.65,5636506
2023-04-17 00:00:00,AXISBANK,882.0,882.0,861.0,864.55,22577380
2023-04-17 00:00:00,BANDHANBNK,206.0,208.3,203.1,206.7,5837661
2023-04-17 00:00:00,BANKBARODA,171.0,176.8,170.7,176.35,26681555
2023-04-17 00:00:00,CANBK,291.0,298.0,288.3,297.45,9078989
2023-04-17 00:00:00,FEDERALBNK,128.1,131.7,127.1,131.35,9713611
2023-04-17 00:00:00,HDFCBANK,1720.0,1720.0,1653.3,1666.65,16202574
2023-04-17 00:00:00,ICICIBANK,917.3,917.3,893.15,901.3,29957514
2023-04-17 00:00:00,IDFCFIRSTB,54.35,55.25,53.9,55.15,18975863
2023-04-17 00:00:00,INDUSINDBK,1107.4,1136.7,1105.0,1124.35,5360050
2023-04-17 00:00:00,KOTAKBANK,1888.95,1913.8,1826.1,1895.15,10354299
2023-04-17 00:00:00,PNB,47.65,48.95,47.35,48.8,45304745
2023-04-17 00:00:00,SBIN,528.0,545.0,528.0,544.0,32476990
2023-04-17 00:00:00,UNIONBANK,69.7,73.5,69.1,73.0,18712652
2023-04-17 00:00:00,YESBANK,15.35,15.4,15.25,15.35,61971667
2023-04-18 00:00:00,AUBANK,688.0,696.55,681.0,693.05,3177457
2023-04-18 00:00:00,AXISBANK,865.35,872.0,857.1,863.35,17238709
2023-04-18 00:00:00,BANDHANBNK,206.8,218.0,205.3,213.3,15293668
2023-04-18 00:00:00,BANKBARODA,177.25,178.8,175.75,177.9,22020172
2023-04-18 00:00:00,CANBK,298.85,300.4,295.0,299.2,6607228
2023-04-18 00:00:00,FEDERALBNK,131.35,132.65,130.5,131.65,8784805
2023-04-18 00:00:00,HDFCBANK,1670.0,1677.25,1656.4,1659.6,14818613
2023-04-18 00:00:00,ICICIBANK,907.95,907.95,894.1,896.85,26699379
2023-04-18 00:00:00,IDFCFIRSTB,55.15,57.25,55.1,56.5,40565647
2023-04-18 00:00:00,INDUSINDBK,1130.0,1149.5,1127.05,1146.9,4455007
2023-04-18 00:00:00,KOTAKBANK,1900.95,1904.6,1885.9,1888.3,2972721
2023-04-18 00:00:00,PNB,48.85,49.5,48.6,49.1,35880230
2023-04-18 00:00:00,SBIN,545.35,548.5,540.5,545.85,22283456
2023-04-18 00:00:00,UNIONBANK,73.55,74.3,73.05,73.5,12300623
2023-04-18 00:00:00,YESBANK,15.35,16.8,15.3,16.65,346144836
2023-04-19 00:00:00,AUBANK,694.0,699.0,674.45,678.6,3693818
2023-04-19 00:00:00,AXISBANK,865.0,874.5,862.55,873.4,23494247
2023-04-19 00:00:00,BANDHANBNK,213.0,218.35,209.7,214.35,13543287
2023-04-19 00:00:00,BANKBARODA,178.4,179.15,176.45,177.25,15390111
2023-04-19 00:00:00,CANBK,299.0,301.15,293.4,295.05,4510457
2023-04-19 00:00:00,FEDERALBNK,131.15,132.4,131.15,131.7,4628203
2023-04-19 00:00:00,HDFCBANK,1665.0,1670.3,1657.15,1665.7,12370584
2023-04-19 00:00:00,ICICIBANK,895.9,896.9,887.25,891.9,24377956
2023-04-19 00:00:00,IDFCFIRSTB,56.85,57.25,56.2,56.35,16705166
2023-04-19 00:00:00,INDUSINDBK,1143.0,1145.9,1118.55,1120.4,2207739
2023-04-19 00:00:00,KOTAKBANK,1888.3,1888.35,1876.15,1884.9,1876656
2023-04-19 00:00:00,PNB,49.0,49.65,48.4,48.55,30538280
2023-04-19 00:00:00,SBIN,544.0,547.5,538.25,540.3,21156372
2023-04-19 00:00:00,UNIONBANK,73.5,74.6,72.0,72.55,7243726
2023-04-19 00:00:00,YESBANK,16.8,17.3,16.4,16.55,267886872
2023-04-20 00:00:00,AUBANK,682.0,685.0,674.1,679.4,1555616
2023-04-20 00:00:00,AXISBANK,874.8,875.6,864.15,868.75,19444753
2023-04-20 00:00:00,BANDHANBNK,215.05,219.6,213.85,217.85,8786506
2023-04-20 00:00:00,BANKBARODA,177.1,178.8,176.4,177.75,22349098
2023-04-20 00:00:00,CANBK,295.7,297.9,295.05,296.65,3807652
2023-04-20 00:00:00,FEDERALBNK,131.7,132.9,131.4,132.3,7467713
2023-04-20 00:00:00,HDFCBANK,1671.7,1677.45,1666.4,1671.9,16461358
2023-04-20 00:00:00,ICICIBANK,892.25,899.3,889.2,894.4,16999919
2023-04-20 00:00:00,IDFCFIRSTB,56.55,57.45,56.05,56.4,33469016
2023-04-20 00:00:00,INDUSINDBK,1118.95,1131.55,1112.4,1126.2,2530597
2023-04-20 00:00:00,KOTAKBANK,1884.3,1903.4,1872.05,1884.0,2322777
2023-04-20 00:00:00,PNB,48.6,48.85,48.3,48.6,23270861
2023-04-20 00:00:00,SBIN,541.2,545.45,536.65,544.8,25588577
2023-04-20 00:00:00,UNIONBANK,72.75,73.35,72.0,72.35,4512900
2023-04-20 00:00:00,YESBANK,16.6,16.75,16.45,16.5,93150119
2023-04-21 00:00:00,AUBANK,680.45,680.85,656.85,665.95,3742874
2023-04-21 00:00:00,AXISBANK,870.8,873.85,857.5,864.2,15520786
2023-04-21 00:00:00,BANDHANBNK,217.0,221.5,216.1,220.5,7396193
2023-04-21 00:00:00,BANKBARODA,177.35,178.15,174.6,176.45,9950240
2023-04-21 00:00:00,CANBK,296.6,297.0,291.5,295.3,4314438
2023-04-21 00:00:00,FEDERALBNK,132.2,132.4,130.75,131.0,3869518
2023-04-21 00:00:00,HDFCBANK,1669.0,1676.95,1663.25,1674.6,10064309
2023-04-21 00:00:00,ICICIBANK,894.55,900.7,882.4,885.65,29578071
2023-04-21 00:00:00,IDFCFIRSTB,56.4,56.85,56.0,56.45,17566797
2023-04-21 00:00:00,INDUSINDBK,1126.2,1135.75,1108.35,1116.35,1894300
2023-04-21 00:00:00,KOTAKBANK,1882.0,1903.65,1877.15,1893.65,1671341
2023-04-21 00:00:00,PNB,48.5,48.6,47.8,48.25,20293450
2023-04-21 00:00:00,SBIN,545.0,546.4,539.7,543.15,22599418
2023-04-21 00:00:00,UNIONBANK,72.5,72.55,70.9,71.3,5189228
2023-04-21 00:00:00,YESBANK,16.6,16.6,16.1,16.2,86456901
2023-04-24 00:00:00,AUBANK,662.0,669.75,658.65,663.9,2852500
2023-04-24 00:00:00,AXISBANK,868.0,884.4,860.5,882.3,18201632
2023-04-24 00:00:00,BANDHANBNK,220.85,224.55,219.3,219.8,6698942
2023-04-24 00:00:00,BANKBARODA,176.5,180.55,176.25,180.2,15791156
2023-04-24 00:00:00,CANBK,296.9,303.75,296.15,302.95,7679714
2023-04-24 00:00:00,FEDERALBNK,131.1,132.9,130.55,132.1,6342651
2023-04-24 00:00:00,HDFCBANK,1687.0,1691.45,1674.1,1688.15,17837926
2023-04-24 00:00:00,ICICIBANK,905.0,906.5,895.0,904.75,30881665
2023-04-24 00:00:00,IDFCFIRSTB,56.7,58.35,56.45,58.25,38025412
2023-04-24 00:00:00,INDUSINDBK,1130.75,1141.0,1092.0,1102.0,7711772
2023-04-24 00:00:00,KOTAKBANK,1890.2,1902.0,1877.55,1897.25,2017406
2023-04-24 00:00:00,PNB,48.5,49.35,48.25,49.25,31327255
2023-04-24 00:00:00,SBIN,543.8,555.55,543.5,554.6,23335611
2023-04-24 00:00:00,UNIONBANK,71.4,73.9,70.85,73.55,10861575
2023-04-24 00:00:00,YESBANK,15.5,16.0,15.5,15.7,163198015
2023-04-25 00:00:00,AUBANK,667.0,667.75,658.55,660.15,2107327
2023-04-25 00:00:00,AXISBANK,885.0,895.8,874.4,878.35,36394389
2023-04-25 00:00:00,BANDHANBNK,219.9,224.8,219.5,223.4,5115842
2023-04-25 00:00:00,BANKBARODA,180.5,184.95,180.2,184.1,27156717
2023-04-25 00:00:00,CANBK,303.9,310.95,303.75,307.7,9050205
2023-04-25 00:00:00,FEDERALBNK,132.1,134.7,132.1,133.4,10237783
2023-04-25 00:00:00,HDFCBANK,1687.7,1687.7,1661.9,1664.15,25176534
2023-04-25 00:00:00,ICICIBANK,906.3,916.0,903.1,913.45,41383839
2023-04-25 00:00:00,IDFCFIRSTB,58.45,59.1,58.2,58.65,35248726
2023-04-25 00:00:00,INDUSINDBK,1119.95,1127.6,1113.1,1121.75,5268567
2023-04-25 00:00:00,KOTAKBANK,1902.0,1907.0,1877.0,1889.3,4738419
2023-04-25 00:00:00,PNB,49.5,50.1,49.3,49.8,31449334
2023-04-25 00:00:00,SBIN,555.0,567.9,555.0,561.8,38142390
2023-04-25 00:00:00,UNIONBANK,74.1,75.2,73.4,73.85,11071640
2023-04-25 00:00:00,YESBANK,15.75,15.8,15.45,15.55,99104709
2023-04-26 00:00:00,AUBANK,649.95,655.0,630.85,643.4,5008439
2023-04-26 00:00:00,AXISBANK,877.4,889.45,875.2,887.65,19468723
2023-04-26 00:00:00,BANDHANBNK,221.2,224.5,221.2,223.8,6156561
2023-04-26 00:00:00,BANKBARODA,183.85,184.3,181.8,183.55,14202887
2023-04-26 00:00:00,CANBK,307.05,310.2,305.2,309.65,4241074
2023-04-26 00:00:00,FEDERALBNK,133.15,135.25,132.55,135.0,8575324
2023-04-26 00:00:00,HDFCBANK,1660.0,1675.0,1655.0,1671.8,13696375
2023-04-26 00:00:00,ICICIBANK,911.45,916.95,905.75,914.95,30371555
2023-04-26 00:00:00,IDFCFIRSTB,58.65,59.15,58.15,58.9,21479662
2023-04-26 00:00:00,INDUSINDBK,1117.75,1139.8,1115.15,1137.8,2688362
2023-04-26 00:00:00,KOTAKBANK,1877.5,1894.4,1863.35,1878.6,3159518
2023-04-26 00:00:00,PNB,49.7,50.5,49.3,50.25,30000936
2023-04-26 00:00:00,SBIN,562.0,567.0,556.45,566.35,23143882
2023-04-26 00:00:00,UNIONBANK,73.8,75.2,73.25,74.9,9494184
2023-04-26 00:00:00,YESBANK,15.5,15.95,15.4,15.5,128851297
2023-04-27 00:00:00,AUBANK,643.8,649.75,639.05,644.45,2272998
2023-04-27 00:00:00,AXISBANK,888.0,890.0,877.5,881.4,15992383
2023-04-27 00:00:00,BANDHANBNK,224.5,228.0,223.5,226.85,6220194
2023-04-27 00:00:00,BANKBARODA,183.55,186.0,183.25,185.75,18033465
2023-04-27 00:00:00,CANBK,306.5,310.5,306.5,309.0,3885217
2023-04-27 00:00:00,FEDERALBNK,135.15,135.7,133.3,133.95,9193198
2023-04-27 00:00:00,HDFCBANK,1670.5,1685.25,1665.85,1681.0,23895196
2023-04-27 00:00:00,ICICIBANK,909.5,919.9,908.55,918.35,25835108
2023-04-27 00:00:00,IDFCFIRSTB,58.7,59.85,58.7,59.45,26335870
2023-04-27 00:00:00,INDUSINDBK,1140.0,1148.45,1130.0,1144.75,2990958
2023-04-27 00:00:00,KOTAKBANK,1876.9,1913.0,1876.85,1908.6,5061293
2023-04-27 00:00:00,PNB,50.25,50.55,50.0,50.4,27678355
2023-04-27 00:00:00,SBIN,565.0,567.4,561.1,564.75,17845169
2023-04-27 00:00:00,UNIONBANK,75.0,75.2,73.9,74.2,7673542
2023-04-27 00:00:00,YESBANK,15.5,15.7,15.5,15.6,41936192
2023-04-28 00:00:00,AUBANK,643.0,665.8,643.0,663.85,2017338
2023-04-28 00:00:00,AXISBANK,885.1,890.05,853.65,860.0,23004117
2023-04-28 00:00:00,BANDHANBNK,227.0,230.6,226.65,229.3,4698996
2023-04-28 00:00:00,BANKBARODA,185.85,188.5,185.5,187.75,16456548
2023-04-28 00:00:00,CANBK,309.5,318.1,309.5,317.45,6994297
2023-04-28 00:00:00,FEDERALBNK,134.35,136.4,134.2,134.95,9349394
2023-04-28 00:00:00,HDFCBANK,1684.7,1691.0,1670.0,1687.6,13958136
2023-04-28 00:00:00,ICICIBANK,915.1,920.45,910.25,917.65,20381002
2023-04-28 00:00:00,IDFCFIRSTB,60.0,62.0,58.75,61.45,67480695
2023-04-28 00:00:00,INDUSINDBK,1148.75,1157.55,1135.0,1152.8,2239678
2023-04-28 00:00:00,KOTAKBANK,1906.0,1943.3,1896.1,1938.05,4367612
2023-04-28 00:00:00,PNB,50.6,52.5,50.5,52.25,58579598
2023-04-28 00:00:00,SBIN,567.8,580.45,565.5,578.3,16183423
2023-04-28 00:00:00,UNIONBANK,74.75,76.35,74.45,75.85,13167053
2023-04-28 00:00:00,YESBANK,15.65,15.85,15.6,15.7,79514507
2023-05-02 00:00:00,AUBANK,669.95,685.0,664.05,684.0,2007742
2023-05-02 00:00:00,AXISBANK,870.0,876.4,864.25,870.65,12947953
2023-05-02 00:00:00,BANDHANBNK,231.0,232.5,228.85,231.9,7517293
2023-05-02 00:00:00,BANKBARODA,189.0,189.35,187.2,188.1,12929639
2023-05-02 00:00:00,CANBK,318.7,321.55,317.5,320.0,5931824
2023-05-02 00:00:00,FEDERALBNK,135.55,136.8,135.0,136.45,7107201
2023-05-02 00:00:00,HDFCBANK,1688.7,1699.0,1682.0,1687.25,16110592
2023-05-02 00:00:00,ICICIBANK,924.0,925.8,918.7,922.1,17515017
2023-05-02 00:00:00,IDFCFIRSTB,63.5,65.25,63.0,63.85,113585859
2023-05-02 00:00:00,INDUSINDBK,1158.95,1161.85,1150.0,1150.9,2000569
2023-05-02 00:00:00,KOTAKBANK,1918.0,1937.45,1890.0,1921.15,4605771
2023-05-02 00:00:00,PNB,52.55,53.1,52.4,52.75,31570025
2023-05-02 00:00:00,SBIN,580.0,580.85,573.15,575.3,13667511
2023-05-02 00:00:00,UNIONBANK,76.9,77.6,76.3,76.5,8828494
2023-05-02 00:00:00,YESBANK,15.75,16.1,15.7,15.95,117555064
2023-05-03 00:00:00,AUBANK,678.95,691.65,677.35,684.8,1264610
2023-05-03 00:00:00,AXISBANK,863.85,866.85,854.05,859.85,15103015
2023-05-03 00:00:00,BANDHANBNK,230.95,234.8,229.6,231.9,6440165
2023-05-03 00:00:00,BANKBARODA,182.95,185.15,180.55,184.55,25426587
2023-05-03 00:00:00,CANBK,316.5,320.4,316.0,319.5,3572917
2023-05-03 00:00:00,FEDERALBNK,135.9,138.3,135.55,137.7,8477131
2023-05-03 00:00:00,HDFCBANK,1684.95,1696.0,1679.65,1693.15,14703635
2023-05-03 00:00:00,ICICIBANK,919.55,923.85,911.55,922.85,18715142
2023-05-03 00:00:00,IDFCFIRSTB,63.8,64.95,63.35,64.15,39815830
2023-05-03 00:00:00,INDUSINDBK,1142.5,1159.9,1140.3,1146.15,1816420
2023-05-03 00:00:00,KOTAKBANK,1919.0,1933.85,1912.7,1930.95,3449007
2023-05-03 00:00:00,PNB,51.95,52.95,51.8,52.55,30999962
2023-05-03 00:00:00,SBIN,570.65,575.0,569.0,570.5,9699527
2023-05-03 00:00:00,UNIONBANK,76.45,76.45,74.8,75.75,8091935
2023-05-03 00:00:00,YESBANK,15.95,16.4,15.85,16.15,83692417
2023-05-04 00:00:00,AUBANK,683.95,691.95,682.0,685.2,865527
2023-05-04 00:00:00,AXISBANK,860.0,867.15,857.5,865.95,9756391
2023-05-04 00:00:00,BANDHANBNK,231.9,234.0,231.1,233.4,3728857
2023-05-04 00:00:00,BANKBARODA,184.6,186.15,184.0,185.2,19411660
2023-05-04 00:00:00,CANBK,320.5,324.45,317.0,323.85,5935785
2023-05-04 00:00:00,FEDERALBNK,137.7,140.05,137.35,139.4,9125430
2023-05-04 00:00:00,HDFCBANK,1687.1,1734.45,1687.1,1727.8,28427319
2023-05-04 00:00:00,ICICIBANK,920.0,923.9,911.8,921.7,20485002
2023-05-04 00:00:00,IDFCFIRSTB,64.2,64.55,63.0,63.8,33370552
2023-05-04 00:00:00,INDUSINDBK,1146.15,1151.0,1129.0,1134.6,2752160
2023-05-04 00:00:00,KOTAKBANK,1929.95,1951.1,1921.75,1947.6,3451579
2023-05-04 00:00:00,PNB,52.75,53.5,52.5,53.35,31540665
2023-05-04 00:00:00,SBIN,570.2,580.8,568.5,580.0,12533761
2023-05-04 00:00:00,UNIONBANK,76.45,77.75,76.1,77.4,9015582
2023-05-04 00:00:00,YESBANK,16.2,16.3,16.0,16.05,85512962
2023-05-05 00:00:00,AUBANK,686.0,692.6,672.15,674.1,873669
2023-05-05 00:00:00,AXISBANK,867.15,885.0,862.75,865.3,14343308
2023-05-05 00:00:00,BANDHANBNK,233.0,236.35,229.0,229.6,8735519
2023-05-05 00:00:00,BANKBARODA,185.2,188.4,183.0,183.4,17390789
2023-05-05 00:00:00,CANBK,321.95,326.85,316.75,318.55,6603718
2023-05-05 00:00:00,FEDERALBNK,140.0,140.3,127.0,127.75,52169855
2023-05-05 00:00:00,HDFCBANK,1639.0,1660.95,1622.1,1625.65,31385208
2023-05-05 00:00:00,ICICIBANK,925.0,942.45,923.45,926.95,19002035
2023-05-05 00:00:00,IDFCFIRSTB,63.6,64.55,63.0,63.25,35788410
2023-05-05 00:00:00,INDUSINDBK,1131.0,1154.95,1065.35,1073.3,8504838
2023-05-05 00:00:00,KOTAKBANK,1952.15,1974.0,1915.5,1928.7,3484218
2023-05-05 00:00:00,PNB,53.35,53.85,52.2,52.35,41383424
2023-05-05 00:00:00,SBIN,580.2,588.25,575.05,576.5,18163461
2023-05-05 00:00:00,UNIONBANK,77.35,78.8,76.1,76.4,11070348
2023-05-05 00:00:00,YESBANK,16.0,16.15,15.9,15.95,47642044
2023-05-08 00:00:00,AUBANK,677.15,694.4,673.3,691.1,2243321
2023-05-08 00:00:00,AXISBANK,865.3,881.4,865.3,878.45,7007882
2023-05-08 00:00:00,BANDHANBNK,230.0,235.35,229.0,234.85,4266039
2023-05-08 00:00:00,BANKBARODA,184.1,185.25,178.8,183.0,22633379
2023-05-08 00:00:00,CANBK,318.2,320.7,302.35,313.2,27862996
2023-05-08 00:00:00,FEDERALBNK,129.0,130.85,126.35,128.65,25677860
2023-05-08 00:00:00,HDFCBANK,1635.0,1650.35,1630.0,1644.45,18622262
2023-05-08 00:00:00,ICICIBANK,927.0,941.7,927.0,937.9,18623913
2023-05-08 00:00:00,IDFCFIRSTB,63.25,64.35,63.1,64.2,36532398
2023-05-08 00:00:00,INDUSINDBK,1087.0,1134.65,1087.0,1126.35,6764292
2023-05-08 00:00:00,KOTAKBANK,1935.9,1968.5,1921.0,1958.85,3870941
2023-05-08 00:00:00,PNB,51.5,52.7,50.6,52.1,64119087
2023-05-08 00:00:00,SBIN,577.65,587.6,577.35,583.6,12990869
2023-05-08 00:00:00,UNIONBANK,77.4,77.85,73.3,73.9,23789710
2023-05-08 00:00:00,YESBANK,16.0,16.2,15.95,16.1,59725157
2023-05-09 00:00:00,AUBANK,693.95,704.95,691.1,700.1,2197112
2023-05-09 00:00:00,AXISBANK,882.2,890.2,880.0,888.25,12117151
2023-05-09 00:00:00,BANDHANBNK,234.85,237.45,232.5,234.4,4734842
2023-05-09 00:00:00,BANKBARODA,184.0,184.9,177.05,177.85,18841858
2023-05-09 00:00:00,CANBK,316.5,316.7,301.35,302.85,23603069
2023-05-09 00:00:00,FEDERALBNK,129.0,131.1,128.1,128.55,12857628
2023-05-09 00:00:00,HDFCBANK,1649.9,1656.0,1639.95,1644.5,21844469
2023-05-09 00:00:00,ICICIBANK,941.0,945.0,931.8,934.4,21507610
2023-05-09 00:00:00,IDFCFIRSTB,64.25,65.85,64.1,64.45,56610570
2023-05-09 00:00:00,INDUSINDBK,1135.0,1149.9,1131.1,1140.6,4181498
2023-05-09 00:00:00,KOTAKBANK,1964.85,1970.0,1948.15,1954.3,3623075
2023-05-09 00:00:00,PNB,52.45,52.55,50.05,50.25,51516931
2023-05-09 00:00:00,SBIN,585.0,586.45,572.1,573.5,18959065
2023-05-09 00:00:00,UNIONBANK,74.5,75.0,71.8,72.1,12031576
2023-05-09 00:00:00,YESBANK,16.1,16.25,16.0,16.1,76780928
2023-05-10 00:00:00,AUBANK,708.9,721.35,687.6,692.75,3265526
2023-05-10 00:00:00,AXISBANK,892.0,892.5,877.55,889.9,11893027
2023-05-10 00:00:00,BANDHANBNK,234.4,236.7,231.9,236.2,4132066
2023-05-10 00:00:00,BANKBARODA,176.0,179.05,172.8,178.45,26166068
2023-05-10 00:00:00,CANBK,299.8,302.7,293.0,300.8,14590135
2023-05-10 00:00:00,FEDERALBNK,128.55,129.45,127.1,129.25,10100422
2023-05-10 00:00:00,HDFCBANK,1644.5,1654.65,1633.1,1652.1,23170275
2023-05-10 00:00:00,ICICIBANK,934.6,941.0,928.25,936.05,25910923
2023-05-10 00:00:00,IDFCFIRSTB,64.6,64.7,63.0,64.05,20934716
2023-05-10 00:00:00,INDUSINDBK,1155.0,1175.8,1150.0,1172.55,6466598
2023-05-10 00:00:00,KOTAKBANK,1960.0,1964.0,1931.65,1958.7,3912439
2023-05-10 00:00:00,PNB,49.65,50.0,47.9,48.5,94616408
2023-05-10 00:00:00,SBIN,575.0,575.0,563.25,572.2,18561315
2023-05-10 00:00:00,UNIONBANK,72.35,72.55,69.85,70.4,12785182
2023-05-10 00:00:00,YESBANK,16.05,16.15,15.8,15.95,77871060
2023-05-11 00:00:00,AUBANK,699.0,709.95,686.9,706.65,2935100
2023-05-11 00:00:00,AXISBANK,891.0,900.0,889.0,895.95,13816121
2023-05-11 00:00:00,BANDHANBNK,237.5,241.3,235.05,239.15,8115829
2023-05-11 00:00:00,BANKBARODA,179.4,180.9,178.0,178.5,15838880
2023-05-11 00:00:00,CANBK,302.0,305.6,300.0,301.1,7286043
2023-05-11 00:00:00,FEDERALBNK,129.75,130.15,127.5,127.8,11009514
2023-05-11 00:00:00,HDFCBANK,1665.15,1688.0,1649.25,1653.2,17867309
2023-05-11 00:00:00,ICICIBANK,940.05,947.0,933.85,939.2,20027372
2023-05-11 00:00:00,IDFCFIRSTB,64.3,65.1,64.05,64.8,30002815
2023-05-11 00:00:00,INDUSINDBK,1175.0,1200.0,1169.25,1187.45,6086958
2023-05-11 00:00:00,KOTAKBANK,1970.0,1980.0,1951.85,1957.95,4411824
2023-05-11 00:00:00,PNB,48.8,49.25,48.4,48.5,44557782
2023-05-11 00:00:00,SBIN,572.2,580.0,572.0,573.45,16016715
2023-05-11 00:00:00,UNIONBANK,71.2,71.5,70.05,70.45,8268739
2023-05-11 00:00:00,YESBANK,16.0,16.15,15.95,16.1,49450726
2023-05-12 00:00:00,AUBANK,703.6,715.7,697.0,712.95,1641770
2023-05-12 00:00:00,AXISBANK,895.2,913.6,894.0,910.65,10533272
2023-05-12 00:00:00,BANDHANBNK,239.9,240.15,235.8,236.65,5370583
2023-05-12 00:00:00,BANKBARODA,178.5,180.55,177.7,178.75,16182905
2023-05-12 00:00:00,CANBK,301.0,302.3,296.0,297.0,6951857
2023-05-12 00:00:00,FEDERALBNK,128.3,128.45,125.75,125.9,14452494
2023-05-12 00:00:00,HDFCBANK,1647.0,1672.8,1644.25,1667.8,11239380
2023-05-12 00:00:00,ICICIBANK,939.75,948.0,935.1,943.9,13873480
2023-05-12 00:00:00,IDFCFIRSTB,64.8,65.85,64.35,65.55,32957739
2023-05-12 00:00:00,INDUSINDBK,1192.5,1214.0,1176.05,1208.65,3983609
2023-05-12 00:00:00,KOTAKBANK,1954.0,1968.0,1943.65,1960.6,3217081
2023-05-12 00:00:00,PNB,48.5,48.8,48.05,48.55,20165979
2023-05-12 00:00:00,SBIN,574.7,580.75,571.55,578.15,11319335
2023-05-12 00:00:00,UNIONBANK,70.45,71.9,70.05,71.45,7808656
2023-05-12 00:00:00,YESBANK,16.1,16.15,15.8,15.95,58478892
2023-05-15 00:00:00,AUBANK,712.8,721.55,709.35,716.95,1375218
2023-05-15 00:00:00,AXISBANK,910.65,919.5,909.15,915.8,7339579
2023-05-15 00:00:00,BANDHANBNK,237.0,245.7,236.7,245.0,7939472
2023-05-15 00:00:00,BANKBARODA,178.9,184.5,177.3,183.85,20342506
2023-05-15 00:00:00,CANBK,298.8,304.45,295.6,303.4,7166978
2023-05-15 00:00:00,FEDERALBNK,125.9,128.05,123.9,127.5,20973726
2023-05-15 00:00:00,HDFCBANK,1672.0,1680.75,1665.1,1675.8,9256130
2023-05-15 00:00:00,ICICIBANK,943.75,949.0,938.2,945.75,10453762
2023-05-15 00:00:00,IDFCFIRSTB,65.75,67.25,65.25,66.75,43571601
2023-05-15 00:00:00,INDUSINDBK,1208.6,1222.65,1196.0,1219.55,3323300
2023-05-15 00:00:00,KOTAKBANK,1957.05,1977.0,1952.4,1973.0,2971692
2023-05-15 00:00:00,PNB,48.5,49.1,48.25,48.95,22303027
2023-05-15 00:00:00,SBIN,578.75,584.0,574.65,581.9,11410243
2023-05-15 00:00:00,UNIONBANK,71.6,71.7,70.1,70.75,10968146
2023-05-15 00:00:00,YESBANK,15.95,16.0,15.75,15.85,44787937
2023-05-16 00:00:00,AUBANK,716.95,736.85,714.85,728.9,2622132
2023-05-16 00:00:00,AXISBANK,916.2,922.5,912.0,917.8,12567615
2023-05-16 00:00:00,BANDHANBNK,245.0,246.65,242.5,244.3,6185472
2023-05-16 00:00:00,BANKBARODA,185.4,188.5,183.9,186.5,47421816
2023-05-16 00:00:00,CANBK,305.0,310.95,304.35,305.15,10887626
2023-05-16 00:00:00,FEDERALBNK,128.2,128.45,126.6,126.95,11003684
2023-05-16 00:00:00,HDFCBANK,1671.8,1671.8,1644.0,1647.3,16361043
2023-05-16 00:00:00,ICICIBANK,950.0,952.2,943.0,946.35,19612293
2023-05-16 00:00:00,IDFCFIRSTB,67.05,68.2,66.9,67.4,42836803
2023-05-16 00:00:00,INDUSINDBK,1219.55,1226.1,1208.65,1220.3,2888698
2023-05-16 00:00:00,KOTAKBANK,1978.0,1978.0,1938.0,1947.05,4569497
2023-05-16 00:00:00,PNB,49.3,49.85,48.8,49.0,34288935
2023-05-16 00:00:00,SBIN,584.0,590.4,582.0,586.3,22178229
2023-05-16 00:00:00,UNIONBANK,71.1,72.55,70.9,71.6,10603016
2023-05-16 00:00:00,YESBANK,15.9,16.15,15.8,15.9,95893603
2023-05-17 00:00:00,AUBANK,728.85,732.0,718.8,730.85,1459862
2023-05-17 00:00:00,AXISBANK,917.7,918.9,911.25,914.8,10248327
2023-05-17 00:00:00,BANDHANBNK,245.0,245.55,241.1,243.6,6646566
2023-05-17 00:00:00,BANKBARODA,188.7,190.0,183.75,185.9,40572322
2023-05-17 00:00:00,CANBK,305.9,308.0,299.55,302.7,8109780
2023-05-17 00:00:00,FEDERALBNK,127.1,128.15,126.05,127.65,11739989
2023-05-17 00:00:00,HDFCBANK,1650.0,1650.0,1625.35,1638.45,15233434
2023-05-17 00:00:00,ICICIBANK,947.3,948.4,935.8,939.35,19273344
2023-05-17 00:00:00,IDFCFIRSTB,67.4,67.6,66.2,66.95,33520067
2023-05-17 00:00:00,INDUSINDBK,1217.05,1248.0,1214.0,1236.15,4661849
2023-05-17 00:00:00,KOTAKBANK,1949.8,1950.9,1895.55,1909.15,5482017
2023-05-17 00:00:00,PNB,49.15,49.5,48.5,49.3,31020370
2023-05-17 00:00:00,SBIN,586.0,590.5,579.5,586.3,23739774
2023-05-17 00:00:00,UNIONBANK,71.6,72.3,70.25,70.9,7036039
2023-05-17 00:00:00,YESBANK,15.95,16.05,15.85,15.9,85822286
2023-05-18 00:00:00,AUBANK,731.0,754.9,728.45,747.6,3422021
2023-05-18 00:00:00,AXISBANK,920.0,929.5,912.6,914.7,13614127
2023-05-18 00:00:00,BANDHANBNK,244.95,248.3,243.2,244.0,7280219
2023-05-18 00:00:00,BANKBARODA,187.45,187.6,179.8,180.35,31727394
2023-05-18 00:00:00,CANBK,305.0,305.5,294.0,295.15,8179149
2023-05-18 00:00:00,FEDERALBNK,128.5,128.75,126.45,126.75,11018880
2023-05-18 00:00:00,HDFCBANK,1648.0,1653.95,1640.0,1645.0,24823471
2023-05-18 00:00:00,ICICIBANK,947.95,952.25,942.1,946.5,21550141
2023-05-18 00:00:00,IDFCFIRSTB,67.2,67.8,66.5,66.7,28449421
2023-05-18 00:00:00,INDUSINDBK,1248.0,1248.0,1230.7,1238.9,2489971
2023-05-18 00:00:00,KOTAKBANK,1924.0,1933.65,1911.2,1927.4,4145228
2023-05-18 00:00:00,PNB,49.6,49.7,48.35,48.45,32314683
2023-05-18 00:00:00,SBIN,590.3,593.9,571.4,574.2,45656620
2023-05-18 00:00:00,UNIONBANK,71.2,71.7,69.85,70.15,5239576
2023-05-18 00:00:00,YESBANK,15.95,16.0,15.65,15.7,60436667
2023-05-19 00:00:00,AUBANK,747.6,756.0,734.0,753.8,2181998
2023-05-19 00:00:00,AXISBANK,920.9,927.0,908.95,924.05,8393002
2023-05-19 00:00:00,BANDHANBNK,245.4,246.05,236.15,237.95,7503798
2023-05-19 00:00:00,BANKBARODA,181.0,182.35,178.0,181.9,18643969
2023-05-19 00:00:00,CANBK,297.0,298.9,291.35,297.8,6343566
2023-05-19 00:00:00,FEDERALBNK,127.2,127.6,124.5,126.15,9669660
2023-05-19 00:00:00,HDFCBANK,1648.0,1650.0,1631.55,1646.9,15230166
2023-05-19 00:00:00,ICICIBANK,951.45,956.0,941.6,954.3,15427412
2023-05-19 00:00:00,IDFCFIRSTB,66.95,67.15,65.65,66.8,19419804
2023-05-19 00:00:00,INDUSINDBK,1243.0,1251.0,1221.6,1248.0,2366675
2023-05-19 00:00:00,KOTAKBANK,1930.0,1946.85,1923.5,1941.65,3946927
2023-05-19 00:00:00,PNB,48.85,49.6,48.35,49.25,46965076
2023-05-19 00:00:00,SBIN,579.0,586.25,569.9,575.15,42293962
2023-05-19 00:00:00,UNIONBANK,70.3,70.5,68.55,69.35,8150331
2023-05-19 00:00:00,YESBANK,15.75,15.8,15.55,15.65,53851070
2023-05-22 00:00:00,AUBANK,753.8,761.45,752.3,758.5,1596957
2023-05-22 00:00:00,AXISBANK,923.0,927.75,914.4,917.55,9383158
2023-05-22 00:00:00,BANDHANBNK,234.0,244.55,234.0,242.35,12099282
2023-05-22 00:00:00,BANKBARODA,182.0,182.25,179.3,181.05,13737270
2023-05-22 00:00:00,CANBK,298.8,301.65,296.85,300.95,3436842
2023-05-22 00:00:00,FEDERALBNK,126.0,126.6,125.0,126.2,15934321
2023-05-22 00:00:00,HDFCBANK,1645.0,1652.9,1632.7,1641.05,14167016
2023-05-22 00:00:00,ICICIBANK,951.05,954.25,946.15,950.35,15509525
2023-05-22 00:00:00,IDFCFIRSTB,66.9,67.1,66.1,66.4,14673852
2023-05-22 00:00:00,INDUSINDBK,1247.0,1251.0,1232.5,1246.15,2106351
2023-05-22 00:00:00,KOTAKBANK,1945.0,1952.5,1923.65,1940.2,3400880
2023-05-22 00:00:00,PNB,49.85,50.75,49.7,50.55,59690876
2023-05-22 00:00:00,SBIN,577.5,580.3,573.45,577.15,21484049
2023-05-22 00:00:00,UNIONBANK,69.7,70.4,69.15,70.05,5180924
2023-05-22 00:00:00,YESBANK,15.7,15.8,15.6,15.65,41531446
2023-05-23 00:00:00,AUBANK,758.0,774.55,756.3,762.7,1669877
2023-05-23 00:00:00,AXISBANK,917.55,922.5,912.4,916.15,8273445
2023-05-23 00:00:00,BANDHANBNK,242.45,255.55,241.55,253.8,16102004
2023-05-23 00:00:00,BANKBARODA,181.25,184.65,181.05,183.3,14267334
2023-05-23 00:00:00,CANBK,301.95,304.5,301.15,302.05,3133104
2023-05-23 00:00:00,FEDERALBNK,126.5,126.95,125.45,125.65,6772781
2023-05-23 00:00:00,HDFCBANK,1649.0,1649.6,1633.45,1637.2,11235037
2023-05-23 00:00:00,ICICIBANK,952.0,958.85,945.0,953.4,16579935
2023-05-23 00:00:00,IDFCFIRSTB,66.5,66.65,66.0,66.05,13617230
2023-05-23 00:00:00,INDUSINDBK,1246.0,1266.9,1245.0,1260.2,2142459
2023-05-23 00:00:00,KOTAKBANK,1940.2,1940.2,1915.0,1921.5,4335524
2023-05-23 00:00:00,PNB,50.75,50.95,50.3,50.6,30905073
2023-05-23 00:00:00,SBIN,578.9,583.7,576.8,581.6,16120548
2023-05-23 00:00:00,UNIONBANK,70.35,70.6,69.4,69.7,6368803
2023-05-23 00:00:00,YESBANK,15.65,15.75,15.5,15.55,49358138
2023-05-24 00:00:00,AUBANK,762.7,767.7,749.45,765.9,1402441
2023-05-24 00:00:00,AXISBANK,911.15,920.85,910.2,917.7,6248545
2023-05-24 00:00:00,BANDHANBNK,253.7,262.0,252.5,261.1,17792110
2023-05-24 00:00:00,BANKBARODA,182.45,185.1,182.0,182.65,12655399
2023-05-24 00:00:00,CANBK,300.9,303.2,298.15,299.6,3290843
2023-05-24 00:00:00,FEDERALBNK,125.55,126.2,123.4,123.8,12562198
2023-05-24 00:00:00,HDFCBANK,1627.55,1634.75,1613.6,1615.8,16794056
2023-05-24 00:00:00,ICICIBANK,946.7,953.85,938.5,940.65,18049620
2023-05-24 00:00:00,IDFCFIRSTB,66.0,66.2,65.6,66.0,13233287
2023-05-24 00:00:00,INDUSINDBK,1255.0,1275.9,1247.65,1271.75,2782379
2023-05-24 00:00:00,KOTAKBANK,1921.95,1940.0,1897.4,1910.35,3557537
2023-05-24 00:00:00,PNB,50.25,50.8,49.8,49.9,25931404
2023-05-24 00:00:00,SBIN,579.8,585.25,578.25,582.7,17616658
2023-05-24 00:00:00,UNIONBANK,69.5,69.85,68.75,68.95,4951645
2023-05-24 00:00:00,YESBANK,15.55,15.7,15.5,15.6,45339237
2023-05-25 00:00:00,AUBANK,763.9,773.2,762.1,769.9,1192141
2023-05-25 00:00:00,AXISBANK,916.7,923.55,912.45,921.05,8149350
2023-05-25 00:00:00,BANDHANBNK,261.5,264.85,257.0,264.2,13198750
2023-05-25 00:00:00,BANKBARODA,181.95,182.95,179.85,181.8,13210338
2023-05-25 00:00:00,CANBK,299.0,300.3,296.15,299.65,4169967
2023-05-25 00:00:00,FEDERALBNK,123.55,123.9,122.3,123.25,15655834
2023-05-25 00:00:00,HDFCBANK,1615.7,1620.05,1597.35,1609.6,14888465
2023-05-25 00:00:00,ICICIBANK,937.0,941.6,932.95,939.85,19328582
2023-05-25 00:00:00,IDFCFIRSTB,66.0,68.1,65.85,68.0,32270687
2023-05-25 00:00:00,INDUSINDBK,1268.95,1271.9,1249.7,1263.4,2589092
2023-05-25 00:00:00,KOTAKBANK,1918.0,1933.55,1907.55,1929.95,5966757
2023-05-25 00:00:00,PNB,50.05,50.05,49.35,49.65,27256728
2023-05-25 00:00:00,SBIN,582.0,582.9,577.0,581.25,16479436
2023-05-25 00:00:00,UNIONBANK,68.7,69.6,68.4,69.3,5129844
2023-05-25 00:00:00,YESBANK,15.55,15.75,15.5,15.5,67397531
2023-05-26 00:00:00,AUBANK,767.7,780.0,766.05,778.2,1075483
2023-05-26 00:00:00,AXISBANK,918.0,927.9,915.0,926.95,4908462
2023-05-26 00:00:00,BANDHANBNK,263.5,264.4,260.05,260.9,4264270
2023-05-26 00:00:00,BANKBARODA,182.0,184.7,181.45,183.55,15666509
2023-05-26 00:00:00,CANBK,300.9,307.75,300.15,306.7,6474729
2023-05-26 00:00:00,FEDERALBNK,123.5,125.4,123.4,125.25,8746928
2023-05-26 00:00:00,HDFCBANK,1619.0,1619.0,1602.25,1615.8,13317533
2023-05-26 00:00:00,ICICIBANK,939.8,952.45,935.55,950.7,10957182
2023-05-26 00:00:00,IDFCFIRSTB,68.35,70.0,68.1,69.85,45050454
2023-05-26 00:00:00,INDUSINDBK,1256.45,1272.45,1255.9,1268.05,1981580
2023-05-26 00:00:00,KOTAKBANK,1949.95,1949.95,1923.5,1945.05,3295412
2023-05-26 00:00:00,PNB,49.75,50.5,49.7,50.35,24170849
2023-05-26 00:00:00,SBIN,581.25,587.75,580.55,586.0,9788076
2023-05-26 00:00:00,UNIONBANK,69.6,70.45,69.45,70.0,7051829
2023-05-26 00:00:00,YESBANK,15.55,15.65,15.5,15.6,34064577
2023-05-29 00:00:00,AUBANK,780.3,795.0,776.55,790.4,2625329
2023-05-29 00:00:00,AXISBANK,931.0,937.7,928.05,929.8,7133871
2023-05-29 00:00:00,BANDHANBNK,261.5,265.9,260.7,264.15,6533649
2023-05-29 00:00:00,BANKBARODA,185.0,185.35,183.05,183.75,11239265
2023-05-29 00:00:00,CANBK,309.0,310.5,305.85,307.1,5505440
2023-05-29 00:00:00,FEDERALBNK,126.1,126.4,125.2,125.5,8267792
2023-05-29 00:00:00,HDFCBANK,1628.5,1641.0,1624.85,1635.5,10908146
2023-05-29 00:00:00,ICICIBANK,953.85,957.6,946.8,948.15,12108079
2023-05-29 00:00:00,IDFCFIRSTB,70.5,70.8,69.6,70.15,30903068
2023-05-29 00:00:00,INDUSINDBK,1272.2,1295.0,1272.0,1284.95,2985334
2023-05-29 00:00:00,KOTAKBANK,1963.1,1973.3,1948.25,1953.2,3775509
2023-05-29 00:00:00,PNB,50.65,51.35,50.3,50.8,33668195
2023-05-29 00:00:00,SBIN,590.0,596.4,588.05,595.0,18432231
2023-05-29 00:00:00,UNIONBANK,70.7,70.8,70.05,70.3,5386723
2023-05-29 00:00:00,YESBANK,15.65,16.2,15.6,15.9,127417730
2023-05-30 00:00:00,AUBANK,789.45,789.45,771.0,776.15,1145487
2023-05-30 00:00:00,AXISBANK,930.8,939.7,928.05,937.45,7804403
2023-05-30 00:00:00,BANDHANBNK,263.0,268.25,261.5,267.7,5246130
2023-05-30 00:00:00,BANKBARODA,183.0,184.6,182.7,183.65,8962430
2023-05-30 00:00:00,CANBK,307.15,308.95,305.25,307.7,3248773
2023-05-30 00:00:00,FEDERALBNK,125.95,126.0,124.85,125.3,8917811
2023-05-30 00:00:00,HDFCBANK,1633.6,1642.65,1628.55,1636.75,18562964
2023-05-30 00:00:00,ICICIBANK,945.35,952.3,944.65,949.95,18483624
2023-05-30 00:00:00,IDFCFIRSTB,70.2,71.85,70.0,71.65,32919579
2023-05-30 00:00:00,INDUSINDBK,1284.95,1296.15,1276.4,1293.25,1818000
2023-05-30 00:00:00,KOTAKBANK,1957.85,1979.1,1952.35,1974.7,7429705
2023-05-30 00:00:00,PNB,50.8,51.55,50.65,51.45,31271579
2023-05-30 00:00:00,SBIN,595.0,595.5,591.5,592.8,15031640
2023-05-30 00:00:00,UNIONBANK,70.3,70.75,69.7,70.4,4888748
2023-05-30 00:00:00,YESBANK,16.0,16.05,15.75,15.9,77893859
2023-05-31 00:00:00,AUBANK,773.0,785.0,758.0,776.9,3839806
2023-05-31 00:00:00,AXISBANK,937.35,939.9,910.2,914.85,34757004
2023-05-31 00:00:00,BANDHANBNK,267.0,269.3,265.05,268.0,12016687
2023-05-31 00:00:00,BANKBARODA,183.55,185.55,182.1,185.0,15821118
2023-05-31 00:00:00,CANBK,307.4,311.65,304.6,309.7,5536730
2023-05-31 00:00:00,FEDERALBNK,125.25,126.1,124.5,125.25,9003220
2023-05-31 00:00:00,HDFCBANK,1629.9,1634.95,1604.65,1610.85,21667135
2023-05-31 00:00:00,ICICIBANK,949.5,952.0,940.5,949.15,27254425
2023-05-31 00:00:00,IDFCFIRSTB,71.7,72.0,70.5,71.65,25124618
2023-05-31 00:00:00,INDUSINDBK,1289.0,1297.4,1277.25,1286.6,2764078
2023-05-31 00:00:00,KOTAKBANK,1984.95,2064.4,1953.9,2014.35,88598126
2023-05-31 00:00:00,PNB,51.4,51.95,50.9,51.85,36101259
2023-05-31 00:00:00,SBIN,583.8,584.8,577.5,579.85,28797643
2023-05-31 00:00:00,UNIONBANK,70.2,71.4,69.55,71.1,6505613
2023-05-31 00:00:00,YESBANK,15.9,16.5,15.7,16.2,223440763
2023-06-01 00:00:00,AUBANK,778.0,782.15,765.3,769.75,1386561
2023-06-01 00:00:00,AXISBANK,922.0,930.95,916.05,919.7,11817533
2023-06-01 00:00:00,BANDHANBNK,267.2,272.0,265.9,268.35,5367508
2023-06-01 00:00:00,BANKBARODA,185.0,187.15,184.1,184.85,11592705
2023-06-01 00:00:00,CANBK,309.0,311.5,308.7,309.4,4686805
2023-06-01 00:00:00,FEDERALBNK,125.25,125.95,124.8,125.5,10982556
2023-06-01 00:00:00,HDFCBANK,1619.9,1619.9,1600.0,1604.0,25183469
2023-06-01 00:00:00,ICICIBANK,954.25,954.25,932.8,936.1,21650700
2023-06-01 00:00:00,IDFCFIRSTB,71.5,73.4,71.25,72.6,38796472
2023-06-01 00:00:00,INDUSINDBK,1280.0,1298.0,1251.5,1290.15,3244947
2023-06-01 00:00:00,KOTAKBANK,1968.0,1979.15,1925.0,1930.05,5967432
2023-06-01 00:00:00,PNB,51.85,52.25,51.55,51.7,29135650
2023-06-01 00:00:00,SBIN,581.8,586.4,581.0,582.75,17820226
2023-06-01 00:00:00,UNIONBANK,71.15,72.8,71.15,72.3,9756887
2023-06-01 00:00:00,YESBANK,16.25,16.65,16.25,16.3,85940004
2023-06-02 00:00:00,AUBANK,774.0,779.95,768.95,773.45,1927608
2023-06-02 00:00:00,AXISBANK,922.65,930.5,920.25,926.1,11616991
2023-06-02 00:00:00,BANDHANBNK,268.55,270.75,264.35,265.4,4045792
2023-06-02 00:00:00,BANKBARODA,185.8,187.1,185.1,186.75,9643005
2023-06-02 00:00:00,CANBK,310.3,315.45,309.8,313.75,6380170
2023-06-02 00:00:00,FEDERALBNK,125.95,126.95,125.8,126.15,10542134
2023-06-02 00:00:00,HDFCBANK,1612.45,1614.8,1601.0,1606.5,8929855
2023-06-02 00:00:00,ICICIBANK,943.0,944.65,935.05,938.15,12494376
2023-06-02 00:00:00,IDFCFIRSTB,73.15,73.25,72.5,72.9,22721246
2023-06-02 00:00:00,INDUSINDBK,1282.4,1292.95,1271.0,1288.2,1912458
2023-06-02 00:00:00,KOTAKBANK,1944.95,1951.35,1928.0,1938.75,3558072
2023-06-02 00:00:00,PNB,51.8,52.5,51.8,52.3,25135897
2023-06-02 00:00:00,SBIN,584.7,588.9,583.0,587.2,11323908
2023-06-02 00:00:00,UNIONBANK,72.9,73.15,72.5,72.75,4655629
2023-06-02 00:00:00,YESBANK,16.35,16.5,16.3,16.4,113767784
2023-06-05 00:00:00,AUBANK,765.25,772.55,749.0,750.95,2901296
2023-06-05 00:00:00,AXISBANK,927.6,953.9,927.6,950.85,14520005
2023-06-05 00:00:00,BANDHANBNK,265.85,267.4,262.0,263.5,3345549
2023-06-05 00:00:00,BANKBARODA,187.3,187.8,185.45,185.65,6213398
2023-06-05 00:00:00,CANBK,315.45,315.85,311.55,312.0,4397874
2023-06-05 00:00:00,FEDERALBNK,126.95,128.1,126.65,127.3,10321926
2023-06-05 00:00:00,HDFCBANK,1614.5,1616.5,1602.45,1604.4,9348621
2023-06-05 00:00:00,ICICIBANK,943.0,951.8,943.0,946.75,10751684
2023-06-05 00:00:00,IDFCFIRSTB,73.6,74.1,73.05,73.7,29709631
2023-06-05 00:00:00,INDUSINDBK,1295.0,1306.45,1282.65,1301.8,3040374
2023-06-05 00:00:00,KOTAKBANK,1945.0,1951.5,1922.25,1924.9,2405909
2023-06-05 00:00:00,PNB,52.55,52.8,52.0,52.15,19034598
2023-06-05 00:00:00,SBIN,588.5,589.8,586.0,587.2,12920507
2023-06-05 00:00:00,UNIONBANK,73.2,73.45,72.5,72.6,3763231
2023-06-05 00:00:00,YESBANK,16.4,16.5,16.05,16.15,39525286
2023-06-06 00:00:00,AUBANK,750.0,754.45,740.05,751.9,2936010
2023-06-06 00:00:00,AXISBANK,951.1,970.75,951.1,968.2,14457988
2023-06-06 00:00:00,BANDHANBNK,263.2,264.8,262.3,263.75,1933962
2023-06-06 00:00:00,BANKBARODA,185.6,186.15,184.4,185.3,8102412
2023-06-06 00:00:00,CANBK,312.9,313.4,308.9,311.75,3370325
2023-06-06 00:00:00,FEDERALBNK,127.5,127.5,125.7,126.15,6668953
2023-06-06 00:00:00,HDFCBANK,1607.65,1609.85,1592.25,1599.4,16091426
2023-06-06 00:00:00,ICICIBANK,946.5,947.8,938.1,942.1,11894330
2023-06-06 00:00:00,IDFCFIRSTB,73.95,74.15,73.05,73.8,24524411
2023-06-06 00:00:00,INDUSINDBK,1302.0,1315.9,1300.0,1306.0,2902701
2023-06-06 00:00:00,KOTAKBANK,1934.9,1966.4,1930.15,1959.05,4112841
2023-06-06 00:00:00,PNB,52.35,52.35,51.55,52.05,18736434
2023-06-06 00:00:00,SBIN,588.0,588.9,583.0,585.35,11199940
2023-06-06 00:00:00,UNIONBANK,72.65,72.9,71.7,72.15,4019159
2023-06-06 00:00:00,YESBANK,16.15,16.15,15.95,16.0,39361694
2023-06-07 00:00:00,AUBANK,757.0,767.25,755.0,762.55,1600037
2023-06-07 00:00:00,AXISBANK,972.95,981.25,968.1,976.75,15795824
2023-06-07 00:00:00,BANDHANBNK,264.8,267.4,261.2,264.7,4198993
2023-06-07 00:00:00,BANKBARODA,185.3,188.3,185.3,187.4,12778032
2023-06-07 00:00:00,CANBK,312.9,316.5,312.6,315.0,4175476
2023-06-07 00:00:00,FEDERALBNK,126.5,127.5,125.95,126.2,5556188
2023-06-07 00:00:00,HDFCBANK,1603.45,1612.55,1596.0,1607.7,12474513
2023-06-07 00:00:00,ICICIBANK,944.35,945.85,933.8,940.2,16486469
2023-06-07 00:00:00,IDFCFIRSTB,74.0,74.25,73.3,73.6,17304251
2023-06-07 00:00:00,INDUSINDBK,1309.95,1312.75,1303.2,1311.2,2679118
2023-06-07 00:00:00,KOTAKBANK,1972.0,1972.0,1936.0,1939.4,3100414
2023-06-07 00:00:00,PNB,52.15,52.45,52.05,52.35,16129252
2023-06-07 00:00:00,SBIN,588.0,590.6,586.0,589.2,11113781
2023-06-07 00:00:00,UNIONBANK,72.3,72.95,72.15,72.35,4184188
2023-06-07 00:00:00,YESBANK,16.05,16.3,16.0,16.15,52628264
2023-06-08 00:00:00,AUBANK,765.9,775.15,752.45,755.4,1525613
2023-06-08 00:00:00,AXISBANK,973.05,974.85,959.9,962.1,10209982
2023-06-08 00:00:00,BANDHANBNK,265.5,266.85,259.5,260.2,4820823
2023-06-08 00:00:00,BANKBARODA,187.45,189.15,186.1,187.45,13367812
2023-06-08 00:00:00,CANBK,316.4,316.55,311.0,312.3,3707334
2023-06-08 00:00:00,FEDERALBNK,126.25,127.6,125.9,126.1,9170509
2023-06-08 00:00:00,HDFCBANK,1603.25,1626.0,1603.25,1608.7,18697761
2023-06-08 00:00:00,ICICIBANK,936.6,950.5,935.2,937.9,17608140
2023-06-08 00:00:00,IDFCFIRSTB,73.6,73.9,72.05,72.2,28757809
2023-06-08 00:00:00,INDUSINDBK,1316.45,1323.9,1300.0,1303.85,3215312
2023-06-08 00:00:00,KOTAKBANK,1936.9,1936.9,1879.55,1886.5,5491614
2023-06-08 00:00:00,PNB,52.45,52.65,51.75,51.95,31319973
2023-06-08 00:00:00,SBIN,589.95,593.95,586.35,588.5,15971917
2023-06-08 00:00:00,UNIONBANK,72.55,73.35,71.45,71.75,5500883
2023-06-08 00:00:00,YESBANK,16.2,17.2,16.15,16.75,307712828
2023-06-09 00:00:00,AUBANK,757.45,764.55,750.15,762.25,1450577
2023-06-09 00:00:00,AXISBANK,967.0,981.7,963.3,974.75,12947464
2023-06-09 00:00:00,BANDHANBNK,260.45,264.45,255.8,256.55,3902967
2023-06-09 00:00:00,BANKBARODA,187.6,187.75,184.1,184.85,10197155
2023-06-09 00:00:00,CANBK,313.25,313.25,310.0,311.0,3720275
2023-06-09 00:00:00,FEDERALBNK,126.25,126.3,124.85,125.1,6445849
2023-06-09 00:00:00,HDFCBANK,1615.9,1618.5,1607.0,1610.6,9106289
2023-06-09 00:00:00,ICICIBANK,941.4,944.0,936.2,938.05,12253128
2023-06-09 00:00:00,IDFCFIRSTB,72.35,72.9,71.45,71.7,17742518
2023-06-09 00:00:00,INDUSINDBK,1299.0,1336.4,1298.4,1331.05,4233651
2023-06-09 00:00:00,KOTAKBANK,1862.0,1897.7,1860.7,1872.0,14196924
2023-06-09 00:00:00,PNB,52.15,52.2,51.2,51.35,20964121
2023-06-09 00:00:00,SBIN,588.0,589.1,576.75,578.7,18870272
2023-06-09 00:00:00,UNIONBANK,71.9,72.45,71.4,71.75,3901894
2023-06-09 00:00:00,YESBANK,16.75,16.95,16.5,16.6,114417447
2023-06-12 00:00:00,AUBANK,767.0,769.95,750.4,761.45,1134935
2023-06-12 00:00:00,AXISBANK,973.0,977.9,968.6,974.2,7465375
2023-06-12 00:00:00,BANDHANBNK,257.05,259.4,255.2,257.1,2428952
2023-06-12 00:00:00,BANKBARODA,184.9,187.4,184.7,187.0,7693347
2023-06-12 00:00:00,CANBK,313.0,315.4,310.15,314.9,3776249
2023-06-12 00:00:00,FEDERALBNK,125.0,125.8,124.6,125.2,3558036
2023-06-12 00:00:00,HDFCBANK,1612.55,1615.8,1599.45,1600.8,6704146
2023-06-12 00:00:00,ICICIBANK,938.0,943.5,933.3,935.95,10520125
2023-06-12 00:00:00,IDFCFIRSTB,71.8,73.05,70.85,72.8,21006740
2023-06-12 00:00:00,INDUSINDBK,1336.95,1336.95,1318.6,1332.45,1904622
2023-06-12 00:00:00,KOTAKBANK,1874.85,1884.0,1864.45,1879.45,2815173
2023-06-12 00:00:00,PNB,51.4,51.85,50.95,51.55,17394733
2023-06-12 00:00:00,SBIN,580.0,581.5,577.7,578.65,8786066
2023-06-12 00:00:00,UNIONBANK,72.0,72.0,71.2,71.7,2745575
2023-06-12 00:00:00,YESBANK,16.6,16.6,16.35,16.4,53269073
2023-06-13 00:00:00,AUBANK,761.0,765.65,758.15,763.8,1270095
2023-06-13 00:00:00,AXISBANK,974.3,989.7,974.3,985.85,15233785
2023-06-13 00:00:00,BANDHANBNK,257.85,266.8,257.0,261.65,6647196
2023-06-13 00:00:00,BANKBARODA,187.6,188.7,186.8,187.25,7274187
2023-06-13 00:00:00,CANBK,316.0,316.4,313.25,314.9,3615916
2023-06-13 00:00:00,FEDERALBNK,125.5,126.0,124.4,124.55,14180212
2023-06-13 00:00:00,HDFCBANK,1590.1,1609.0,1590.1,1603.5,13963054
2023-06-13 00:00:00,ICICIBANK,935.9,946.25,934.1,943.55,13528776
2023-06-13 00:00:00,IDFCFIRSTB,73.2,75.0,73.0,74.8,44054805
2023-06-13 00:00:00,INDUSINDBK,1336.0,1342.9,1332.35,1336.25,3756073
2023-06-13 00:00:00,KOTAKBANK,1875.35,1883.0,1852.0,1855.95,9561827
2023-06-13 00:00:00,PNB,51.9,52.2,51.55,52.0,17963382
2023-06-13 00:00:00,SBIN,579.45,581.4,574.25,576.4,12612098
2023-06-13 00:00:00,UNIONBANK,71.9,72.4,71.6,72.25,4163026
2023-06-13 00:00:00,YESBANK,16.45,16.7,16.35,16.4,61321328
2023-06-14 00:00:00,AUBANK,767.0,775.0,764.1,772.2,1691498
2023-06-14 00:00:00,AXISBANK,986.0,988.2,976.0,977.7,8644423
2023-06-14 00:00:00,BANDHANBNK,262.0,262.1,252.0,252.55,8555576
2023-06-14 00:00:00,BANKBARODA,188.3,188.4,186.4,187.45,12464768
2023-06-14 00:00:00,CANBK,304.5,307.15,303.0,304.45,6079409
2023-06-14 00:00:00,FEDERALBNK,124.8,125.2,123.5,124.4,15051657
2023-06-14 00:00:00,HDFCBANK,1610.45,1612.0,1600.2,1601.75,10056984
2023-06-14 00:00:00,ICICIBANK,946.05,946.95,936.25,939.8,13489262
2023-06-14 00:00:00,IDFCFIRSTB,75.25,76.9,74.95,76.75,50922815
2023-06-14 00:00:00,INDUSINDBK,1335.05,1336.25,1318.2,1323.25,2858453
2023-06-14 00:00:00,KOTAKBANK,1855.95,1867.95,1846.4,1864.65,5578543
2023-06-14 00:00:00,PNB,52.2,52.3,51.65,51.8,16336696
2023-06-14 00:00:00,SBIN,577.0,578.55,575.25,576.55,8948696
2023-06-14 00:00:00,UNIONBANK,72.5,72.85,71.75,72.0,3998517
2023-06-14 00:00:00,YESBANK,16.5,16.6,16.1,16.2,99586254
2023-06-15 00:00:00,AUBANK,772.6,779.55,765.05,775.7,1584856
2023-06-15 00:00:00,AXISBANK,988.35,989.0,972.2,977.15,15978311
2023-06-15 00:00:00,BANDHANBNK,254.1,254.1,246.4,246.95,7586522
2023-06-15 00:00:00,BANKBARODA,187.0,187.9,182.65,183.4,14951075
2023-06-15 00:00:00,CANBK,304.5,305.35,295.95,296.8,5959180
2023-06-15 00:00:00,FEDERALBNK,124.65,124.7,121.75,122.05,16997484
2023-06-15 00:00:00,HDFCBANK,1604.0,1605.95,1579.0,1582.05,17688738
2023-06-15 00:00:00,ICICIBANK,940.7,942.95,924.35,926.6,19366819
2023-06-15 00:00:00,IDFCFIRSTB,76.9,79.9,76.3,79.0,71417373
2023-06-15 00:00:00,INDUSINDBK,1315.0,1319.95,1288.5,1297.1,5952095
2023-06-15 00:00:00,KOTAKBANK,1867.95,1869.0,1828.7,1833.5,4838188
2023-06-15 00:00:00,PNB,51.8,52.05,50.2,50.4,33888122
2023-06-15 00:00:00,SBIN,576.0,576.7,565.25,566.5,17934877
2023-06-15 00:00:00,UNIONBANK,72.1,72.55,70.05,70.25,7582805
2023-06-15 00:00:00,YESBANK,16.2,16.35,15.95,16.1,56035794
2023-06-16 00:00:00,AUBANK,777.0,782.7,773.2,778.75,666115
2023-06-16 00:00:00,AXISBANK,982.8,985.45,977.2,981.55,8860900
2023-06-16 00:00:00,BANDHANBNK,248.0,254.4,246.1,253.95,5956570
2023-06-16 00:00:00,BANKBARODA,183.75,188.5,183.5,188.1,15225297
2023-06-16 00:00:00,CANBK,298.4,305.0,297.6,303.75,5511476
2023-06-16 00:00:00,FEDERALBNK,122.7,124.35,122.1,123.75,7806010
2023-06-16 00:00:00,HDFCBANK,1587.15,1609.2,1584.0,1602.75,7889636
2023-06-16 00:00:00,ICICIBANK,929.3,937.75,927.0,934.2,11249387
2023-06-16 00:00:00,IDFCFIRSTB,79.5,82.35,79.25,81.7,60784532
2023-06-16 00:00:00,INDUSINDBK,1297.1,1318.6,1294.55,1314.0,3508045
2023-06-16 00:00:00,KOTAKBANK,1836.95,1861.65,1833.0,1857.4,3197657
2023-06-16 00:00:00,PNB,50.7,52.45,50.5,51.55,96884339
2023-06-16 00:00:00,SBIN,568.75,574.7,567.05,571.25,12660226
2023-06-16 00:00:00,UNIONBANK,70.5,71.45,70.2,71.1,5355664
2023-06-16 00:00:00,YESBANK,16.15,16.45,16.0,16.3,79705305
2023-06-19 00:00:00,AUBANK,778.75,784.0,767.9,772.1,740479
2023-06-19 00:00:00,AXISBANK,983.85,986.0,961.0,965.65,11025846
2023-06-19 00:00:00,BANDHANBNK,255.25,255.25,248.4,249.8,5044638
2023-06-19 00:00:00,BANKBARODA,188.7,194.9,188.3,193.75,33267447
2023-06-19 00:00:00,CANBK,303.95,307.2,302.2,305.0,4902552
2023-06-19 00:00:00,FEDERALBNK,123.95,124.0,122.65,123.1,8471676
2023-06-19 00:00:00,HDFCBANK,1611.0,1614.25,1598.35,1604.15,12414573
2023-06-19 00:00:00,ICICIBANK,933.5,933.95,918.7,923.15,19351375
2023-06-19 00:00:00,IDFCFIRSTB,82.0,84.5,80.2,81.3,82330493
2023-06-19 00:00:00,INDUSINDBK,1310.0,1317.25,1290.6,1301.4,2679485
2023-06-19 00:00:00,KOTAKBANK,1863.85,1868.45,1818.0,1824.55,7609913
2023-06-19 00:00:00,PNB,51.35,52.5,51.2,51.95,34057742
2023-06-19 00:00:00,SBIN,571.25,572.75,565.9,568.85,17903691
2023-06-19 00:00:00,UNIONBANK,71.4,72.6,71.1,71.5,8534369
2023-06-19 00:00:00,YESBANK,16.4,16.75,16.1,16.25,127260482
2023-06-20 00:00:00,AUBANK,772.1,772.15,763.8,767.55,493662
2023-06-20 00:00:00,AXISBANK,965.95,977.0,958.55,974.85,7596593
2023-06-20 00:00:00,BANDHANBNK,249.85,250.8,245.15,247.0,5129399
2023-06-20 00:00:00,BANKBARODA,195.0,196.8,193.5,194.95,28783695
2023-06-20 00:00:00,CANBK,305.0,306.9,302.45,306.4,4708574
2023-06-20 00:00:00,FEDERALBNK,123.1,123.65,122.8,123.4,4066067
2023-06-20 00:00:00,HDFCBANK,1604.15,1611.0,1590.65,1607.5,10002813
2023-06-20 00:00:00,ICICIBANK,920.95,928.55,914.8,925.55,15212286
2023-06-20 00:00:00,IDFCFIRSTB,81.75,83.15,81.4,82.8,46126349
2023-06-20 00:00:00,INDUSINDBK,1295.0,1315.4,1285.2,1298.4,2102065
2023-06-20 00:00:00,KOTAKBANK,1820.0,1847.0,1815.3,1844.0,4622905
2023-06-20 00:00:00,PNB,51.85,52.25,51.45,51.9,23194150
2023-06-20 00:00:00,SBIN,568.85,569.45,562.55,567.4,14549152
2023-06-20 00:00:00,UNIONBANK,71.65,72.0,70.25,70.85,7743663
2023-06-20 00:00:00,YESBANK,16.3,16.4,16.15,16.25,62344783
2023-06-21 00:00:00,AUBANK,770.95,773.85,748.1,749.55,1089259
2023-06-21 00:00:00,AXISBANK,978.3,978.3,963.15,966.0,7805855
2023-06-21 00:00:00,BANDHANBNK,248.0,248.25,241.0,241.6,7788940
2023-06-21 00:00:00,BANKBARODA,195.4,198.5,195.0,198.1,19593213
2023-06-21 00:00:00,CANBK,306.4,309.45,304.5,306.65,5573827
2023-06-21 00:00:00,FEDERALBNK,123.7,124.65,123.1,123.45,6402879
2023-06-21 00:00:00,HDFCBANK,1616.0,1637.25,1611.0,1635.6,12154473
2023-06-21 00:00:00,ICICIBANK,928.0,928.4,920.0,924.7,9210553
2023-06-21 00:00:00,IDFCFIRSTB,83.1,84.35,81.5,82.2,44526728
2023-06-21 00:00:00,INDUSINDBK,1297.75,1307.5,1284.4,1286.6,1490552
2023-06-21 00:00:00,KOTAKBANK,1847.05,1849.75,1836.1,1845.55,2399108
2023-06-21 00:00:00,PNB,52.05,53.25,51.8,52.85,52583478
2023-06-21 00:00:00,SBIN,567.4,569.5,565.65,566.35,14946871
2023-06-21 00:00:00,UNIONBANK,71.25,71.4,70.55,70.85,7172125
2023-06-21 00:00:00,YESBANK,16.25,16.35,16.15,16.2,43815628
2023-06-22 00:00:00,AUBANK,751.0,756.65,732.5,740.8,2295370
2023-06-22 00:00:00,AXISBANK,962.2,973.45,958.7,966.6,10135883
2023-06-22 00:00:00,BANDHANBNK,241.6,242.5,237.3,238.6,8034246
2023-06-22 00:00:00,BANKBARODA,198.4,198.55,192.25,193.3,19689242
2023-06-22 00:00:00,CANBK,306.0,307.0,299.2,300.9,4184430
2023-06-22 00:00:00,FEDERALBNK,123.7,124.4,123.1,123.8,7522638
2023-06-22 00:00:00,HDFCBANK,1640.0,1657.55,1639.05,1643.6,28298070
2023-06-22 00:00:00,ICICIBANK,924.4,935.55,920.7,925.75,27291569
2023-06-22 00:00:00,IDFCFIRSTB,81.9,82.0,77.3,77.6,85854307
2023-06-22 00:00:00,INDUSINDBK,1286.6,1289.05,1269.05,1272.7,3185099
2023-06-22 00:00:00,KOTAKBANK,1845.55,1847.3,1830.4,1836.1,3428210
2023-06-22 00:00:00,PNB,53.15,53.2,50.75,51.0,53046985
2023-06-22 00:00:00,SBIN,566.35,569.0,561.05,562.95,14979063
2023-06-22 00:00:00,UNIONBANK,70.9,70.95,69.9,70.1,5203774
2023-06-22 00:00:00,YESBANK,16.2,16.3,15.95,16.0,52482954
2023-06-23 00:00:00,AUBANK,742.6,745.7,734.1,736.7,617906
2023-06-23 00:00:00,AXISBANK,960.0,965.5,954.55,958.4,6188008
2023-06-23 00:00:00,BANDHANBNK,239.2,243.4,234.9,235.75,9582241
2023-06-23 00:00:00,BANKBARODA,193.3,194.15,190.55,192.2,14090074
2023-06-23 00:00:00,CANBK,301.2,301.7,294.6,296.4,4739916
2023-06-23 00:00:00,FEDERALBNK,123.75,123.75,121.75,122.15,6602216
2023-06-23 00:00:00,HDFCBANK,1637.55,1659.9,1634.05,1643.5,10669609
2023-06-23 00:00:00,ICICIBANK,926.05,931.9,919.0,923.5,8767733
2023-06-23 00:00:00,IDFCFIRSTB,77.6,79.15,75.55,77.75,56849916
2023-06-23 00:00:00,INDUSINDBK,1272.7,1318.0,1262.0,1308.7,4636121
2023-06-23 00:00:00,KOTAKBANK,1833.0,1845.55,1823.9,1828.55,2584063
2023-06-23 00:00:00,PNB,50.8,50.9,50.15,50.5,28505207
2023-06-23 00:00:00,SBIN,562.0,562.1,553.8,554.6,12215712
2023-06-23 00:00:00,UNIONBANK,70.1,70.2,68.7,68.95,6488512
2023-06-23 00:00:00,YESBANK,16.0,16.1,15.9,16.0,42620606
2023-06-26 00:00:00,AUBANK,736.7,749.35,732.05,745.4,1115771
2023-06-26 00:00:00,AXISBANK,959.5,963.5,953.1,960.55,5799528
2023-06-26 00:00:00,BANDHANBNK,236.6,239.5,233.5,236.55,7430712
2023-06-26 00:00:00,BANKBARODA,191.95,192.5,188.9,190.75,13686846
2023-06-26 00:00:00,CANBK,296.4,297.5,291.65,293.75,5601930
2023-06-26 00:00:00,FEDERALBNK,122.15,122.3,121.0,121.3,5930251
2023-06-26 00:00:00,HDFCBANK,1645.0,1650.75,1628.7,1635.55,8065157
2023-06-26 00:00:00,ICICIBANK,927.1,931.8,923.2,927.45,11749040
2023-06-26 00:00:00,IDFCFIRSTB,77.9,78.25,76.45,77.75,30737311
2023-06-26 00:00:00,INDUSINDBK,1314.8,1326.6,1305.9,1315.05,2236596
2023-06-26 00:00:00,KOTAKBANK,1831.95,1831.95,1819.9,1822.95,2213679
2023-06-26 00:00:00,PNB,50.55,50.6,49.7,50.3,23362169
2023-06-26 00:00:00,SBIN,556.0,558.5,554.5,557.05,8360264
2023-06-26 00:00:00,UNIONBANK,69.3,69.5,68.0,68.65,6867933
2023-06-26 00:00:00,YESBANK,16.05,16.35,16.0,16.1,69419649
2023-06-27 00:00:00,AUBANK,748.95,755.35,744.35,749.8,907052
2023-06-27 00:00:00,AXISBANK,967.0,976.0,960.8,973.25,6921886
2023-06-27 00:00:00,BANDHANBNK,237.7,240.85,236.6,238.0,5107464
2023-06-27 00:00:00,BANKBARODA,191.1,192.1,190.55,190.95,11963762
2023-06-27 00:00:00,CANBK,294.65,297.0,294.15,296.05,4182838
2023-06-27 00:00:00,FEDERALBNK,121.95,123.6,121.45,123.05,9768441
2023-06-27 00:00:00,HDFCBANK,1642.95,1672.9,1638.55,1658.6,16915932
2023-06-27 00:00:00,ICICIBANK,930.0,939.95,922.2,936.1,13422726
2023-06-27 00:00:00,IDFCFIRSTB,78.1,79.6,77.95,78.25,37226897
2023-06-27 00:00:00,INDUSINDBK,1318.75,1320.95,1297.35,1315.95,2638788
2023-06-27 00:00:00,KOTAKBANK,1827.7,1847.0,1820.65,1844.7,2138665
2023-06-27 00:00:00,PNB,50.55,51.0,50.4,50.85,19597683
2023-06-27 00:00:00,SBIN,558.25,567.95,555.65,566.1,10694768
2023-06-27 00:00:00,UNIONBANK,68.5,70.65,68.5,70.45,7755255
2023-06-27 00:00:00,YESBANK,16.15,16.25,16.0,16.05,35114512
2023-06-28 00:00:00,AUBANK,753.75,756.9,742.55,747.8,2946020
2023-06-28 00:00:00,AXISBANK,979.0,984.0,967.0,978.2,10010996
2023-06-28 00:00:00,BANDHANBNK,240.0,240.85,232.3,233.45,11065413
2023-06-28 00:00:00,BANKBARODA,191.3,191.95,189.2,190.0,19223838
2023-06-28 00:00:00,CANBK,297.3,299.7,295.6,296.6,5245062
2023-06-28 00:00:00,FEDERALBNK,124.0,124.25,121.65,122.15,27133502
2023-06-28 00:00:00,HDFCBANK,1670.0,1679.9,1660.5,1676.15,29781475
2023-06-28 00:00:00,ICICIBANK,944.0,944.0,934.3,937.45,25708001
2023-06-28 00:00:00,IDFCFIRSTB,78.95,80.1,77.5,79.7,50780871
2023-06-28 00:00:00,INDUSINDBK,1325.0,1346.95,1316.25,1334.05,5550351
2023-06-28 00:00:00,KOTAKBANK,1846.0,1848.1,1829.4,1840.55,5339982
2023-06-28 00:00:00,PNB,50.9,51.1,50.3,50.4,38263938
2023-06-28 00:00:00,SBIN,572.25,574.0,568.55,569.8,18028934
2023-06-28 00:00:00,UNIONBANK,71.0,71.7,70.45,70.7,7865818
2023-06-28 00:00:00,YESBANK,16.1,16.35,15.95,16.2,63502734
2023-06-30 00:00:00,AUBANK,754.0,759.8,747.45,753.65,1725775
2023-06-30 00:00:00,AXISBANK,977.1,989.85,976.0,987.45,7096350
2023-06-30 00:00:00,BANDHANBNK,237.0,244.5,233.5,242.05,21186767
2023-06-30 00:00:00,BANKBARODA,186.6,191.0,185.35,190.35,17037322
2023-06-30 00:00:00,CANBK,299.3,303.2,297.5,301.85,4127658
2023-06-30 00:00:00,FEDERALBNK,122.35,126.4,122.35,126.15,17568492
2023-06-30 00:00:00,HDFCBANK,1704.0,1708.8,1683.25,1701.4,20349508
2023-06-30 00:00:00,ICICIBANK,940.5,942.2,930.65,934.6,13843218
2023-06-30 00:00:00,IDFCFIRSTB,80.05,81.45,79.25,79.4,45626525
2023-06-30 00:00:00,INDUSINDBK,1341.9,1382.25,1337.05,1374.65,4590286
2023-06-30 00:00:00,KOTAKBANK,1847.9,1850.55,1832.95,1846.55,3934720
2023-06-30 00:00:00,PNB,50.55,51.75,50.55,51.65,29580748
2023-06-30 00:00:00,SBIN,574.0,574.0,570.2,572.85,8718232
2023-06-30 00:00:00,UNIONBANK,71.0,72.45,70.8,72.25,11659457
2023-06-30 00:00:00,YESBANK,16.25,16.35,16.15,16.25,69541563
2023-07-03 00:00:00,AUBANK,760.0,763.2,755.8,760.25,988169
2023-07-03 00:00:00,AXISBANK,990.0,990.0,978.0,982.1,5562743
2023-07-03 00:00:00,BANDHANBNK,246.0,246.0,235.0,235.45,13849806
2023-07-03 00:00:00,BANKBARODA,191.6,199.75,190.0,199.1,27140339
2023-07-03 00:00:00,CANBK,303.0,320.9,302.55,318.5,18497978
2023-07-03 00:00:00,FEDERALBNK,127.2,128.5,126.5,127.55,14414543
2023-07-03 00:00:00,HDFCBANK,1712.5,1757.5,1710.0,1719.8,22052058
2023-07-03 00:00:00,ICICIBANK,937.0,945.75,936.5,942.55,12350359
2023-07-03 00:00:00,IDFCFIRSTB,79.95,82.1,79.9,81.95,41722855
2023-07-03 00:00:00,INDUSINDBK,1379.95,1387.0,1367.6,1380.35,2890340
2023-07-03 00:00:00,KOTAKBANK,1856.0,1859.0,1838.0,1843.95,3208540
2023-07-03 00:00:00,PNB,52.0,54.0,52.0,53.85,68566621
2023-07-03 00:00:00,SBIN,574.5,586.35,573.9,585.45,15421985
2023-07-03 00:00:00,UNIONBANK,72.6,75.1,72.4,74.9,22272363
2023-07-03 00:00:00,YESBANK,16.35,16.55,16.3,16.35,108321412
2023-07-04 00:00:00,AUBANK,760.45,780.75,753.3,777.2,1783462
2023-07-04 00:00:00,AXISBANK,982.1,984.85,969.0,970.7,7396806
2023-07-04 00:00:00,BANDHANBNK,237.9,238.0,230.7,231.25,13024992
2023-07-04 00:00:00,BANKBARODA,200.7,204.7,197.35,202.35,31824698
2023-07-04 00:00:00,CANBK,320.7,325.7,317.55,321.65,14042359
2023-07-04 00:00:00,FEDERALBNK,128.0,133.3,127.65,132.0,41128680
2023-07-04 00:00:00,HDFCBANK,1723.45,1747.0,1713.8,1728.2,19397594
2023-07-04 00:00:00,ICICIBANK,947.25,951.3,942.0,944.7,14041699
2023-07-04 00:00:00,IDFCFIRSTB,81.5,81.5,77.05,78.65,123645833
2023-07-04 00:00:00,INDUSINDBK,1389.0,1394.0,1363.3,1367.35,2262047
2023-07-04 00:00:00,KOTAKBANK,1850.0,1868.35,1836.05,1861.7,6575587
2023-07-04 00:00:00,PNB,54.1,57.6,53.75,57.05,177088979
2023-07-04 00:00:00,SBIN,588.2,595.95,582.25,589.25,24799250
2023-07-04 00:00:00,UNIONBANK,75.3,76.8,73.85,76.2,27416664
2023-07-04 00:00:00,YESBANK,16.4,17.2,16.25,16.8,323137498
2023-07-05 00:00:00,AUBANK,777.05,782.5,761.1,769.05,2810140
2023-07-05 00:00:00,AXISBANK,969.0,975.5,962.1,966.5,8200047
2023-07-05 00:00:00,BANDHANBNK,219.0,228.6,216.1,224.95,42592706
2023-07-05 00:00:00,BANKBARODA,202.6,205.9,201.8,205.2,20060420
2023-07-05 00:00:00,CANBK,321.7,325.15,320.3,322.1,5866117
2023-07-05 00:00:00,FEDERALBNK,132.75,134.1,131.75,133.3,22443255
2023-07-05 00:00:00,HDFCBANK,1716.25,1720.0,1668.55,1673.3,18582877
2023-07-05 00:00:00,ICICIBANK,942.05,964.75,941.0,958.0,13817767
2023-07-05 00:00:00,IDFCFIRSTB,78.5,81.45,78.0,80.35,74563754
2023-07-05 00:00:00,INDUSINDBK,1371.35,1413.1,1371.35,1399.55,5288351
2023-07-05 00:00:00,KOTAKBANK,1862.8,1867.8,1853.15,1864.85,3119185
2023-07-05 00:00:00,PNB,57.35,59.1,56.8,58.6,141211050
2023-07-05 00:00:00,SBIN,589.8,593.7,588.2,590.6,13598114
2023-07-05 00:00:00,UNIONBANK,76.6,77.85,75.75,77.65,20655728
2023-07-05 00:00:00,YESBANK,16.85,17.45,16.8,17.15,214341757
2023-07-06 00:00:00,AUBANK,768.45,792.0,766.05,789.85,1665090
2023-07-06 00:00:00,AXISBANK,961.0,986.1,961.0,980.95,10221727
2023-07-06 00:00:00,BANDHANBNK,226.5,231.35,225.6,230.7,11950470
2023-07-06 00:00:00,BANKBARODA,204.95,205.9,202.8,205.45,16656768
2023-07-06 00:00:00,CANBK,322.0,329.3,320.25,325.85,8776776
2023-07-06 00:00:00,FEDERALBNK,133.0,136.5,132.35,135.4,23044807
2023-07-06 00:00:00,HDFCBANK,1673.0,1687.85,1660.4,1675.0,26078272
2023-07-06 00:00:00,ICICIBANK,954.7,963.9,954.0,959.4,16334427
2023-07-06 00:00:00,IDFCFIRSTB,80.35,81.1,79.7,80.5,45178598
2023-07-06 00:00:00,INDUSINDBK,1395.25,1396.7,1373.4,1390.2,3337234
2023-07-06 00:00:00,KOTAKBANK,1860.0,1882.85,1859.05,1877.3,3654241
2023-07-06 00:00:00,PNB,58.35,59.75,58.0,59.0,75478926
2023-07-06 00:00:00,SBIN,590.4,593.5,589.1,592.5,11323509
2023-07-06 00:00:00,UNIONBANK,77.95,80.0,77.65,79.7,23749021
2023-07-06 00:00:00,YESBANK,17.25,17.95,17.25,17.8,264919299
2023-07-07 00:00:00,AUBANK,787.25,787.45,758.0,761.65,1466776
2023-07-07 00:00:00,AXISBANK,976.25,989.45,971.8,976.7,6236524
2023-07-07 00:00:00,BANDHANBNK,230.0,232.2,228.3,230.25,7541279
2023-07-07 00:00:00,BANKBARODA,204.5,210.5,202.4,209.0,27442860
2023-07-07 00:00:00,CANBK,325.15,336.7,320.65,333.7,11844474
2023-07-07 00:00:00,FEDERALBNK,135.95,136.2,133.3,135.15,13848264
2023-07-07 00:00:00,HDFCBANK,1665.0,1675.0,1656.3,1660.4,9963168
2023-07-07 00:00:00,ICICIBANK,953.0,955.05,943.8,946.4,8593807
2023-07-07 00:00:00,IDFCFIRSTB,80.5,80.8,79.05,79.7,27805119
2023-07-07 00:00:00,INDUSINDBK,1384.55,1393.95,1353.0,1357.1,2922616
2023-07-07 00:00:00,KOTAKBANK,1872.0,1874.4,1850.5,1853.5,2076544
2023-07-07 00:00:00,PNB,58.9,61.0,57.55,60.4,101329144
2023-07-07 00:00:00,SBIN,590.0,595.5,585.5,593.6,11707209
2023-07-07 00:00:00,UNIONBANK,80.0,80.6,77.75,80.0,20767845
2023-07-07 00:00:00,YESBANK,17.85,17.95,17.3,17.45,248157506
2023-07-10 00:00:00,AUBANK,761.95,769.0,750.5,763.75,1131126
2023-07-10 00:00:00,AXISBANK,976.7,986.0,960.4,964.05,7138850
2023-07-10 00:00:00,BANDHANBNK,231.2,232.15,226.05,228.6,5307723
2023-07-10 00:00:00,BANKBARODA,209.75,210.8,202.9,203.4,19991207
2023-07-10 00:00:00,CANBK,335.6,339.5,332.0,334.0,10051541
2023-07-10 00:00:00,FEDERALBNK,135.15,135.5,132.5,133.9,12720773
2023-07-10 00:00:00,HDFCBANK,1661.0,1676.75,1649.7,1656.45,19199221
2023-07-10 00:00:00,ICICIBANK,946.0,952.9,941.35,948.4,12069184
2023-07-10 00:00:00,IDFCFIRSTB,80.2,80.2,78.85,79.25,23509603
2023-07-10 00:00:00,INDUSINDBK,1361.25,1372.4,1345.15,1367.0,1941110
2023-07-10 00:00:00,KOTAKBANK,1853.0,1874.35,1845.0,1866.9,3437542
2023-07-10 00:00:00,PNB,61.0,62.35,60.05,60.6,103004929
2023-07-10 00:00:00,SBIN,594.65,599.8,590.25,592.6,11417363
2023-07-10 00:00:00,UNIONBANK,80.75,82.35,80.2,81.0,20617893
2023-07-10 00:00:00,YESBANK,17.3,17.5,17.0,17.05,104189506
2023-07-11 00:00:00,AUBANK,767.9,776.75,761.2,763.55,818918
2023-07-11 00:00:00,AXISBANK,967.9,971.75,950.6,953.2,10616390
2023-07-11 00:00:00,BANDHANBNK,229.45,230.6,222.1,222.75,11850145
2023-07-11 00:00:00,BANKBARODA,204.0,206.75,203.2,204.85,12758317
2023-07-11 00:00:00,CANBK,334.8,336.45,330.25,332.3,4937625
2023-07-11 00:00:00,FEDERALBNK,135.1,135.5,133.65,135.0,8025060
2023-07-11 00:00:00,HDFCBANK,1663.0,1676.0,1645.5,1648.4,25335213
2023-07-11 00:00:00,ICICIBANK,948.4,952.7,941.9,944.95,16977595
2023-07-11 00:00:00,IDFCFIRSTB,79.55,83.0,79.5,82.8,61675220
2023-07-11 00:00:00,INDUSINDBK,1372.0,1383.65,1370.0,1380.95,2110648
2023-07-11 00:00:00,KOTAKBANK,1874.0,1893.8,1863.3,1866.6,4096757
2023-07-11 00:00:00,PNB,60.75,61.1,60.15,60.45,41506545
2023-07-11 00:00:00,SBIN,595.0,595.95,587.35,588.55,13221177
2023-07-11 00:00:00,UNIONBANK,81.7,81.7,80.2,81.15,10323498
2023-07-11 00:00:00,YESBANK,17.2,17.5,17.05,17.2,152871399
2023-07-12 00:00:00,AUBANK,767.45,772.9,753.15,770.75,4025563
2023-07-12 00:00:00,AXISBANK,956.7,957.55,947.0,950.0,10141257
2023-07-12 00:00:00,BANDHANBNK,224.25,224.25,220.55,221.7,10220825
2023-07-12 00:00:00,BANKBARODA,204.85,206.6,203.7,204.7,14552433
2023-07-12 00:00:00,CANBK,333.75,336.15,330.55,331.25,4830874
2023-07-12 00:00:00,FEDERALBNK,135.0,136.4,133.9,134.25,15485814
2023-07-12 00:00:00,HDFCBANK,1655.35,1666.3,1627.15,1632.95,35479179
2023-07-12 00:00:00,ICICIBANK,948.4,951.15,941.25,944.4,21511161
2023-07-12 00:00:00,IDFCFIRSTB,83.3,84.4,82.85,83.1,44600443
2023-07-12 00:00:00,INDUSINDBK,1371.95,1384.8,1351.0,1371.45,4921224
2023-07-12 00:00:00,KOTAKBANK,1874.9,1890.9,1867.9,1878.1,4355083
2023-07-12 00:00:00,PNB,60.6,61.7,60.45,61.4,51755516
2023-07-12 00:00:00,SBIN,589.0,594.5,588.2,589.25,16029716
2023-07-12 00:00:00,UNIONBANK,81.4,83.2,81.2,82.3,17419443
2023-07-12 00:00:00,YESBANK,17.2,17.65,17.15,17.3,131237755
2023-07-13 00:00:00,AUBANK,773.05,784.7,758.7,760.2,2268892
2023-07-13 00:00:00,AXISBANK,956.3,966.0,952.15,960.15,13079930
2023-07-13 00:00:00,BANDHANBNK,223.9,223.9,215.0,215.8,12611186
2023-07-13 00:00:00,BANKBARODA,205.0,206.45,195.25,197.0,31426517
2023-07-13 00:00:00,CANBK,333.05,335.0,319.8,321.7,8856290
2023-07-13 00:00:00,FEDERALBNK,135.0,135.15,126.45,126.75,72729803
2023-07-13 00:00:00,HDFCBANK,1656.7,1657.45,1638.05,1641.1,20956773
2023-07-13 00:00:00,ICICIBANK,947.7,959.25,942.2,955.7,23222286
2023-07-13 00:00:00,IDFCFIRSTB,83.5,83.65,81.1,81.35,31808815
2023-07-13 00:00:00,INDUSINDBK,1384.0,1391.5,1366.4,1376.3,5174896
2023-07-13 00:00:00,KOTAKBANK,1889.0,1901.6,1866.45,1869.7,5265370
2023-07-13 00:00:00,PNB,61.8,62.2,58.15,59.1,98250294
2023-07-13 00:00:00,SBIN,594.9,598.0,583.35,585.65,20024503
2023-07-13 00:00:00,UNIONBANK,82.75,83.05,80.0,80.85,12726536
2023-07-13 00:00:00,YESBANK,17.4,17.75,17.05,17.15,125488334
2023-07-14 00:00:00,AUBANK,760.0,782.5,759.2,781.25,1319880
2023-07-14 00:00:00,AXISBANK,964.45,967.0,947.75,957.05,5383514
2023-07-14 00:00:00,BANDHANBNK,216.0,223.0,214.2,221.6,19972762
2023-07-14 00:00:00,BANKBARODA,197.25,200.05,195.05,198.4,16740705
2023-07-14 00:00:00,CANBK,322.6,328.7,322.0,326.6,6635103
2023-07-14 00:00:00,FEDERALBNK,128.05,130.0,126.6,129.3,30563704
2023-07-14 00:00:00,HDFCBANK,1653.6,1653.6,1635.0,1644.5,12363607
2023-07-14 00:00:00,ICICIBANK,959.75,965.0,951.35,960.05,12871569
2023-07-14 00:00:00,IDFCFIRSTB,81.8,82.75,81.2,82.5,23195358
2023-07-14 00:00:00,INDUSINDBK,1376.2,1383.95,1367.0,1377.0,3885754
2023-07-14 00:00:00,KOTAKBANK,1870.1,1887.35,1860.0,1869.0,7131916
2023-07-14 00:00:00,PNB,60.0,61.0,59.1,60.7,50708803
2023-07-14 00:00:00,SBIN,586.75,591.3,580.7,584.4,12190152
2023-07-14 00:00:00,UNIONBANK,81.2,81.95,79.85,81.05,10255348
2023-07-14 00:00:00,YESBANK,17.25,17.45,17.15,17.35,84745330
2023-07-17 00:00:00,AUBANK,784.0,786.0,763.4,767.45,1279206
2023-07-17 00:00:00,AXISBANK,960.0,968.9,950.45,964.85,8472444
2023-07-17 00:00:00,BANDHANBNK,219.5,223.0,213.6,215.35,36952293
2023-07-17 00:00:00,BANKBARODA,198.5,202.0,196.65,201.5,20040400
2023-07-17 00:00:00,CANBK,328.0,334.8,325.0,333.7,7415423
2023-07-17 00:00:00,FEDERALBNK,131.0,133.7,129.8,132.6,29948533
2023-07-17 00:00:00,HDFCBANK,1650.0,1682.0,1633.0,1678.9,24626464
2023-07-17 00:00:00,ICICIBANK,962.9,973.8,952.85,968.7,16290763
2023-07-17 00:00:00,IDFCFIRSTB,82.55,82.7,81.25,81.7,20735946
2023-07-17 00:00:00,INDUSINDBK,1380.0,1404.75,1369.6,1390.5,4003275
2023-07-17 00:00:00,KOTAKBANK,1871.2,1899.45,1866.65,1897.05,3329856
2023-07-17 00:00:00,PNB,60.8,62.65,60.4,62.35,60868223
2023-07-17 00:00:00,SBIN,587.0,602.85,584.2,601.1,19378986
2023-07-17 00:00:00,UNIONBANK,81.35,83.4,80.9,83.0,13874597
2023-07-17 00:00:00,YESBANK,17.5,17.85,17.45,17.7,172530419
2023-07-18 00:00:00,AUBANK,768.95,774.35,764.05,769.9,1034645
2023-07-18 00:00:00,AXISBANK,964.0,979.95,951.3,963.65,14457717
2023-07-18 00:00:00,BANDHANBNK,216.9,218.5,213.7,214.3,13566330
2023-07-18 00:00:00,BANKBARODA,202.45,202.55,196.5,197.95,18873958
2023-07-18 00:00:00,CANBK,335.0,335.7,326.75,328.45,7225940
2023-07-18 00:00:00,FEDERALBNK,133.6,135.4,131.55,134.9,30095708
2023-07-18 00:00:00,HDFCBANK,1698.0,1704.0,1670.0,1677.5,40538409
2023-07-18 00:00:00,ICICIBANK,978.0,987.95,971.15,975.45,29709508
2023-07-18 00:00:00,IDFCFIRSTB,82.15,82.4,80.55,81.1,26356687
2023-07-18 00:00:00,INDUSINDBK,1398.0,1409.2,1382.5,1390.25,4106331
2023-07-18 00:00:00,KOTAKBANK,1895.35,1908.0,1879.35,1890.85,5795645
2023-07-18 00:00:00,PNB,62.9,63.25,61.3,61.6,97038714
2023-07-18 00:00:00,SBIN,603.05,604.05,588.75,592.35,25757209
2023-07-18 00:00:00,UNIONBANK,83.7,83.9,82.15,83.0,14187072
2023-07-18 00:00:00,YESBANK,17.7,17.9,17.35,17.5,165941309
2023-07-19 00:00:00,AUBANK,770.0,775.4,761.65,769.35,1119253
2023-07-19 00:00:00,AXISBANK,964.0,969.9,956.5,964.3,7574544
2023-07-19 00:00:00,BANDHANBNK,216.2,217.1,213.3,214.55,9756724
2023-07-19 00:00:00,BANKBARODA,197.9,200.7,196.5,200.0,15994698
2023-07-19 00:00:00,CANBK,329.8,339.3,327.75,338.45,11925138
2023-07-19 00:00:00,FEDERALBNK,136.1,136.85,133.45,135.75,24377900
2023-07-19 00:00:00,HDFCBANK,1681.1,1688.75,1675.0,1685.1,16467567
2023-07-19 00:00:00,ICICIBANK,980.0,980.0,967.55,973.45,15994261
2023-07-19 00:00:00,IDFCFIRSTB,81.45,82.2,80.6,81.8,35963042
2023-07-19 00:00:00,INDUSINDBK,1430.0,1443.4,1410.0,1419.55,8850582
2023-07-19 00:00:00,KOTAKBANK,1894.8,1915.0,1891.55,1906.6,3377787
2023-07-19 00:00:00,PNB,61.85,64.5,61.6,64.15,104017013
2023-07-19 00:00:00,SBIN,594.65,602.4,592.0,601.45,17556585
2023-07-19 00:00:00,UNIONBANK,83.3,85.25,82.7,85.05,16700982
2023-07-19 00:00:00,YESBANK,17.5,17.6,17.3,17.45,107842846
2023-07-20 00:00:00,AUBANK,772.9,776.85,765.0,772.35,1504123
2023-07-20 00:00:00,AXISBANK,963.9,979.9,957.6,977.9,15329753
2023-07-20 00:00:00,BANDHANBNK,214.55,215.3,211.25,211.65,10656197
2023-07-20 00:00:00,BANKBARODA,200.0,202.65,198.6,199.05,26224512
2023-07-20 00:00:00,CANBK,340.0,345.0,337.4,340.0,10972865
2023-07-20 00:00:00,FEDERALBNK,138.1,139.25,135.45,136.85,39128767
2023-07-20 00:00:00,HDFCBANK,1681.15,1692.0,1680.0,1688.75,28105474
2023-07-20 00:00:00,ICICIBANK,976.05,998.15,972.1,995.6,26487838
2023-07-20 00:00:00,IDFCFIRSTB,81.75,81.8,80.9,81.4,22078998
2023-07-20 00:00:00,INDUSINDBK,1426.0,1433.5,1418.2,1425.15,4491531
2023-07-20 00:00:00,KOTAKBANK,1901.0,1962.4,1892.9,1956.9,9305585
2023-07-20 00:00:00,PNB,64.3,65.15,63.6,63.85,97828765
2023-07-20 00:00:00,SBIN,601.4,610.8,598.75,610.05,34038351
2023-07-20 00:00:00,UNIONBANK,85.5,87.9,85.2,86.9,26873883
2023-07-20 00:00:00,YESBANK,17.4,18.1,17.35,17.7,214353303
2023-07-21 00:00:00,AUBANK,770.05,775.85,761.05,767.3,795389
2023-07-21 00:00:00,AXISBANK,971.6,985.0,968.0,971.3,6230317
2023-07-21 00:00:00,BANDHANBNK,211.75,218.85,210.0,218.0,27199429
2023-07-21 00:00:00,BANKBARODA,199.05,201.85,196.2,196.6,25136493
2023-07-21 00:00:00,CANBK,340.0,344.65,337.05,338.15,6256108
2023-07-21 00:00:00,FEDERALBNK,136.8,136.95,133.05,134.15,21243972
2023-07-21 00:00:00,HDFCBANK,1680.0,1689.8,1673.25,1675.75,21077124
2023-07-21 00:00:00,ICICIBANK,995.3,1001.45,988.8,997.0,16903003
2023-07-21 00:00:00,IDFCFIRSTB,81.45,83.15,81.0,82.85,33765456
2023-07-21 00:00:00,INDUSINDBK,1422.05,1430.35,1400.6,1407.35,2138540
2023-07-21 00:00:00,KOTAKBANK,1951.9,1987.75,1950.6,1970.2,3849750
2023-07-21 00:00:00,PNB,63.8,64.3,62.3,62.6,56213660
2023-07-21 00:00:00,SBIN,610.0,619.5,609.0,615.1,21040281
2023-07-21 00:00:00,UNIONBANK,90.25,91.35,88.95,90.35,48387543
2023-07-21 00:00:00,YESBANK,17.7,18.2,17.6,18.05,242664132
2023-07-24 00:00:00,AUBANK,740.0,744.0,726.45,739.15,3665805
2023-07-24 00:00:00,AXISBANK,973.45,984.95,968.8,971.5,9167788
2023-07-24 00:00:00,BANDHANBNK,220.0,220.75,216.7,218.65,12972450
2023-07-24 00:00:00,BANKBARODA,197.9,201.65,197.05,198.35,20374723
2023-07-24 00:00:00,CANBK,340.0,351.4,334.25,339.7,25290586
2023-07-24 00:00:00,FEDERALBNK,134.5,135.3,133.4,133.95,11438342
2023-07-24 00:00:00,HDFCBANK,1678.5,1684.65,1670.1,1678.4,16089722
2023-07-24 00:00:00,ICICIBANK,1004.95,1008.7,990.1,992.0,21687719
2023-07-24 00:00:00,IDFCFIRSTB,83.4,85.5,83.1,83.7,52748590
2023-07-24 00:00:00,INDUSINDBK,1408.5,1439.4,1405.3,1435.7,2738185
2023-07-24 00:00:00,KOTAKBANK,1950.0,1950.0,1888.2,1897.25,7033093
2023-07-24 00:00:00,PNB,63.1,63.8,61.9,62.1,56162634
2023-07-24 00:00:00,SBIN,615.05,621.9,614.3,617.65,11756364
2023-07-24 00:00:00,UNIONBANK,91.0,94.3,87.5,88.65,43369893
2023-07-24 00:00:00,YESBANK,18.4,18.45,17.3,17.4,274651589
2023-07-25 00:00:00,AUBANK,745.0,745.3,725.1,731.3,1865463
2023-07-25 00:00:00,AXISBANK,977.65,977.65,953.8,962.5,13448045
2023-07-25 00:00:00,BANDHANBNK,219.5,220.55,216.25,218.2,10474177
2023-07-25 00:00:00,BANKBARODA,200.4,200.4,195.6,196.15,14054071
2023-07-25 00:00:00,CANBK,342.0,342.9,330.0,332.85,12649891
2023-07-25 00:00:00,FEDERALBNK,134.6,134.75,131.7,132.6,12507814
2023-07-25 00:00:00,HDFCBANK,1684.65,1699.0,1678.4,1696.6,27996298
2023-07-25 00:00:00,ICICIBANK,999.0,999.0,988.25,994.7,29325327
2023-07-25 00:00:00,IDFCFIRSTB,84.05,84.3,82.6,83.05,27648977
2023-07-25 00:00:00,INDUSINDBK,1437.0,1446.0,1411.4,1415.45,2982900
2023-07-25 00:00:00,KOTAKBANK,1901.0,1902.0,1856.45,1875.5,7944916
2023-07-25 00:00:00,PNB,62.45,63.0,60.55,60.7,61394039
2023-07-25 00:00:00,SBIN,621.8,621.8,604.2,609.6,18503305
2023-07-25 00:00:00,UNIONBANK,89.05,90.35,86.75,88.0,15738771
2023-07-25 00:00:00,YESBANK,17.4,17.6,16.95,17.05,112478211
2023-07-26 00:00:00,AUBANK,738.0,738.9,730.4,732.0,1174015
2023-07-26 00:00:00,AXISBANK,966.85,980.0,963.3,976.8,8298226
2023-07-26 00:00:00,BANDHANBNK,218.5,224.0,216.8,220.7,16655239
2023-07-26 00:00:00,BANKBARODA,197.35,198.5,195.65,197.75,15919450
2023-07-26 00:00:00,CANBK,335.05,338.3,333.55,337.3,9476832
2023-07-26 00:00:00,FEDERALBNK,132.7,135.0,132.7,133.9,15769623
2023-07-26 00:00:00,HDFCBANK,1699.6,1699.6,1688.0,1690.7,12397179
2023-07-26 00:00:00,ICICIBANK,993.1,997.75,990.0,996.45,12780537
2023-07-26 00:00:00,IDFCFIRSTB,83.15,84.8,83.1,84.65,35416467
2023-07-26 00:00:00,INDUSINDBK,1421.45,1429.9,1411.2,1427.7,1537232
2023-07-26 00:00:00,KOTAKBANK,1880.0,1897.9,1875.65,1895.3,2462073
2023-07-26 00:00:00,PNB,61.0,63.75,60.15,63.15,166000733
2023-07-26 00:00:00,SBIN,612.0,616.35,609.15,615.15,9999125
2023-07-26 00:00:00,UNIONBANK,88.95,91.45,88.3,91.0,17846155
2023-07-26 00:00:00,YESBANK,17.05,17.15,16.65,17.0,113833184
2023-07-27 00:00:00,AUBANK,735.05,738.4,724.4,729.2,2055123
2023-07-27 00:00:00,AXISBANK,989.35,990.0,955.75,959.9,17858061
2023-07-27 00:00:00,BANDHANBNK,222.0,222.8,215.85,216.55,20508751
2023-07-27 00:00:00,BANKBARODA,197.0,202.85,197.0,199.25,23760784
2023-07-27 00:00:00,CANBK,338.8,349.65,338.5,344.8,13362371
2023-07-27 00:00:00,FEDERALBNK,134.3,135.55,133.55,133.9,20697424
2023-07-27 00:00:00,HDFCBANK,1699.9,1703.0,1667.45,1673.15,29870651
2023-07-27 00:00:00,ICICIBANK,1002.55,1006.5,987.2,990.25,25932395
2023-07-27 00:00:00,IDFCFIRSTB,85.45,86.1,82.05,82.55,57037266
2023-07-27 00:00:00,INDUSINDBK,1433.2,1433.2,1405.15,1415.6,3362598
2023-07-27 00:00:00,KOTAKBANK,1889.0,1902.6,1862.55,1873.75,6290001
2023-07-27 00:00:00,PNB,63.8,63.9,62.05,62.4,95604140
2023-07-27 00:00:00,SBIN,616.4,621.25,613.1,616.55,17444742
2023-07-27 00:00:00,UNIONBANK,91.7,93.0,91.35,92.1,14558449
2023-07-27 00:00:00,YESBANK,17.05,17.35,16.9,16.95,89067183
2023-07-28 00:00:00,AUBANK,731.9,734.4,722.85,725.2,1383577
2023-07-28 00:00:00,AXISBANK,959.9,969.75,942.2,949.95,8504392
2023-07-28 00:00:00,BANDHANBNK,217.65,218.85,213.85,217.1,10183107
2023-07-28 00:00:00,BANKBARODA,198.7,201.8,197.5,201.1,14094619
2023-07-28 00:00:00,CANBK,345.95,346.3,341.1,343.25,6401817
2023-07-28 00:00:00,FEDERALBNK,133.95,137.4,133.5,135.45,28108965
2023-07-28 00:00:00,HDFCBANK,1661.5,1668.9,1641.1,1643.5,20507842
2023-07-28 00:00:00,ICICIBANK,988.0,998.7,977.05,996.2,12584130
2023-07-28 00:00:00,IDFCFIRSTB,83.0,84.15,82.55,83.95,31513904
2023-07-28 00:00:00,INDUSINDBK,1415.2,1421.95,1397.6,1401.95,1565680
2023-07-28 00:00:00,KOTAKBANK,1869.6,1885.8,1861.1,1876.85,2302033
2023-07-28 00:00:00,PNB,62.5,62.85,61.5,61.95,51987753
2023-07-28 00:00:00,SBIN,616.4,619.9,613.6,616.05,11930586
2023-07-28 00:00:00,UNIONBANK,89.8,91.3,89.1,90.05,18739779
2023-07-28 00:00:00,YESBANK,17.0,17.1,16.85,16.95,75578803
2023-07-31 00:00:00,AUBANK,716.0,732.0,716.0,729.85,1322632
2023-07-31 00:00:00,AXISBANK,954.7,958.6,948.3,953.9,6601991
2023-07-31 00:00:00,BANDHANBNK,217.5,225.9,217.3,223.4,29493137
2023-07-31 00:00:00,BANKBARODA,202.0,203.75,200.8,202.2,14250110
2023-07-31 00:00:00,CANBK,344.9,346.7,342.7,344.35,4587240
2023-07-31 00:00:00,FEDERALBNK,135.95,136.6,134.9,135.65,11585682
2023-07-31 00:00:00,HDFCBANK,1650.05,1656.8,1638.7,1651.2,17282503
2023-07-31 00:00:00,ICICIBANK,996.0,999.4,988.6,998.3,14303116
2023-07-31 00:00:00,IDFCFIRSTB,85.5,88.3,84.05,87.2,101482338
2023-07-31 00:00:00,INDUSINDBK,1409.35,1419.9,1396.0,1417.75,1721385
2023-07-31 00:00:00,KOTAKBANK,1866.0,1875.0,1849.15,1856.55,4025207
2023-07-31 00:00:00,PNB,62.0,62.5,61.7,61.85,37185529
2023-07-31 00:00:00,SBIN,616.65,621.0,614.5,620.2,8605483
2023-07-31 00:00:00,UNIONBANK,90.5,90.55,88.3,89.0,17234812
2023-07-31 00:00:00,YESBANK,16.95,17.1,16.9,16.95,60939265
2023-08-01 00:00:00,AUBANK,730.1,733.55,719.1,721.65,1152184
2023-08-01 00:00:00,AXISBANK,956.0,964.0,952.0,959.9,8409096
2023-08-01 00:00:00,BANDHANBNK,227.3,229.0,225.6,227.8,14374211
2023-08-01 00:00:00,BANKBARODA,202.8,202.9,199.85,201.1,11501548
2023-08-01 00:00:00,CANBK,345.55,346.0,338.05,340.65,4518554
2023-08-01 00:00:00,FEDERALBNK,136.4,136.4,134.5,135.1,12265664
2023-08-01 00:00:00,HDFCBANK,1654.45,1667.45,1650.0,1662.25,17697094
2023-08-01 00:00:00,ICICIBANK,1001.65,1003.7,990.45,994.55,15508569
2023-08-01 00:00:00,IDFCFIRSTB,87.65,89.45,87.5,88.5,44063991
2023-08-01 00:00:00,INDUSINDBK,1420.75,1423.2,1389.35,1394.6,1578914
2023-08-01 00:00:00,KOTAKBANK,1850.0,1865.75,1844.4,1850.0,4467942
2023-08-01 00:00:00,PNB,62.0,62.2,61.05,61.35,30729374
2023-08-01 00:00:00,SBIN,620.2,620.85,610.6,611.85,13493453
2023-08-01 00:00:00,UNIONBANK,89.55,90.2,88.75,89.75,8751116
2023-08-01 00:00:00,YESBANK,17.1,17.2,17.0,17.1,69943055
2023-08-02 00:00:00,AUBANK,720.15,730.65,714.0,725.9,2041223
2023-08-02 00:00:00,AXISBANK,951.5,958.9,936.6,945.25,9324465
2023-08-02 00:00:00,BANDHANBNK,226.65,226.65,221.1,225.5,15146904
2023-08-02 00:00:00,BANKBARODA,200.8,200.9,192.65,194.75,24788813
2023-08-02 00:00:00,CANBK,340.0,340.5,323.75,327.25,11199143
2023-08-02 00:00:00,FEDERALBNK,134.8,134.8,130.6,132.75,19099857
2023-08-02 00:00:00,HDFCBANK,1642.0,1651.5,1633.15,1640.5,14058161
2023-08-02 00:00:00,ICICIBANK,985.25,994.1,977.5,986.95,15787996
2023-08-02 00:00:00,IDFCFIRSTB,88.3,88.3,85.55,87.1,38132375
2023-08-02 00:00:00,INDUSINDBK,1390.0,1394.15,1369.1,1381.25,1913777
2023-08-02 00:00:00,KOTAKBANK,1840.55,1847.9,1818.05,1823.7,4180451
2023-08-02 00:00:00,PNB,61.25,61.4,58.55,59.5,74149795
2023-08-02 00:00:00,SBIN,609.85,610.5,594.1,598.45,14977497
2023-08-02 00:00:00,UNIONBANK,89.3,90.85,86.2,87.85,16356175
2023-08-02 00:00:00,YESBANK,17.05,17.3,16.85,17.0,108943704
2023-08-03 00:00:00,AUBANK,728.8,737.25,718.65,728.25,2475873
2023-08-03 00:00:00,AXISBANK,944.1,946.6,927.15,935.55,17076611
2023-08-03 00:00:00,BANDHANBNK,224.95,227.75,223.2,226.65,10292084
2023-08-03 00:00:00,BANKBARODA,195.0,195.4,191.1,193.3,21237820
2023-08-03 00:00:00,CANBK,327.2,332.15,324.5,327.25,6720985
2023-08-03 00:00:00,FEDERALBNK,132.75,132.95,130.75,132.15,13591421
2023-08-03 00:00:00,HDFCBANK,1640.0,1651.35,1623.0,1628.65,28836973
2023-08-03 00:00:00,ICICIBANK,976.55,983.0,960.05,965.0,30994707
2023-08-03 00:00:00,IDFCFIRSTB,87.3,87.9,85.85,86.95,34558158
2023-08-03 00:00:00,INDUSINDBK,1376.25,1380.6,1354.05,1364.5,3631489
2023-08-03 00:00:00,KOTAKBANK,1820.1,1833.85,1805.85,1823.25,7015292
2023-08-03 00:00:00,PNB,59.6,60.0,58.75,59.45,48284251
2023-08-03 00:00:00,SBIN,598.7,600.85,585.0,590.5,27774877
2023-08-03 00:00:00,UNIONBANK,87.4,88.45,86.5,87.3,8078389
2023-08-03 00:00:00,YESBANK,17.0,17.1,16.9,17.0,67175859
2023-08-04 00:00:00,AUBANK,737.5,743.05,729.4,738.9,1294794
2023-08-04 00:00:00,AXISBANK,947.0,954.85,934.65,952.25,12376086
2023-08-04 00:00:00,BANDHANBNK,227.55,230.0,225.9,228.1,9201170
2023-08-04 00:00:00,BANKBARODA,194.7,196.15,189.6,191.35,32781495
2023-08-04 00:00:00,CANBK,328.05,334.7,326.7,328.75,7154048
2023-08-04 00:00:00,FEDERALBNK,132.95,135.5,131.7,134.6,16663874
2023-08-04 00:00:00,HDFCBANK,1635.15,1656.5,1629.25,1652.2,18694152
2023-08-04 00:00:00,ICICIBANK,968.65,976.0,961.25,970.5,20582882
2023-08-04 00:00:00,IDFCFIRSTB,87.7,88.2,86.5,87.45,28666645
2023-08-04 00:00:00,INDUSINDBK,1370.05,1414.9,1366.3,1409.6,4063355
2023-08-04 00:00:00,KOTAKBANK,1829.0,1842.8,1811.15,1838.5,5443532
2023-08-04 00:00:00,PNB,59.7,60.6,59.25,59.95,42677862
2023-08-04 00:00:00,SBIN,594.8,598.7,571.4,573.3,52725616
2023-08-04 00:00:00,UNIONBANK,87.7,88.65,87.2,88.15,8098556
2023-08-04 00:00:00,YESBANK,17.05,17.15,16.9,16.95,86412240
2023-08-07 00:00:00,AUBANK,729.05,742.0,723.1,725.95,1456816
2023-08-07 00:00:00,AXISBANK,952.25,955.0,944.55,947.4,10922609
2023-08-07 00:00:00,BANDHANBNK,229.0,231.15,224.65,229.8,10733059
2023-08-07 00:00:00,BANKBARODA,189.0,193.95,187.7,189.4,36759947
2023-08-07 00:00:00,CANBK,329.6,332.0,327.7,328.65,5806926
2023-08-07 00:00:00,FEDERALBNK,135.15,135.15,133.1,134.05,13236209
2023-08-07 00:00:00,HDFCBANK,1663.1,1663.1,1647.55,1651.25,14150459
2023-08-07 00:00:00,ICICIBANK,970.95,981.5,968.2,975.65,16686062
2023-08-07 00:00:00,IDFCFIRSTB,87.75,88.45,87.1,87.65,25688424
2023-08-07 00:00:00,INDUSINDBK,1410.0,1417.65,1399.35,1415.25,2792582
2023-08-07 00:00:00,KOTAKBANK,1845.0,1845.0,1826.4,1831.55,3708310
2023-08-07 00:00:00,PNB,60.1,61.0,59.85,60.4,31910875
2023-08-07 00:00:00,SBIN,577.0,577.0,566.65,567.9,32736325
2023-08-07 00:00:00,UNIONBANK,88.25,88.55,86.0,86.3,5459401
2023-08-07 00:00:00,YESBANK,17.0,17.15,16.75,16.9,69343019
2023-08-08 00:00:00,AUBANK,725.0,729.7,701.4,720.8,2866317
2023-08-08 00:00:00,AXISBANK,950.0,959.9,944.05,952.9,11512735
2023-08-08 00:00:00,BANDHANBNK,230.5,234.5,229.5,233.6,13449025
2023-08-08 00:00:00,BANKBARODA,190.5,196.45,189.55,194.85,27985916
2023-08-08 00:00:00,CANBK,329.0,339.8,329.0,338.75,8423589
2023-08-08 00:00:00,FEDERALBNK,134.65,136.3,134.15,135.45,12282946
2023-08-08 00:00:00,HDFCBANK,1651.7,1655.6,1642.05,1649.9,21886914
2023-08-08 00:00:00,ICICIBANK,975.75,986.6,972.3,979.9,23784778
2023-08-08 00:00:00,IDFCFIRSTB,87.7,88.75,86.85,87.45,21638603
2023-08-08 00:00:00,INDUSINDBK,1415.25,1420.95,1402.3,1403.95,1846797
2023-08-08 00:00:00,KOTAKBANK,1831.5,1842.65,1822.05,1828.0,4089623
2023-08-08 00:00:00,PNB,60.45,62.35,60.3,62.15,63023357
2023-08-08 00:00:00,SBIN,571.0,574.25,568.45,573.1,25038671
2023-08-08 00:00:00,UNIONBANK,86.5,90.5,86.3,90.1,13499013
2023-08-08 00:00:00,YESBANK,16.9,17.0,16.75,16.85,49199132
2023-08-09 00:00:00,AUBANK,725.8,729.95,712.1,717.4,1773008
2023-08-09 00:00:00,AXISBANK,952.0,953.3,944.3,950.0,7701831
2023-08-09 00:00:00,BANDHANBNK,234.3,234.35,230.1,232.3,8615043
2023-08-09 00:00:00,BANKBARODA,195.0,195.55,192.35,194.05,18258446
2023-08-09 00:00:00,CANBK,338.3,339.35,332.0,336.1,7294768
2023-08-09 00:00:00,FEDERALBNK,135.5,135.75,133.2,134.6,12772010
2023-08-09 00:00:00,HDFCBANK,1653.0,1654.5,1631.1,1650.5,16680618
2023-08-09 00:00:00,ICICIBANK,974.95,975.3,963.6,972.7,19317331
2023-08-09 00:00:00,IDFCFIRSTB,87.65,88.3,87.1,88.15,21568879
2023-08-09 00:00:00,INDUSINDBK,1405.0,1410.45,1392.0,1408.45,1218020
2023-08-09 00:00:00,KOTAKBANK,1834.0,1834.0,1816.75,1831.5,2624324
2023-08-09 00:00:00,PNB,62.15,62.3,60.9,61.55,50984674
2023-08-09 00:00:00,SBIN,575.0,575.0,568.35,573.75,15769111
2023-08-09 00:00:00,UNIONBANK,90.5,91.9,89.3,91.1,17284442
2023-08-09 00:00:00,YESBANK,16.9,17.0,16.8,16.95,48443836
2023-08-10 00:00:00,AUBANK,717.4,718.25,697.1,701.9,3017173
2023-08-10 00:00:00,AXISBANK,948.0,951.95,937.3,939.75,13590891
2023-08-10 00:00:00,BANDHANBNK,232.0,232.5,227.35,228.8,10957103
2023-08-10 00:00:00,BANKBARODA,193.5,194.8,190.75,191.9,19638255
2023-08-10 00:00:00,CANBK,335.8,337.5,329.4,331.25,8343599
2023-08-10 00:00:00,FEDERALBNK,134.3,135.35,133.5,134.2,15357708
2023-08-10 00:00:00,HDFCBANK,1647.05,1654.25,1631.0,1635.85,25390559
2023-08-10 00:00:00,ICICIBANK,971.55,973.65,959.45,964.1,24858441
2023-08-10 00:00:00,IDFCFIRSTB,88.0,89.0,87.2,87.55,28905866
2023-08-10 00:00:00,INDUSINDBK,1402.45,1434.0,1400.1,1430.2,3730443
2023-08-10 00:00:00,KOTAKBANK,1825.75,1832.4,1796.0,1800.85,5112099
2023-08-10 00:00:00,PNB,61.55,62.1,60.7,61.25,54154278
2023-08-10 00:00:00,SBIN,573.75,577.6,570.1,573.65,27325801
2023-08-10 00:00:00,UNIONBANK,91.1,91.5,89.1,89.85,9426252
2023-08-10 00:00:00,YESBANK,17.0,17.45,16.9,16.95,170855859
2023-08-11 00:00:00,AUBANK,704.45,708.35,697.1,704.95,649337
2023-08-11 00:00:00,AXISBANK,937.5,945.7,933.0,937.2,9558237
2023-08-11 00:00:00,BANDHANBNK,228.9,229.45,225.8,226.85,5613028
2023-08-11 00:00:00,BANKBARODA,193.0,194.55,191.5,192.65,16329445
2023-08-11 00:00:00,CANBK,332.6,338.75,329.7,332.1,8916824
2023-08-11 00:00:00,FEDERALBNK,133.8,134.35,132.8,133.2,10427685
2023-08-11 00:00:00,HDFCBANK,1638.4,1638.4,1616.2,1618.8,14112911
2023-08-11 00:00:00,ICICIBANK,963.4,963.5,950.0,952.85,17162177
2023-08-11 00:00:00,IDFCFIRSTB,88.05,89.0,87.65,88.15,33682850
2023-08-11 00:00:00,INDUSINDBK,1431.75,1431.75,1392.75,1397.25,3074690
2023-08-11 00:00:00,KOTAKBANK,1798.0,1800.0,1782.0,1791.45,4265616
2023-08-11 00:00:00,PNB,61.35,63.25,61.15,62.55,63803349
2023-08-11 00:00:00,SBIN,575.45,579.0,572.0,574.15,18221179
2023-08-11 00:00:00,UNIONBANK,90.25,93.4,89.65,91.4,24402526
2023-08-11 00:00:00,YESBANK,17.05,17.4,17.0,17.05,88552616
2023-08-14 00:00:00,AUBANK,704.0,710.8,699.05,706.6,635962
2023-08-14 00:00:00,AXISBANK,935.0,943.3,928.9,939.95,7172522
2023-08-14 00:00:00,BANDHANBNK,226.85,228.75,221.55,227.75,5575439
2023-08-14 00:00:00,BANKBARODA,192.6,192.6,187.45,188.75,23911976
2023-08-14 00:00:00,CANBK,331.9,331.9,323.0,329.55,8901369
2023-08-14 00:00:00,FEDERALBNK,133.4,133.4,130.5,133.0,6724869
2023-08-14 00:00:00,HDFCBANK,1611.0,1615.0,1600.25,1610.9,15652205
2023-08-14 00:00:00,ICICIBANK,949.0,962.9,946.0,959.55,19026691
2023-08-14 00:00:00,IDFCFIRSTB,88.2,88.5,86.3,88.15,21353172
2023-08-14 00:00:00,INDUSINDBK,1395.0,1397.5,1379.05,1388.9,1783022
2023-08-14 00:00:00,KOTAKBANK,1789.0,1802.35,1785.0,1794.1,3299919
2023-08-14 00:00:00,PNB,62.55,62.6,60.55,62.35,39105535
2023-08-14 00:00:00,SBIN,572.95,573.0,558.6,560.8,28084093
2023-08-14 00:00:00,UNIONBANK,91.9,92.7,89.0,92.2,15336240
2023-08-14 00:00:00,YESBANK,17.05,17.1,16.8,16.95,84692730
2023-08-16 00:00:00,AUBANK,702.0,708.9,696.0,700.7,1513243
2023-08-16 00:00:00,AXISBANK,935.95,940.0,931.3,933.05,7394623
2023-08-16 00:00:00,BANDHANBNK,226.95,226.95,223.5,224.6,4690457
2023-08-16 00:00:00,BANKBARODA,188.0,188.5,185.75,186.75,18788329
2023-08-16 00:00:00,CANBK,328.0,330.8,323.15,328.0,4567410
2023-08-16 00:00:00,FEDERALBNK,131.9,133.4,131.7,132.2,11329623
2023-08-16 00:00:00,HDFCBANK,1583.1,1609.65,1581.3,1606.2,17068771
2023-08-16 00:00:00,ICICIBANK,954.45,959.8,946.6,956.5,17930805
2023-08-16 00:00:00,IDFCFIRSTB,87.8,88.65,87.35,88.35,27771707
2023-08-16 00:00:00,INDUSINDBK,1384.0,1388.05,1367.0,1380.7,2051360
2023-08-16 00:00:00,KOTAKBANK,1787.0,1789.85,1777.5,1786.2,1883940
2023-08-16 00:00:00,PNB,61.9,62.3,61.55,61.7,32860991
2023-08-16 00:00:00,SBIN,558.8,566.4,554.0,565.35,15725767
2023-08-16 00:00:00,UNIONBANK,92.0,95.15,91.05,93.85,25319449
2023-08-16 00:00:00,YESBANK,16.95,17.0,16.8,16.85,59611983
2023-08-17 00:00:00,AUBANK,702.0,707.4,696.6,698.4,1814426
2023-08-17 00:00:00,AXISBANK,935.95,943.0,931.65,936.55,9336994
2023-08-17 00:00:00,BANDHANBNK,224.6,231.25,223.5,229.55,8664046
2023-08-17 00:00:00,BANKBARODA,187.0,190.65,186.0,189.9,18843899
2023-08-17 00:00:00,CANBK,327.95,333.2,326.6,329.85,6624578
2023-08-17 00:00:00,FEDERALBNK,132.6,135.0,132.0,134.6,14592871
2023-08-17 00:00:00,HDFCBANK,1597.6,1609.9,1594.0,1597.3,26442020
2023-08-17 00:00:00,ICICIBANK,956.95,957.8,946.45,951.65,27077611
2023-08-17 00:00:00,IDFCFIRSTB,88.45,90.0,88.05,88.55,36736850
2023-08-17 00:00:00,INDUSINDBK,1381.15,1391.25,1370.0,1374.3,3329471
2023-08-17 00:00:00,KOTAKBANK,1782.0,1787.4,1763.0,1765.7,5131739
2023-08-17 00:00:00,PNB,61.55,63.9,61.55,63.25,86494044
2023-08-17 00:00:00,SBIN,565.75,573.15,564.0,572.15,27910162
2023-08-17 00:00:00,UNIONBANK,94.25,96.25,93.65,94.5,19145161
2023-08-17 00:00:00,YESBANK,16.9,17.3,16.85,17.0,110008087
2023-08-18 00:00:00,AUBANK,703.45,719.4,701.4,711.05,2034025
2023-08-18 00:00:00,AXISBANK,934.85,945.95,931.05,943.05,6648744
2023-08-18 00:00:00,BANDHANBNK,229.55,233.7,228.55,229.45,14518002
2023-08-18 00:00:00,BANKBARODA,189.7,192.65,189.0,191.7,15291405
2023-08-18 00:00:00,CANBK,328.95,333.4,327.3,328.25,6144696
2023-08-18 00:00:00,FEDERALBNK,134.5,134.9,132.95,134.15,6454530
2023-08-18 00:00:00,HDFCBANK,1587.55,1596.3,1585.5,1590.75,12816683
2023-08-18 00:00:00,ICICIBANK,947.9,955.0,946.0,950.65,13257508
2023-08-18 00:00:00,IDFCFIRSTB,88.15,89.65,88.15,88.95,20227094
2023-08-18 00:00:00,INDUSINDBK,1369.0,1377.0,1360.85,1371.7,1720129
2023-08-18 00:00:00,KOTAKBANK,1757.1,1768.4,1746.5,1750.8,4113292
2023-08-18 00:00:00,PNB,63.65,64.0,62.4,62.8,52249781
2023-08-18 00:00:00,SBIN,570.0,575.25,567.4,572.95,18253227
2023-08-18 00:00:00,UNIONBANK,94.5,96.8,92.85,94.5,18562544
2023-08-18 00:00:00,YESBANK,17.05,17.2,16.8,16.9,93032287
2023-08-21 00:00:00,AUBANK,711.1,716.7,705.35,708.85,1704679
2023-08-21 00:00:00,AXISBANK,944.2,954.25,943.95,952.6,6822155
2023-08-21 00:00:00,BANDHANBNK,229.9,231.85,227.7,230.55,5679992
2023-08-21 00:00:00,BANKBARODA,192.35,192.35,189.9,190.9,11518119
2023-08-21 00:00:00,CANBK,328.5,331.0,327.5,328.15,5406223
2023-08-21 00:00:00,FEDERALBNK,134.15,135.0,133.65,134.25,11583244
2023-08-21 00:00:00,HDFCBANK,1600.5,1600.5,1587.0,1589.5,10918635
2023-08-21 00:00:00,ICICIBANK,950.7,959.3,948.4,955.2,13358017
2023-08-21 00:00:00,IDFCFIRSTB,89.4,89.95,88.75,89.7,27088533
2023-08-21 00:00:00,INDUSINDBK,1375.0,1400.0,1366.2,1397.8,1763990
2023-08-21 00:00:00,KOTAKBANK,1751.0,1772.6,1748.85,1760.35,3955468
2023-08-21 00:00:00,PNB,63.0,63.05,62.15,62.35,22537361
2023-08-21 00:00:00,SBIN,572.95,575.55,570.75,571.7,9380810
2023-08-21 00:00:00,UNIONBANK,94.75,94.75,91.5,91.8,11633369
2023-08-21 00:00:00,YESBANK,16.9,17.05,16.75,16.95,79437088
2023-08-22 00:00:00,AUBANK,712.25,729.75,708.85,728.5,2220325
2023-08-22 00:00:00,AXISBANK,953.85,959.1,948.65,957.05,10860061
2023-08-22 00:00:00,BANDHANBNK,230.55,232.7,229.9,232.1,4046691
2023-08-22 00:00:00,BANKBARODA,191.35,191.8,189.85,190.25,10826294
2023-08-22 00:00:00,CANBK,329.05,329.5,325.45,326.15,5084690
2023-08-22 00:00:00,FEDERALBNK,134.5,136.9,134.1,136.05,15619405
2023-08-22 00:00:00,HDFCBANK,1596.35,1598.0,1580.0,1582.7,16136785
2023-08-22 00:00:00,ICICIBANK,956.4,956.95,949.3,952.0,16872719
2023-08-22 00:00:00,IDFCFIRSTB,90.0,92.5,89.9,91.95,49308878
2023-08-22 00:00:00,INDUSINDBK,1403.0,1404.6,1394.1,1401.15,1224910
2023-08-22 00:00:00,KOTAKBANK,1769.0,1772.0,1758.45,1763.1,3328812
2023-08-22 00:00:00,PNB,62.35,62.75,62.3,62.45,16228098
2023-08-22 00:00:00,SBIN,572.5,574.45,567.5,568.5,14073413
2023-08-22 00:00:00,UNIONBANK,92.45,93.15,89.65,90.0,17433183
2023-08-22 00:00:00,YESBANK,17.0,17.05,16.85,16.95,76696780
2023-08-23 00:00:00,AUBANK,728.45,737.85,727.0,731.25,1329218
2023-08-23 00:00:00,AXISBANK,962.0,980.45,958.4,979.25,12677151
2023-08-23 00:00:00,BANDHANBNK,232.5,238.45,232.25,237.25,13952330
2023-08-23 00:00:00,BANKBARODA,190.5,194.7,190.25,193.35,18722788
2023-08-23 00:00:00,CANBK,327.4,335.45,326.2,332.6,10502380
2023-08-23 00:00:00,FEDERALBNK,136.55,142.2,135.8,141.7,31220704
2023-08-23 00:00:00,HDFCBANK,1580.0,1590.55,1573.25,1586.6,18249294
2023-08-23 00:00:00,ICICIBANK,954.0,968.05,949.85,966.85,14707331
2023-08-23 00:00:00,IDFCFIRSTB,92.7,93.6,92.15,92.25,42359762
2023-08-23 00:00:00,INDUSINDBK,1401.15,1408.0,1392.15,1401.0,1681561
2023-08-23 00:00:00,KOTAKBANK,1769.8,1781.9,1754.0,1780.05,3338285
2023-08-23 00:00:00,PNB,62.5,63.7,62.4,63.35,35562766
2023-08-23 00:00:00,SBIN,571.0,577.95,566.0,576.9,18579297
2023-08-23 00:00:00,UNIONBANK,90.65,93.0,89.7,92.4,18751524
2023-08-23 00:00:00,YESBANK,17.05,17.3,16.95,17.0,103711610
2023-08-24 00:00:00,AUBANK,734.0,748.85,728.55,745.8,2556581
2023-08-24 00:00:00,AXISBANK,984.8,994.25,979.1,981.35,11899556
2023-08-24 00:00:00,BANDHANBNK,238.85,240.7,234.0,234.9,11125155
2023-08-24 00:00:00,BANKBARODA,194.7,194.95,190.75,191.85,15902958
2023-08-24 00:00:00,CANBK,334.9,337.5,330.7,331.8,6073830
2023-08-24 00:00:00,FEDERALBNK,143.3,143.8,139.4,140.7,22632569
2023-08-24 00:00:00,HDFCBANK,1593.3,1596.2,1576.15,1579.3,21572896
2023-08-24 00:00:00,ICICIBANK,972.5,982.4,966.75,968.95,28389740
2023-08-24 00:00:00,IDFCFIRSTB,93.0,93.55,90.95,91.45,33846829
2023-08-24 00:00:00,INDUSINDBK,1408.25,1435.0,1402.25,1425.15,3559546
2023-08-24 00:00:00,KOTAKBANK,1789.0,1799.0,1776.25,1780.95,4123791
2023-08-24 00:00:00,PNB,63.65,64.2,62.45,62.85,40679832
2023-08-24 00:00:00,SBIN,578.15,582.0,575.55,576.95,24131644
2023-08-24 00:00:00,UNIONBANK,93.35,93.75,91.0,91.3,10348927
2023-08-24 00:00:00,YESBANK,17.1,17.2,16.9,16.95,65221207
2023-08-25 00:00:00,AUBANK,743.85,752.0,735.25,737.55,889001
2023-08-25 00:00:00,AXISBANK,974.0,988.2,970.8,983.1,6228241
2023-08-25 00:00:00,BANDHANBNK,234.8,238.1,233.05,235.9,5646549
2023-08-25 00:00:00,BANKBARODA,190.5,191.9,188.8,189.75,9756340
2023-08-25 00:00:00,CANBK,330.5,332.35,325.0,325.6,6112706
2023-08-25 00:00:00,FEDERALBNK,140.0,142.3,138.75,140.7,14682803
2023-08-25 00:00:00,HDFCBANK,1574.55,1577.5,1558.4,1561.5,15034878
2023-08-25 00:00:00,ICICIBANK,962.95,972.6,960.2,970.4,10275758
2023-08-25 00:00:00,IDFCFIRSTB,91.3,92.1,90.2,91.1,29665822
2023-08-25 00:00:00,INDUSINDBK,1417.95,1421.45,1389.05,1401.15,1862535
2023-08-25 00:00:00,KOTAKBANK,1771.2,1789.35,1767.0,1778.85,2043350
2023-08-25 00:00:00,PNB,62.45,62.5,61.15,61.5,44154787
2023-08-25 00:00:00,SBIN,573.8,575.3,567.2,569.95,12271885
2023-08-25 00:00:00,UNIONBANK,91.3,91.3,89.0,89.5,9844071
2023-08-25 00:00:00,YESBANK,16.95,17.05,16.8,16.85,57171325
2023-08-28 00:00:00,AUBANK,738.95,743.0,733.95,738.8,1116902
2023-08-28 00:00:00,AXISBANK,980.1,992.5,980.1,990.2,8451441
2023-08-28 00:00:00,BANDHANBNK,236.25,239.35,234.05,234.9,7228740
2023-08-28 00:00:00,BANKBARODA,190.25,190.95,189.5,190.15,8300624
2023-08-28 00:00:00,CANBK,327.25,328.7,325.55,326.65,3003980
2023-08-28 00:00:00,FEDERALBNK,141.45,144.5,140.5,143.9,19046442
2023-08-28 00:00:00,HDFCBANK,1561.5,1582.65,1561.5,1577.75,14433619
2023-08-28 00:00:00,ICICIBANK,969.95,975.0,965.05,970.55,10481574
2023-08-28 00:00:00,IDFCFIRSTB,91.85,91.85,90.5,91.05,29530537
2023-08-28 00:00:00,INDUSINDBK,1400.0,1411.25,1393.8,1409.45,1072295
2023-08-28 00:00:00,KOTAKBANK,1778.85,1796.6,1774.65,1790.35,1980536
2023-08-28 00:00:00,PNB,61.75,63.25,61.35,62.5,51611750
2023-08-28 00:00:00,SBIN,572.8,574.8,569.2,572.85,9711932
2023-08-28 00:00:00,UNIONBANK,90.25,92.5,90.1,92.05,9775352
2023-08-28 00:00:00,YESBANK,16.9,17.0,16.75,16.8,48816935
2023-08-29 00:00:00,AUBANK,738.1,740.0,730.0,731.45,453151
2023-08-29 00:00:00,AXISBANK,990.2,991.0,977.5,980.7,8114141
2023-08-29 00:00:00,BANDHANBNK,236.0,236.7,234.2,235.8,4001719
2023-08-29 00:00:00,BANKBARODA,190.75,191.6,189.2,191.15,7538838
2023-08-29 00:00:00,CANBK,328.4,329.35,325.5,326.6,3152872
2023-08-29 00:00:00,FEDERALBNK,144.8,146.45,144.0,144.45,17276351
2023-08-29 00:00:00,HDFCBANK,1589.7,1592.65,1581.45,1590.3,17769466
2023-08-29 00:00:00,ICICIBANK,973.3,977.25,965.65,967.75,13209913
2023-08-29 00:00:00,IDFCFIRSTB,91.2,91.95,90.1,90.3,31488791
2023-08-29 00:00:00,INDUSINDBK,1409.45,1413.7,1392.45,1400.15,1831565
2023-08-29 00:00:00,KOTAKBANK,1796.95,1797.55,1779.0,1783.1,2708692
2023-08-29 00:00:00,PNB,62.7,63.1,62.5,62.95,22724327
2023-08-29 00:00:00,SBIN,573.65,576.3,571.85,574.85,13144855
2023-08-29 00:00:00,UNIONBANK,91.5,91.5,85.0,86.25,73344683
2023-08-29 00:00:00,YESBANK,16.85,17.0,16.8,16.85,60519632
2023-08-30 00:00:00,AUBANK,732.0,742.5,725.45,728.95,1202305
2023-08-30 00:00:00,AXISBANK,983.0,998.0,980.0,983.35,9023083
2023-08-30 00:00:00,BANDHANBNK,236.0,237.15,230.25,230.85,7593004
2023-08-30 00:00:00,BANKBARODA,191.55,192.4,191.25,191.65,8630672
2023-08-30 00:00:00,CANBK,328.0,329.4,324.8,325.55,3351166
2023-08-30 00:00:00,FEDERALBNK,145.45,145.8,143.0,143.4,8170161
2023-08-30 00:00:00,HDFCBANK,1603.95,1603.95,1573.7,1578.7,14042102
2023-08-30 00:00:00,ICICIBANK,970.45,975.9,955.4,958.9,13936165
2023-08-30 00:00:00,IDFCFIRSTB,91.25,92.45,90.8,92.25,34413041
2023-08-30 00:00:00,INDUSINDBK,1405.15,1410.9,1386.85,1392.45,1500390
2023-08-30 00:00:00,KOTAKBANK,1791.0,1792.95,1765.0,1774.9,2595896
2023-08-30 00:00:00,PNB,62.95,63.85,62.95,63.45,36758499
2023-08-30 00:00:00,SBIN,576.7,577.7,566.1,567.4,15281416
2023-08-30 00:00:00,UNIONBANK,87.45,87.95,86.55,86.95,18744214
2023-08-30 00:00:00,YESBANK,16.9,17.0,16.8,16.8,76931357
2023-08-31 00:00:00,AUBANK,729.95,734.95,707.55,723.55,5250911
2023-08-31 00:00:00,AXISBANK,981.8,994.7,968.6,973.5,21558300
2023-08-31 00:00:00,BANDHANBNK,232.0,233.35,228.6,229.6,10729945
2023-08-31 00:00:00,BANKBARODA,191.5,192.9,186.45,187.15,24500769
2023-08-31 00:00:00,CANBK,325.55,327.3,319.25,320.4,6435321
2023-08-31 00:00:00,FEDERALBNK,143.35,144.55,142.0,143.95,19548529
2023-08-31 00:00:00,HDFCBANK,1579.0,1583.15,1563.1,1571.45,50037886
2023-08-31 00:00:00,ICICIBANK,960.0,966.2,954.05,958.75,36675400
2023-08-31 00:00:00,IDFCFIRSTB,93.0,95.8,90.2,93.35,449067817
2023-08-31 00:00:00,INDUSINDBK,1392.45,1401.9,1363.25,1378.15,4106180
2023-08-31 00:00:00,KOTAKBANK,1774.9,1783.8,1754.3,1758.75,8314010
2023-08-31 00:00:00,PNB,63.55,63.75,62.6,63.0,47388258
2023-08-31 00:00:00,SBIN,569.3,570.3,559.4,561.35,27898476
2023-08-31 00:00:00,UNIONBANK,87.0,87.5,85.5,85.9,13659955
2023-08-31 00:00:00,YESBANK,16.9,17.0,16.7,16.8,122502581
2023-09-01 00:00:00,AUBANK,724.65,734.2,719.4,725.65,1524424
2023-09-01 00:00:00,AXISBANK,974.25,993.0,969.0,991.15,10946742
2023-09-01 00:00:00,BANDHANBNK,230.5,236.25,229.35,235.1,8157237
2023-09-01 00:00:00,BANKBARODA,187.15,191.8,186.3,190.6,15838571
2023-09-01 00:00:00,CANBK,321.6,330.35,319.7,328.4,7224028
2023-09-01 00:00:00,FEDERALBNK,145.1,145.2,141.3,143.8,13687325
2023-09-01 00:00:00,HDFCBANK,1571.0,1579.0,1559.35,1574.7,21613388
2023-09-01 00:00:00,ICICIBANK,956.9,973.05,952.8,968.7,16268147
2023-09-01 00:00:00,IDFCFIRSTB,91.8,94.0,89.1,93.4,88835098
2023-09-01 00:00:00,INDUSINDBK,1382.0,1423.6,1376.2,1416.55,2792033
2023-09-01 00:00:00,KOTAKBANK,1763.9,1779.6,1754.35,1771.1,2695210
2023-09-01 00:00:00,PNB,63.05,66.2,62.5,65.4,120297728
2023-09-01 00:00:00,SBIN,562.7,571.2,562.1,569.55,18121168
2023-09-01 00:00:00,UNIONBANK,85.9,86.6,84.85,86.1,23952482
2023-09-01 00:00:00,YESBANK,16.85,17.6,16.7,17.35,392364788
2023-09-04 00:00:00,AUBANK,726.0,729.0,713.3,716.7,1565336
2023-09-04 00:00:00,AXISBANK,993.75,994.55,980.0,982.25,6727188
2023-09-04 00:00:00,BANDHANBNK,236.75,237.4,234.4,236.25,5405373
2023-09-04 00:00:00,BANKBARODA,191.15,195.9,190.2,195.45,16612736
2023-09-04 00:00:00,CANBK,329.55,338.6,327.3,336.55,9300691
2023-09-04 00:00:00,FEDERALBNK,143.85,144.5,142.5,143.05,11140979
2023-09-04 00:00:00,HDFCBANK,1590.0,1591.45,1574.9,1584.55,12536819
2023-09-04 00:00:00,ICICIBANK,968.7,969.05,960.55,967.35,9512956
2023-09-04 00:00:00,IDFCFIRSTB,95.0,99.0,94.6,98.45,78872194
2023-09-04 00:00:00,INDUSINDBK,1423.85,1427.5,1415.0,1421.8,998692
2023-09-04 00:00:00,KOTAKBANK,1777.4,1789.0,1757.3,1762.2,4697683
2023-09-04 00:00:00,PNB,66.05,67.8,65.7,67.4,78454936
2023-09-04 00:00:00,SBIN,572.0,576.35,568.45,575.55,12108655
2023-09-04 00:00:00,UNIONBANK,86.9,88.3,86.6,88.1,23395499
2023-09-04 00:00:00,YESBANK,17.45,19.0,17.45,18.6,776578716
2023-09-05 00:00:00,AUBANK,721.0,721.0,714.05,714.95,1083984
2023-09-05 00:00:00,AXISBANK,985.45,986.2,977.9,981.45,10548660
2023-09-05 00:00:00,BANDHANBNK,236.5,237.15,233.0,234.65,3940078
2023-09-05 00:00:00,BANKBARODA,195.7,198.4,194.5,195.8,14710293
2023-09-05 00:00:00,CANBK,337.1,341.3,333.85,338.45,6995992
2023-09-05 00:00:00,FEDERALBNK,143.75,145.6,142.9,144.7,13833678
2023-09-05 00:00:00,HDFCBANK,1588.4,1588.4,1570.6,1574.9,19356041
2023-09-05 00:00:00,ICICIBANK,964.1,970.0,962.25,968.4,16623486
2023-09-05 00:00:00,IDFCFIRSTB,98.9,100.7,97.7,99.2,54709325
2023-09-05 00:00:00,INDUSINDBK,1425.0,1429.8,1416.35,1423.75,1469938
2023-09-05 00:00:00,KOTAKBANK,1765.0,1783.0,1763.1,1771.05,4257343
2023-09-05 00:00:00,PNB,67.9,68.6,66.65,67.35,70525265
2023-09-05 00:00:00,SBIN,575.6,578.25,571.35,573.0,14444729
2023-09-05 00:00:00,UNIONBANK,88.8,90.35,88.6,89.85,28099135
2023-09-05 00:00:00,YESBANK,18.8,19.1,17.9,18.15,368062167
2023-09-06 00:00:00,AUBANK,716.3,722.9,712.25,719.35,2378658
2023-09-06 00:00:00,AXISBANK,981.45,983.15,961.8,965.05,16351052
2023-09-06 00:00:00,BANDHANBNK,234.85,236.15,232.3,234.0,7414501
2023-09-06 00:00:00,BANKBARODA,196.5,197.55,194.0,195.0,15607001
2023-09-06 00:00:00,CANBK,339.25,339.25,332.55,334.2,4505165
2023-09-06 00:00:00,FEDERALBNK,144.0,145.5,142.85,143.8,17346713
2023-09-06 00:00:00,HDFCBANK,1576.8,1600.0,1574.9,1595.5,28160455
2023-09-06 00:00:00,ICICIBANK,962.55,969.5,950.8,957.5,30802100
2023-09-06 00:00:00,IDFCFIRSTB,99.75,99.75,96.25,97.65,46033233
2023-09-06 00:00:00,INDUSINDBK,1421.75,1421.75,1396.45,1408.65,4046484
2023-09-06 00:00:00,KOTAKBANK,1771.0,1777.0,1760.2,1770.3,6220223
2023-09-06 00:00:00,PNB,67.35,67.5,65.5,65.7,57072136
2023-09-06 00:00:00,SBIN,574.25,574.25,568.0,570.5,20609936
2023-09-06 00:00:00,UNIONBANK,90.3,90.35,87.75,88.0,12354854
2023-09-06 00:00:00,YESBANK,18.15,18.3,17.9,18.0,168431922
2023-09-07 00:00:00,AUBANK,724.5,728.0,720.25,725.35,604310
2023-09-07 00:00:00,AXISBANK,965.05,979.8,963.1,978.2,8686550
2023-09-07 00:00:00,BANDHANBNK,234.0,239.15,232.4,238.5,10675954
2023-09-07 00:00:00,BANKBARODA,195.0,196.75,194.5,196.25,10535198
2023-09-07 00:00:00,CANBK,334.2,339.5,333.6,338.65,5716713
2023-09-07 00:00:00,FEDERALBNK,144.45,147.15,143.85,145.0,13131381
2023-09-07 00:00:00,HDFCBANK,1595.5,1614.0,1587.15,1610.85,17104171
2023-09-07 00:00:00,ICICIBANK,957.4,969.5,954.7,965.65,13462347
2023-09-07 00:00:00,IDFCFIRSTB,97.9,98.25,95.5,95.8,38143881
2023-09-07 00:00:00,INDUSINDBK,1408.65,1443.2,1398.0,1439.6,2278316
2023-09-07 00:00:00,KOTAKBANK,1775.0,1792.35,1767.3,1789.0,2208089
2023-09-07 00:00:00,PNB,65.85,67.15,65.7,66.6,39914471
2023-09-07 00:00:00,SBIN,568.0,581.0,568.0,579.05,12390597
2023-09-07 00:00:00,UNIONBANK,88.35,89.3,88.1,88.75,9238847
2023-09-07 00:00:00,YESBANK,18.15,18.85,18.05,18.55,230732062
2023-09-08 00:00:00,AUBANK,728.5,736.95,724.0,734.9,1387523
2023-09-08 00:00:00,AXISBANK,978.2,987.3,972.5,980.3,6439351
2023-09-08 00:00:00,BANDHANBNK,239.85,245.75,238.15,243.4,15257354
2023-09-08 00:00:00,BANKBARODA,196.45,200.0,196.2,197.8,15379639
2023-09-08 00:00:00,CANBK,339.0,343.5,335.5,339.1,7260594
2023-09-08 00:00:00,FEDERALBNK,145.85,148.3,145.05,147.5,18010921
2023-09-08 00:00:00,HDFCBANK,1608.3,1632.9,1607.6,1623.4,17251105
2023-09-08 00:00:00,ICICIBANK,967.5,975.0,961.25,970.55,13086915
2023-09-08 00:00:00,IDFCFIRSTB,96.8,97.05,94.65,95.35,34295404
2023-09-08 00:00:00,INDUSINDBK,1445.0,1459.95,1434.1,1448.85,2862657
2023-09-08 00:00:00,KOTAKBANK,1797.0,1805.0,1781.55,1793.2,2386182
2023-09-08 00:00:00,PNB,67.0,67.3,66.25,66.85,38692009
2023-09-08 00:00:00,SBIN,581.0,588.5,579.7,583.45,14032068
2023-09-08 00:00:00,UNIONBANK,89.1,89.4,87.8,88.1,12663533
2023-09-08 00:00:00,YESBANK,18.65,18.95,18.3,18.35,153694460
2023-09-11 00:00:00,AUBANK,737.0,741.2,732.1,735.1,1172424
2023-09-11 00:00:00,AXISBANK,981.8,1004.0,979.0,1000.4,7130484
2023-09-11 00:00:00,BANDHANBNK,245.2,245.45,240.25,243.1,8480086
2023-09-11 00:00:00,BANKBARODA,198.7,204.7,198.25,202.8,22766508
2023-09-11 00:00:00,CANBK,340.9,363.0,340.3,359.95,26571751
2023-09-11 00:00:00,FEDERALBNK,148.4,150.0,147.5,148.9,20273209
2023-09-11 00:00:00,HDFCBANK,1628.9,1636.5,1624.0,1631.8,15786511
2023-09-11 00:00:00,ICICIBANK,974.95,982.0,969.35,978.25,7894110
2023-09-11 00:00:00,IDFCFIRSTB,97.3,97.4,96.2,96.55,32132630
2023-09-11 00:00:00,INDUSINDBK,1449.05,1452.0,1431.75,1450.2,2220230
2023-09-11 00:00:00,KOTAKBANK,1800.0,1811.5,1795.25,1807.9,2316902
2023-09-11 00:00:00,PNB,67.2,69.5,67.0,69.15,97021497
2023-09-11 00:00:00,SBIN,587.0,592.3,585.35,591.7,10946134
2023-09-11 00:00:00,UNIONBANK,88.95,90.3,88.65,89.75,27680357
2023-09-11 00:00:00,YESBANK,18.5,18.6,18.25,18.4,133672969
2023-09-12 00:00:00,AUBANK,739.0,739.9,712.0,718.45,1588895
2023-09-12 00:00:00,AXISBANK,1010.0,1010.0,998.05,1000.9,8958327
2023-09-12 00:00:00,BANDHANBNK,244.45,244.45,231.8,232.85,10382611
2023-09-12 00:00:00,BANKBARODA,204.4,204.4,197.85,199.95,21077042
2023-09-12 00:00:00,CANBK,362.0,362.95,347.2,348.8,12805258
2023-09-12 00:00:00,FEDERALBNK,149.9,149.9,141.85,142.6,17735490
2023-09-12 00:00:00,HDFCBANK,1640.0,1642.9,1625.05,1636.9,19516670
2023-09-12 00:00:00,ICICIBANK,990.1,995.15,982.65,990.5,20959591
2023-09-12 00:00:00,IDFCFIRSTB,98.0,98.0,93.0,93.45,43656392
2023-09-12 00:00:00,INDUSINDBK,1450.1,1453.9,1425.1,1429.15,1943026
2023-09-12 00:00:00,KOTAKBANK,1819.0,1819.0,1796.4,1811.2,3408966
2023-09-12 00:00:00,PNB,69.5,69.8,66.25,66.85,106038890
2023-09-12 00:00:00,SBIN,593.65,594.25,584.65,588.35,16093060
2023-09-12 00:00:00,UNIONBANK,90.95,93.2,87.05,87.6,33841583
2023-09-12 00:00:00,YESBANK,18.55,18.6,17.45,17.55,301858096
2023-09-13 00:00:00,AUBANK,720.15,730.05,709.05,723.45,2418932
2023-09-13 00:00:00,AXISBANK,1002.95,1017.0,993.7,1014.45,12254423
2023-09-13 00:00:00,BANDHANBNK,232.45,238.65,228.95,236.6,17496792
2023-09-13 00:00:00,BANKBARODA,199.9,209.45,198.1,208.65,38949196
2023-09-13 00:00:00,CANBK,348.7,365.3,345.05,364.75,14701345
2023-09-13 00:00:00,FEDERALBNK,143.0,145.95,140.8,145.15,16236362
2023-09-13 00:00:00,HDFCBANK,1631.3,1651.6,1628.6,1643.9,23210047
2023-09-13 00:00:00,ICICIBANK,989.8,994.85,980.55,989.8,21997553
2023-09-13 00:00:00,IDFCFIRSTB,93.35,93.7,89.3,93.1,82602747
2023-09-13 00:00:00,INDUSINDBK,1429.9,1459.65,1416.05,1455.05,4302942
2023-09-13 00:00:00,KOTAKBANK,1800.6,1836.0,1800.6,1824.6,5931870
2023-09-13 00:00:00,PNB,66.8,73.1,66.3,72.55,196952754
2023-09-13 00:00:00,SBIN,588.4,598.0,583.45,596.45,19377172
2023-09-13 00:00:00,UNIONBANK,88.5,91.2,86.7,90.5,31757883
2023-09-13 00:00:00,YESBANK,17.5,17.85,17.3,17.7,229941097
2023-09-14 00:00:00,AUBANK,727.2,744.0,725.65,738.75,1248430
2023-09-14 00:00:00,AXISBANK,1014.45,1022.4,1009.05,1020.9,7855558
2023-09-14 00:00:00,BANDHANBNK,238.0,241.45,235.1,239.55,13912743
2023-09-14 00:00:00,BANKBARODA,210.2,213.2,209.5,211.9,29826455
2023-09-14 00:00:00,CANBK,366.0,368.7,360.9,365.0,10663824
2023-09-14 00:00:00,FEDERALBNK,146.4,147.9,145.5,147.5,10378267
2023-09-14 00:00:00,HDFCBANK,1644.25,1650.0,1635.1,1642.9,11769424
2023-09-14 00:00:00,ICICIBANK,992.3,992.9,982.25,987.7,11464188
2023-09-14 00:00:00,IDFCFIRSTB,93.8,94.75,92.6,93.65,23581447
2023-09-14 00:00:00,INDUSINDBK,1459.95,1467.85,1450.45,1458.25,2407947
2023-09-14 00:00:00,KOTAKBANK,1828.0,1831.75,1814.0,1821.55,2559423
2023-09-14 00:00:00,PNB,73.0,74.2,71.85,73.7,110388816
2023-09-14 00:00:00,SBIN,598.45,603.7,595.2,597.3,13178911
2023-09-14 00:00:00,UNIONBANK,91.9,94.95,91.35,94.5,72888682
2023-09-14 00:00:00,YESBANK,17.75,18.0,17.4,17.5,154490813
2023-09-15 00:00:00,AUBANK,743.95,745.5,728.2,732.5,918800
2023-09-15 00:00:00,AXISBANK,1021.0,1031.75,1014.55,1027.15,8986157
2023-09-15 00:00:00,BANDHANBNK,241.0,250.2,239.9,249.35,20378402
2023-09-15 00:00:00,BANKBARODA,212.15,212.65,209.25,210.8,16238012
2023-09-15 00:00:00,CANBK,367.25,368.4,362.0,364.85,7514308
2023-09-15 00:00:00,FEDERALBNK,147.5,148.8,146.65,148.25,8614702
2023-09-15 00:00:00,HDFCBANK,1650.0,1670.0,1650.0,1661.75,86705601
2023-09-15 00:00:00,ICICIBANK,990.35,997.5,988.6,992.45,13307980
2023-09-15 00:00:00,IDFCFIRSTB,94.0,94.75,93.05,94.55,20016713
2023-09-15 00:00:00,INDUSINDBK,1464.4,1464.4,1446.45,1450.0,1647901
2023-09-15 00:00:00,KOTAKBANK,1816.2,1823.45,1811.0,1813.9,4121540
2023-09-15 00:00:00,PNB,74.0,74.85,72.9,74.15,85659070
2023-09-15 00:00:00,SBIN,599.35,600.7,595.2,598.8,11756389
2023-09-15 00:00:00,UNIONBANK,95.6,98.2,95.0,96.1,99069052
2023-09-15 00:00:00,YESBANK,17.55,18.4,17.45,18.3,358807251
2023-09-18 00:00:00,AUBANK,730.05,736.9,726.0,729.05,1002996
2023-09-18 00:00:00,AXISBANK,1021.55,1029.9,1019.0,1024.75,6397319
2023-09-18 00:00:00,BANDHANBNK,249.3,250.3,246.0,246.6,12409151
2023-09-18 00:00:00,BANKBARODA,209.9,219.65,209.75,217.35,36322604
2023-09-18 00:00:00,CANBK,365.9,377.0,364.05,372.25,18069348
2023-09-18 00:00:00,FEDERALBNK,147.15,147.7,145.65,146.1,11469599
2023-09-18 00:00:00,HDFCBANK,1653.75,1655.0,1626.1,1629.05,18528144
2023-09-18 00:00:00,ICICIBANK,990.1,996.25,987.3,990.2,16713222
2023-09-18 00:00:00,IDFCFIRSTB,94.5,94.55,92.85,93.15,24402174
2023-09-18 00:00:00,INDUSINDBK,1454.0,1462.75,1445.15,1456.9,1504046
2023-09-18 00:00:00,KOTAKBANK,1811.0,1812.0,1794.0,1798.35,3970112
2023-09-18 00:00:00,PNB,74.15,79.05,73.8,76.9,196740035
2023-09-18 00:00:00,SBIN,598.8,608.4,597.05,603.95,19305055
2023-09-18 00:00:00,UNIONBANK,96.9,100.65,96.25,98.9,131476651
2023-09-18 00:00:00,YESBANK,18.4,19.0,18.25,18.55,493458905
2023-09-20 00:00:00,AUBANK,727.6,759.2,725.25,755.45,4544074
2023-09-20 00:00:00,AXISBANK,1012.3,1047.5,1012.3,1027.3,13619788
2023-09-20 00:00:00,BANDHANBNK,245.7,249.45,243.7,244.95,14347302
2023-09-20 00:00:00,BANKBARODA,216.95,218.15,213.0,213.45,29729690
2023-09-20 00:00:00,CANBK,370.1,376.2,366.95,371.0,9138188
2023-09-20 00:00:00,FEDERALBNK,145.3,147.5,144.3,146.5,19554843
2023-09-20 00:00:00,HDFCBANK,1599.0,1599.0,1560.4,1563.7,57737324
2023-09-20 00:00:00,ICICIBANK,981.55,996.0,980.65,987.15,25741856
2023-09-20 00:00:00,IDFCFIRSTB,93.0,95.35,92.4,93.6,49353167
2023-09-20 00:00:00,INDUSINDBK,1441.0,1475.65,1422.3,1440.45,5683215
2023-09-20 00:00:00,KOTAKBANK,1786.95,1803.45,1775.7,1789.45,5368143
2023-09-20 00:00:00,PNB,76.8,77.7,75.3,76.45,87014740
2023-09-20 00:00:00,SBIN,600.85,606.8,599.4,601.1,21314600
2023-09-20 00:00:00,UNIONBANK,98.9,102.8,98.0,99.6,72274128
2023-09-20 00:00:00,YESBANK,18.4,18.45,17.85,18.0,179937051
2023-09-21 00:00:00,AUBANK,756.65,763.95,739.25,742.6,1979595
2023-09-21 00:00:00,AXISBANK,1026.6,1033.6,1012.1,1014.45,8156588
2023-09-21 00:00:00,BANDHANBNK,244.45,253.0,243.75,245.5,16617293
2023-09-21 00:00:00,BANKBARODA,212.85,217.5,206.45,207.15,22066890
2023-09-21 00:00:00,CANBK,370.0,376.2,360.6,364.45,14802024
2023-09-21 00:00:00,FEDERALBNK,146.5,148.75,145.45,145.8,14051863
2023-09-21 00:00:00,HDFCBANK,1553.0,1568.95,1537.05,1553.35,36420721
2023-09-21 00:00:00,ICICIBANK,979.95,982.5,957.45,959.3,19742813
2023-09-21 00:00:00,IDFCFIRSTB,93.75,94.85,93.15,93.4,25504384
2023-09-21 00:00:00,INDUSINDBK,1431.0,1443.65,1406.35,1411.3,2514377
2023-09-21 00:00:00,KOTAKBANK,1784.0,1790.8,1751.0,1755.7,4784751
2023-09-21 00:00:00,PNB,76.85,78.3,74.55,75.0,82446210
2023-09-21 00:00:00,SBIN,600.0,606.6,584.65,588.15,23453425
2023-09-21 00:00:00,UNIONBANK,100.0,101.3,95.5,96.4,52993911
2023-09-21 00:00:00,YESBANK,18.05,18.2,17.65,17.7,180166816
2023-09-22 00:00:00,AUBANK,745.75,751.6,742.15,744.55,1667979
2023-09-22 00:00:00,AXISBANK,1010.0,1027.25,1008.0,1018.25,7108110
2023-09-22 00:00:00,BANDHANBNK,248.0,251.85,247.05,249.35,12015422
2023-09-22 00:00:00,BANKBARODA,209.7,218.0,208.7,215.35,37302904
2023-09-22 00:00:00,CANBK,368.5,386.0,368.5,382.95,32802763
2023-09-22 00:00:00,FEDERALBNK,145.85,147.45,145.0,145.95,8086555
2023-09-22 00:00:00,HDFCBANK,1559.0,1564.4,1523.75,1529.65,30852125
2023-09-22 00:00:00,ICICIBANK,956.5,960.9,947.4,950.3,12701888
2023-09-22 00:00:00,IDFCFIRSTB,93.4,94.5,93.1,93.6,16438998
2023-09-22 00:00:00,INDUSINDBK,1416.0,1463.5,1413.0,1452.9,4397398
2023-09-22 00:00:00,KOTAKBANK,1758.0,1769.9,1752.15,1756.45,3710123
2023-09-22 00:00:00,PNB,75.8,77.75,75.05,77.5,96312592
2023-09-22 00:00:00,SBIN,593.5,602.0,591.4,598.15,18784139
2023-09-22 00:00:00,UNIONBANK,97.5,102.9,97.5,101.85,92167212
2023-09-22 00:00:00,YESBANK,17.7,18.0,17.5,17.65,141097202
2023-09-25 00:00:00,AUBANK,744.55,748.35,734.2,742.35,1928986
2023-09-25 00:00:00,AXISBANK,1015.2,1026.0,1005.15,1018.95,7123890
2023-09-25 00:00:00,BANDHANBNK,249.85,253.7,246.9,252.95,11068085
2023-09-25 00:00:00,BANKBARODA,216.3,219.45,214.05,217.4,22756990
2023-09-25 00:00:00,CANBK,383.95,383.95,373.7,375.05,13715793
2023-09-25 00:00:00,FEDERALBNK,145.9,147.8,144.15,147.1,14333389
2023-09-25 00:00:00,HDFCBANK,1525.0,1540.7,1525.0,1531.0,20104377
2023-09-25 00:00:00,ICICIBANK,950.3,961.2,941.5,956.35,8997098
2023-09-25 00:00:00,IDFCFIRSTB,93.95,94.45,92.4,94.3,33610387
2023-09-25 00:00:00,INDUSINDBK,1451.5,1454.55,1434.1,1442.75,2013653
2023-09-25 00:00:00,KOTAKBANK,1764.0,1789.3,1756.8,1784.4,2226567
2023-09-25 00:00:00,PNB,77.9,80.55,76.55,80.2,132629554
2023-09-25 00:00:00,SBIN,601.5,601.5,590.45,594.05,9712784
2023-09-25 00:00:00,UNIONBANK,103.0,104.3,99.85,102.05,45748823
2023-09-25 00:00:00,YESBANK,17.75,17.75,17.4,17.45,115437155
2023-09-26 00:00:00,AUBANK,743.0,752.0,740.6,750.1,766479
2023-09-26 00:00:00,AXISBANK,1019.0,1020.7,1011.0,1014.15,6387615
2023-09-26 00:00:00,BANDHANBNK,252.8,253.45,249.9,252.55,6646269
2023-09-26 00:00:00,BANKBARODA,217.5,218.0,212.85,213.65,11773544
2023-09-26 00:00:00,CANBK,376.25,378.8,368.25,370.05,9778851
2023-09-26 00:00:00,FEDERALBNK,147.1,148.45,146.55,147.85,14100749
2023-09-26 00:00:00,HDFCBANK,1525.0,1540.0,1525.0,1537.65,13787654
2023-09-26 00:00:00,ICICIBANK,958.95,958.95,947.1,948.7,10521409
2023-09-26 00:00:00,IDFCFIRSTB,94.2,95.8,93.85,95.55,28194744
2023-09-26 00:00:00,INDUSINDBK,1440.0,1443.95,1411.65,1423.05,2870137
2023-09-26 00:00:00,KOTAKBANK,1776.1,1781.8,1753.7,1764.1,3656167
2023-09-26 00:00:00,PNB,80.2,81.35,79.05,79.35,81418694
2023-09-26 00:00:00,SBIN,594.0,595.0,591.25,594.4,8327427
2023-09-26 00:00:00,UNIONBANK,102.25,102.85,99.15,99.7,31727799
2023-09-26 00:00:00,YESBANK,17.5,17.55,17.25,17.35,104957648
2023-09-27 00:00:00,AUBANK,747.95,754.9,744.2,745.75,869637
2023-09-27 00:00:00,AXISBANK,1009.95,1027.95,1004.0,1025.2,5158686
2023-09-27 00:00:00,BANDHANBNK,252.35,256.95,248.7,252.45,8604430
2023-09-27 00:00:00,BANKBARODA,214.0,216.25,211.7,214.85,14556599
2023-09-27 00:00:00,CANBK,370.0,374.9,365.6,374.25,10680414
2023-09-27 00:00:00,FEDERALBNK,148.0,151.5,147.4,150.55,20485056
2023-09-27 00:00:00,HDFCBANK,1523.0,1532.5,1515.0,1526.85,19669269
2023-09-27 00:00:00,ICICIBANK,946.3,946.5,934.4,943.1,15152973
2023-09-27 00:00:00,IDFCFIRSTB,95.65,97.75,95.1,97.55,33615116
2023-09-27 00:00:00,INDUSINDBK,1425.0,1439.0,1418.3,1436.45,3697690
2023-09-27 00:00:00,KOTAKBANK,1764.0,1771.1,1750.0,1765.15,3004206
2023-09-27 00:00:00,PNB,79.8,81.9,79.5,81.5,87175092
2023-09-27 00:00:00,SBIN,593.45,594.3,588.2,589.75,9865347
2023-09-27 00:00:00,UNIONBANK,100.05,103.4,99.6,102.4,38039844
2023-09-27 00:00:00,YESBANK,17.4,17.7,17.3,17.35,160278361
2023-09-28 00:00:00,AUBANK,745.75,747.25,716.6,720.4,3968952
2023-09-28 00:00:00,AXISBANK,1027.0,1037.95,1025.2,1030.9,15818489
2023-09-28 00:00:00,BANDHANBNK,256.85,259.25,247.25,249.35,17534736
2023-09-28 00:00:00,BANKBARODA,214.85,216.5,209.75,210.65,26793595
2023-09-28 00:00:00,CANBK,375.95,383.35,373.35,374.55,15995038
2023-09-28 00:00:00,FEDERALBNK,150.9,151.4,145.25,146.0,29980644
2023-09-28 00:00:00,HDFCBANK,1534.0,1537.6,1518.35,1523.7,27677094
2023-09-28 00:00:00,ICICIBANK,945.5,947.25,934.75,942.6,25991282
2023-09-28 00:00:00,IDFCFIRSTB,97.65,98.4,93.65,94.55,52996232
2023-09-28 00:00:00,INDUSINDBK,1437.0,1445.35,1409.45,1413.0,5876746
2023-09-28 00:00:00,KOTAKBANK,1762.2,1771.9,1729.0,1733.2,8263197
2023-09-28 00:00:00,PNB,81.65,82.65,79.2,79.65,153076293
2023-09-28 00:00:00,SBIN,591.25,595.2,588.85,589.95,21960816
2023-09-28 00:00:00,UNIONBANK,102.8,104.95,101.5,102.5,47139306
2023-09-28 00:00:00,YESBANK,17.4,17.7,17.2,17.25,136298936
2023-09-29 00:00:00,AUBANK,724.2,730.25,708.1,713.5,1456488
2023-09-29 00:00:00,AXISBANK,1030.9,1041.0,1024.5,1036.7,9528626
2023-09-29 00:00:00,BANDHANBNK,251.05,256.45,249.75,251.6,10359088
2023-09-29 00:00:00,BANKBARODA,212.25,215.3,212.0,213.95,9613748
2023-09-29 00:00:00,CANBK,376.95,379.55,372.5,376.25,9556659
2023-09-29 00:00:00,FEDERALBNK,148.75,148.75,146.3,147.2,8836942
2023-09-29 00:00:00,HDFCBANK,1523.7,1535.45,1522.3,1526.3,16026891
2023-09-29 00:00:00,ICICIBANK,946.7,956.0,943.7,951.9,10447334
2023-09-29 00:00:00,IDFCFIRSTB,95.15,95.9,94.2,95.5,21360102
2023-09-29 00:00:00,INDUSINDBK,1415.05,1439.95,1399.3,1428.85,2593595
2023-09-29 00:00:00,KOTAKBANK,1744.0,1744.0,1732.95,1735.7,3571729
2023-09-29 00:00:00,PNB,80.2,81.0,79.5,80.2,50000692
2023-09-29 00:00:00,SBIN,592.85,600.0,591.3,598.55,12189735
2023-09-29 00:00:00,UNIONBANK,102.9,107.0,102.9,106.3,45883301
2023-09-29 00:00:00,YESBANK,17.4,17.45,17.0,17.25,135475544
2023-10-03 00:00:00,AUBANK,714.8,714.8,702.1,704.8,855484
2023-10-03 00:00:00,AXISBANK,1035.0,1044.7,1032.6,1041.05,11589322
2023-10-03 00:00:00,BANDHANBNK,252.0,254.8,245.8,253.8,8151386
2023-10-03 00:00:00,BANKBARODA,213.5,218.2,212.0,217.85,12939332
2023-10-03 00:00:00,CANBK,376.25,386.5,373.6,384.45,8663129
2023-10-03 00:00:00,FEDERALBNK,147.5,152.3,147.3,150.7,18267135
2023-10-03 00:00:00,HDFCBANK,1527.0,1527.0,1506.0,1508.05,19485847
2023-10-03 00:00:00,ICICIBANK,951.6,951.6,939.0,940.3,11131636
2023-10-03 00:00:00,IDFCFIRSTB,95.65,95.65,93.55,94.15,20336030
2023-10-03 00:00:00,INDUSINDBK,1432.0,1438.4,1420.0,1435.4,1442499
2023-10-03 00:00:00,KOTAKBANK,1730.0,1735.0,1715.45,1727.05,5534869
2023-10-03 00:00:00,PNB,80.2,83.5,79.8,83.2,67592455
2023-10-03 00:00:00,SBIN,596.6,604.9,589.6,602.95,15322196
2023-10-03 00:00:00,UNIONBANK,106.9,112.65,106.5,112.1,54476348
2023-10-03 00:00:00,YESBANK,17.25,17.4,17.1,17.2,79015930
2023-10-04 00:00:00,AUBANK,704.0,708.1,688.0,703.6,3416610
2023-10-04 00:00:00,AXISBANK,1035.35,1037.0,988.85,995.55,22584212
2023-10-04 00:00:00,BANDHANBNK,250.7,255.4,248.75,253.85,9145829
2023-10-04 00:00:00,BANKBARODA,216.95,217.3,210.9,212.4,21610557
2023-10-04 00:00:00,CANBK,383.3,383.3,370.4,373.2,10623172
2023-10-04 00:00:00,FEDERALBNK,150.3,150.45,146.2,147.25,22633122
2023-10-04 00:00:00,HDFCBANK,1495.0,1535.0,1489.25,1529.55,27324715
2023-10-04 00:00:00,ICICIBANK,935.0,935.5,925.0,930.05,17334739
2023-10-04 00:00:00,IDFCFIRSTB,93.5,93.5,91.3,91.75,47373997
2023-10-04 00:00:00,INDUSINDBK,1424.85,1428.5,1386.2,1401.3,3978667
2023-10-04 00:00:00,KOTAKBANK,1715.0,1727.0,1709.0,1722.05,6220979
2023-10-04 00:00:00,PNB,82.7,83.3,79.35,79.75,103799902
2023-10-04 00:00:00,SBIN,600.0,600.45,584.45,586.25,24914612
2023-10-04 00:00:00,UNIONBANK,112.1,113.35,103.4,108.45,57302610
2023-10-04 00:00:00,YESBANK,17.2,17.5,17.05,17.2,154229605
2023-10-05 00:00:00,AUBANK,702.0,716.95,702.0,714.4,925577
2023-10-05 00:00:00,AXISBANK,1000.0,1009.2,988.9,1003.25,7950412
2023-10-05 00:00:00,BANDHANBNK,255.95,255.95,248.65,249.25,7632130
2023-10-05 00:00:00,BANKBARODA,213.9,214.45,210.0,212.55,11700848
2023-10-05 00:00:00,CANBK,375.25,379.65,370.5,371.3,7313210
2023-10-05 00:00:00,FEDERALBNK,148.25,148.75,144.65,145.5,11157021
2023-10-05 00:00:00,HDFCBANK,1535.05,1551.55,1532.6,1535.75,24256337
2023-10-05 00:00:00,ICICIBANK,935.2,943.95,934.55,940.85,10478856
2023-10-05 00:00:00,IDFCFIRSTB,92.6,93.0,91.7,91.95,17104086
2023-10-05 00:00:00,INDUSINDBK,1408.7,1415.4,1394.3,1401.85,1647175
2023-10-05 00:00:00,KOTAKBANK,1730.0,1747.0,1721.15,1734.25,2966801
2023-10-05 00:00:00,PNB,80.7,81.05,76.25,77.1,134330537
2023-10-05 00:00:00,SBIN,590.0,594.35,587.1,592.15,13248028
2023-10-05 00:00:00,UNIONBANK,109.2,111.4,104.2,105.5,42364355
2023-10-05 00:00:00,YESBANK,17.25,17.4,17.05,17.15,94470407
2023-10-06 00:00:00,AUBANK,719.9,720.0,712.45,713.55,718188
2023-10-06 00:00:00,AXISBANK,1005.0,1008.0,999.4,1000.95,5289753
2023-10-06 00:00:00,BANDHANBNK,250.8,255.0,247.65,252.9,7018670
2023-10-06 00:00:00,BANKBARODA,214.0,216.0,212.4,215.3,14552427
2023-10-06 00:00:00,CANBK,373.45,380.95,371.0,375.3,6948282
2023-10-06 00:00:00,FEDERALBNK,146.3,147.0,144.05,146.5,9149275
2023-10-06 00:00:00,HDFCBANK,1544.0,1545.0,1529.85,1534.05,8879678
2023-10-06 00:00:00,ICICIBANK,946.0,946.55,938.0,945.2,6355755
2023-10-06 00:00:00,IDFCFIRSTB,92.25,92.45,90.7,91.4,26681015
2023-10-06 00:00:00,INDUSINDBK,1404.95,1438.0,1401.1,1434.8,2167139
2023-10-06 00:00:00,KOTAKBANK,1735.3,1747.0,1730.2,1743.9,1992323
2023-10-06 00:00:00,PNB,77.45,78.25,76.05,76.75,66525708
2023-10-06 00:00:00,SBIN,593.4,598.95,592.2,594.25,8216780
2023-10-06 00:00:00,UNIONBANK,105.7,107.6,103.75,105.3,25813134
2023-10-06 00:00:00,YESBANK,17.2,17.5,17.15,17.3,130610068
2023-10-09 00:00:00,AUBANK,708.0,717.45,703.05,711.0,927404
2023-10-09 00:00:00,AXISBANK,994.8,999.7,988.25,996.25,6823214
2023-10-09 00:00:00,BANDHANBNK,248.7,251.3,245.7,246.45,6591251
2023-10-09 00:00:00,BANKBARODA,212.4,215.3,210.3,211.75,12102991
2023-10-09 00:00:00,CANBK,370.0,371.65,363.1,365.35,6243682
2023-10-09 00:00:00,FEDERALBNK,145.1,145.65,143.15,144.95,11349775
2023-10-09 00:00:00,HDFCBANK,1528.0,1530.0,1512.0,1516.25,8227486
2023-10-09 00:00:00,ICICIBANK,940.25,942.05,936.3,938.6,6725306
2023-10-09 00:00:00,IDFCFIRSTB,90.05,90.4,88.9,90.05,23075073
2023-10-09 00:00:00,INDUSINDBK,1420.1,1445.0,1410.0,1428.55,1613546
2023-10-09 00:00:00,KOTAKBANK,1730.0,1733.8,1717.05,1719.3,1839513
2023-10-09 00:00:00,PNB,76.0,76.0,72.85,73.35,73864732
2023-10-09 00:00:00,SBIN,588.0,589.0,581.55,585.1,9189597
2023-10-09 00:00:00,UNIONBANK,102.5,103.75,99.0,99.35,33400853
2023-10-09 00:00:00,YESBANK,17.2,17.2,16.85,16.9,103002467
2023-10-10 00:00:00,AUBANK,715.05,717.8,708.75,715.2,527218
2023-10-10 00:00:00,AXISBANK,999.9,1014.95,996.5,1012.25,5728499
2023-10-10 00:00:00,BANDHANBNK,248.3,252.35,247.0,251.95,5355488
2023-10-10 00:00:00,BANKBARODA,212.15,214.55,211.9,214.3,12358739
2023-10-10 00:00:00,CANBK,368.15,373.05,367.65,372.5,4800511
2023-10-10 00:00:00,FEDERALBNK,145.5,148.5,145.2,147.95,8324817
2023-10-10 00:00:00,HDFCBANK,1520.55,1529.0,1515.2,1524.85,16633146
2023-10-10 00:00:00,ICICIBANK,940.4,957.5,940.35,951.2,11452715
2023-10-10 00:00:00,IDFCFIRSTB,90.3,91.05,89.1,90.25,53961169
2023-10-10 00:00:00,INDUSINDBK,1434.0,1436.35,1412.05,1420.55,1874201
2023-10-10 00:00:00,KOTAKBANK,1727.5,1768.7,1720.6,1756.1,3368982
2023-10-10 00:00:00,PNB,74.05,75.6,74.0,75.25,45297302
2023-10-10 00:00:00,SBIN,587.0,595.0,585.75,591.65,10373508
2023-10-10 00:00:00,UNIONBANK,101.0,104.7,100.8,104.15,23803904
2023-10-10 00:00:00,YESBANK,17.0,17.15,16.95,17.05,65790049
2023-10-11 00:00:00,AUBANK,718.9,720.7,712.0,715.75,1174535
2023-10-11 00:00:00,AXISBANK,1019.0,1025.65,1012.0,1019.1,7396783
2023-10-11 00:00:00,BANDHANBNK,251.0,253.8,248.0,248.75,6575616
2023-10-11 00:00:00,BANKBARODA,210.0,210.95,206.3,207.2,43037191
2023-10-11 00:00:00,CANBK,372.05,375.0,368.5,369.85,7271140
2023-10-11 00:00:00,FEDERALBNK,148.85,149.45,146.55,147.0,11961227
2023-10-11 00:00:00,HDFCBANK,1530.1,1542.15,1528.5,1539.6,15666680
2023-10-11 00:00:00,ICICIBANK,954.9,962.05,950.75,953.1,12233117
2023-10-11 00:00:00,IDFCFIRSTB,92.6,93.35,91.15,91.55,36252819
2023-10-11 00:00:00,INDUSINDBK,1430.95,1431.9,1414.55,1421.2,1855211
2023-10-11 00:00:00,KOTAKBANK,1760.05,1779.95,1760.05,1771.4,3499844
2023-10-11 00:00:00,PNB,75.8,77.85,75.5,76.05,59870131
2023-10-11 00:00:00,SBIN,596.9,597.0,587.6,588.35,14220119
2023-10-11 00:00:00,UNIONBANK,105.0,105.85,103.5,104.1,18507914
2023-10-11 00:00:00,YESBANK,17.1,17.35,17.0,17.05,82337766
2023-10-12 00:00:00,AUBANK,719.0,723.0,715.0,716.3,691279
2023-10-12 00:00:00,AXISBANK,1022.0,1031.0,1014.95,1018.45,4920222
2023-10-12 00:00:00,BANDHANBNK,250.9,251.9,249.15,251.0,3132333
2023-10-12 00:00:00,BANKBARODA,208.0,209.45,207.45,207.75,14176014
2023-10-12 00:00:00,CANBK,371.4,373.8,367.95,369.3,3770114
2023-10-12 00:00:00,FEDERALBNK,147.7,150.85,146.8,149.3,11378622
2023-10-12 00:00:00,HDFCBANK,1536.1,1552.0,1531.6,1549.85,11012668
2023-10-12 00:00:00,ICICIBANK,952.85,960.1,948.4,954.25,7836818
2023-10-12 00:00:00,IDFCFIRSTB,91.5,91.95,90.65,90.8,13653254
2023-10-12 00:00:00,INDUSINDBK,1433.3,1444.0,1421.0,1424.25,2069952
2023-10-12 00:00:00,KOTAKBANK,1775.0,1776.9,1761.25,1763.85,2383827
2023-10-12 00:00:00,PNB,76.7,77.2,75.35,75.75,28874895
2023-10-12 00:00:00,SBIN,590.8,593.0,585.0,586.05,11983797
2023-10-12 00:00:00,UNIONBANK,104.9,105.4,103.2,103.8,13892071
2023-10-12 00:00:00,YESBANK,17.1,17.25,17.05,17.1,49467423
2023-10-13 00:00:00,AUBANK,716.3,720.0,712.0,716.95,410117
2023-10-13 00:00:00,AXISBANK,1009.0,1011.45,992.25,994.05,12173162
2023-10-13 00:00:00,BANDHANBNK,250.0,250.5,238.0,240.7,13097938
2023-10-13 00:00:00,BANKBARODA,206.9,206.95,201.2,203.5,27835260
2023-10-13 00:00:00,CANBK,368.4,369.35,359.8,366.55,6481528
2023-10-13 00:00:00,FEDERALBNK,148.7,152.1,148.5,149.4,15602219
2023-10-13 00:00:00,HDFCBANK,1540.0,1548.8,1529.95,1535.75,19872650
2023-10-13 00:00:00,ICICIBANK,949.95,957.4,944.55,951.3,6650442
2023-10-13 00:00:00,IDFCFIRSTB,90.7,90.75,90.0,90.25,15143662
2023-10-13 00:00:00,INDUSINDBK,1421.2,1466.3,1420.0,1463.7,4480890
2023-10-13 00:00:00,KOTAKBANK,1755.0,1769.95,1752.15,1762.0,2123927
2023-10-13 00:00:00,PNB,75.1,75.75,74.6,75.2,33454518
2023-10-13 00:00:00,SBIN,577.75,581.3,574.8,576.15,19064577
2023-10-13 00:00:00,UNIONBANK,103.1,104.1,102.6,102.9,14614632
2023-10-13 00:00:00,YESBANK,17.05,17.2,17.05,17.1,53963713
2023-10-16 00:00:00,AUBANK,716.95,716.95,703.15,709.35,1680941
2023-10-16 00:00:00,AXISBANK,990.0,1009.45,990.0,1004.8,4646960
2023-10-16 00:00:00,BANDHANBNK,241.0,245.9,239.7,244.1,6182055
2023-10-16 00:00:00,BANKBARODA,201.45,206.5,201.45,205.8,15730299
2023-10-16 00:00:00,CANBK,366.0,374.8,365.0,371.35,6301261
2023-10-16 00:00:00,FEDERALBNK,151.55,152.6,146.7,148.55,32531561
2023-10-16 00:00:00,HDFCBANK,1531.5,1534.45,1520.5,1529.6,8928042
2023-10-16 00:00:00,ICICIBANK,948.5,954.85,946.15,951.4,5763024
2023-10-16 00:00:00,IDFCFIRSTB,90.45,91.3,90.15,90.95,18504956
2023-10-16 00:00:00,INDUSINDBK,1462.85,1462.85,1444.45,1446.4,1913782
2023-10-16 00:00:00,KOTAKBANK,1761.0,1762.15,1746.45,1749.75,1579957
2023-10-16 00:00:00,PNB,75.15,76.1,74.8,75.25,31664409
2023-10-16 00:00:00,SBIN,576.0,578.75,571.5,575.65,11290293
2023-10-16 00:00:00,UNIONBANK,103.2,106.1,102.9,105.05,18681567
2023-10-16 00:00:00,YESBANK,17.15,17.2,17.05,17.05,67053870
2023-10-17 00:00:00,AUBANK,714.8,714.8,706.0,706.6,620122
2023-10-17 00:00:00,AXISBANK,1008.85,1014.7,1003.1,1008.05,6105067
2023-10-17 00:00:00,BANDHANBNK,246.0,246.0,238.9,239.7,6938782
2023-10-17 00:00:00,BANKBARODA,206.2,208.15,205.8,207.35,12501262
2023-10-17 00:00:00,CANBK,373.5,378.4,371.5,377.55,7101320
2023-10-17 00:00:00,FEDERALBNK,150.75,150.75,147.95,148.4,13265518
2023-10-17 00:00:00,HDFCBANK,1555.75,1555.75,1535.0,1541.2,16451279
2023-10-17 00:00:00,ICICIBANK,955.4,960.95,951.5,953.9,7747527
2023-10-17 00:00:00,IDFCFIRSTB,91.25,92.0,91.2,91.6,15944661
2023-10-17 00:00:00,INDUSINDBK,1454.9,1458.45,1425.55,1436.0,1373704
2023-10-17 00:00:00,KOTAKBANK,1755.0,1774.8,1750.8,1771.55,3217357
2023-10-17 00:00:00,PNB,75.75,76.2,75.25,75.8,25571754
2023-10-17 00:00:00,SBIN,577.7,579.95,575.3,576.45,10765224
2023-10-17 00:00:00,UNIONBANK,106.0,106.6,104.5,105.35,14025820
2023-10-17 00:00:00,YESBANK,17.15,17.3,17.05,17.1,76798183
2023-10-18 00:00:00,AUBANK,708.9,711.6,702.7,704.45,1479098
2023-10-18 00:00:00,AXISBANK,1010.0,1014.1,989.35,992.85,7818946
2023-10-18 00:00:00,BANDHANBNK,240.2,244.45,237.35,238.1,12057238
2023-10-18 00:00:00,BANKBARODA,207.0,208.65,203.0,203.65,20282190
2023-10-18 00:00:00,CANBK,376.65,378.3,370.3,371.85,3632494
2023-10-18 00:00:00,FEDERALBNK,149.0,149.55,145.8,146.55,20284169
2023-10-18 00:00:00,HDFCBANK,1541.2,1541.2,1518.1,1519.75,15608100
2023-10-18 00:00:00,ICICIBANK,949.2,950.65,939.1,943.75,12000153
2023-10-18 00:00:00,IDFCFIRSTB,92.35,93.1,90.8,90.95,30676702
2023-10-18 00:00:00,INDUSINDBK,1437.0,1444.0,1415.6,1420.35,3067244
2023-10-18 00:00:00,KOTAKBANK,1773.0,1775.2,1745.1,1753.4,3051680
2023-10-18 00:00:00,PNB,76.75,77.25,74.05,74.2,79079912
2023-10-18 00:00:00,SBIN,577.75,579.25,569.35,572.65,11777454
2023-10-18 00:00:00,UNIONBANK,105.6,105.7,101.4,102.15,13345912
2023-10-18 00:00:00,YESBANK,17.15,17.25,16.95,17.05,76543547
2023-10-19 00:00:00,AUBANK,705.3,707.15,697.0,705.15,603325
2023-10-19 00:00:00,AXISBANK,979.7,999.0,979.7,991.4,4836625
2023-10-19 00:00:00,BANDHANBNK,233.95,235.5,227.7,229.15,17897543
2023-10-19 00:00:00,BANKBARODA,202.5,206.0,201.2,205.15,12922522
2023-10-19 00:00:00,CANBK,370.0,375.95,367.1,373.95,4828534
2023-10-19 00:00:00,FEDERALBNK,146.3,147.7,145.2,146.85,8868032
2023-10-19 00:00:00,HDFCBANK,1505.4,1526.25,1503.2,1514.95,15126182
2023-10-19 00:00:00,ICICIBANK,936.0,945.0,934.0,935.75,8612676
2023-10-19 00:00:00,IDFCFIRSTB,90.65,91.4,90.0,90.8,20209313
2023-10-19 00:00:00,INDUSINDBK,1451.5,1464.7,1423.05,1450.35,13948984
2023-10-19 00:00:00,KOTAKBANK,1742.0,1753.4,1735.6,1738.45,1993179
2023-10-19 00:00:00,PNB,73.9,75.1,73.4,74.0,40169623
2023-10-19 00:00:00,SBIN,569.8,574.0,567.0,571.2,11441499
2023-10-19 00:00:00,UNIONBANK,102.0,102.85,100.8,102.5,11787202
2023-10-19 00:00:00,YESBANK,17.1,17.25,17.0,17.05,69004632
2023-10-20 00:00:00,AUBANK,704.5,707.2,698.1,699.8,1167195
2023-10-20 00:00:00,AXISBANK,989.0,992.9,977.75,980.35,5664400
2023-10-20 00:00:00,BANDHANBNK,229.15,231.5,225.0,225.5,7440024
2023-10-20 00:00:00,BANKBARODA,204.2,205.6,201.2,202.3,17030658
2023-10-20 00:00:00,CANBK,371.95,374.9,365.5,369.3,7621955
2023-10-20 00:00:00,FEDERALBNK,146.7,148.25,145.25,145.85,10731136
2023-10-20 00:00:00,HDFCBANK,1505.0,1527.0,1505.0,1522.8,10547005
2023-10-20 00:00:00,ICICIBANK,932.0,940.0,930.0,932.75,6586576
2023-10-20 00:00:00,IDFCFIRSTB,90.75,91.25,88.4,88.9,25595667
2023-10-20 00:00:00,INDUSINDBK,1448.0,1471.8,1443.1,1469.1,5135316
2023-10-20 00:00:00,KOTAKBANK,1733.5,1773.2,1732.65,1769.6,4072383
2023-10-20 00:00:00,PNB,73.9,74.6,71.85,72.25,47312964
2023-10-20 00:00:00,SBIN,569.9,570.0,562.1,563.1,11110988
2023-10-20 00:00:00,UNIONBANK,102.5,104.0,100.1,101.15,14709256
2023-10-20 00:00:00,YESBANK,17.1,17.85,17.05,17.3,242605105
2023-10-23 00:00:00,AUBANK,699.2,711.1,690.5,695.45,2223975
2023-10-23 00:00:00,AXISBANK,980.0,984.9,961.1,964.3,5896695
2023-10-23 00:00:00,BANDHANBNK,226.0,228.45,220.4,221.3,8870439
2023-10-23 00:00:00,BANKBARODA,202.3,203.75,194.0,195.2,15784543
2023-10-23 00:00:00,CANBK,369.3,371.45,354.0,355.55,9497007
2023-10-23 00:00:00,FEDERALBNK,144.95,146.25,142.5,143.4,16900861
2023-10-23 00:00:00,HDFCBANK,1523.5,1528.75,1500.1,1506.05,11188068
2023-10-23 00:00:00,ICICIBANK,942.0,944.8,925.4,929.95,11856890
2023-10-23 00:00:00,IDFCFIRSTB,88.95,89.85,86.0,86.45,41890167
2023-10-23 00:00:00,INDUSINDBK,1469.0,1469.75,1430.05,1435.0,3319090
2023-10-23 00:00:00,KOTAKBANK,1769.0,1769.0,1722.45,1740.75,7546442
2023-10-23 00:00:00,PNB,72.5,73.7,69.1,69.65,64052095
2023-10-23 00:00:00,SBIN,563.1,566.0,551.0,552.95,11875035
2023-10-23 00:00:00,UNIONBANK,101.55,102.0,93.0,95.0,29890296
2023-10-23 00:00:00,YESBANK,17.4,17.45,16.2,16.35,239210207
2023-10-25 00:00:00,AUBANK,696.15,709.0,693.1,706.25,1877527
2023-10-25 00:00:00,AXISBANK,960.0,974.0,951.4,955.45,6957048
2023-10-25 00:00:00,BANDHANBNK,222.5,224.85,217.15,218.25,10799172
2023-10-25 00:00:00,BANKBARODA,195.9,198.25,193.7,194.8,14959554
2023-10-25 00:00:00,CANBK,360.0,360.85,349.15,353.75,6278105
2023-10-25 00:00:00,FEDERALBNK,143.3,144.25,141.5,141.85,13307403
2023-10-25 00:00:00,HDFCBANK,1521.0,1522.8,1491.45,1496.5,14155998
2023-10-25 00:00:00,ICICIBANK,926.05,933.8,911.4,916.1,12593434
2023-10-25 00:00:00,IDFCFIRSTB,86.45,87.7,85.75,87.15,37773182
2023-10-25 00:00:00,INDUSINDBK,1444.95,1446.95,1410.05,1412.7,4045910
2023-10-25 00:00:00,KOTAKBANK,1749.0,1761.75,1722.0,1728.05,3512668
2023-10-25 00:00:00,PNB,70.0,71.4,68.55,69.5,56157100
2023-10-25 00:00:00,SBIN,558.6,560.8,553.6,556.2,12134624
2023-10-25 00:00:00,UNIONBANK,96.7,99.2,93.8,95.1,30434337
2023-10-25 00:00:00,YESBANK,16.4,16.7,15.85,16.0,156556497
2023-10-26 00:00:00,AUBANK,700.0,707.05,684.1,686.55,2065324
2023-10-26 00:00:00,AXISBANK,956.0,975.0,952.75,972.05,17540495
2023-10-26 00:00:00,BANDHANBNK,217.55,217.8,211.3,212.45,10920565
2023-10-26 00:00:00,BANKBARODA,193.55,193.8,187.85,189.15,29658835
2023-10-26 00:00:00,CANBK,350.95,361.4,342.1,359.35,12237292
2023-10-26 00:00:00,FEDERALBNK,141.0,141.35,137.3,138.15,19469168
2023-10-26 00:00:00,HDFCBANK,1491.25,1492.0,1460.25,1463.4,27780899
2023-10-26 00:00:00,ICICIBANK,914.3,916.6,899.0,908.65,21693345
2023-10-26 00:00:00,IDFCFIRSTB,87.0,87.25,84.5,84.95,51415393
2023-10-26 00:00:00,INDUSINDBK,1412.65,1429.3,1393.65,1414.65,4194418
2023-10-26 00:00:00,KOTAKBANK,1727.7,1727.7,1689.0,1694.85,6279280
2023-10-26 00:00:00,PNB,69.35,70.3,67.35,69.85,96629399
2023-10-26 00:00:00,SBIN,551.45,552.9,543.2,547.0,19424825
2023-10-26 00:00:00,UNIONBANK,95.15,95.5,91.25,94.75,20883382
2023-10-26 00:00:00,YESBANK,16.0,16.05,15.7,15.9,153370332
2023-10-27 00:00:00,AUBANK,689.95,699.6,683.55,690.1,1251035
2023-10-27 00:00:00,AXISBANK,980.0,1004.75,973.3,1002.75,13443016
2023-10-27 00:00:00,BANDHANBNK,214.0,216.55,213.05,214.4,5005707
2023-10-27 00:00:00,BANKBARODA,190.5,197.5,190.5,196.85,14885363
2023-10-27 00:00:00,CANBK,361.7,387.8,361.2,380.8,27201958
2023-10-27 00:00:00,FEDERALBNK,139.1,141.9,138.75,139.55,11627544
2023-10-27 00:00:00,HDFCBANK,1469.5,1478.0,1466.9,1469.15,15970266
2023-10-27 00:00:00,ICICIBANK,916.0,918.15,911.3,912.75,8645505
2023-10-27 00:00:00,IDFCFIRSTB,85.5,86.85,85.2,86.05,29641971
2023-10-27 00:00:00,INDUSINDBK,1420.0,1444.5,1412.7,1441.3,2424655
2023-10-27 00:00:00,KOTAKBANK,1708.0,1708.0,1689.0,1702.7,2974830
2023-10-27 00:00:00,PNB,71.8,74.15,70.9,73.15,97582651
2023-10-27 00:00:00,SBIN,550.0,562.5,550.0,561.15,10415296
2023-10-27 00:00:00,UNIONBANK,96.15,101.65,96.0,99.9,32310058
2023-10-27 00:00:00,YESBANK,15.95,16.15,15.9,15.95,74336446
2023-10-30 00:00:00,AUBANK,688.0,688.0,630.4,665.95,8750585
2023-10-30 00:00:00,AXISBANK,1002.75,1002.75,979.2,989.2,5270567
2023-10-30 00:00:00,BANDHANBNK,215.8,215.85,211.2,214.65,5337538
2023-10-30 00:00:00,BANKBARODA,197.15,199.85,194.6,198.25,11946838
2023-10-30 00:00:00,CANBK,382.0,385.95,378.0,382.6,7619529
2023-10-30 00:00:00,FEDERALBNK,140.45,141.25,137.25,140.9,10041391
2023-10-30 00:00:00,HDFCBANK,1463.25,1489.95,1461.9,1485.1,11655491
2023-10-30 00:00:00,ICICIBANK,909.1,926.3,908.2,924.9,7687791
2023-10-30 00:00:00,IDFCFIRSTB,86.9,86.9,81.45,83.2,70055215
2023-10-30 00:00:00,INDUSINDBK,1440.0,1460.9,1428.0,1454.65,2255111
2023-10-30 00:00:00,KOTAKBANK,1702.0,1720.9,1688.4,1717.5,1511563
2023-10-30 00:00:00,PNB,73.55,73.65,72.35,73.15,45878932
2023-10-30 00:00:00,SBIN,563.0,566.7,556.5,565.2,8593704
2023-10-30 00:00:00,UNIONBANK,101.3,104.5,99.15,99.7,32368940
2023-10-30 00:00:00,YESBANK,16.05,16.1,15.85,15.95,120388059
2023-10-31 00:00:00,AUBANK,669.9,685.7,662.85,669.1,2598527
2023-10-31 00:00:00,AXISBANK,998.0,998.0,978.0,981.85,7816805
2023-10-31 00:00:00,BANDHANBNK,216.0,218.5,213.7,214.15,4547584
2023-10-31 00:00:00,BANKBARODA,199.5,199.75,195.65,196.2,9074535
2023-10-31 00:00:00,CANBK,383.8,390.65,383.1,384.35,9887787
2023-10-31 00:00:00,FEDERALBNK,141.3,141.75,139.7,140.65,6692752
2023-10-31 00:00:00,HDFCBANK,1504.0,1504.0,1474.0,1476.5,16317412
2023-10-31 00:00:00,ICICIBANK,929.3,931.0,914.1,915.35,17211107
2023-10-31 00:00:00,IDFCFIRSTB,84.3,84.3,82.2,82.7,29493792
2023-10-31 00:00:00,INDUSINDBK,1456.0,1460.0,1436.55,1441.3,1454345
2023-10-31 00:00:00,KOTAKBANK,1727.7,1747.0,1716.85,1739.4,4839336
2023-10-31 00:00:00,PNB,73.4,74.25,72.8,73.0,44305596
2023-10-31 00:00:00,SBIN,567.0,569.5,563.15,565.55,13039696
2023-10-31 00:00:00,UNIONBANK,101.2,103.6,101.05,101.6,26692147
2023-10-31 00:00:00,YESBANK,16.1,16.15,15.9,15.95,52455781
2023-11-01 00:00:00,AUBANK,675.0,676.85,665.35,668.65,1608023
2023-11-01 00:00:00,AXISBANK,977.85,979.3,968.0,971.8,5703984
2023-11-01 00:00:00,BANDHANBNK,215.5,216.0,213.0,213.5,4922710
2023-11-01 00:00:00,BANKBARODA,196.4,198.2,195.05,195.5,7915346
2023-11-01 00:00:00,CANBK,384.3,385.9,380.0,383.3,6438456
2023-11-01 00:00:00,FEDERALBNK,140.6,141.35,139.65,140.5,8303782
2023-11-01 00:00:00,HDFCBANK,1462.25,1477.45,1462.25,1474.5,16938733
2023-11-01 00:00:00,ICICIBANK,913.8,917.6,909.3,914.05,12927203
2023-11-01 00:00:00,IDFCFIRSTB,82.75,82.95,80.8,81.1,28786958
2023-11-01 00:00:00,INDUSINDBK,1443.9,1445.6,1427.15,1432.6,2658439
2023-11-01 00:00:00,KOTAKBANK,1731.0,1735.95,1717.85,1724.4,2528105
2023-11-01 00:00:00,PNB,73.1,74.35,72.65,72.9,39344724
2023-11-01 00:00:00,SBIN,566.25,569.65,563.85,566.4,13575575
2023-11-01 00:00:00,UNIONBANK,102.0,104.4,100.55,103.25,24198194
2023-11-01 00:00:00,YESBANK,16.0,16.25,15.95,16.0,68205389
2023-11-02 00:00:00,AUBANK,677.8,677.8,656.7,666.75,2091524
2023-11-02 00:00:00,AXISBANK,978.0,988.35,974.0,982.95,5193982
2023-11-02 00:00:00,BANDHANBNK,215.95,217.25,214.1,214.95,4296465
2023-11-02 00:00:00,BANKBARODA,197.0,200.6,196.8,199.9,14242502
2023-11-02 00:00:00,CANBK,386.95,391.85,384.5,388.15,6292204
2023-11-02 00:00:00,FEDERALBNK,141.15,143.25,141.05,141.45,6186723
2023-11-02 00:00:00,HDFCBANK,1485.0,1490.5,1467.15,1476.75,22612577
2023-11-02 00:00:00,ICICIBANK,920.05,924.8,912.8,919.95,9747311
2023-11-02 00:00:00,IDFCFIRSTB,82.0,83.15,81.65,82.3,18044601
2023-11-02 00:00:00,INDUSINDBK,1447.0,1479.95,1439.1,1461.2,4524652
2023-11-02 00:00:00,KOTAKBANK,1735.0,1758.65,1732.1,1737.7,2550558
2023-11-02 00:00:00,PNB,73.85,75.4,73.5,74.25,44074000
2023-11-02 00:00:00,SBIN,571.1,575.45,567.6,572.1,11148516
2023-11-02 00:00:00,UNIONBANK,104.8,106.5,104.15,105.85,28172342
2023-11-02 00:00:00,YESBANK,16.1,16.2,15.9,16.05,77309428
2023-11-03 00:00:00,AUBANK,673.6,673.6,664.8,669.25,1200934
2023-11-03 00:00:00,AXISBANK,986.0,991.4,981.5,988.85,4268048
2023-11-03 00:00:00,BANDHANBNK,216.8,218.95,216.25,217.4,3894941
2023-11-03 00:00:00,BANKBARODA,201.35,204.25,201.0,203.8,19177688
2023-11-03 00:00:00,CANBK,390.95,392.8,387.0,387.5,5032067
2023-11-03 00:00:00,FEDERALBNK,142.9,144.05,142.0,143.5,8768877
2023-11-03 00:00:00,HDFCBANK,1488.0,1491.4,1481.65,1483.75,9047670
2023-11-03 00:00:00,ICICIBANK,928.55,934.5,926.8,933.8,7146961
2023-11-03 00:00:00,IDFCFIRSTB,83.2,83.2,82.3,82.8,20591066
2023-11-03 00:00:00,INDUSINDBK,1471.0,1475.0,1448.0,1450.25,3052041
2023-11-03 00:00:00,KOTAKBANK,1740.0,1744.25,1730.1,1733.25,1558958
2023-11-03 00:00:00,PNB,74.85,75.4,74.5,74.75,33999204
2023-11-03 00:00:00,SBIN,576.0,579.5,573.45,578.15,11371371
2023-11-03 00:00:00,UNIONBANK,106.5,106.75,104.05,104.5,12041882
2023-11-03 00:00:00,YESBANK,16.15,16.65,16.1,16.45,173537061
2023-11-06 00:00:00,AUBANK,673.0,680.35,669.0,673.95,3301471
2023-11-06 00:00:00,AXISBANK,995.0,1016.2,993.1,1009.4,6552178
2023-11-06 00:00:00,BANDHANBNK,219.85,219.85,217.4,217.85,5305052
2023-11-06 00:00:00,BANKBARODA,200.0,201.7,194.75,195.6,37345564
2023-11-06 00:00:00,CANBK,389.0,391.1,383.4,384.9,4339512
2023-11-06 00:00:00,FEDERALBNK,144.2,145.1,143.0,144.1,11103173
2023-11-06 00:00:00,HDFCBANK,1498.0,1498.0,1483.0,1494.5,12796865
2023-11-06 00:00:00,ICICIBANK,941.0,947.75,937.4,945.45,10338367
2023-11-06 00:00:00,IDFCFIRSTB,83.35,83.4,82.55,82.75,20613509
2023-11-06 00:00:00,INDUSINDBK,1463.0,1471.9,1456.0,1470.25,2090640
2023-11-06 00:00:00,KOTAKBANK,1744.0,1747.0,1732.0,1740.2,1186685
2023-11-06 00:00:00,PNB,75.3,75.5,74.75,74.9,22781133
2023-11-06 00:00:00,SBIN,582.0,582.5,573.25,574.35,16499138
2023-11-06 00:00:00,UNIONBANK,105.6,105.8,103.5,103.85,9368161
2023-11-06 00:00:00,YESBANK,16.55,16.9,16.5,16.7,146210916
2023-11-07 00:00:00,AUBANK,677.15,679.7,668.3,669.9,3384898
2023-11-07 00:00:00,AXISBANK,1008.0,1022.2,1005.25,1020.9,6559859
2023-11-07 00:00:00,BANDHANBNK,218.55,218.95,215.65,216.1,4255972
2023-11-07 00:00:00,BANKBARODA,196.6,196.6,190.65,191.25,51310933
2023-11-07 00:00:00,CANBK,385.0,390.15,382.5,387.55,4751044
2023-11-07 00:00:00,FEDERALBNK,144.8,148.2,143.45,147.3,14254789
2023-11-07 00:00:00,HDFCBANK,1494.0,1494.0,1477.2,1487.25,20976424
2023-11-07 00:00:00,ICICIBANK,943.6,950.45,930.45,948.1,15704942
2023-11-07 00:00:00,IDFCFIRSTB,82.85,83.25,82.25,83.15,12108793
2023-11-07 00:00:00,INDUSINDBK,1469.55,1490.45,1464.25,1486.4,2830149
2023-11-07 00:00:00,KOTAKBANK,1735.15,1754.4,1726.1,1751.25,3599603
2023-11-07 00:00:00,PNB,75.2,76.75,74.55,76.15,45263683
2023-11-07 00:00:00,SBIN,574.8,581.2,572.6,579.75,17923281
2023-11-07 00:00:00,UNIONBANK,103.85,105.35,103.05,104.85,14018306
2023-11-07 00:00:00,YESBANK,16.75,16.9,16.7,16.8,107607382
2023-11-08 00:00:00,AUBANK,672.95,676.4,666.3,675.35,2274273
2023-11-08 00:00:00,AXISBANK,1024.0,1026.95,1015.6,1021.7,7643314
2023-11-08 00:00:00,BANDHANBNK,217.5,218.8,216.55,217.45,5624531
2023-11-08 00:00:00,BANKBARODA,193.25,194.05,191.55,192.5,22372624
2023-11-08 00:00:00,CANBK,389.0,390.8,384.4,385.0,4464502
2023-11-08 00:00:00,FEDERALBNK,147.8,149.95,146.05,147.05,19887689
2023-11-08 00:00:00,HDFCBANK,1483.95,1493.45,1481.0,1491.55,15699773
2023-11-08 00:00:00,ICICIBANK,948.45,948.45,934.1,935.75,17606074
2023-11-08 00:00:00,IDFCFIRSTB,83.65,84.3,83.35,83.7,21966786
2023-11-08 00:00:00,INDUSINDBK,1493.95,1495.95,1481.25,1488.95,3210977
2023-11-08 00:00:00,KOTAKBANK,1753.0,1760.95,1740.0,1746.25,3642837
2023-11-08 00:00:00,PNB,76.5,76.85,75.5,75.8,28074631
2023-11-08 00:00:00,SBIN,581.9,582.6,579.0,580.3,15434808
2023-11-08 00:00:00,UNIONBANK,105.3,105.4,103.65,103.95,13363461
2023-11-08 00:00:00,YESBANK,16.9,18.3,16.85,17.95,460583338
2023-11-09 00:00:00,AUBANK,678.1,699.8,675.75,690.55,2062461
2023-11-09 00:00:00,AXISBANK,1024.75,1028.85,1016.65,1021.9,4407935
2023-11-09 00:00:00,BANDHANBNK,218.05,218.85,217.0,217.2,2100287
2023-11-09 00:00:00,BANKBARODA,193.3,194.4,192.55,193.0,13121704
2023-11-09 00:00:00,CANBK,386.0,389.2,383.3,384.0,5132798
2023-11-09 00:00:00,FEDERALBNK,147.5,148.9,146.8,147.55,7550625
2023-11-09 00:00:00,HDFCBANK,1486.0,1492.6,1483.5,1485.65,11058370
2023-11-09 00:00:00,ICICIBANK,934.0,942.35,933.0,937.35,9406117
2023-11-09 00:00:00,IDFCFIRSTB,83.85,84.95,83.3,84.65,16190086
2023-11-09 00:00:00,INDUSINDBK,1488.95,1516.3,1484.85,1507.35,3207721
2023-11-09 00:00:00,KOTAKBANK,1745.9,1756.7,1739.1,1744.95,1943711
2023-11-09 00:00:00,PNB,76.0,76.55,75.6,76.0,25406922
2023-11-09 00:00:00,SBIN,581.0,581.85,576.5,578.35,12434363
2023-11-09 00:00:00,UNIONBANK,104.3,104.6,103.1,103.95,10424368
2023-11-09 00:00:00,YESBANK,18.35,18.8,18.0,18.35,524322630
2023-11-10 00:00:00,AUBANK,689.8,700.55,683.4,699.25,1514007
2023-11-10 00:00:00,AXISBANK,1017.9,1031.0,1016.65,1029.2,3294063
2023-11-10 00:00:00,BANDHANBNK,217.2,218.25,214.6,217.75,2769494
2023-11-10 00:00:00,BANKBARODA,192.5,195.25,191.75,194.85,10091704
2023-11-10 00:00:00,CANBK,383.0,388.2,381.0,387.4,3213479
2023-11-10 00:00:00,FEDERALBNK,147.5,150.0,147.3,149.85,8015794
2023-11-10 00:00:00,HDFCBANK,1480.1,1496.0,1480.05,1491.5,7007593
2023-11-10 00:00:00,ICICIBANK,934.9,941.45,932.4,938.6,9560455
2023-11-10 00:00:00,IDFCFIRSTB,84.6,85.55,83.8,85.35,17259640
2023-11-10 00:00:00,INDUSINDBK,1499.95,1509.45,1493.15,1498.8,2247500
2023-11-10 00:00:00,KOTAKBANK,1734.6,1749.25,1734.6,1745.45,1634799
2023-11-10 00:00:00,PNB,75.9,76.4,75.5,76.25,19806827
2023-11-10 00:00:00,SBIN,577.8,581.0,575.4,579.5,6773038
2023-11-10 00:00:00,UNIONBANK,103.7,104.3,102.7,104.0,7759750
2023-11-10 00:00:00,YESBANK,18.35,18.55,18.15,18.3,188889074
2023-11-12 00:00:00,AUBANK,704.95,715.75,703.45,708.0,198373
2023-11-12 00:00:00,AXISBANK,1033.9,1033.9,1026.25,1029.95,461834
2023-11-12 00:00:00,BANDHANBNK,220.0,220.0,218.8,219.1,538619
2023-11-12 00:00:00,BANKBARODA,196.0,196.45,194.55,195.2,1787373
2023-11-12 00:00:00,CANBK,390.4,390.9,387.5,388.3,730703
2023-11-12 00:00:00,FEDERALBNK,150.45,150.45,149.05,149.45,1079888
2023-11-12 00:00:00,HDFCBANK,1500.0,1502.0,1496.15,1500.0,1975463
2023-11-12 00:00:00,ICICIBANK,942.0,943.2,939.6,942.35,1561479
2023-11-12 00:00:00,IDFCFIRSTB,86.7,86.7,86.0,86.2,11859469
2023-11-12 00:00:00,INDUSINDBK,1503.55,1507.9,1495.4,1502.1,145114
2023-11-12 00:00:00,KOTAKBANK,1752.0,1755.9,1747.0,1752.5,200366
2023-11-12 00:00:00,PNB,76.8,76.85,76.3,76.35,4786113
2023-11-12 00:00:00,SBIN,584.75,584.75,580.1,581.3,1947722
2023-11-12 00:00:00,UNIONBANK,104.95,105.4,104.2,104.55,2923273
2023-11-12 00:00:00,YESBANK,18.5,18.6,18.35,18.4,50380572
2023-11-13 00:00:00,AUBANK,713.1,732.4,704.4,729.75,3927946
2023-11-13 00:00:00,AXISBANK,1030.05,1031.85,1023.5,1025.35,5985481
2023-11-13 00:00:00,BANDHANBNK,219.0,219.75,217.25,219.45,4084358
2023-11-13 00:00:00,BANKBARODA,195.2,197.3,193.4,196.7,14626408
2023-11-13 00:00:00,CANBK,388.15,405.65,386.95,404.45,12386692
2023-11-13 00:00:00,FEDERALBNK,149.4,153.55,149.1,152.9,19532510
2023-11-13 00:00:00,HDFCBANK,1492.1,1495.95,1485.9,1488.8,10302957
2023-11-13 00:00:00,ICICIBANK,940.9,940.9,932.0,934.45,11470096
2023-11-13 00:00:00,IDFCFIRSTB,86.25,86.55,85.15,86.35,21991203
2023-11-13 00:00:00,INDUSINDBK,1502.0,1516.0,1496.15,1509.6,2026629
2023-11-13 00:00:00,KOTAKBANK,1751.0,1752.2,1733.5,1748.2,2855277
2023-11-13 00:00:00,PNB,76.3,79.45,76.1,79.1,61511606
2023-11-13 00:00:00,SBIN,581.0,582.5,575.2,581.35,11282362
2023-11-13 00:00:00,UNIONBANK,104.3,112.65,103.9,112.0,55306838
2023-11-13 00:00:00,YESBANK,18.4,19.5,18.15,19.4,493509056
2023-11-15 00:00:00,AUBANK,735.2,740.7,724.05,726.55,2347341
2023-11-15 00:00:00,AXISBANK,1045.0,1045.0,1031.55,1041.35,7240388
2023-11-15 00:00:00,BANDHANBNK,221.5,224.3,220.95,222.1,6063087
2023-11-15 00:00:00,BANKBARODA,198.8,199.35,197.25,197.7,18154099
2023-11-15 00:00:00,CANBK,408.0,411.0,406.15,407.4,6863624
2023-11-15 00:00:00,FEDERALBNK,154.1,155.2,149.85,150.15,22224705
2023-11-15 00:00:00,HDFCBANK,1504.1,1510.95,1500.55,1504.4,20622730
2023-11-15 00:00:00,ICICIBANK,944.4,944.4,938.75,941.1,19492138
2023-11-15 00:00:00,IDFCFIRSTB,87.7,87.7,86.6,86.85,28932220
2023-11-15 00:00:00,INDUSINDBK,1538.5,1538.5,1490.25,1493.95,6293703
2023-11-15 00:00:00,KOTAKBANK,1761.0,1772.3,1750.15,1769.5,3432271
2023-11-15 00:00:00,PNB,80.1,80.8,78.75,78.95,56335226
2023-11-15 00:00:00,SBIN,587.25,588.0,582.6,584.7,11397676
2023-11-15 00:00:00,UNIONBANK,113.5,116.0,111.6,112.6,37833489
2023-11-15 00:00:00,YESBANK,19.65,20.6,19.6,20.35,664202872
2023-11-16 00:00:00,AUBANK,727.8,733.85,719.0,729.6,1478691
2023-11-16 00:00:00,AXISBANK,1042.8,1044.0,1022.15,1026.35,6908825
2023-11-16 00:00:00,BANDHANBNK,221.95,224.5,221.0,222.2,5042753
2023-11-16 00:00:00,BANKBARODA,198.2,200.0,196.95,198.35,13256095
2023-11-16 00:00:00,CANBK,408.0,409.65,404.05,405.95,3499762
2023-11-16 00:00:00,FEDERALBNK,150.1,151.2,149.4,150.2,9606277
2023-11-16 00:00:00,HDFCBANK,1509.7,1519.0,1503.75,1508.35,14856919
2023-11-16 00:00:00,ICICIBANK,939.0,946.2,934.0,936.0,19706373
2023-11-16 00:00:00,IDFCFIRSTB,86.85,88.9,86.8,88.4,23376718
2023-11-16 00:00:00,INDUSINDBK,1500.0,1506.6,1493.0,1498.65,2728834
2023-11-16 00:00:00,KOTAKBANK,1771.0,1783.4,1765.0,1772.85,2079116
2023-11-16 00:00:00,PNB,79.2,80.3,79.1,79.6,36649274
2023-11-16 00:00:00,SBIN,584.7,588.0,582.9,584.65,8622660
2023-11-16 00:00:00,UNIONBANK,112.7,112.75,109.6,110.3,16349925
2023-11-16 00:00:00,YESBANK,20.4,20.6,19.9,20.15,270319207
2023-11-17 00:00:00,AUBANK,719.0,737.5,718.95,730.2,1167320
2023-11-17 00:00:00,AXISBANK,1014.9,1020.0,991.85,994.35,13268353
2023-11-17 00:00:00,BANDHANBNK,219.45,220.75,215.75,217.0,8110801
2023-11-17 00:00:00,BANKBARODA,195.0,198.0,193.75,196.8,16351676
2023-11-17 00:00:00,CANBK,399.0,404.7,395.05,397.8,7797752
2023-11-17 00:00:00,FEDERALBNK,149.0,150.2,147.75,148.1,17556958
2023-11-17 00:00:00,HDFCBANK,1490.0,1507.5,1489.0,1505.1,11850937
2023-11-17 00:00:00,ICICIBANK,926.55,938.4,920.15,921.85,10956653
2023-11-17 00:00:00,IDFCFIRSTB,87.0,87.0,84.7,85.1,51406621
2023-11-17 00:00:00,INDUSINDBK,1490.55,1509.0,1485.55,1498.45,4182376
2023-11-17 00:00:00,KOTAKBANK,1760.0,1784.25,1759.3,1764.6,2710870
2023-11-17 00:00:00,PNB,77.95,78.4,76.25,77.9,52680056
2023-11-17 00:00:00,SBIN,574.5,574.5,562.1,563.05,37173221
2023-11-17 00:00:00,UNIONBANK,109.4,109.4,105.75,108.65,23593164
2023-11-17 00:00:00,YESBANK,20.05,21.15,19.8,20.8,611686157
2023-11-20 00:00:00,AUBANK,732.8,744.4,725.7,734.15,1905411
2023-11-20 00:00:00,AXISBANK,981.0,994.75,980.35,988.7,8215656
2023-11-20 00:00:00,BANDHANBNK,217.45,217.45,213.6,213.95,7344081
2023-11-20 00:00:00,BANKBARODA,197.5,198.7,196.0,197.65,10307666
2023-11-20 00:00:00,CANBK,399.4,404.95,397.1,399.15,4411488
2023-11-20 00:00:00,FEDERALBNK,148.0,148.75,146.75,147.4,9425725
2023-11-20 00:00:00,HDFCBANK,1513.0,1513.0,1501.55,1505.2,9665726
2023-11-20 00:00:00,ICICIBANK,922.0,926.75,917.5,921.45,10562301
2023-11-20 00:00:00,IDFCFIRSTB,85.0,85.5,84.0,84.4,21054336
2023-11-20 00:00:00,INDUSINDBK,1498.9,1509.45,1490.7,1504.8,2125867
2023-11-20 00:00:00,KOTAKBANK,1756.0,1775.95,1750.1,1770.55,1923651
2023-11-20 00:00:00,PNB,78.2,79.5,77.8,78.4,29074574
2023-11-20 00:00:00,SBIN,564.0,566.8,560.6,563.75,12714585
2023-11-20 00:00:00,UNIONBANK,108.65,111.45,108.0,108.3,14988918
2023-11-20 00:00:00,YESBANK,20.9,21.1,20.0,20.15,290789131
2023-11-21 00:00:00,AUBANK,735.0,740.6,717.65,719.8,1022291
2023-11-21 00:00:00,AXISBANK,989.95,997.5,986.65,991.8,7061614
2023-11-21 00:00:00,BANDHANBNK,214.8,215.6,213.25,213.9,5641541
2023-11-21 00:00:00,BANKBARODA,198.0,198.65,194.65,195.75,8970682
2023-11-21 00:00:00,CANBK,400.15,402.85,394.1,397.2,3970392
2023-11-21 00:00:00,FEDERALBNK,147.5,148.2,146.5,146.7,7748972
2023-11-21 00:00:00,HDFCBANK,1519.0,1522.0,1512.1,1517.95,12479986
2023-11-21 00:00:00,ICICIBANK,924.4,928.05,922.0,926.1,8989572
2023-11-21 00:00:00,IDFCFIRSTB,84.8,85.1,84.4,84.6,13720052
2023-11-21 00:00:00,INDUSINDBK,1505.5,1507.45,1494.1,1502.05,1661103
2023-11-21 00:00:00,KOTAKBANK,1778.95,1778.95,1760.65,1767.2,2705765
2023-11-21 00:00:00,PNB,78.8,79.35,77.5,78.05,23914987
2023-11-21 00:00:00,SBIN,566.0,566.65,561.0,561.5,14280013
2023-11-21 00:00:00,UNIONBANK,110.0,110.35,107.9,109.5,11767774
2023-11-21 00:00:00,YESBANK,20.3,20.45,19.6,19.7,206049431
2023-11-22 00:00:00,AUBANK,720.0,723.4,710.1,717.1,1502045
2023-11-22 00:00:00,AXISBANK,991.0,999.9,988.0,998.1,6103988
2023-11-22 00:00:00,BANDHANBNK,215.0,215.85,211.4,212.2,8961184
2023-11-22 00:00:00,BANKBARODA,196.45,196.8,192.8,194.65,15231149
2023-11-22 00:00:00,CANBK,397.95,401.2,391.8,394.65,3138570
2023-11-22 00:00:00,FEDERALBNK,146.95,147.2,145.2,145.45,7738354
2023-11-22 00:00:00,HDFCBANK,1520.0,1520.0,1503.55,1512.55,14561825
2023-11-22 00:00:00,ICICIBANK,923.25,925.2,914.75,922.75,12197979
2023-11-22 00:00:00,IDFCFIRSTB,84.55,84.65,82.7,83.2,25696794
2023-11-22 00:00:00,INDUSINDBK,1500.0,1505.5,1458.95,1470.4,3914008
2023-11-22 00:00:00,KOTAKBANK,1758.0,1763.0,1737.5,1745.65,4513732
2023-11-22 00:00:00,PNB,78.0,78.3,76.0,76.35,35533376
2023-11-22 00:00:00,SBIN,562.95,564.5,555.15,558.95,14909071
2023-11-22 00:00:00,UNIONBANK,109.5,109.7,105.8,106.65,12094255
2023-11-22 00:00:00,YESBANK,19.7,19.85,19.05,19.2,195379978
2023-11-23 00:00:00,AUBANK,721.9,725.5,717.5,719.3,1613045
2023-11-23 00:00:00,AXISBANK,999.0,1003.4,995.4,999.05,3112891
2023-11-23 00:00:00,BANDHANBNK,213.0,213.65,212.0,212.4,3241986
2023-11-23 00:00:00,BANKBARODA,195.1,196.6,193.95,194.35,5846991
2023-11-23 00:00:00,CANBK,395.8,397.25,392.6,393.25,2596514
2023-11-23 00:00:00,FEDERALBNK,145.45,147.35,145.1,147.15,5139738
2023-11-23 00:00:00,HDFCBANK,1508.5,1523.85,1508.5,1521.3,6523110
2023-11-23 00:00:00,ICICIBANK,923.0,925.35,918.5,923.0,5534614
2023-11-23 00:00:00,IDFCFIRSTB,83.25,84.55,83.25,84.15,12576455
2023-11-23 00:00:00,INDUSINDBK,1475.0,1496.25,1470.45,1486.1,3832098
2023-11-23 00:00:00,KOTAKBANK,1740.05,1748.8,1737.0,1739.3,2836289
2023-11-23 00:00:00,PNB,76.75,77.15,76.3,76.55,15646955
2023-11-23 00:00:00,SBIN,561.75,563.5,558.3,559.95,6376210
2023-11-23 00:00:00,UNIONBANK,106.9,107.3,105.5,106.1,9202339
2023-11-23 00:00:00,YESBANK,19.3,20.3,19.25,20.15,262350330
2023-11-24 00:00:00,AUBANK,720.0,726.1,711.55,722.2,1619706
2023-11-24 00:00:00,AXISBANK,1002.0,1010.75,999.7,1008.5,6956281
2023-11-24 00:00:00,BANDHANBNK,213.0,214.95,212.0,212.35,14344145
2023-11-24 00:00:00,BANKBARODA,194.5,195.5,192.75,193.1,5469063
2023-11-24 00:00:00,CANBK,394.4,395.8,389.0,389.8,2615380
2023-11-24 00:00:00,FEDERALBNK,147.55,148.05,146.35,147.4,6129389
2023-11-24 00:00:00,HDFCBANK,1521.2,1533.15,1519.85,1532.1,8234596
2023-11-24 00:00:00,ICICIBANK,921.5,930.4,920.2,929.4,7452002
2023-11-24 00:00:00,IDFCFIRSTB,84.25,85.35,84.0,84.3,17622717
2023-11-24 00:00:00,INDUSINDBK,1491.45,1491.9,1474.0,1476.2,2813844
2023-11-24 00:00:00,KOTAKBANK,1739.5,1749.5,1733.7,1744.0,2561979
2023-11-24 00:00:00,PNB,76.75,76.95,75.75,75.95,17112957
2023-11-24 00:00:00,SBIN,561.95,562.45,559.25,560.35,6529851
2023-11-24 00:00:00,UNIONBANK,107.0,108.65,106.5,106.95,10524311
2023-11-24 00:00:00,YESBANK,20.3,20.4,19.6,19.8,168959338
2023-11-28 00:00:00,AUBANK,724.55,742.7,718.2,737.15,1521215
2023-11-28 00:00:00,AXISBANK,1013.05,1021.95,1009.25,1021.15,6173384
2023-11-28 00:00:00,BANDHANBNK,214.4,218.5,212.8,216.85,10154652
2023-11-28 00:00:00,BANKBARODA,193.05,198.6,192.75,196.55,12382178
2023-11-28 00:00:00,CANBK,390.0,399.5,390.0,396.1,4626113
2023-11-28 00:00:00,FEDERALBNK,147.5,150.55,146.7,149.95,7168750
2023-11-28 00:00:00,HDFCBANK,1535.2,1537.25,1525.8,1528.65,14244669
2023-11-28 00:00:00,ICICIBANK,928.9,931.05,921.7,925.5,14231987
2023-11-28 00:00:00,IDFCFIRSTB,84.3,85.55,84.15,85.25,25597715
2023-11-28 00:00:00,INDUSINDBK,1480.0,1486.8,1468.0,1477.55,4305915
2023-11-28 00:00:00,KOTAKBANK,1745.0,1748.0,1738.0,1742.25,3349292
2023-11-28 00:00:00,PNB,75.95,79.6,75.6,78.55,43966316
2023-11-28 00:00:00,SBIN,563.6,565.2,561.1,564.45,8153314
2023-11-28 00:00:00,UNIONBANK,107.45,109.9,106.6,108.2,14394577
2023-11-28 00:00:00,YESBANK,19.85,20.0,19.4,19.75,279844132
2023-11-29 00:00:00,AUBANK,737.8,750.95,735.05,748.25,2345052
2023-11-29 00:00:00,AXISBANK,1027.15,1063.5,1021.15,1060.15,9422396
2023-11-29 00:00:00,BANDHANBNK,217.8,223.25,216.75,222.35,17186266
2023-11-29 00:00:00,BANKBARODA,197.25,198.35,196.5,197.4,7617440
2023-11-29 00:00:00,CANBK,398.85,404.7,397.1,402.75,5498966
2023-11-29 00:00:00,FEDERALBNK,150.35,150.5,149.15,150.25,7318824
2023-11-29 00:00:00,HDFCBANK,1533.9,1563.0,1533.0,1559.15,17021244
2023-11-29 00:00:00,ICICIBANK,930.9,941.1,926.0,939.6,11680078
2023-11-29 00:00:00,IDFCFIRSTB,85.75,86.0,84.45,84.9,24093734
2023-11-29 00:00:00,INDUSINDBK,1484.0,1489.55,1471.25,1483.55,3477076
2023-11-29 00:00:00,KOTAKBANK,1748.5,1759.25,1740.2,1753.45,3473140
2023-11-29 00:00:00,PNB,78.95,79.3,78.05,79.15,38404432
2023-11-29 00:00:00,SBIN,568.0,569.0,565.1,568.6,10299034
2023-11-29 00:00:00,UNIONBANK,109.1,111.9,109.1,110.3,23355610
2023-11-29 00:00:00,YESBANK,19.85,20.45,19.8,19.85,204911091
2023-11-30 00:00:00,AUBANK,751.0,754.9,738.05,741.4,2292859
2023-11-30 00:00:00,AXISBANK,1062.7,1080.9,1055.45,1074.25,24755589
2023-11-30 00:00:00,BANDHANBNK,223.5,230.4,223.0,226.1,21581773
2023-11-30 00:00:00,BANKBARODA,197.85,201.8,196.35,197.1,21558187
2023-11-30 00:00:00,CANBK,402.0,406.4,400.2,403.05,7898329
2023-11-30 00:00:00,FEDERALBNK,150.4,151.0,146.7,147.35,18371642
2023-11-30 00:00:00,HDFCBANK,1569.15,1572.45,1542.15,1558.8,34745720
2023-11-30 00:00:00,ICICIBANK,938.95,940.85,928.2,934.95,23950292
2023-11-30 00:00:00,IDFCFIRSTB,84.7,86.0,84.1,85.2,66683981
2023-11-30 00:00:00,INDUSINDBK,1500.0,1500.0,1450.05,1466.1,45549217
2023-11-30 00:00:00,KOTAKBANK,1756.45,1766.0,1745.95,1755.45,6254947
2023-11-30 00:00:00,PNB,79.15,79.85,77.25,77.6,57665048
2023-11-30 00:00:00,SBIN,569.75,570.2,563.65,564.75,19758998
2023-11-30 00:00:00,UNIONBANK,110.05,110.2,107.45,107.85,16707894
2023-11-30 00:00:00,YESBANK,19.85,19.9,19.2,19.35,259007784
2023-12-01 00:00:00,AUBANK,745.0,751.4,740.05,742.45,1178096
2023-12-01 00:00:00,AXISBANK,1075.4,1109.0,1070.2,1104.65,14428758
2023-12-01 00:00:00,BANDHANBNK,228.1,229.9,225.55,226.25,6673816
2023-12-01 00:00:00,BANKBARODA,198.5,203.85,198.35,201.85,21923402
2023-12-01 00:00:00,CANBK,405.5,419.05,405.0,410.3,9940229
2023-12-01 00:00:00,FEDERALBNK,148.75,150.3,148.0,148.75,12179761
2023-12-01 00:00:00,HDFCBANK,1557.9,1565.75,1552.1,1555.4,11076768
2023-12-01 00:00:00,ICICIBANK,935.95,952.0,933.0,946.7,16986046
2023-12-01 00:00:00,IDFCFIRSTB,85.8,86.4,85.4,86.1,18842360
2023-12-01 00:00:00,INDUSINDBK,1479.0,1493.0,1458.15,1461.05,4063279
2023-12-01 00:00:00,KOTAKBANK,1760.0,1766.0,1748.25,1750.5,2002378
2023-12-01 00:00:00,PNB,78.1,81.5,78.05,80.7,84958693
2023-12-01 00:00:00,SBIN,567.0,574.2,566.55,571.75,10614230
2023-12-01 00:00:00,UNIONBANK,108.5,110.7,107.65,108.8,20204953
2023-12-01 00:00:00,YESBANK,19.45,19.65,19.2,19.3,123823351
2023-12-04 00:00:00,AUBANK,755.0,756.8,742.85,753.75,2867230
2023-12-04 00:00:00,AXISBANK,1120.5,1129.0,1099.1,1125.6,14043213
2023-12-04 00:00:00,BANDHANBNK,230.5,234.85,229.25,234.3,14109397
2023-12-04 00:00:00,BANKBARODA,205.15,210.0,205.15,209.05,35929143
2023-12-04 00:00:00,CANBK,419.5,429.0,418.55,426.95,11068052
2023-12-04 00:00:00,FEDERALBNK,152.6,155.2,150.25,154.05,21781254
2023-12-04 00:00:00,HDFCBANK,1588.0,1612.0,1573.65,1609.4,25331228
2023-12-04 00:00:00,ICICIBANK,963.7,994.85,961.4,991.2,33131257
2023-12-04 00:00:00,IDFCFIRSTB,87.2,87.85,86.3,86.95,30745088
2023-12-04 00:00:00,INDUSINDBK,1490.0,1517.55,1473.45,1514.65,4254987
2023-12-04 00:00:00,KOTAKBANK,1770.0,1825.95,1752.65,1818.55,4579173
2023-12-04 00:00:00,PNB,83.15,84.6,82.3,83.75,98320541
2023-12-04 00:00:00,SBIN,588.0,596.0,584.55,594.7,26077882
2023-12-04 00:00:00,UNIONBANK,112.25,114.9,112.05,114.2,44134018
2023-12-04 00:00:00,YESBANK,19.65,19.75,19.3,19.55,130093389
2023-12-05 00:00:00,AUBANK,756.0,767.0,744.2,760.95,2286148
2023-12-05 00:00:00,AXISBANK,1136.8,1151.85,1127.15,1132.45,15804808
2023-12-05 00:00:00,BANDHANBNK,235.1,240.0,230.7,238.95,15470405
2023-12-05 00:00:00,BANKBARODA,209.55,214.7,209.1,210.85,24365491
2023-12-05 00:00:00,CANBK,427.95,437.4,425.85,434.55,9696939
2023-12-05 00:00:00,FEDERALBNK,156.0,159.0,154.45,156.55,18640322
2023-12-05 00:00:00,HDFCBANK,1636.5,1639.0,1616.5,1623.7,26115410
2023-12-05 00:00:00,ICICIBANK,1002.5,1015.75,995.05,1013.45,31378461
2023-12-05 00:00:00,IDFCFIRSTB,87.25,90.65,86.8,89.25,62063982
2023-12-05 00:00:00,INDUSINDBK,1519.8,1525.5,1486.5,1506.6,3457904
2023-12-05 00:00:00,KOTAKBANK,1828.0,1837.0,1808.5,1828.45,5571472
2023-12-05 00:00:00,PNB,84.2,85.8,83.5,85.0,84479543
2023-12-05 00:00:00,SBIN,595.05,611.3,595.05,608.25,36430152
2023-12-05 00:00:00,UNIONBANK,114.8,117.9,114.0,114.6,33498381
2023-12-05 00:00:00,YESBANK,19.55,19.85,19.35,19.6,152090824
2023-12-06 00:00:00,AUBANK,764.95,764.95,743.25,747.5,2383186
2023-12-06 00:00:00,AXISBANK,1135.1,1145.7,1117.95,1120.5,7342767
2023-12-06 00:00:00,BANDHANBNK,240.0,240.9,234.75,237.45,9831509
2023-12-06 00:00:00,BANKBARODA,211.0,211.6,208.0,209.55,22088409
2023-12-06 00:00:00,CANBK,434.55,441.3,428.7,437.45,7841840
2023-12-06 00:00:00,FEDERALBNK,157.9,157.95,154.75,155.15,11309743
2023-12-06 00:00:00,HDFCBANK,1638.45,1638.45,1616.65,1627.8,19306530
2023-12-06 00:00:00,ICICIBANK,1014.0,1016.25,1000.25,1003.25,18786590
2023-12-06 00:00:00,IDFCFIRSTB,90.1,91.05,89.85,90.4,48720271
2023-12-06 00:00:00,INDUSINDBK,1517.0,1521.35,1493.35,1501.6,3405245
2023-12-06 00:00:00,KOTAKBANK,1832.05,1839.35,1813.15,1821.4,4695880
2023-12-06 00:00:00,PNB,85.5,86.5,84.85,85.45,74935960
2023-12-06 00:00:00,SBIN,614.0,614.0,604.55,608.45,21439069
2023-12-06 00:00:00,UNIONBANK,115.8,118.5,112.45,117.2,36097019
2023-12-06 00:00:00,YESBANK,19.7,19.85,19.4,19.75,169448494
2023-12-07 00:00:00,AUBANK,750.0,752.0,739.35,751.0,678386
2023-12-07 00:00:00,AXISBANK,1119.25,1129.6,1108.5,1117.85,6439419
2023-12-07 00:00:00,BANDHANBNK,237.45,238.85,234.65,238.15,4458183
2023-12-07 00:00:00,BANKBARODA,208.5,213.25,208.05,211.15,14842658
2023-12-07 00:00:00,CANBK,436.45,439.15,429.85,435.6,5740979
2023-12-07 00:00:00,FEDERALBNK,155.85,155.9,153.45,154.65,7807482
2023-12-07 00:00:00,HDFCBANK,1625.0,1634.0,1616.2,1630.45,10225193
2023-12-07 00:00:00,ICICIBANK,996.35,1002.2,988.15,999.0,11841945
2023-12-07 00:00:00,IDFCFIRSTB,87.4,88.6,86.6,87.7,84289782
2023-12-07 00:00:00,INDUSINDBK,1505.0,1514.95,1496.05,1504.75,1931490
2023-12-07 00:00:00,KOTAKBANK,1825.0,1836.85,1813.4,1826.85,2500642
2023-12-07 00:00:00,PNB,85.85,87.2,84.5,86.8,52407229
2023-12-07 00:00:00,SBIN,610.0,612.55,605.0,611.7,10725706
2023-12-07 00:00:00,UNIONBANK,117.55,118.0,114.9,116.6,22636562
2023-12-07 00:00:00,YESBANK,19.75,20.45,19.5,20.05,300341296
2023-12-08 00:00:00,AUBANK,752.25,753.7,734.25,740.5,1267997
2023-12-08 00:00:00,AXISBANK,1115.85,1134.35,1111.5,1131.2,7300989
2023-12-08 00:00:00,BANDHANBNK,240.0,240.0,233.75,237.05,6753600
2023-12-08 00:00:00,BANKBARODA,211.0,215.7,208.5,212.0,29505509
2023-12-08 00:00:00,CANBK,436.6,441.0,430.25,438.55,8015793
2023-12-08 00:00:00,FEDERALBNK,155.0,155.7,153.25,154.5,6969212
2023-12-08 00:00:00,HDFCBANK,1630.45,1655.0,1630.45,1653.2,16864019
2023-12-08 00:00:00,ICICIBANK,994.5,1012.85,993.25,1010.85,16116363
2023-12-08 00:00:00,IDFCFIRSTB,88.2,89.5,86.0,88.05,45995020
2023-12-08 00:00:00,INDUSINDBK,1510.0,1520.95,1494.05,1508.95,2568088
2023-12-08 00:00:00,KOTAKBANK,1826.85,1843.0,1820.7,1838.45,2985466
2023-12-08 00:00:00,PNB,87.15,88.1,84.6,86.55,64205639
2023-12-08 00:00:00,SBIN,610.0,616.8,605.35,614.15,17722136
2023-12-08 00:00:00,UNIONBANK,116.8,117.7,115.3,117.15,17952489
2023-12-08 00:00:00,YESBANK,20.2,20.45,19.75,19.9,158754847
2023-12-11 00:00:00,AUBANK,744.45,746.0,735.75,739.75,1733049
2023-12-11 00:00:00,AXISBANK,1129.0,1139.4,1113.85,1116.5,6924589
2023-12-11 00:00:00,BANDHANBNK,237.75,243.45,237.0,237.95,10984327
2023-12-11 00:00:00,BANKBARODA,213.0,217.25,212.9,215.2,16170438
2023-12-11 00:00:00,CANBK,440.0,449.5,438.35,446.7,7034375
2023-12-11 00:00:00,FEDERALBNK,154.6,157.2,153.6,154.15,10074791
2023-12-11 00:00:00,HDFCBANK,1650.05,1663.7,1647.0,1651.0,11593810
2023-12-11 00:00:00,ICICIBANK,1007.1,1020.0,1004.65,1017.1,11714606
2023-12-11 00:00:00,IDFCFIRSTB,88.5,88.6,87.15,87.35,37213779
2023-12-11 00:00:00,INDUSINDBK,1512.8,1537.95,1510.0,1521.85,2194782
2023-12-11 00:00:00,KOTAKBANK,1845.0,1861.65,1840.3,1844.05,3205833
2023-12-11 00:00:00,PNB,86.6,89.35,86.55,88.45,58983764
2023-12-11 00:00:00,SBIN,615.0,619.9,613.1,614.25,11706255
2023-12-11 00:00:00,UNIONBANK,117.75,120.85,117.5,120.2,24053871
2023-12-11 00:00:00,YESBANK,20.0,20.75,19.95,20.25,267650645
2023-12-12 00:00:00,AUBANK,742.9,748.95,739.45,741.4,1195849
2023-12-12 00:00:00,AXISBANK,1120.0,1133.9,1109.0,1131.0,9044111
2023-12-12 00:00:00,BANDHANBNK,237.9,244.55,235.5,236.65,15231524
2023-12-12 00:00:00,BANKBARODA,216.15,217.15,214.05,216.1,18271153
2023-12-12 00:00:00,CANBK,448.4,449.55,442.2,444.55,5113481
2023-12-12 00:00:00,FEDERALBNK,154.75,155.2,152.0,152.55,8884252
2023-12-12 00:00:00,HDFCBANK,1654.2,1656.25,1631.85,1634.6,18290738
2023-12-12 00:00:00,ICICIBANK,1017.1,1021.0,1008.6,1015.7,12380856
2023-12-12 00:00:00,IDFCFIRSTB,87.65,87.95,86.5,86.85,28399787
2023-12-12 00:00:00,INDUSINDBK,1528.9,1528.9,1489.95,1497.0,1621785
2023-12-12 00:00:00,KOTAKBANK,1848.0,1853.0,1819.05,1824.35,3814962
2023-12-12 00:00:00,PNB,89.0,89.85,87.75,88.15,50356234
2023-12-12 00:00:00,SBIN,617.0,617.95,610.8,612.4,14494836
2023-12-12 00:00:00,UNIONBANK,121.0,124.8,120.9,122.6,33413850
2023-12-12 00:00:00,YESBANK,20.5,21.85,20.5,21.3,781360562
2023-12-13 00:00:00,AUBANK,742.0,742.05,729.0,735.5,2369489
2023-12-13 00:00:00,AXISBANK,1150.0,1151.0,1111.45,1114.85,8184523
2023-12-13 00:00:00,BANDHANBNK,237.8,241.75,235.5,239.95,13736774
2023-12-13 00:00:00,BANKBARODA,216.6,222.65,214.65,221.05,34720253
2023-12-13 00:00:00,CANBK,446.0,452.7,444.5,449.25,6602455
2023-12-13 00:00:00,FEDERALBNK,152.8,153.3,151.7,152.35,10328622
2023-12-13 00:00:00,HDFCBANK,1632.45,1636.0,1615.1,1630.9,14673457
2023-12-13 00:00:00,ICICIBANK,1014.8,1020.7,1009.2,1013.9,15887040
2023-12-13 00:00:00,IDFCFIRSTB,87.25,87.75,86.6,87.5,37528795
2023-12-13 00:00:00,INDUSINDBK,1502.0,1512.65,1495.0,1506.9,2562565
2023-12-13 00:00:00,KOTAKBANK,1824.0,1835.75,1813.1,1826.2,3251332
2023-12-13 00:00:00,PNB,88.6,89.2,87.95,88.75,45083954
2023-12-13 00:00:00,SBIN,614.45,620.5,611.65,619.85,13977914
2023-12-13 00:00:00,UNIONBANK,123.0,123.3,119.4,121.8,21772175
2023-12-13 00:00:00,YESBANK,21.55,21.7,20.9,21.2,342846077
2023-12-14 00:00:00,AUBANK,740.5,761.0,737.0,760.0,1669614
2023-12-14 00:00:00,AXISBANK,1132.4,1138.6,1117.9,1120.45,9421193
2023-12-14 00:00:00,BANDHANBNK,243.0,245.4,241.25,243.05,14242089
2023-12-14 00:00:00,BANKBARODA,224.0,224.4,219.6,220.1,18247186
2023-12-14 00:00:00,CANBK,453.5,454.7,447.0,448.2,4360785
2023-12-14 00:00:00,FEDERALBNK,154.6,154.65,152.4,152.65,11126495
2023-12-14 00:00:00,HDFCBANK,1646.0,1658.95,1645.0,1650.15,17586183
2023-12-14 00:00:00,ICICIBANK,1022.25,1040.0,1021.25,1033.65,16317672
2023-12-14 00:00:00,IDFCFIRSTB,88.15,88.9,87.9,88.15,33461449
2023-12-14 00:00:00,INDUSINDBK,1523.0,1554.5,1515.6,1551.7,3427500
2023-12-14 00:00:00,KOTAKBANK,1844.0,1865.45,1832.45,1853.85,4878863
2023-12-14 00:00:00,PNB,89.75,90.7,89.25,89.9,46901038
2023-12-14 00:00:00,SBIN,626.0,627.75,622.4,623.65,15813797
2023-12-14 00:00:00,UNIONBANK,123.8,124.55,121.85,123.65,15736169
2023-12-14 00:00:00,YESBANK,21.5,22.1,21.3,21.4,339666217
2023-12-15 00:00:00,AUBANK,760.0,769.45,750.1,758.3,2252891
2023-12-15 00:00:00,AXISBANK,1119.2,1127.85,1108.6,1120.35,12048410
2023-12-15 00:00:00,BANDHANBNK,244.5,255.7,244.5,253.8,30516702
2023-12-15 00:00:00,BANKBARODA,221.9,226.4,218.65,224.7,23378701
2023-12-15 00:00:00,CANBK,451.0,452.85,441.1,449.15,11049526
2023-12-15 00:00:00,FEDERALBNK,153.5,158.05,153.1,157.05,14415539
2023-12-15 00:00:00,HDFCBANK,1650.0,1668.0,1646.6,1656.55,69418565
2023-12-15 00:00:00,ICICIBANK,1043.65,1043.7,1025.7,1037.4,14306067
2023-12-15 00:00:00,IDFCFIRSTB,88.8,90.25,88.4,90.0,52976414
2023-12-15 00:00:00,INDUSINDBK,1552.95,1578.0,1547.05,1570.8,3478643
2023-12-15 00:00:00,KOTAKBANK,1865.0,1865.0,1842.75,1850.6,3877197
2023-12-15 00:00:00,PNB,92.0,92.0,89.6,91.25,57382725
2023-12-15 00:00:00,SBIN,628.0,650.0,619.85,648.25,29813572
2023-12-15 00:00:00,UNIONBANK,124.0,129.4,122.7,128.3,39463828
2023-12-15 00:00:00,YESBANK,21.95,22.1,21.4,21.95,337939556
2023-12-18 00:00:00,AUBANK,758.25,758.25,743.0,748.65,1843431
2023-12-18 00:00:00,AXISBANK,1119.7,1120.0,1107.2,1111.35,7922468
2023-12-18 00:00:00,BANDHANBNK,252.55,256.1,250.0,253.5,9794116
2023-12-18 00:00:00,BANKBARODA,224.45,227.55,222.9,224.3,12657351
2023-12-18 00:00:00,CANBK,449.2,450.95,440.75,441.8,6302607
2023-12-18 00:00:00,FEDERALBNK,157.1,157.7,154.7,156.55,14540270
2023-12-18 00:00:00,HDFCBANK,1660.7,1664.7,1650.95,1655.7,9007377
2023-12-18 00:00:00,ICICIBANK,1029.95,1029.95,1018.0,1021.45,8592711
2023-12-18 00:00:00,IDFCFIRSTB,90.45,90.7,89.55,89.75,35567264
2023-12-18 00:00:00,INDUSINDBK,1570.0,1570.0,1552.0,1556.35,1352458
2023-12-18 00:00:00,KOTAKBANK,1845.2,1855.9,1840.0,1846.95,3758730
2023-12-18 00:00:00,PNB,91.2,92.2,90.4,91.35,35997452
2023-12-18 00:00:00,SBIN,646.65,655.65,642.4,648.5,16221796
2023-12-18 00:00:00,UNIONBANK,127.9,127.9,122.6,123.1,32148228
2023-12-18 00:00:00,YESBANK,22.0,23.0,21.65,22.8,542808852
2023-12-19 00:00:00,AUBANK,749.55,751.6,730.05,731.3,1743062
2023-12-19 00:00:00,AXISBANK,1123.8,1126.85,1114.2,1120.25,6824641
2023-12-19 00:00:00,BANDHANBNK,253.5,253.7,246.0,248.55,8254143
2023-12-19 00:00:00,BANKBARODA,225.2,228.5,221.55,226.1,17582770
2023-12-19 00:00:00,CANBK,443.95,449.9,439.3,445.95,6952918
2023-12-19 00:00:00,FEDERALBNK,156.6,159.0,156.15,157.4,12245375
2023-12-19 00:00:00,HDFCBANK,1650.0,1658.65,1644.05,1652.9,12004223
2023-12-19 00:00:00,ICICIBANK,1025.5,1025.5,1012.6,1015.45,10094256
2023-12-19 00:00:00,IDFCFIRSTB,90.7,92.45,90.0,90.15,52605951
2023-12-19 00:00:00,INDUSINDBK,1556.35,1586.05,1542.2,1566.55,2297704
2023-12-19 00:00:00,KOTAKBANK,1849.85,1854.85,1835.7,1846.55,3088923
2023-12-19 00:00:00,PNB,91.45,92.4,90.05,91.4,43084144
2023-12-19 00:00:00,SBIN,648.5,659.6,640.25,655.4,19964008
2023-12-19 00:00:00,UNIONBANK,123.9,124.4,120.85,122.25,18919618
2023-12-19 00:00:00,YESBANK,22.9,23.05,22.05,22.15,310394626
2023-12-20 00:00:00,AUBANK,737.4,772.15,734.9,760.05,5717729
2023-12-20 00:00:00,AXISBANK,1122.0,1123.85,1102.7,1110.25,9848057
2023-12-20 00:00:00,BANDHANBNK,250.05,250.95,237.45,239.3,10860270
2023-12-20 00:00:00,BANKBARODA,227.45,229.5,217.15,219.3,24608319
2023-12-20 00:00:00,CANBK,448.45,450.3,424.0,425.95,7808602
2023-12-20 00:00:00,FEDERALBNK,157.65,159.3,152.2,153.2,13005090
2023-12-20 00:00:00,HDFCBANK,1658.0,1668.95,1644.45,1657.0,17116260
2023-12-20 00:00:00,ICICIBANK,1022.0,1022.0,1002.0,1006.65,16490281
2023-12-20 00:00:00,IDFCFIRSTB,90.8,91.2,86.8,87.35,39758788
2023-12-20 00:00:00,INDUSINDBK,1578.0,1581.0,1549.5,1556.15,3218717
2023-12-20 00:00:00,KOTAKBANK,1852.15,1864.0,1815.3,1826.5,3968562
2023-12-20 00:00:00,PNB,91.95,92.2,86.2,86.85,75353864
2023-12-20 00:00:00,SBIN,658.7,660.4,633.95,636.45,22542056
2023-12-20 00:00:00,UNIONBANK,122.95,124.2,115.85,116.45,24393889
2023-12-20 00:00:00,YESBANK,22.35,22.45,20.25,20.5,397366094
2023-12-21 00:00:00,AUBANK,750.0,773.0,743.5,771.3,2313825
2023-12-21 00:00:00,AXISBANK,1103.9,1103.9,1077.2,1095.4,10914682
2023-12-21 00:00:00,BANDHANBNK,237.45,241.0,232.95,238.25,13978534
2023-12-21 00:00:00,BANKBARODA,217.0,225.9,215.1,224.85,16908481
2023-12-21 00:00:00,CANBK,423.0,432.95,413.45,431.95,7752149
2023-12-21 00:00:00,FEDERALBNK,151.3,154.5,149.35,153.95,13604825
2023-12-21 00:00:00,HDFCBANK,1657.0,1689.75,1650.25,1686.7,18294620
2023-12-21 00:00:00,ICICIBANK,996.55,1010.9,989.2,1004.4,18064916
2023-12-21 00:00:00,IDFCFIRSTB,86.1,88.55,85.95,88.35,30384392
2023-12-21 00:00:00,INDUSINDBK,1542.1,1574.0,1527.55,1570.0,2400593
2023-12-21 00:00:00,KOTAKBANK,1821.0,1857.45,1805.0,1852.7,2403840
2023-12-21 00:00:00,PNB,86.05,90.15,84.75,89.85,58814452
2023-12-21 00:00:00,SBIN,632.15,648.95,627.5,643.75,19915516
2023-12-21 00:00:00,UNIONBANK,115.05,119.15,112.6,118.55,16148701
2023-12-21 00:00:00,YESBANK,20.15,21.25,19.95,21.15,318567154
2023-12-22 00:00:00,AUBANK,774.0,785.8,758.0,765.45,2822166
2023-12-22 00:00:00,AXISBANK,1095.4,1106.3,1085.8,1088.3,10600025
2023-12-22 00:00:00,BANDHANBNK,238.5,242.3,234.1,234.8,10132889
2023-12-22 00:00:00,BANKBARODA,225.0,226.75,221.4,223.6,11469899
2023-12-22 00:00:00,CANBK,435.0,435.45,423.1,426.05,5469650
2023-12-22 00:00:00,FEDERALBNK,154.8,156.5,153.25,154.0,10356668
2023-12-22 00:00:00,HDFCBANK,1683.6,1685.9,1667.1,1670.85,24289425
2023-12-22 00:00:00,ICICIBANK,1002.95,1009.55,991.6,994.3,20881976
2023-12-22 00:00:00,IDFCFIRSTB,88.6,89.45,88.0,88.45,22160259
2023-12-22 00:00:00,INDUSINDBK,1574.3,1591.1,1557.9,1562.35,2214206
2023-12-22 00:00:00,KOTAKBANK,1854.7,1879.65,1851.0,1860.5,3309295
2023-12-22 00:00:00,PNB,90.45,90.45,88.3,89.25,32589619
2023-12-22 00:00:00,SBIN,644.75,649.4,635.15,636.75,14998068
2023-12-22 00:00:00,UNIONBANK,119.25,120.0,116.9,118.25,11610568
2023-12-22 00:00:00,YESBANK,21.25,21.45,20.8,21.05,279614591
2023-12-26 00:00:00,AUBANK,768.6,772.3,762.2,769.55,847143
2023-12-26 00:00:00,AXISBANK,1091.2,1100.65,1086.7,1094.25,5687517
2023-12-26 00:00:00,BANDHANBNK,236.0,237.15,233.1,234.95,6304183
2023-12-26 00:00:00,BANKBARODA,222.9,226.65,222.9,225.35,9215256
2023-12-26 00:00:00,CANBK,428.0,430.6,424.6,425.4,3498287
2023-12-26 00:00:00,FEDERALBNK,154.05,155.4,153.25,153.95,5809256
2023-12-26 00:00:00,HDFCBANK,1673.25,1685.95,1668.55,1682.45,9022928
2023-12-26 00:00:00,ICICIBANK,994.9,997.5,989.9,995.1,14339699
2023-12-26 00:00:00,IDFCFIRSTB,88.7,89.0,88.0,88.5,15950825
2023-12-26 00:00:00,INDUSINDBK,1562.95,1582.75,1557.0,1570.8,1129332
2023-12-26 00:00:00,KOTAKBANK,1867.0,1899.0,1857.15,1886.85,4350669
2023-12-26 00:00:00,PNB,90.0,90.25,88.25,88.5,35937581
2023-12-26 00:00:00,SBIN,638.85,641.3,635.65,638.05,10153089
2023-12-26 00:00:00,UNIONBANK,118.9,118.9,116.7,117.15,7968782
2023-12-26 00:00:00,YESBANK,21.15,21.35,20.85,20.95,156456958
2023-12-27 00:00:00,AUBANK,774.9,780.0,768.0,774.6,1065904
2023-12-27 00:00:00,AXISBANK,1096.05,1110.55,1089.65,1106.35,6132936
2023-12-27 00:00:00,BANDHANBNK,235.85,240.7,235.85,238.0,8058617
2023-12-27 00:00:00,BANKBARODA,226.0,233.75,225.15,232.0,27861855
2023-12-27 00:00:00,CANBK,426.9,435.25,426.5,432.5,5269888
2023-12-27 00:00:00,FEDERALBNK,154.1,155.15,152.75,154.0,8811491
2023-12-27 00:00:00,HDFCBANK,1681.5,1706.5,1678.6,1703.3,13504539
2023-12-27 00:00:00,ICICIBANK,997.95,1004.9,992.0,1002.25,12996468
2023-12-27 00:00:00,IDFCFIRSTB,88.6,89.6,88.55,88.85,24746656
2023-12-27 00:00:00,INDUSINDBK,1573.15,1600.0,1567.3,1597.45,1887827
2023-12-27 00:00:00,KOTAKBANK,1894.0,1910.0,1883.15,1902.35,3407243
2023-12-27 00:00:00,PNB,89.15,92.15,89.05,91.8,62043155
2023-12-27 00:00:00,SBIN,640.75,649.45,639.0,648.55,14417646
2023-12-27 00:00:00,UNIONBANK,117.8,120.15,117.3,119.05,12995015
2023-12-27 00:00:00,YESBANK,21.1,21.25,20.85,20.95,115159241
2023-12-28 00:00:00,AUBANK,779.0,798.85,768.05,788.65,3280996
2023-12-28 00:00:00,AXISBANK,1107.25,1113.0,1098.0,1107.85,14097667
2023-12-28 00:00:00,BANDHANBNK,239.55,240.7,234.9,239.35,12591185
2023-12-28 00:00:00,BANKBARODA,234.0,235.95,231.55,232.95,35086844
2023-12-28 00:00:00,CANBK,441.0,446.7,439.4,441.1,14230016
2023-12-28 00:00:00,FEDERALBNK,155.0,157.1,154.3,155.5,15172431
2023-12-28 00:00:00,HDFCBANK,1709.3,1721.4,1702.0,1705.25,22038235
2023-12-28 00:00:00,ICICIBANK,1008.0,1011.7,999.1,1005.9,24915990
2023-12-28 00:00:00,IDFCFIRSTB,89.3,89.6,87.55,88.7,59862490
2023-12-28 00:00:00,INDUSINDBK,1600.0,1618.7,1592.0,1610.55,3143161
2023-12-28 00:00:00,KOTAKBANK,1911.0,1926.5,1903.1,1921.35,4950014
2023-12-28 00:00:00,PNB,92.8,97.7,92.8,95.5,178967353
2023-12-28 00:00:00,SBIN,650.25,653.3,646.5,651.4,16982092
2023-12-28 00:00:00,UNIONBANK,119.65,121.5,117.0,117.8,17861879
2023-12-28 00:00:00,YESBANK,21.0,21.15,20.8,20.85,127826051
2023-12-29 00:00:00,AUBANK,790.0,794.95,775.6,787.4,1424964
2023-12-29 00:00:00,AXISBANK,1101.45,1106.85,1093.95,1102.3,8786731
2023-12-29 00:00:00,BANDHANBNK,240.7,243.0,238.1,241.4,4590031
2023-12-29 00:00:00,BANKBARODA,233.1,233.65,229.35,231.1,11051281
2023-12-29 00:00:00,CANBK,442.0,442.0,435.95,437.5,4172955
2023-12-29 00:00:00,FEDERALBNK,158.5,159.0,154.9,156.15,13041199
2023-12-29 00:00:00,HDFCBANK,1697.0,1714.9,1696.0,1709.25,12505713
2023-12-29 00:00:00,ICICIBANK,1004.05,1008.55,993.7,996.6,12280140
2023-12-29 00:00:00,IDFCFIRSTB,89.4,89.9,87.85,88.9,27303350
2023-12-29 00:00:00,INDUSINDBK,1615.0,1618.9,1587.05,1598.95,1779207
2023-12-29 00:00:00,KOTAKBANK,1912.1,1917.75,1890.05,1908.1,2446170
2023-12-29 00:00:00,PNB,96.4,96.55,94.8,95.75,65556029
2023-12-29 00:00:00,SBIN,645.5,649.6,639.55,642.05,13221898
2023-12-29 00:00:00,UNIONBANK,118.6,119.75,117.6,119.1,10246266
2023-12-29 00:00:00,YESBANK,20.9,21.8,20.7,21.45,226340962
2024-01-01 00:00:00,AUBANK,790.9,790.9,779.0,786.0,1258532
2024-01-01 00:00:00,AXISBANK,1095.0,1104.0,1093.0,1097.7,4083732
2024-01-01 00:00:00,BANDHANBNK,244.0,245.2,242.15,244.1,6663982
2024-01-01 00:00:00,BANKBARODA,232.45,236.75,231.1,233.75,13199707
2024-01-01 00:00:00,CANBK,440.5,445.9,438.0,442.4,4340269
2024-01-01 00:00:00,FEDERALBNK,156.2,157.2,155.9,156.55,6210375
2024-01-01 00:00:00,HDFCBANK,1706.0,1709.15,1692.0,1698.1,7119843
2024-01-01 00:00:00,ICICIBANK,991.55,1004.85,991.0,999.4,7683792
2024-01-01 00:00:00,IDFCFIRSTB,88.8,88.9,87.6,87.8,34249920
2024-01-01 00:00:00,INDUSINDBK,1598.95,1611.4,1591.8,1598.85,1341121
2024-01-01 00:00:00,KOTAKBANK,1909.0,1919.0,1893.1,1909.15,1425902
2024-01-01 00:00:00,PNB,96.25,99.25,95.75,97.8,55329198
2024-01-01 00:00:00,SBIN,642.2,646.9,638.0,641.35,8295548
2024-01-01 00:00:00,UNIONBANK,119.65,121.5,119.1,120.75,8090321
2024-01-01 00:00:00,YESBANK,21.5,23.0,21.4,22.65,577972312
2024-01-02 00:00:00,AUBANK,786.0,788.0,761.6,766.85,2202630
2024-01-02 00:00:00,AXISBANK,1095.1,1099.35,1082.3,1093.25,7895577
2024-01-02 00:00:00,BANDHANBNK,245.65,247.0,239.55,242.35,8517423
2024-01-02 00:00:00,BANKBARODA,233.7,235.8,228.85,230.7,12803886
2024-01-02 00:00:00,CANBK,441.85,450.5,440.2,443.95,6633634
2024-01-02 00:00:00,FEDERALBNK,156.55,156.95,151.1,151.9,13182359
2024-01-02 00:00:00,HDFCBANK,1698.8,1702.8,1688.7,1699.1,14621046
2024-01-02 00:00:00,ICICIBANK,997.0,997.65,980.25,982.25,16263825
2024-01-02 00:00:00,IDFCFIRSTB,87.9,87.95,85.6,86.1,35436796
2024-01-02 00:00:00,INDUSINDBK,1594.1,1598.25,1570.0,1575.6,1227193
2024-01-02 00:00:00,KOTAKBANK,1908.0,1908.0,1860.1,1865.05,5120796
2024-01-02 00:00:00,PNB,97.8,98.9,96.1,97.0,50741670
2024-01-02 00:00:00,SBIN,641.35,648.0,633.85,639.45,15164482
2024-01-02 00:00:00,UNIONBANK,121.4,123.75,120.0,120.9,15399801
2024-01-02 00:00:00,YESBANK,22.7,23.7,22.3,23.2,618101025
2024-01-03 00:00:00,AUBANK,766.85,774.15,754.0,770.35,2031856
2024-01-03 00:00:00,AXISBANK,1091.0,1102.6,1081.3,1098.6,10225290
2024-01-03 00:00:00,BANDHANBNK,242.35,258.15,241.0,253.9,33106055
2024-01-03 00:00:00,BANKBARODA,230.4,235.45,227.25,232.85,21410875
2024-01-03 00:00:00,CANBK,450.0,462.75,444.35,458.25,19401080
2024-01-03 00:00:00,FEDERALBNK,153.2,153.2,151.05,151.75,10486168
2024-01-03 00:00:00,HDFCBANK,1702.0,1704.7,1668.95,1672.9,14194881
2024-01-03 00:00:00,ICICIBANK,984.7,988.0,975.1,984.05,16826752
2024-01-03 00:00:00,IDFCFIRSTB,86.0,86.75,84.55,86.1,31080242
2024-01-03 00:00:00,INDUSINDBK,1575.5,1604.95,1558.0,1601.15,2620296
2024-01-03 00:00:00,KOTAKBANK,1864.0,1870.0,1847.65,1865.9,3781515
2024-01-03 00:00:00,PNB,96.0,97.95,94.8,96.45,73009456
2024-01-03 00:00:00,SBIN,639.35,648.0,635.8,643.45,14571772
2024-01-03 00:00:00,UNIONBANK,121.05,123.55,120.25,123.05,13474009
2024-01-03 00:00:00,YESBANK,23.25,23.75,22.75,22.9,378099590
2024-01-04 00:00:00,AUBANK,778.0,804.15,745.05,797.35,2624482
2024-01-04 00:00:00,AXISBANK,1103.0,1130.0,1100.05,1123.4,11411683
2024-01-04 00:00:00,BANDHANBNK,255.6,263.1,252.7,260.8,20351416
2024-01-04 00:00:00,BANKBARODA,233.05,240.1,232.9,237.75,14698523
2024-01-04 00:00:00,CANBK,462.3,466.8,457.0,465.3,8796821
2024-01-04 00:00:00,FEDERALBNK,152.5,155.25,152.45,154.85,13766132
2024-01-04 00:00:00,HDFCBANK,1678.0,1694.95,1670.7,1690.85,13367028
2024-01-04 00:00:00,ICICIBANK,986.4,989.15,981.9,987.15,22789140
2024-01-04 00:00:00,IDFCFIRSTB,86.2,87.2,86.2,87.05,18289264
2024-01-04 00:00:00,INDUSINDBK,1593.0,1655.0,1593.0,1648.55,4271262
2024-01-04 00:00:00,KOTAKBANK,1871.5,1871.5,1860.55,1863.6,2865766
2024-01-04 00:00:00,PNB,96.5,97.85,96.45,97.4,37426897
2024-01-04 00:00:00,SBIN,642.5,646.4,638.65,642.75,13883388
2024-01-04 00:00:00,UNIONBANK,123.6,125.0,123.4,124.05,16066005
2024-01-04 00:00:00,YESBANK,23.05,23.6,22.9,23.25,271346506
2024-01-05 00:00:00,AUBANK,805.0,809.7,791.55,801.05,2341793
2024-01-05 00:00:00,AXISBANK,1124.0,1139.9,1119.0,1136.95,8025466
2024-01-05 00:00:00,BANDHANBNK,262.8,262.95,248.05,251.7,26254869
2024-01-05 00:00:00,BANKBARODA,239.0,239.4,230.9,234.65,14545656
2024-01-05 00:00:00,CANBK,468.0,469.25,455.85,461.95,6910476
2024-01-05 00:00:00,FEDERALBNK,155.95,155.95,153.05,154.6,7195693
2024-01-05 00:00:00,HDFCBANK,1687.15,1704.9,1668.1,1682.2,15944735
2024-01-05 00:00:00,ICICIBANK,988.0,998.3,983.8,993.7,14875499
2024-01-05 00:00:00,IDFCFIRSTB,87.3,87.55,85.9,86.7,22962991
2024-01-05 00:00:00,INDUSINDBK,1654.0,1654.0,1629.0,1643.2,2294140
2024-01-05 00:00:00,KOTAKBANK,1865.5,1869.9,1841.4,1847.6,7799341
2024-01-05 00:00:00,PNB,97.9,97.9,95.65,97.25,42729858
2024-01-05 00:00:00,SBIN,645.0,651.75,637.75,641.95,15984585
2024-01-05 00:00:00,UNIONBANK,124.35,125.55,123.35,124.15,12856589
2024-01-05 00:00:00,YESBANK,23.35,24.3,23.25,24.0,561257556
2024-01-08 00:00:00,AUBANK,794.0,813.2,792.0,801.7,2497633
2024-01-08 00:00:00,AXISBANK,1145.0,1146.0,1118.5,1122.0,4735538
2024-01-08 00:00:00,BANDHANBNK,252.0,252.0,230.95,233.1,57413766
2024-01-08 00:00:00,BANKBARODA,231.5,231.5,222.7,223.45,27673291
2024-01-08 00:00:00,CANBK,461.5,463.0,449.15,450.5,5801166
2024-01-08 00:00:00,FEDERALBNK,153.0,153.35,149.75,150.2,15037236
2024-01-08 00:00:00,HDFCBANK,1678.5,1682.35,1660.0,1663.45,8999235
2024-01-08 00:00:00,ICICIBANK,994.0,998.2,980.3,982.0,8393164
2024-01-08 00:00:00,IDFCFIRSTB,86.75,86.8,85.15,85.45,30801235
2024-01-08 00:00:00,INDUSINDBK,1633.0,1650.05,1622.0,1627.1,1791003
2024-01-08 00:00:00,KOTAKBANK,1848.0,1851.45,1818.6,1826.1,12253167
2024-01-08 00:00:00,PNB,97.25,97.25,94.8,95.0,47101702
2024-01-08 00:00:00,SBIN,640.0,645.0,625.05,627.0,14739531
2024-01-08 00:00:00,UNIONBANK,125.15,125.6,121.8,122.55,12122073
2024-01-08 00:00:00,YESBANK,24.3,24.45,23.45,24.2,546082056
2024-01-09 00:00:00,AUBANK,813.4,813.4,775.0,777.3,2705036
2024-01-09 00:00:00,AXISBANK,1128.55,1135.55,1112.35,1116.55,6359362
2024-01-09 00:00:00,BANDHANBNK,240.0,240.5,232.9,234.9,23864692
2024-01-09 00:00:00,BANKBARODA,227.0,227.35,222.7,223.2,13420799
2024-01-09 00:00:00,CANBK,453.9,459.0,449.2,450.4,5632708
2024-01-09 00:00:00,FEDERALBNK,151.65,152.8,151.0,151.45,10718241
2024-01-09 00:00:00,HDFCBANK,1667.15,1677.8,1646.75,1650.5,12663444
2024-01-09 00:00:00,ICICIBANK,986.25,995.0,975.4,979.75,14660414
2024-01-09 00:00:00,IDFCFIRSTB,86.0,86.75,84.0,84.25,23355285
2024-01-09 00:00:00,INDUSINDBK,1631.95,1643.9,1621.0,1625.1,1619091
2024-01-09 00:00:00,KOTAKBANK,1837.0,1858.0,1821.0,1826.65,4339223
2024-01-09 00:00:00,PNB,96.0,96.75,94.6,94.95,33881561
2024-01-09 00:00:00,SBIN,632.0,634.35,624.5,625.4,13400235
2024-01-09 00:00:00,UNIONBANK,123.2,124.2,122.25,122.85,8045492
2024-01-09 00:00:00,YESBANK,24.4,25.0,24.1,24.2,474325248
2024-01-10 00:00:00,AUBANK,770.45,781.45,764.4,772.45,2832401
2024-01-10 00:00:00,AXISBANK,1115.25,1116.0,1099.05,1107.0,5934163
2024-01-10 00:00:00,BANDHANBNK,234.9,235.5,226.6,231.05,13786491
2024-01-10 00:00:00,BANKBARODA,223.3,225.0,219.45,223.85,13503894
2024-01-10 00:00:00,CANBK,451.1,452.5,443.05,448.75,5328213
2024-01-10 00:00:00,FEDERALBNK,151.4,152.25,149.7,151.75,8429097
2024-01-10 00:00:00,HDFCBANK,1643.0,1659.95,1641.4,1655.95,8057912
2024-01-10 00:00:00,ICICIBANK,974.3,994.95,974.3,993.05,9409181
2024-01-10 00:00:00,IDFCFIRSTB,84.0,84.2,82.6,83.9,27009949
2024-01-10 00:00:00,INDUSINDBK,1620.0,1642.75,1620.0,1640.15,1629958
2024-01-10 00:00:00,KOTAKBANK,1820.8,1832.5,1811.6,1820.8,7052758
2024-01-10 00:00:00,PNB,94.95,95.2,93.35,94.4,54772377
2024-01-10 00:00:00,SBIN,624.8,625.3,618.2,621.75,12742464
2024-01-10 00:00:00,UNIONBANK,122.8,124.0,121.75,123.4,8604396
2024-01-10 00:00:00,YESBANK,24.15,25.65,24.0,25.5,706576963
2024-01-11 00:00:00,AUBANK,780.0,786.9,772.75,776.6,922879
2024-01-11 00:00:00,AXISBANK,1111.05,1127.9,1111.05,1125.75,4683035
2024-01-11 00:00:00,BANDHANBNK,232.9,236.25,232.0,232.8,10068953
2024-01-11 00:00:00,BANKBARODA,225.0,227.4,224.0,226.05,11247115
2024-01-11 00:00:00,CANBK,451.4,457.7,450.25,454.5,4349511
2024-01-11 00:00:00,FEDERALBNK,152.2,152.6,149.6,150.35,10176583
2024-01-11 00:00:00,HDFCBANK,1660.0,1662.9,1643.0,1649.0,9157005
2024-01-11 00:00:00,ICICIBANK,995.3,998.5,986.85,991.15,6451345
2024-01-11 00:00:00,IDFCFIRSTB,84.25,86.9,83.9,86.65,29485195
2024-01-11 00:00:00,INDUSINDBK,1643.95,1668.2,1642.55,1657.85,1914421
2024-01-11 00:00:00,KOTAKBANK,1832.0,1841.4,1815.35,1822.85,4170070
2024-01-11 00:00:00,PNB,95.2,95.95,94.2,94.8,28709414
2024-01-11 00:00:00,SBIN,626.0,627.15,618.5,620.2,15533860
2024-01-11 00:00:00,UNIONBANK,124.3,124.75,123.5,124.45,7312380
2024-01-11 00:00:00,YESBANK,25.6,25.95,25.15,25.55,410909551
2024-01-12 00:00:00,AUBANK,783.0,791.0,772.0,788.35,1336781
2024-01-12 00:00:00,AXISBANK,1126.35,1129.45,1118.05,1120.35,5616755
2024-01-12 00:00:00,BANDHANBNK,234.9,235.8,229.5,230.15,9089295
2024-01-12 00:00:00,BANKBARODA,226.9,232.25,225.25,229.9,17600195
2024-01-12 00:00:00,CANBK,456.0,466.0,452.9,462.25,9041865
2024-01-12 00:00:00,FEDERALBNK,150.95,151.9,150.1,151.1,7828235
2024-01-12 00:00:00,HDFCBANK,1652.0,1656.0,1633.6,1641.2,9886776
2024-01-12 00:00:00,ICICIBANK,994.8,1008.7,991.75,1003.5,12255743
2024-01-12 00:00:00,IDFCFIRSTB,87.3,87.95,86.0,87.15,28546079
2024-01-12 00:00:00,INDUSINDBK,1657.85,1677.85,1647.4,1674.0,2161848
2024-01-12 00:00:00,KOTAKBANK,1825.0,1842.55,1814.4,1833.25,2172621
2024-01-12 00:00:00,PNB,95.4,98.6,94.7,97.7,78525419
2024-01-12 00:00:00,SBIN,623.8,636.5,621.1,633.6,16620797
2024-01-12 00:00:00,UNIONBANK,125.0,132.5,124.35,131.2,42620166
2024-01-12 00:00:00,YESBANK,25.65,25.7,24.6,24.9,264160446
2024-01-15 00:00:00,AUBANK,790.8,792.0,770.05,772.05,1416880
2024-01-15 00:00:00,AXISBANK,1122.0,1130.45,1116.6,1119.5,6719079
2024-01-15 00:00:00,BANDHANBNK,231.5,233.5,230.0,231.0,7817434
2024-01-15 00:00:00,BANKBARODA,230.7,233.25,228.65,231.1,12678381
2024-01-15 00:00:00,CANBK,465.75,468.35,462.4,465.4,3470549
2024-01-15 00:00:00,FEDERALBNK,152.95,153.3,151.3,152.95,13760399
2024-01-15 00:00:00,HDFCBANK,1647.7,1680.9,1643.6,1672.8,14160178
2024-01-15 00:00:00,ICICIBANK,1003.5,1011.65,999.25,1009.85,12388044
2024-01-15 00:00:00,IDFCFIRSTB,87.75,87.95,86.25,86.75,25465320
2024-01-15 00:00:00,INDUSINDBK,1684.8,1694.5,1668.05,1688.85,2930339
2024-01-15 00:00:00,KOTAKBANK,1843.0,1853.6,1836.25,1851.5,6172312
2024-01-15 00:00:00,PNB,98.35,99.6,97.8,98.2,46701350
2024-01-15 00:00:00,SBIN,638.9,645.5,636.1,640.1,16844018
2024-01-15 00:00:00,UNIONBANK,132.7,135.75,132.5,134.1,25866683
2024-01-15 00:00:00,YESBANK,25.0,25.3,24.6,24.75,239737801
2024-01-16 00:00:00,AUBANK,772.05,781.9,770.75,775.55,1357631
2024-01-16 00:00:00,AXISBANK,1116.65,1127.8,1115.1,1119.1,5229753
2024-01-16 00:00:00,BANDHANBNK,231.0,233.6,228.2,229.75,7421276
2024-01-16 00:00:00,BANKBARODA,231.1,234.25,229.4,231.25,13977706
2024-01-16 00:00:00,CANBK,464.65,471.35,461.2,464.95,5208291
2024-01-16 00:00:00,FEDERALBNK,153.75,155.25,147.75,149.7,36969953
2024-01-16 00:00:00,HDFCBANK,1673.0,1683.65,1658.1,1679.15,12661250
2024-01-16 00:00:00,ICICIBANK,1006.1,1015.8,1004.6,1009.05,11505126
2024-01-16 00:00:00,IDFCFIRSTB,86.7,89.6,86.5,88.3,53684616
2024-01-16 00:00:00,INDUSINDBK,1688.85,1691.75,1663.05,1667.05,1316138
2024-01-16 00:00:00,KOTAKBANK,1850.55,1860.95,1841.0,1848.0,4650898
2024-01-16 00:00:00,PNB,98.4,100.1,96.8,98.25,60660256
2024-01-16 00:00:00,SBIN,640.0,644.9,633.45,636.9,15025543
2024-01-16 00:00:00,UNIONBANK,134.95,140.2,133.5,135.95,30974573
2024-01-16 00:00:00,YESBANK,24.95,26.25,24.9,25.65,555808959
2024-01-17 00:00:00,AUBANK,759.95,783.95,744.2,757.4,5351653
2024-01-17 00:00:00,AXISBANK,1082.0,1115.0,1079.2,1082.3,24913719
2024-01-17 00:00:00,BANDHANBNK,227.15,229.35,223.25,228.3,17410957
2024-01-17 00:00:00,BANKBARODA,229.0,233.2,224.55,225.5,34099113
2024-01-17 00:00:00,CANBK,456.05,466.0,452.6,456.8,6733674
2024-01-17 00:00:00,FEDERALBNK,149.5,149.5,143.85,145.9,48678947
2024-01-17 00:00:00,HDFCBANK,1570.0,1596.8,1528.4,1537.5,85072618
2024-01-17 00:00:00,ICICIBANK,987.9,1007.8,976.75,981.75,41914771
2024-01-17 00:00:00,IDFCFIRSTB,87.45,89.65,84.8,85.2,95907710
2024-01-17 00:00:00,INDUSINDBK,1650.0,1677.05,1631.85,1643.9,6683398
2024-01-17 00:00:00,KOTAKBANK,1823.05,1834.65,1776.1,1779.65,10836883
2024-01-17 00:00:00,PNB,97.05,99.95,96.4,97.2,98759165
2024-01-17 00:00:00,SBIN,624.0,636.8,623.0,626.0,30016308
2024-01-17 00:00:00,UNIONBANK,134.5,135.35,130.95,131.95,23673815
2024-01-17 00:00:00,YESBANK,25.4,25.65,24.65,24.75,407818402
2024-01-18 00:00:00,AUBANK,754.35,758.75,732.85,734.1,2679347
2024-01-18 00:00:00,AXISBANK,1066.0,1108.75,1066.0,1097.5,11473135
2024-01-18 00:00:00,BANDHANBNK,227.5,230.85,224.1,227.6,9142872
2024-01-18 00:00:00,BANKBARODA,224.95,230.2,222.0,227.7,16224153
2024-01-18 00:00:00,CANBK,455.8,460.5,441.5,458.25,6984884
2024-01-18 00:00:00,FEDERALBNK,145.4,149.25,142.3,146.85,21044204
2024-01-18 00:00:00,HDFCBANK,1494.0,1515.0,1480.05,1486.15,80535465
2024-01-18 00:00:00,ICICIBANK,973.95,994.3,970.15,986.35,17902484
2024-01-18 00:00:00,IDFCFIRSTB,85.2,87.15,84.45,86.4,32763022
2024-01-18 00:00:00,INDUSINDBK,1634.95,1639.6,1595.1,1612.9,3557256
2024-01-18 00:00:00,KOTAKBANK,1770.0,1792.7,1764.6,1777.25,4293450
2024-01-18 00:00:00,PNB,97.3,99.0,94.3,98.5,60733225
2024-01-18 00:00:00,SBIN,625.8,633.45,619.05,628.3,14695436
2024-01-18 00:00:00,UNIONBANK,130.8,133.85,128.1,132.95,21609345
2024-01-18 00:00:00,YESBANK,24.7,25.1,23.9,24.95,308605574
2024-01-19 00:00:00,AUBANK,740.0,746.15,724.5,730.55,4468871
2024-01-19 00:00:00,AXISBANK,1107.15,1126.3,1105.0,1116.55,12303696
2024-01-19 00:00:00,BANDHANBNK,229.7,231.2,225.65,226.2,7131175
2024-01-19 00:00:00,BANKBARODA,229.55,231.5,228.5,230.65,9445978
2024-01-19 00:00:00,CANBK,461.0,467.85,459.8,466.65,6451009
2024-01-19 00:00:00,FEDERALBNK,148.9,148.9,145.65,146.55,10902628
2024-01-19 00:00:00,HDFCBANK,1505.95,1510.25,1468.4,1470.65,54800269
2024-01-19 00:00:00,ICICIBANK,991.3,1010.9,987.55,999.2,23271148
2024-01-19 00:00:00,IDFCFIRSTB,87.0,87.2,84.6,85.7,42872654
2024-01-19 00:00:00,INDUSINDBK,1622.7,1631.75,1550.2,1561.1,10982524
2024-01-19 00:00:00,KOTAKBANK,1787.05,1799.95,1754.15,1764.3,4560329
2024-01-19 00:00:00,PNB,99.4,102.5,98.9,102.2,104194911
2024-01-19 00:00:00,SBIN,633.0,635.5,624.7,627.75,11675202
2024-01-19 00:00:00,UNIONBANK,134.65,137.4,131.25,135.9,29183335
2024-01-19 00:00:00,YESBANK,25.1,25.55,25.1,25.15,184495376
2024-01-20 00:00:00,AUBANK,737.8,755.4,735.0,747.5,1930061
2024-01-20 00:00:00,AXISBANK,1121.0,1126.45,1102.8,1121.0,5055594
2024-01-20 00:00:00,BANDHANBNK,228.05,234.45,228.0,229.65,10792549
2024-01-20 00:00:00,BANKBARODA,230.7,233.5,228.0,232.5,10482470
2024-01-20 00:00:00,CANBK,468.75,482.2,464.35,477.0,5187720
2024-01-20 00:00:00,FEDERALBNK,148.0,148.1,145.2,145.55,8929988
2024-01-20 00:00:00,HDFCBANK,1483.2,1495.7,1476.0,1478.85,12920293
2024-01-20 00:00:00,ICICIBANK,1005.95,1014.7,995.3,1008.7,8788873
2024-01-20 00:00:00,IDFCFIRSTB,85.95,87.9,85.3,87.7,27900269
2024-01-20 00:00:00,INDUSINDBK,1570.0,1571.9,1530.0,1535.35,3158588
2024-01-20 00:00:00,KOTAKBANK,1774.45,1829.45,1758.1,1806.8,5456020
2024-01-20 00:00:00,PNB,103.55,105.7,102.6,105.0,51901229
2024-01-20 00:00:00,SBIN,629.0,633.8,624.1,631.4,9886760
2024-01-20 00:00:00,UNIONBANK,136.9,145.4,135.7,141.8,37359672
2024-01-20 00:00:00,YESBANK,25.3,25.45,25.1,25.25,115224398
2024-01-23 00:00:00,AUBANK,755.0,758.0,709.05,716.5,3081087
2024-01-23 00:00:00,AXISBANK,1125.9,1141.6,1078.8,1089.25,18924087
2024-01-23 00:00:00,BANDHANBNK,231.5,232.2,222.2,223.7,12418558
2024-01-23 00:00:00,BANKBARODA,234.0,235.75,221.45,222.4,36926359
2024-01-23 00:00:00,CANBK,482.4,484.9,450.25,455.9,13555912
2024-01-23 00:00:00,FEDERALBNK,148.35,148.35,139.4,140.25,15830801
2024-01-23 00:00:00,HDFCBANK,1465.0,1474.7,1425.0,1427.35,57734701
2024-01-23 00:00:00,ICICIBANK,1059.1,1059.4,1021.2,1029.05,50797448
2024-01-23 00:00:00,IDFCFIRSTB,85.2,85.2,81.15,81.8,95355822
2024-01-23 00:00:00,INDUSINDBK,1535.0,1547.9,1428.05,1441.7,10097057
2024-01-23 00:00:00,KOTAKBANK,1801.0,1824.9,1763.9,1784.5,6780824
2024-01-23 00:00:00,PNB,106.65,106.7,98.15,98.75,83723415
2024-01-23 00:00:00,SBIN,627.0,634.9,600.65,605.1,30954343
2024-01-23 00:00:00,UNIONBANK,145.0,145.25,135.45,139.95,42032631
2024-01-23 00:00:00,YESBANK,25.45,25.6,23.9,24.05,292673233
2024-01-24 00:00:00,AUBANK,716.5,739.0,709.05,737.25,2550245
2024-01-24 00:00:00,AXISBANK,1034.8,1073.2,1020.9,1059.15,20884046
2024-01-24 00:00:00,BANDHANBNK,224.0,226.7,220.25,224.4,11443782
2024-01-24 00:00:00,BANKBARODA,223.0,229.0,219.65,228.65,36236660
2024-01-24 00:00:00,CANBK,458.8,459.65,443.0,454.3,20807636
2024-01-24 00:00:00,FEDERALBNK,140.4,143.25,139.65,142.2,18178107
2024-01-24 00:00:00,HDFCBANK,1380.25,1458.45,1380.25,1455.9,43002202
2024-01-24 00:00:00,ICICIBANK,1029.45,1035.95,996.65,999.2,34578943
2024-01-24 00:00:00,IDFCFIRSTB,82.3,82.3,79.35,79.6,85088545
2024-01-24 00:00:00,INDUSINDBK,1459.95,1495.8,1442.0,1490.85,9155544
2024-01-24 00:00:00,KOTAKBANK,1789.0,1803.5,1762.9,1788.6,3268351
2024-01-24 00:00:00,PNB,99.15,102.65,97.8,102.2,65088374
2024-01-24 00:00:00,SBIN,609.95,622.35,603.1,618.3,19221835
2024-01-24 00:00:00,UNIONBANK,139.2,143.1,135.05,142.85,25283547
2024-01-24 00:00:00,YESBANK,24.15,24.8,23.65,24.7,240904515
2024-01-25 00:00:00,AUBANK,740.0,741.45,703.2,707.85,5475393
2024-01-25 00:00:00,AXISBANK,1058.0,1063.7,1025.8,1042.25,20835434
2024-01-25 00:00:00,BANDHANBNK,225.0,226.9,219.15,220.95,14015556
2024-01-25 00:00:00,BANKBARODA,228.0,231.35,223.3,227.05,20473287
2024-01-25 00:00:00,CANBK,455.1,469.45,453.4,465.3,12355761
2024-01-25 00:00:00,FEDERALBNK,142.6,143.5,140.55,141.8,18228649
2024-01-25 00:00:00,HDFCBANK,1452.5,1457.35,1419.4,1434.9,49470926
2024-01-25 00:00:00,ICICIBANK,998.4,1015.1,988.15,1009.95,28315035
2024-01-25 00:00:00,IDFCFIRSTB,80.05,80.85,78.9,80.05,80693649
2024-01-25 00:00:00,INDUSINDBK,1490.0,1543.95,1488.6,1512.0,8118578
2024-01-25 00:00:00,KOTAKBANK,1790.0,1797.6,1752.4,1768.4,6702170
2024-01-25 00:00:00,PNB,102.75,106.0,100.65,104.5,111791532
2024-01-25 00:00:00,SBIN,618.5,623.8,606.25,612.75,22684904
2024-01-25 00:00:00,UNIONBANK,143.2,144.4,139.6,140.35,14886698
2024-01-25 00:00:00,YESBANK,24.8,25.3,24.7,24.85,213588805
2024-01-29 00:00:00,AUBANK,670.0,670.0,624.05,626.35,21666348
2024-01-29 00:00:00,AXISBANK,1036.0,1068.0,1036.0,1061.25,11188604
2024-01-29 00:00:00,BANDHANBNK,224.0,226.7,222.15,223.3,10212834
2024-01-29 00:00:00,BANKBARODA,227.65,235.75,227.65,234.25,20641625
2024-01-29 00:00:00,CANBK,469.9,480.0,468.1,474.55,8802489
2024-01-29 00:00:00,FEDERALBNK,143.2,146.65,142.5,145.45,20336392
2024-01-29 00:00:00,HDFCBANK,1448.05,1462.8,1445.8,1454.65,32822749
2024-01-29 00:00:00,ICICIBANK,1020.0,1032.0,1010.0,1016.4,14078922
2024-01-29 00:00:00,IDFCFIRSTB,81.05,83.75,80.6,83.5,69818447
2024-01-29 00:00:00,INDUSINDBK,1523.0,1537.75,1515.35,1526.8,3058020
2024-01-29 00:00:00,KOTAKBANK,1785.3,1830.05,1776.0,1822.9,5236148
2024-01-29 00:00:00,PNB,107.5,109.5,105.45,107.5,108149443
2024-01-29 00:00:00,SBIN,619.0,629.5,615.6,622.95,19572140
2024-01-29 00:00:00,UNIONBANK,141.0,145.0,140.95,142.1,15534613
2024-01-29 00:00:00,YESBANK,25.3,25.5,24.25,24.35,300993947
2024-01-30 00:00:00,AUBANK,630.0,631.85,613.5,625.25,7443243
2024-01-30 00:00:00,AXISBANK,1060.05,1070.45,1050.8,1054.1,9426983
2024-01-30 00:00:00,BANDHANBNK,225.4,227.0,223.0,223.45,5249061
2024-01-30 00:00:00,BANKBARODA,235.0,242.4,233.8,237.45,22612702
2024-01-30 00:00:00,CANBK,475.1,484.8,472.05,477.35,6019338
2024-01-30 00:00:00,FEDERALBNK,146.45,146.5,144.5,145.1,7968976
2024-01-30 00:00:00,HDFCBANK,1454.55,1463.2,1440.9,1444.3,20864384
2024-01-30 00:00:00,ICICIBANK,1014.95,1023.85,1008.0,1016.9,16085742
2024-01-30 00:00:00,IDFCFIRSTB,84.05,84.05,82.35,82.7,44029673
2024-01-30 00:00:00,INDUSINDBK,1530.0,1544.45,1510.05,1519.9,1721705
2024-01-30 00:00:00,KOTAKBANK,1825.0,1839.45,1803.35,1823.6,3829187
2024-01-30 00:00:00,PNB,108.0,110.95,106.9,109.25,75911884
2024-01-30 00:00:00,SBIN,625.45,633.5,624.2,626.75,16966577
2024-01-30 00:00:00,UNIONBANK,141.0,144.5,140.05,141.0,23496983
2024-01-30 00:00:00,YESBANK,24.45,24.5,23.8,23.9,219652035
2024-01-31 00:00:00,AUBANK,628.0,640.45,620.8,636.6,5579390
2024-01-31 00:00:00,AXISBANK,1048.2,1084.1,1042.7,1067.75,12600390
2024-01-31 00:00:00,BANDHANBNK,224.05,229.45,223.1,229.0,10725612
2024-01-31 00:00:00,BANKBARODA,238.9,250.0,232.05,247.6,63750711
2024-01-31 00:00:00,CANBK,478.55,485.0,471.85,482.0,6643283
2024-01-31 00:00:00,FEDERALBNK,145.5,148.4,144.6,147.3,18544711
2024-01-31 00:00:00,HDFCBANK,1439.5,1474.95,1436.8,1462.55,32880520
2024-01-31 00:00:00,ICICIBANK,1016.8,1039.0,1003.25,1028.15,25627447
2024-01-31 00:00:00,IDFCFIRSTB,82.65,84.65,82.05,84.35,55031644
2024-01-31 00:00:00,INDUSINDBK,1519.2,1548.0,1507.15,1534.05,3867886
2024-01-31 00:00:00,KOTAKBANK,1816.0,1841.45,1788.5,1825.25,8117401
2024-01-31 00:00:00,PNB,109.5,114.95,109.05,114.4,113135172
2024-01-31 00:00:00,SBIN,626.4,643.2,622.0,640.5,23270745
2024-01-31 00:00:00,UNIONBANK,141.25,141.55,139.1,139.85,21053555
2024-01-31 00:00:00,YESBANK,24.0,24.3,23.9,24.1,164453372
2024-02-01 00:00:00,AUBANK,639.85,644.0,632.3,634.95,2006355
2024-02-01 00:00:00,AXISBANK,1072.65,1087.65,1056.8,1084.25,9756682
2024-02-01 00:00:00,BANDHANBNK,229.0,229.95,223.5,225.65,8822484
2024-02-01 00:00:00,BANKBARODA,250.0,257.45,243.0,255.95,43749140
2024-02-01 00:00:00,CANBK,483.0,505.0,479.35,501.5,15487108
2024-02-01 00:00:00,FEDERALBNK,148.15,148.15,145.0,146.85,12321655
2024-02-01 00:00:00,HDFCBANK,1465.05,1473.6,1456.05,1466.35,16345370
2024-02-01 00:00:00,ICICIBANK,1033.95,1033.95,1017.4,1025.15,13058880
2024-02-01 00:00:00,IDFCFIRSTB,84.2,84.2,82.6,83.4,34379718
2024-02-01 00:00:00,INDUSINDBK,1537.75,1547.55,1523.55,1541.15,2240634
2024-02-01 00:00:00,KOTAKBANK,1830.0,1832.05,1813.2,1822.75,2072168
2024-02-01 00:00:00,PNB,115.0,119.65,113.7,118.85,134380980
2024-02-01 00:00:00,SBIN,642.75,652.95,633.25,647.65,26587707
2024-02-01 00:00:00,UNIONBANK,140.9,146.9,139.7,144.6,41841032
2024-02-01 00:00:00,YESBANK,24.1,24.25,23.7,23.9,193648566
2024-02-02 00:00:00,AUBANK,638.75,645.7,627.6,629.0,2688173
2024-02-02 00:00:00,AXISBANK,1088.05,1096.2,1065.0,1067.05,8667415
2024-02-02 00:00:00,BANDHANBNK,227.8,232.65,226.95,228.9,11107260
2024-02-02 00:00:00,BANKBARODA,259.3,261.0,254.5,255.25,29946219
2024-02-02 00:00:00,CANBK,507.0,522.3,506.5,514.35,14018869
2024-02-02 00:00:00,FEDERALBNK,147.05,148.9,145.5,145.85,11258500
2024-02-02 00:00:00,HDFCBANK,1475.0,1480.85,1442.05,1446.15,22433877
2024-02-02 00:00:00,ICICIBANK,1037.1,1050.0,1021.65,1024.0,14774650
2024-02-02 00:00:00,IDFCFIRSTB,84.0,84.5,82.4,82.55,32521926
2024-02-02 00:00:00,INDUSINDBK,1551.0,1564.85,1529.55,1533.75,3554450
2024-02-02 00:00:00,KOTAKBANK,1841.8,1850.0,1818.4,1822.95,5049876
2024-02-02 00:00:00,PNB,121.7,128.25,120.1,125.4,167566465
2024-02-02 00:00:00,SBIN,652.0,660.55,646.7,649.65,27471811
2024-02-02 00:00:00,UNIONBANK,146.2,152.45,146.15,148.8,38195913
2024-02-02 00:00:00,YESBANK,23.95,24.15,23.6,23.7,164885094
2024-02-05 00:00:00,AUBANK,628.95,630.0,616.7,622.6,5678989
2024-02-05 00:00:00,AXISBANK,1067.05,1079.5,1058.0,1061.5,12569454
2024-02-05 00:00:00,BANDHANBNK,228.9,228.9,222.0,222.65,12335899
2024-02-05 00:00:00,BANKBARODA,257.65,262.5,255.75,257.45,21283536
2024-02-05 00:00:00,CANBK,518.7,527.45,511.45,520.25,8228172
2024-02-05 00:00:00,FEDERALBNK,145.85,147.6,144.05,147.25,15973650
2024-02-05 00:00:00,HDFCBANK,1446.0,1451.9,1434.05,1444.85,19302523
2024-02-05 00:00:00,ICICIBANK,1022.5,1026.45,1012.1,1023.5,12948430
2024-02-05 00:00:00,IDFCFIRSTB,83.2,83.8,81.95,83.25,38399805
2024-02-05 00:00:00,INDUSINDBK,1532.75,1550.0,1521.8,1537.8,2624023
2024-02-05 00:00:00,KOTAKBANK,1825.0,1826.95,1799.0,1808.35,3460806
2024-02-05 00:00:00,PNB,125.9,126.8,120.8,121.65,92993076
2024-02-05 00:00:00,SBIN,647.1,654.8,638.75,642.95,28339525
2024-02-05 00:00:00,UNIONBANK,149.85,155.35,145.8,146.75,35858580
2024-02-05 00:00:00,YESBANK,23.7,23.8,22.6,22.8,225297171
2024-02-06 00:00:00,AUBANK,622.6,622.6,613.0,616.5,1713489
2024-02-06 00:00:00,AXISBANK,1061.55,1065.1,1048.2,1050.05,8011171
2024-02-06 00:00:00,BANDHANBNK,222.65,223.45,217.35,218.4,10097377
2024-02-06 00:00:00,BANKBARODA,258.0,258.3,246.2,250.3,17506394
2024-02-06 00:00:00,CANBK,521.95,522.85,514.35,521.45,5144575
2024-02-06 00:00:00,FEDERALBNK,147.25,148.1,146.3,146.9,8693602
2024-02-06 00:00:00,HDFCBANK,1445.55,1449.7,1432.6,1444.1,20537870
2024-02-06 00:00:00,ICICIBANK,1023.55,1034.9,1016.7,1026.4,12886927
2024-02-06 00:00:00,IDFCFIRSTB,83.3,83.65,82.5,83.0,24033822
2024-02-06 00:00:00,INDUSINDBK,1550.0,1550.45,1504.15,1511.4,3312270
2024-02-06 00:00:00,KOTAKBANK,1814.0,1814.0,1783.15,1787.0,4691897
2024-02-06 00:00:00,PNB,122.4,122.85,119.1,121.9,53028325
2024-02-06 00:00:00,SBIN,644.45,655.0,637.7,650.25,14079390
2024-02-06 00:00:00,UNIONBANK,148.0,149.45,144.2,144.95,18584278
2024-02-06 00:00:00,YESBANK,23.1,25.7,23.0,25.4,807723717
2024-02-07 00:00:00,AUBANK,620.4,623.45,612.1,618.9,2773694
2024-02-07 00:00:00,AXISBANK,1061.05,1073.7,1057.5,1069.1,7281793
2024-02-07 00:00:00,BANDHANBNK,221.0,222.35,215.65,216.25,11866424
2024-02-07 00:00:00,BANKBARODA,252.9,252.9,242.65,244.65,55656306
2024-02-07 00:00:00,CANBK,531.1,560.5,530.0,552.15,18728266
2024-02-07 00:00:00,FEDERALBNK,147.9,149.9,147.3,149.2,16778158
2024-02-07 00:00:00,HDFCBANK,1453.0,1453.8,1426.65,1429.95,27418543
2024-02-07 00:00:00,ICICIBANK,1028.0,1031.55,1013.0,1022.15,16410895
2024-02-07 00:00:00,IDFCFIRSTB,83.0,83.7,82.7,83.15,29302949
2024-02-07 00:00:00,INDUSINDBK,1522.4,1522.4,1492.2,1515.35,4066189
2024-02-07 00:00:00,KOTAKBANK,1791.0,1809.8,1784.0,1792.6,4592224
2024-02-07 00:00:00,PNB,123.7,125.75,122.85,123.9,65831369
2024-02-07 00:00:00,SBIN,655.05,677.95,655.0,675.25,41696232
2024-02-07 00:00:00,UNIONBANK,147.0,150.2,145.2,146.65,20366561
2024-02-07 00:00:00,YESBANK,26.1,30.45,25.95,29.8,1615426506
2024-02-08 00:00:00,AUBANK,621.0,625.8,594.0,595.6,3862384
2024-02-08 00:00:00,AXISBANK,1072.0,1075.6,1031.65,1035.9,9869141
2024-02-08 00:00:00,BANDHANBNK,218.5,219.9,213.1,214.15,10703085
2024-02-08 00:00:00,BANKBARODA,248.0,256.3,247.05,253.1,33645402
2024-02-08 00:00:00,CANBK,565.0,579.9,557.05,569.25,23256838
2024-02-08 00:00:00,FEDERALBNK,150.0,151.4,146.1,146.65,10083699
2024-02-08 00:00:00,HDFCBANK,1429.85,1438.95,1400.5,1403.05,34553062
2024-02-08 00:00:00,ICICIBANK,1024.1,1028.25,985.25,989.3,20565502
2024-02-08 00:00:00,IDFCFIRSTB,83.2,83.95,80.8,81.0,31429130
2024-02-08 00:00:00,INDUSINDBK,1522.7,1540.95,1470.0,1477.3,2931291
2024-02-08 00:00:00,KOTAKBANK,1801.55,1803.8,1727.05,1729.7,4542774
2024-02-08 00:00:00,PNB,125.65,127.25,123.05,124.3,83500656
2024-02-08 00:00:00,SBIN,680.4,718.9,678.5,699.55,74222434
2024-02-08 00:00:00,UNIONBANK,148.4,153.95,147.7,149.45,36435011
2024-02-08 00:00:00,YESBANK,31.1,32.7,28.9,30.0,2038376473
2024-02-09 00:00:00,AUBANK,600.0,605.75,592.25,603.9,2343195
2024-02-09 00:00:00,AXISBANK,1039.95,1054.9,1034.55,1051.4,8233454
2024-02-09 00:00:00,BANDHANBNK,216.0,216.85,211.3,216.2,10253080
2024-02-09 00:00:00,BANKBARODA,253.35,266.5,247.5,263.5,46201039
2024-02-09 00:00:00,CANBK,573.0,576.0,548.25,571.0,15269130
2024-02-09 00:00:00,FEDERALBNK,147.0,147.65,143.35,147.3,10858532
2024-02-09 00:00:00,HDFCBANK,1392.15,1414.2,1387.0,1403.6,28321062
2024-02-09 00:00:00,ICICIBANK,988.85,1013.75,985.5,1010.7,12799837
2024-02-09 00:00:00,IDFCFIRSTB,81.0,81.6,79.5,81.25,38153683
2024-02-09 00:00:00,INDUSINDBK,1480.25,1491.4,1462.65,1486.25,2388841
2024-02-09 00:00:00,KOTAKBANK,1730.0,1749.0,1719.0,1742.45,4063976
2024-02-09 00:00:00,PNB,124.5,124.6,117.8,123.9,69128606
2024-02-09 00:00:00,SBIN,703.65,728.35,694.2,725.25,43235061
2024-02-09 00:00:00,UNIONBANK,150.0,151.0,141.15,148.85,29123961
2024-02-09 00:00:00,YESBANK,30.2,32.85,29.25,31.4,1571172149
2024-02-12 00:00:00,AUBANK,608.0,609.45,585.5,594.7,5184975
2024-02-12 00:00:00,AXISBANK,1051.4,1057.25,1035.35,1046.7,8694379
2024-02-12 00:00:00,BANDHANBNK,223.0,223.45,197.7,200.7,50949423
2024-02-12 00:00:00,BANKBARODA,266.1,267.4,253.05,254.7,26620786
2024-02-12 00:00:00,CANBK,574.0,575.0,541.4,545.75,10242724
2024-02-12 00:00:00,FEDERALBNK,148.4,148.4,145.4,146.65,15243144
2024-02-12 00:00:00,HDFCBANK,1399.65,1413.65,1383.35,1390.0,17223906
2024-02-12 00:00:00,ICICIBANK,1010.4,1012.2,985.25,996.1,8050066
2024-02-12 00:00:00,IDFCFIRSTB,81.65,81.65,78.75,79.2,41585476
2024-02-12 00:00:00,INDUSINDBK,1488.2,1497.0,1442.15,1447.15,2821957
2024-02-12 00:00:00,KOTAKBANK,1743.0,1749.0,1691.1,1709.55,4506489
2024-02-12 00:00:00,PNB,124.85,125.55,117.1,118.25,65062679
2024-02-12 00:00:00,SBIN,726.0,726.0,704.5,707.9,22873137
2024-02-12 00:00:00,UNIONBANK,150.0,150.05,138.2,139.75,22342661
2024-02-12 00:00:00,YESBANK,31.95,32.35,28.0,28.3,571969199
2024-02-13 00:00:00,AUBANK,600.0,602.45,587.35,593.8,3185544
2024-02-13 00:00:00,AXISBANK,1051.0,1075.55,1044.8,1070.75,8413609
2024-02-13 00:00:00,BANDHANBNK,200.7,202.3,192.8,199.05,16732636
2024-02-13 00:00:00,BANKBARODA,254.7,260.5,249.2,259.6,18922366
2024-02-13 00:00:00,CANBK,548.0,554.75,534.6,552.2,8923300
2024-02-13 00:00:00,FEDERALBNK,146.2,148.3,144.25,147.7,8633927
2024-02-13 00:00:00,HDFCBANK,1391.95,1404.35,1384.35,1394.45,28790497
2024-02-13 00:00:00,ICICIBANK,1006.0,1027.05,1000.3,1019.8,18706292
2024-02-13 00:00:00,IDFCFIRSTB,79.45,80.6,77.8,80.5,33145177
2024-02-13 00:00:00,INDUSINDBK,1452.4,1476.25,1430.65,1463.9,4601482
2024-02-13 00:00:00,KOTAKBANK,1713.0,1745.1,1709.0,1737.15,4492334
2024-02-13 00:00:00,PNB,118.3,123.5,115.7,122.1,76885208
2024-02-13 00:00:00,SBIN,708.55,718.0,702.15,713.45,23351472
2024-02-13 00:00:00,UNIONBANK,141.6,145.85,135.4,136.15,33817049
2024-02-13 00:00:00,YESBANK,28.45,28.95,26.75,27.85,317180197
2024-02-14 00:00:00,AUBANK,589.95,594.75,580.2,590.75,4560881
2024-02-14 00:00:00,AXISBANK,1061.3,1100.9,1060.55,1096.85,16609115
2024-02-14 00:00:00,BANDHANBNK,197.25,201.25,193.3,198.25,13071425
2024-02-14 00:00:00,BANKBARODA,255.1,271.0,252.35,267.8,30063655
2024-02-14 00:00:00,CANBK,545.0,568.95,543.0,566.45,8214118
2024-02-14 00:00:00,FEDERALBNK,146.3,150.15,145.5,149.45,12223910
2024-02-14 00:00:00,HDFCBANK,1376.0,1391.5,1363.55,1384.05,45660405
2024-02-14 00:00:00,ICICIBANK,1009.55,1035.7,1007.55,1022.7,17878720
2024-02-14 00:00:00,IDFCFIRSTB,79.75,81.1,79.05,80.85,37882009
2024-02-14 00:00:00,INDUSINDBK,1450.05,1494.5,1435.95,1481.5,4208176
2024-02-14 00:00:00,KOTAKBANK,1723.65,1764.8,1712.15,1748.95,3850323
2024-02-14 00:00:00,PNB,120.9,124.5,119.5,122.95,57158902
2024-02-14 00:00:00,SBIN,705.55,748.5,705.55,743.4,36782182
2024-02-14 00:00:00,UNIONBANK,134.0,139.75,132.6,139.05,28323626
2024-02-14 00:00:00,YESBANK,27.15,28.95,27.0,28.7,246006958
2024-02-15 00:00:00,AUBANK,595.0,595.0,580.45,581.9,2107954
2024-02-15 00:00:00,AXISBANK,1097.5,1097.55,1069.25,1072.2,11780823
2024-02-15 00:00:00,BANDHANBNK,198.25,199.75,196.65,197.35,9702536
2024-02-15 00:00:00,BANKBARODA,269.9,277.0,269.05,275.7,32254489
2024-02-15 00:00:00,CANBK,569.05,594.7,567.6,587.05,16040567
2024-02-15 00:00:00,FEDERALBNK,150.0,157.2,149.4,156.6,29844812
2024-02-15 00:00:00,HDFCBANK,1385.0,1415.5,1384.35,1414.05,20792472
2024-02-15 00:00:00,ICICIBANK,1022.85,1026.65,1006.6,1016.65,10069878
2024-02-15 00:00:00,IDFCFIRSTB,81.1,81.65,80.7,81.25,20282435
2024-02-15 00:00:00,INDUSINDBK,1491.0,1492.85,1460.3,1476.95,1906763
2024-02-15 00:00:00,KOTAKBANK,1755.0,1757.45,1720.05,1739.25,2541670
2024-02-15 00:00:00,PNB,124.9,129.3,123.6,128.85,102510609
2024-02-15 00:00:00,SBIN,747.7,764.0,741.65,761.7,33941282
2024-02-15 00:00:00,UNIONBANK,140.8,146.5,140.15,145.75,32155272
2024-02-15 00:00:00,YESBANK,29.0,29.8,28.7,29.0,248464035
2024-02-16 00:00:00,AUBANK,582.1,585.85,579.0,581.75,2145814
2024-02-16 00:00:00,AXISBANK,1073.0,1076.0,1058.0,1068.75,8660907
2024-02-16 00:00:00,BANDHANBNK,199.7,204.7,197.7,200.8,13265466
2024-02-16 00:00:00,BANKBARODA,276.1,280.75,274.55,275.65,20666587
2024-02-16 00:00:00,CANBK,588.1,589.8,576.3,585.85,9037719
2024-02-16 00:00:00,FEDERALBNK,157.25,165.8,156.2,164.7,51750478
2024-02-16 00:00:00,HDFCBANK,1423.9,1427.7,1408.45,1419.9,16087871
2024-02-16 00:00:00,ICICIBANK,1023.2,1026.2,1016.9,1023.25,7159395
2024-02-16 00:00:00,IDFCFIRSTB,81.45,83.6,81.25,82.85,29527329
2024-02-16 00:00:00,INDUSINDBK,1485.95,1506.5,1471.0,1493.65,1844045
2024-02-16 00:00:00,KOTAKBANK,1749.95,1751.0,1732.2,1735.25,1643146
2024-02-16 00:00:00,PNB,129.65,132.6,129.3,130.15,111266944
2024-02-16 00:00:00,SBIN,763.45,774.6,753.35,754.7,27365121
2024-02-16 00:00:00,UNIONBANK,147.85,149.5,143.7,144.7,28730074
2024-02-16 00:00:00,YESBANK,29.25,29.7,28.3,28.4,204865939
2024-02-19 00:00:00,AUBANK,584.5,603.9,581.7,599.35,4840679
2024-02-19 00:00:00,AXISBANK,1069.0,1070.0,1060.1,1062.95,7562645
2024-02-19 00:00:00,BANDHANBNK,204.5,205.5,203.25,203.75,7998816
2024-02-19 00:00:00,BANKBARODA,275.65,277.0,269.75,270.7,14006706
2024-02-19 00:00:00,CANBK,587.3,587.95,570.15,572.85,6050861
2024-02-19 00:00:00,FEDERALBNK,165.95,166.35,162.35,162.95,14982976
2024-02-19 00:00:00,HDFCBANK,1429.0,1429.0,1415.2,1417.1,17225878
2024-02-19 00:00:00,ICICIBANK,1023.35,1046.0,1023.35,1043.75,9388255
2024-02-19 00:00:00,IDFCFIRSTB,83.0,83.2,82.0,82.15,18166232
2024-02-19 00:00:00,INDUSINDBK,1499.9,1502.8,1477.0,1483.6,1209609
2024-02-19 00:00:00,KOTAKBANK,1744.0,1744.0,1726.15,1731.4,4447954
2024-02-19 00:00:00,PNB,130.9,131.3,128.2,128.45,44582022
2024-02-19 00:00:00,SBIN,758.7,765.0,750.0,759.25,13979584
2024-02-19 00:00:00,UNIONBANK,145.0,145.45,140.6,141.15,19834182
2024-02-19 00:00:00,YESBANK,28.5,28.55,27.0,27.1,357958339
2024-02-20 00:00:00,AUBANK,602.4,610.4,597.85,599.1,2935294
2024-02-20 00:00:00,AXISBANK,1059.0,1090.5,1057.7,1088.6,8722800
2024-02-20 00:00:00,BANDHANBNK,204.95,205.3,202.1,202.7,5133872
2024-02-20 00:00:00,BANKBARODA,270.1,274.8,269.75,273.25,14006722
2024-02-20 00:00:00,CANBK,571.5,572.85,567.2,569.0,4651560
2024-02-20 00:00:00,FEDERALBNK,153.0,155.6,149.15,154.4,33045447
2024-02-20 00:00:00,HDFCBANK,1415.0,1457.25,1411.8,1454.3,28066754
2024-02-20 00:00:00,ICICIBANK,1041.05,1052.65,1033.25,1048.75,11293528
2024-02-20 00:00:00,IDFCFIRSTB,82.2,82.45,81.4,81.75,13613029
2024-02-20 00:00:00,INDUSINDBK,1489.0,1508.0,1475.05,1504.2,2390096
2024-02-20 00:00:00,KOTAKBANK,1739.7,1768.65,1737.35,1762.5,7611124
2024-02-20 00:00:00,PNB,129.0,130.5,128.2,129.5,32539004
2024-02-20 00:00:00,SBIN,759.05,763.5,754.0,760.1,12528399
2024-02-20 00:00:00,UNIONBANK,142.4,145.0,140.8,141.1,20767191
2024-02-20 00:00:00,YESBANK,27.1,27.35,26.45,26.6,369440835
2024-02-21 00:00:00,AUBANK,602.55,602.55,584.4,588.15,3176517
2024-02-21 00:00:00,AXISBANK,1093.85,1093.95,1073.1,1084.2,9177213
2024-02-21 00:00:00,BANDHANBNK,203.9,204.15,199.75,200.55,7362611
2024-02-21 00:00:00,BANKBARODA,273.5,279.5,273.0,275.1,19624058
2024-02-21 00:00:00,CANBK,569.5,582.75,564.05,567.35,11221001
2024-02-21 00:00:00,FEDERALBNK,156.1,156.1,153.25,153.75,14375228
2024-02-21 00:00:00,HDFCBANK,1464.0,1464.0,1435.0,1439.15,22946568
2024-02-21 00:00:00,ICICIBANK,1056.8,1064.0,1048.0,1051.95,15946325
2024-02-21 00:00:00,IDFCFIRSTB,82.0,82.2,80.7,80.95,21427671
2024-02-21 00:00:00,INDUSINDBK,1520.0,1526.8,1502.5,1517.25,5259113
2024-02-21 00:00:00,KOTAKBANK,1769.0,1769.0,1740.55,1746.1,4184871
2024-02-21 00:00:00,PNB,129.95,131.15,127.2,128.35,54001521
2024-02-21 00:00:00,SBIN,760.65,777.5,759.6,771.5,21465311
2024-02-21 00:00:00,UNIONBANK,146.7,150.8,144.15,145.1,58178774
2024-02-21 00:00:00,YESBANK,26.85,27.1,25.4,25.55,435692162
2024-02-22 00:00:00,AUBANK,588.55,594.0,583.6,592.5,2315282
2024-02-22 00:00:00,AXISBANK,1090.3,1110.7,1081.5,1100.9,14633340
2024-02-22 00:00:00,BANDHANBNK,201.4,204.15,198.3,203.65,6594640
2024-02-22 00:00:00,BANKBARODA,275.25,276.95,270.15,275.6,11871556
2024-02-22 00:00:00,CANBK,573.0,584.7,563.45,582.2,8046194
2024-02-22 00:00:00,FEDERALBNK,154.7,154.8,152.35,153.6,9963362
2024-02-22 00:00:00,HDFCBANK,1417.75,1428.8,1412.2,1419.55,25280441
2024-02-22 00:00:00,ICICIBANK,1056.0,1066.0,1040.3,1062.7,13432573
2024-02-22 00:00:00,IDFCFIRSTB,80.95,81.45,80.15,81.15,21248658
2024-02-22 00:00:00,INDUSINDBK,1517.25,1520.0,1463.5,1489.15,4969478
2024-02-22 00:00:00,KOTAKBANK,1744.5,1745.0,1714.2,1724.75,6200760
2024-02-22 00:00:00,PNB,128.95,129.3,125.65,129.0,41873541
2024-02-22 00:00:00,SBIN,773.0,773.0,757.0,765.9,18799244
2024-02-22 00:00:00,UNIONBANK,146.45,147.95,142.1,147.3,24062941
2024-02-22 00:00:00,YESBANK,25.8,27.35,24.95,27.15,667905535
2024-02-23 00:00:00,AUBANK,596.45,606.95,593.4,599.95,3450186
2024-02-23 00:00:00,AXISBANK,1099.0,1107.4,1090.0,1096.8,6250943
2024-02-23 00:00:00,BANDHANBNK,204.95,209.35,204.45,208.25,13607467
2024-02-23 00:00:00,BANKBARODA,276.0,280.15,265.3,268.85,23264484
2024-02-23 00:00:00,CANBK,585.0,598.8,578.15,580.45,16451936
2024-02-23 00:00:00,FEDERALBNK,154.9,154.9,152.0,152.45,21338955
2024-02-23 00:00:00,HDFCBANK,1422.55,1433.9,1418.0,1420.6,14916726
2024-02-23 00:00:00,ICICIBANK,1070.0,1070.0,1057.65,1061.3,13142759
2024-02-23 00:00:00,IDFCFIRSTB,81.45,83.75,81.4,82.85,36200294
2024-02-23 00:00:00,INDUSINDBK,1498.45,1504.9,1475.05,1480.3,2557861
2024-02-23 00:00:00,KOTAKBANK,1724.5,1732.75,1715.4,1724.0,3453766
2024-02-23 00:00:00,PNB,129.5,130.8,127.0,127.95,48191136
2024-02-23 00:00:00,SBIN,765.9,770.5,755.0,759.05,14143636
2024-02-23 00:00:00,UNIONBANK,149.2,149.2,145.1,145.9,18645495
2024-02-23 00:00:00,YESBANK,26.85,27.4,26.1,26.2,353166971
2024-02-26 00:00:00,AUBANK,599.95,603.9,583.85,586.2,6638312
2024-02-26 00:00:00,AXISBANK,1093.45,1094.8,1079.65,1085.2,5354189
2024-02-26 00:00:00,BANDHANBNK,209.2,209.2,199.7,202.6,26710009
2024-02-26 00:00:00,BANKBARODA,268.85,272.4,266.7,269.55,12448638
2024-02-26 00:00:00,CANBK,584.0,584.0,570.0,573.25,8106910
2024-02-26 00:00:00,FEDERALBNK,152.5,153.1,149.9,151.5,25950539
2024-02-26 00:00:00,HDFCBANK,1413.55,1434.85,1413.55,1422.3,11753435
2024-02-26 00:00:00,ICICIBANK,1053.1,1062.3,1050.5,1054.2,7875941
2024-02-26 00:00:00,IDFCFIRSTB,82.7,84.65,82.45,83.95,66470288
2024-02-26 00:00:00,INDUSINDBK,1481.0,1486.0,1463.9,1466.5,2077787
2024-02-26 00:00:00,KOTAKBANK,1722.1,1725.4,1701.95,1706.3,5958066
2024-02-26 00:00:00,PNB,127.9,128.25,124.3,124.85,41091685
2024-02-26 00:00:00,SBIN,755.0,766.35,752.7,758.9,11355186
2024-02-26 00:00:00,UNIONBANK,145.0,148.65,144.25,147.15,21337245
2024-02-26 00:00:00,YESBANK,26.0,26.0,25.1,25.25,271088654
2024-02-27 00:00:00,AUBANK,588.45,595.7,586.3,590.4,1683135
2024-02-27 00:00:00,AXISBANK,1081.65,1088.55,1072.05,1079.05,6546815
2024-02-27 00:00:00,BANDHANBNK,203.05,204.35,200.75,201.15,8341347
2024-02-27 00:00:00,BANKBARODA,269.55,273.1,267.4,270.35,15572873
2024-02-27 00:00:00,CANBK,579.3,584.3,567.3,571.9,10702657
2024-02-27 00:00:00,FEDERALBNK,152.7,154.75,151.05,154.2,15504425
2024-02-27 00:00:00,HDFCBANK,1413.55,1426.7,1413.05,1420.15,16043575
2024-02-27 00:00:00,ICICIBANK,1050.75,1066.2,1046.5,1060.2,10580973
2024-02-27 00:00:00,IDFCFIRSTB,84.0,84.5,83.0,83.3,24228307
2024-02-27 00:00:00,INDUSINDBK,1466.5,1497.35,1458.5,1493.05,2843312
2024-02-27 00:00:00,KOTAKBANK,1713.0,1714.95,1697.0,1706.75,4431652
2024-02-27 00:00:00,PNB,124.85,125.75,122.6,123.4,37510230
2024-02-27 00:00:00,SBIN,758.9,762.35,742.2,749.85,13969393
2024-02-27 00:00:00,UNIONBANK,148.0,148.1,143.85,146.1,19010674
2024-02-27 00:00:00,YESBANK,25.3,26.15,25.0,25.1,312044110
2024-02-28 00:00:00,AUBANK,594.0,594.0,567.8,571.15,3000799
2024-02-28 00:00:00,AXISBANK,1077.4,1085.0,1064.05,1074.2,7643191
2024-02-28 00:00:00,BANDHANBNK,201.2,202.2,195.9,196.65,9979111
2024-02-28 00:00:00,BANKBARODA,270.35,271.45,260.65,261.75,13653858
2024-02-28 00:00:00,CANBK,574.5,574.75,547.65,550.45,12561517
2024-02-28 00:00:00,FEDERALBNK,154.2,154.6,149.75,150.3,9726132
2024-02-28 00:00:00,HDFCBANK,1420.15,1424.2,1404.0,1409.4,12660993
2024-02-28 00:00:00,ICICIBANK,1063.0,1064.85,1042.15,1046.2,7730332
2024-02-28 00:00:00,IDFCFIRSTB,83.7,83.85,80.15,80.55,32991886
2024-02-28 00:00:00,INDUSINDBK,1495.0,1503.45,1442.5,1449.2,2661887
2024-02-28 00:00:00,KOTAKBANK,1711.0,1712.85,1675.2,1683.6,3076327
2024-02-28 00:00:00,PNB,124.0,125.45,120.15,120.75,52883269
2024-02-28 00:00:00,SBIN,749.85,756.75,741.0,742.5,11263318
2024-02-28 00:00:00,UNIONBANK,143.0,143.65,138.85,140.85,44713845
2024-02-28 00:00:00,YESBANK,25.35,25.45,23.6,23.8,372869982
2024-02-29 00:00:00,AUBANK,573.9,576.45,564.45,569.85,3314480
2024-02-29 00:00:00,AXISBANK,1071.0,1082.3,1055.35,1075.1,13648997
2024-02-29 00:00:00,BANDHANBNK,196.65,197.65,193.1,195.6,19407356
2024-02-29 00:00:00,BANKBARODA,261.4,267.6,258.35,265.45,16296464
2024-02-29 00:00:00,CANBK,551.05,567.95,544.25,564.45,9705711
2024-02-29 00:00:00,FEDERALBNK,150.9,151.2,148.1,150.4,12829211
2024-02-29 00:00:00,HDFCBANK,1402.1,1410.4,1397.3,1403.4,26647850
2024-02-29 00:00:00,ICICIBANK,1043.05,1060.7,1038.5,1052.2,20944844
2024-02-29 00:00:00,IDFCFIRSTB,80.45,81.4,79.3,81.05,45176959
2024-02-29 00:00:00,INDUSINDBK,1451.0,1484.0,1440.0,1474.9,4216252
2024-02-29 00:00:00,KOTAKBANK,1687.0,1702.25,1667.4,1689.45,6606975
2024-02-29 00:00:00,PNB,120.75,125.55,118.7,121.85,356428226
2024-02-29 00:00:00,SBIN,743.9,753.9,737.15,748.1,19217113
2024-02-29 00:00:00,UNIONBANK,141.2,150.8,138.95,146.3,227287955
2024-02-29 00:00:00,YESBANK,24.15,24.8,23.85,24.45,362379098
2024-03-01 00:00:00,AUBANK,574.4,579.8,570.45,575.55,1665391
2024-03-01 00:00:00,AXISBANK,1076.0,1101.7,1076.0,1099.25,4819390
2024-03-01 00:00:00,BANDHANBNK,197.5,200.5,196.5,199.85,7821881
2024-03-01 00:00:00,BANKBARODA,266.5,272.2,265.4,271.15,9702235
2024-03-01 00:00:00,CANBK,570.0,579.4,568.0,578.65,7369785
2024-03-01 00:00:00,FEDERALBNK,151.4,153.0,150.9,152.6,7683577
2024-03-01 00:00:00,HDFCBANK,1400.0,1432.75,1400.0,1430.75,17369449
2024-03-01 00:00:00,ICICIBANK,1055.0,1089.95,1054.0,1086.9,14909562
2024-03-01 00:00:00,IDFCFIRSTB,81.35,82.85,80.85,82.2,32043837
2024-03-01 00:00:00,INDUSINDBK,1480.0,1528.75,1477.85,1526.65,3549401
2024-03-01 00:00:00,KOTAKBANK,1695.5,1730.25,1695.0,1727.7,3444150
2024-03-01 00:00:00,PNB,123.05,125.0,121.0,124.85,52161604
2024-03-01 00:00:00,SBIN,752.0,772.0,751.95,769.15,17348526
2024-03-01 00:00:00,UNIONBANK,146.95,147.7,145.3,146.7,17073718
2024-03-01 00:00:00,YESBANK,24.9,25.1,24.55,24.95,214554855
2024-03-02 00:00:00,AUBANK,578.0,583.7,572.45,578.0,329643
2024-03-02 00:00:00,AXISBANK,1099.3,1104.9,1091.15,1096.7,250465
2024-03-02 00:00:00,BANDHANBNK,200.0,201.4,199.9,200.75,952270
2024-03-02 00:00:00,BANKBARODA,271.2,273.0,271.05,271.85,855493
2024-03-02 00:00:00,CANBK,580.85,591.2,580.0,586.75,1882834
2024-03-02 00:00:00,FEDERALBNK,153.35,154.5,152.75,153.4,644638
2024-03-02 00:00:00,HDFCBANK,1434.55,1436.0,1428.1,1430.75,895265
2024-03-02 00:00:00,ICICIBANK,1087.25,1089.45,1080.5,1084.65,481475
2024-03-02 00:00:00,IDFCFIRSTB,82.7,82.8,82.5,82.55,2582048
2024-03-02 00:00:00,INDUSINDBK,1535.0,1538.0,1524.0,1526.0,179042
2024-03-02 00:00:00,KOTAKBANK,1728.0,1733.0,1717.2,1723.7,179918
2024-03-02 00:00:00,PNB,125.15,126.4,124.6,125.8,3731867
2024-03-02 00:00:00,SBIN,771.95,777.0,768.9,773.3,1158960
2024-03-02 00:00:00,UNIONBANK,146.6,147.5,146.1,146.95,1346228
2024-03-02 00:00:00,YESBANK,25.05,25.35,24.85,25.25,39643813
2024-03-04 00:00:00,AUBANK,578.05,583.9,575.95,580.1,3884607
2024-03-04 00:00:00,AXISBANK,1099.25,1108.9,1093.1,1106.75,5895441
2024-03-04 00:00:00,BANDHANBNK,201.1,201.7,198.45,199.0,7532396
2024-03-04 00:00:00,BANKBARODA,273.55,276.25,272.1,273.2,11707996
2024-03-04 00:00:00,CANBK,588.8,594.45,584.0,591.9,6901156
2024-03-04 00:00:00,FEDERALBNK,154.3,154.3,152.15,153.6,11491625
2024-03-04 00:00:00,HDFCBANK,1430.95,1437.0,1424.3,1432.7,17808237
2024-03-04 00:00:00,ICICIBANK,1081.0,1095.0,1080.1,1092.35,11424581
2024-03-04 00:00:00,IDFCFIRSTB,82.55,82.85,81.45,82.1,29402794
2024-03-04 00:00:00,INDUSINDBK,1529.95,1538.95,1520.35,1531.3,2985524
2024-03-04 00:00:00,KOTAKBANK,1727.95,1741.5,1718.5,1727.2,2777198
2024-03-04 00:00:00,PNB,126.45,126.7,124.75,126.05,43386707
2024-03-04 00:00:00,SBIN,774.4,777.0,769.0,772.05,9789141
2024-03-04 00:00:00,UNIONBANK,148.8,150.4,147.25,148.85,18755485
2024-03-04 00:00:00,YESBANK,25.35,25.7,24.6,24.8,183649074
2024-03-05 00:00:00,AUBANK,589.4,590.0,571.0,571.75,2733333
2024-03-05 00:00:00,AXISBANK,1102.2,1110.9,1094.5,1100.8,4851446
2024-03-05 00:00:00,BANDHANBNK,199.9,201.65,197.45,197.95,8212814
2024-03-05 00:00:00,BANKBARODA,272.95,278.6,272.25,278.1,14431461
2024-03-05 00:00:00,CANBK,590.8,604.0,588.1,602.45,11114961
2024-03-05 00:00:00,FEDERALBNK,153.2,157.2,153.1,155.2,15097161
2024-03-05 00:00:00,HDFCBANK,1422.0,1443.0,1421.65,1440.85,18995836
2024-03-05 00:00:00,ICICIBANK,1086.2,1099.5,1076.5,1088.05,9222544
2024-03-05 00:00:00,IDFCFIRSTB,82.0,82.5,81.15,81.55,18904629
2024-03-05 00:00:00,INDUSINDBK,1529.65,1547.0,1524.0,1542.45,2694157
2024-03-05 00:00:00,KOTAKBANK,1726.9,1727.2,1708.95,1715.7,3122194
2024-03-05 00:00:00,PNB,125.85,130.0,125.5,129.7,60554186
2024-03-05 00:00:00,SBIN,769.5,786.95,769.1,783.95,18088847
2024-03-05 00:00:00,UNIONBANK,148.85,158.7,147.85,157.9,63767342
2024-03-05 00:00:00,YESBANK,24.8,25.0,24.4,24.5,173143571
2024-03-06 00:00:00,AUBANK,575.35,578.2,564.45,566.8,3655651
2024-03-06 00:00:00,AXISBANK,1100.2,1131.95,1095.35,1125.0,13787638
2024-03-06 00:00:00,BANDHANBNK,198.0,198.45,193.85,194.9,14535779
2024-03-06 00:00:00,BANKBARODA,277.85,284.25,271.3,282.55,32754392
2024-03-06 00:00:00,CANBK,604.0,606.3,585.1,600.0,8864146
2024-03-06 00:00:00,FEDERALBNK,155.45,158.55,152.7,157.25,28581350
2024-03-06 00:00:00,HDFCBANK,1433.55,1452.85,1433.55,1442.6,21204765
2024-03-06 00:00:00,ICICIBANK,1080.3,1113.55,1080.3,1097.1,21796484
2024-03-06 00:00:00,IDFCFIRSTB,81.4,82.1,80.1,81.8,43084290
2024-03-06 00:00:00,INDUSINDBK,1542.45,1564.75,1536.55,1554.55,5167456
2024-03-06 00:00:00,KOTAKBANK,1722.85,1771.95,1718.4,1759.75,7451712
2024-03-06 00:00:00,PNB,129.6,130.7,125.6,130.35,82989654
2024-03-06 00:00:00,SBIN,783.65,790.3,772.9,783.9,26710525
2024-03-06 00:00:00,UNIONBANK,158.0,158.6,153.0,155.0,27499978
2024-03-06 00:00:00,YESBANK,24.5,24.5,23.5,23.6,310625402
2024-03-07 00:00:00,AUBANK,570.0,575.95,565.5,571.25,2332771
2024-03-07 00:00:00,AXISBANK,1126.0,1126.9,1107.55,1111.45,6943879
2024-03-07 00:00:00,BANDHANBNK,196.7,197.35,194.55,195.05,5189243
2024-03-07 00:00:00,BANKBARODA,282.55,284.5,279.2,281.75,10994198
2024-03-07 00:00:00,CANBK,600.1,605.5,594.0,597.95,5932111
2024-03-07 00:00:00,FEDERALBNK,157.95,158.0,155.65,156.35,7038942
2024-03-07 00:00:00,HDFCBANK,1445.5,1451.05,1441.4,1446.1,24674023
2024-03-07 00:00:00,ICICIBANK,1094.95,1095.0,1082.7,1087.95,9963926
2024-03-07 00:00:00,IDFCFIRSTB,81.95,82.2,80.65,80.8,19532765
2024-03-07 00:00:00,INDUSINDBK,1556.45,1571.5,1546.05,1563.75,2285176
2024-03-07 00:00:00,KOTAKBANK,1759.75,1764.9,1745.0,1748.05,3139360
2024-03-07 00:00:00,PNB,130.55,131.65,129.5,129.85,38719979
2024-03-07 00:00:00,SBIN,790.0,793.4,783.0,788.05,15497868
2024-03-07 00:00:00,UNIONBANK,155.95,161.9,153.65,157.35,28694977
2024-03-07 00:00:00,YESBANK,23.7,24.2,23.65,23.85,172310156
2024-03-11 00:00:00,AUBANK,572.0,585.35,569.3,584.2,4579646
2024-03-11 00:00:00,AXISBANK,1112.25,1120.0,1101.9,1105.1,6751641
2024-03-11 00:00:00,BANDHANBNK,196.0,196.15,190.05,191.8,16936507
2024-03-11 00:00:00,BANKBARODA,283.85,285.6,276.5,277.4,18217736
2024-03-11 00:00:00,CANBK,597.95,602.4,584.2,586.25,6354256
2024-03-11 00:00:00,FEDERALBNK,156.35,157.2,154.65,155.4,12353089
2024-03-11 00:00:00,HDFCBANK,1430.0,1445.95,1423.0,1427.8,25265547
2024-03-11 00:00:00,ICICIBANK,1087.95,1087.95,1076.75,1078.7,13310362
2024-03-11 00:00:00,IDFCFIRSTB,81.1,81.35,80.0,80.5,29349863
2024-03-11 00:00:00,INDUSINDBK,1566.1,1568.75,1536.6,1541.05,1694488
2024-03-11 00:00:00,KOTAKBANK,1765.9,1769.85,1724.25,1729.65,3640143
2024-03-11 00:00:00,PNB,130.4,132.95,128.1,128.9,55291160
2024-03-11 00:00:00,SBIN,790.0,792.8,770.55,773.7,16778340
2024-03-11 00:00:00,UNIONBANK,158.15,160.85,152.75,153.75,19818827
2024-03-11 00:00:00,YESBANK,24.0,24.3,23.55,23.65,176614273
2024-03-12 00:00:00,AUBANK,586.8,590.85,574.65,576.05,2657472
2024-03-12 00:00:00,AXISBANK,1105.0,1121.4,1084.25,1097.0,9817138
2024-03-12 00:00:00,BANDHANBNK,192.15,192.9,188.15,188.7,9664742
2024-03-12 00:00:00,BANKBARODA,277.0,279.5,270.85,271.6,12003823
2024-03-12 00:00:00,CANBK,586.25,589.1,565.0,566.9,8637213
2024-03-12 00:00:00,FEDERALBNK,156.0,156.35,151.25,151.75,12926472
2024-03-12 00:00:00,HDFCBANK,1434.0,1464.0,1429.25,1459.55,32709227
2024-03-12 00:00:00,ICICIBANK,1077.05,1094.8,1055.65,1076.85,21785435
2024-03-12 00:00:00,IDFCFIRSTB,80.45,81.2,79.2,79.5,28235190
2024-03-12 00:00:00,INDUSINDBK,1541.05,1555.95,1528.5,1533.05,1918571
2024-03-12 00:00:00,KOTAKBANK,1734.9,1743.45,1707.35,1720.35,10243298
2024-03-12 00:00:00,PNB,128.8,130.1,124.85,125.95,43724417
2024-03-12 00:00:00,SBIN,770.0,777.75,757.35,759.7,21529705
2024-03-12 00:00:00,UNIONBANK,154.4,155.45,148.0,150.4,22173988
2024-03-12 00:00:00,YESBANK,23.75,23.85,22.7,22.85,219277943
2024-03-13 00:00:00,AUBANK,578.0,586.45,570.9,576.9,4609989
2024-03-13 00:00:00,AXISBANK,1096.0,1099.55,1070.75,1080.4,11503890
2024-03-13 00:00:00,BANDHANBNK,189.3,189.95,176.85,178.7,18229091
2024-03-13 00:00:00,BANKBARODA,272.0,273.45,258.4,260.9,20711328
2024-03-13 00:00:00,CANBK,569.05,571.65,529.45,536.45,12207180
2024-03-13 00:00:00,FEDERALBNK,152.35,152.75,146.75,148.5,12273615
2024-03-13 00:00:00,HDFCBANK,1465.5,1471.6,1450.1,1460.4,31533727
2024-03-13 00:00:00,ICICIBANK,1077.15,1089.65,1073.15,1083.95,24855870
2024-03-13 00:00:00,IDFCFIRSTB,79.6,80.0,77.0,77.5,43314356
2024-03-13 00:00:00,INDUSINDBK,1535.0,1540.6,1495.0,1502.65,4165036
2024-03-13 00:00:00,KOTAKBANK,1720.35,1742.75,1717.2,1729.55,5816083
2024-03-13 00:00:00,PNB,126.3,126.85,116.9,118.8,69647674
2024-03-13 00:00:00,SBIN,758.65,763.7,743.0,747.25,27950252
2024-03-13 00:00:00,UNIONBANK,151.5,153.0,139.5,141.55,27124015
2024-03-13 00:00:00,YESBANK,22.9,23.1,20.75,20.95,604559562
2024-03-14 00:00:00,AUBANK,573.0,587.85,569.0,583.95,2141385
2024-03-14 00:00:00,AXISBANK,1075.0,1081.25,1055.6,1058.25,10253613
2024-03-14 00:00:00,BANDHANBNK,178.7,183.15,173.15,179.65,16837953
2024-03-14 00:00:00,BANKBARODA,259.9,263.85,255.6,259.2,13623004
2024-03-14 00:00:00,CANBK,534.0,554.65,529.1,547.0,9203619
2024-03-14 00:00:00,FEDERALBNK,146.0,148.25,139.65,146.05,23395531
2024-03-14 00:00:00,HDFCBANK,1462.1,1466.0,1444.3,1455.45,26216079
2024-03-14 00:00:00,ICICIBANK,1080.0,1097.1,1075.05,1083.6,14231421
2024-03-14 00:00:00,IDFCFIRSTB,76.8,78.8,76.1,78.45,30981907
2024-03-14 00:00:00,INDUSINDBK,1471.55,1506.9,1469.2,1476.75,3652530
2024-03-14 00:00:00,KOTAKBANK,1725.0,1757.85,1719.15,1742.4,4809633
2024-03-14 00:00:00,PNB,117.0,122.3,116.3,120.65,54520717
2024-03-14 00:00:00,SBIN,749.9,750.8,734.05,741.05,19730882
2024-03-14 00:00:00,UNIONBANK,139.5,144.45,138.1,143.65,19666323
2024-03-14 00:00:00,YESBANK,20.95,23.75,20.55,23.45,619816481
2024-03-15 00:00:00,AUBANK,583.9,587.3,575.1,578.25,2181470
2024-03-15 00:00:00,AXISBANK,1056.25,1056.25,1030.25,1046.4,17798175
2024-03-15 00:00:00,BANDHANBNK,180.5,186.0,179.1,183.15,12223804
2024-03-15 00:00:00,BANKBARODA,258.5,261.5,250.15,254.0,17126874
2024-03-15 00:00:00,CANBK,547.0,554.0,529.75,549.15,9527125
2024-03-15 00:00:00,FEDERALBNK,146.75,151.15,146.0,150.45,18505435
2024-03-15 00:00:00,HDFCBANK,1450.0,1459.3,1442.25,1452.65,71806902
2024-03-15 00:00:00,ICICIBANK,1072.0,1086.25,1070.0,1080.35,66192734
2024-03-15 00:00:00,IDFCFIRSTB,78.1,79.3,77.2,78.7,23691683
2024-03-15 00:00:00,INDUSINDBK,1474.0,1489.5,1456.7,1484.35,2985042
2024-03-15 00:00:00,KOTAKBANK,1735.8,1756.0,1721.2,1738.3,15507454
2024-03-15 00:00:00,PNB,120.6,121.25,114.9,117.75,61465003
2024-03-15 00:00:00,SBIN,739.25,746.55,723.0,731.9,29792241
2024-03-15 00:00:00,UNIONBANK,143.9,150.5,137.7,148.0,24676537
2024-03-15 00:00:00,YESBANK,23.65,24.4,22.75,23.8,535542732
2024-03-18 00:00:00,AUBANK,581.9,583.75,567.7,569.85,3332799
2024-03-18 00:00:00,AXISBANK,1044.0,1066.9,1043.6,1061.35,7612407
2024-03-18 00:00:00,BANDHANBNK,185.0,186.15,180.8,181.35,8657646
2024-03-18 00:00:00,BANKBARODA,253.45,257.9,252.2,254.5,10806790
2024-03-18 00:00:00,CANBK,550.0,556.0,545.1,553.05,5005443
2024-03-18 00:00:00,FEDERALBNK,151.0,152.25,146.9,147.35,20703599
2024-03-18 00:00:00,HDFCBANK,1447.0,1456.0,1435.8,1446.05,10718928
2024-03-18 00:00:00,ICICIBANK,1075.05,1084.8,1060.05,1081.2,8769440
2024-03-18 00:00:00,IDFCFIRSTB,78.75,79.4,77.65,77.95,26373762
2024-03-18 00:00:00,INDUSINDBK,1487.25,1491.6,1466.3,1480.7,2365287
2024-03-18 00:00:00,KOTAKBANK,1737.4,1744.85,1715.3,1737.9,2314143
2024-03-18 00:00:00,PNB,117.95,120.5,117.25,120.0,31528977
2024-03-18 00:00:00,SBIN,727.1,737.9,722.1,730.95,18145126
2024-03-18 00:00:00,UNIONBANK,149.0,154.0,146.4,153.25,16880446
2024-03-18 00:00:00,YESBANK,23.9,24.1,23.25,23.45,258256717
2024-03-19 00:00:00,AUBANK,576.5,582.4,558.05,560.15,3113350
2024-03-19 00:00:00,AXISBANK,1055.55,1060.95,1046.7,1050.8,6728886
2024-03-19 00:00:00,BANDHANBNK,181.85,182.75,179.3,180.45,7297535
2024-03-19 00:00:00,BANKBARODA,253.8,255.8,248.5,249.1,11016984
2024-03-19 00:00:00,CANBK,552.7,555.8,546.15,548.4,4271199
2024-03-19 00:00:00,FEDERALBNK,148.0,148.5,145.65,147.5,8094302
2024-03-19 00:00:00,HDFCBANK,1435.5,1452.4,1435.5,1449.35,18091797
2024-03-19 00:00:00,ICICIBANK,1078.45,1088.75,1075.25,1083.95,16708715
2024-03-19 00:00:00,IDFCFIRSTB,77.7,78.4,76.35,76.65,19836484
2024-03-19 00:00:00,INDUSINDBK,1476.05,1482.95,1430.85,1434.1,3180412
2024-03-19 00:00:00,KOTAKBANK,1734.85,1756.9,1730.55,1749.65,4481075
2024-03-19 00:00:00,PNB,120.5,120.7,115.95,116.55,33325451
2024-03-19 00:00:00,SBIN,730.0,734.35,721.15,723.8,15205043
2024-03-19 00:00:00,UNIONBANK,152.85,155.35,148.15,149.15,13193308
2024-03-19 00:00:00,YESBANK,23.4,23.7,22.85,22.95,215509042
2024-03-20 00:00:00,AUBANK,562.2,568.5,553.7,559.9,5079488
2024-03-20 00:00:00,AXISBANK,1050.0,1057.45,1030.95,1034.75,12619644
2024-03-20 00:00:00,BANDHANBNK,181.5,181.9,177.05,177.85,11378108
2024-03-20 00:00:00,BANKBARODA,249.9,253.0,243.8,249.85,17342930
2024-03-20 00:00:00,CANBK,549.9,554.35,535.55,551.05,6052421
2024-03-20 00:00:00,FEDERALBNK,148.95,149.4,145.85,147.45,14058739
2024-03-20 00:00:00,HDFCBANK,1449.05,1451.65,1424.65,1431.05,21803047
2024-03-20 00:00:00,ICICIBANK,1080.0,1090.0,1067.5,1084.5,18725251
2024-03-20 00:00:00,IDFCFIRSTB,77.2,77.4,75.9,76.35,30072164
2024-03-20 00:00:00,INDUSINDBK,1440.0,1464.0,1422.7,1441.55,5480729
2024-03-20 00:00:00,KOTAKBANK,1751.4,1768.5,1730.8,1765.4,4420886
2024-03-20 00:00:00,PNB,117.25,118.3,114.15,116.65,43979002
2024-03-20 00:00:00,SBIN,725.15,738.95,719.8,736.25,25405455
2024-03-20 00:00:00,UNIONBANK,149.15,150.3,143.8,144.65,14794112
2024-03-20 00:00:00,YESBANK,23.25,23.6,22.8,23.05,194241830
2024-03-21 00:00:00,AUBANK,568.4,571.9,563.55,565.95,2026437
2024-03-21 00:00:00,AXISBANK,1039.35,1050.55,1028.15,1035.6,9903738
2024-03-21 00:00:00,BANDHANBNK,180.0,182.0,179.4,180.45,9616624
2024-03-21 00:00:00,BANKBARODA,253.5,257.3,253.0,255.7,10121220
2024-03-21 00:00:00,CANBK,560.0,568.5,558.0,563.9,5562847
2024-03-21 00:00:00,FEDERALBNK,149.0,150.25,147.0,149.95,6212045
2024-03-21 00:00:00,HDFCBANK,1442.6,1451.25,1438.3,1445.75,14461430
2024-03-21 00:00:00,ICICIBANK,1092.0,1100.0,1079.15,1081.8,19992607
2024-03-21 00:00:00,IDFCFIRSTB,77.0,78.05,77.0,77.9,17142982
2024-03-21 00:00:00,INDUSINDBK,1460.0,1486.9,1459.0,1484.1,3870591
2024-03-21 00:00:00,KOTAKBANK,1772.1,1790.65,1764.3,1772.15,3783681
2024-03-21 00:00:00,PNB,118.55,121.55,118.4,121.05,38099730
2024-03-21 00:00:00,SBIN,742.0,750.6,740.55,744.3,15161161
2024-03-21 00:00:00,UNIONBANK,146.9,149.25,146.15,146.8,9946607
2024-03-21 00:00:00,YESBANK,23.35,23.65,23.1,23.4,176412547
2024-03-22 00:00:00,AUBANK,564.0,568.9,561.25,564.25,2314067
2024-03-22 00:00:00,AXISBANK,1040.1,1047.25,1029.95,1033.3,9891194
2024-03-22 00:00:00,BANDHANBNK,181.0,182.85,180.45,181.75,14713576
2024-03-22 00:00:00,BANKBARODA,255.5,260.9,253.65,259.8,11402546
2024-03-22 00:00:00,CANBK,563.9,577.5,563.45,573.15,5823098
2024-03-22 00:00:00,FEDERALBNK,150.0,151.3,149.1,149.6,8409218
2024-03-22 00:00:00,HDFCBANK,1441.0,1450.75,1437.75,1442.85,22990163
2024-03-22 00:00:00,ICICIBANK,1081.15,1093.7,1078.7,1090.3,17214415
2024-03-22 00:00:00,IDFCFIRSTB,78.0,78.95,77.75,78.05,22341514
2024-03-22 00:00:00,INDUSINDBK,1477.75,1520.35,1473.0,1512.1,5309042
2024-03-22 00:00:00,KOTAKBANK,1769.9,1782.5,1765.0,1776.4,7061283
2024-03-22 00:00:00,PNB,121.0,123.3,120.1,122.75,35001868
2024-03-22 00:00:00,SBIN,743.85,748.8,741.4,746.7,15535921
2024-03-22 00:00:00,UNIONBANK,148.5,150.85,147.6,148.1,18104178
2024-03-22 00:00:00,YESBANK,23.4,24.2,23.2,23.9,261281861
2024-03-26 00:00:00,AUBANK,564.25,568.8,561.7,563.0,1569118
2024-03-26 00:00:00,AXISBANK,1029.0,1044.2,1027.5,1040.55,9656767
2024-03-26 00:00:00,BANDHANBNK,181.35,183.75,180.2,181.75,11903481
2024-03-26 00:00:00,BANKBARODA,259.0,263.75,259.0,261.55,8259347
2024-03-26 00:00:00,CANBK,571.95,574.65,567.3,571.85,4969623
2024-03-26 00:00:00,FEDERALBNK,149.6,151.5,148.65,149.8,7742995
2024-03-26 00:00:00,HDFCBANK,1427.2,1437.95,1422.15,1425.4,28422145
2024-03-26 00:00:00,ICICIBANK,1081.0,1089.15,1076.95,1083.7,13367635
2024-03-26 00:00:00,IDFCFIRSTB,78.05,78.85,77.6,77.7,30845542
2024-03-26 00:00:00,INDUSINDBK,1512.1,1523.6,1502.2,1518.7,9046136
2024-03-26 00:00:00,KOTAKBANK,1765.0,1775.4,1750.0,1753.7,5303630
2024-03-26 00:00:00,PNB,122.8,124.6,122.15,123.95,30860596
2024-03-26 00:00:00,SBIN,743.05,747.85,738.5,740.05,14678342
2024-03-26 00:00:00,UNIONBANK,148.1,150.85,146.7,150.0,10248530
2024-03-26 00:00:00,YESBANK,23.9,24.15,23.45,23.55,214847555
2024-03-27 00:00:00,AUBANK,564.8,566.8,557.2,561.5,4923826
2024-03-27 00:00:00,AXISBANK,1045.8,1057.55,1044.25,1052.85,17027308
2024-03-27 00:00:00,BANDHANBNK,182.2,183.5,179.55,180.85,19522292
2024-03-27 00:00:00,BANKBARODA,261.0,263.8,257.7,258.75,19196992
2024-03-27 00:00:00,CANBK,571.85,574.7,562.35,564.25,4410227
2024-03-27 00:00:00,FEDERALBNK,149.8,151.4,148.5,149.8,20853016
2024-03-27 00:00:00,HDFCBANK,1423.55,1447.95,1421.25,1440.7,31084334
2024-03-27 00:00:00,ICICIBANK,1083.7,1092.5,1079.55,1083.75,26907245
2024-03-27 00:00:00,IDFCFIRSTB,77.85,78.8,77.25,77.8,56133743
2024-03-27 00:00:00,INDUSINDBK,1519.0,1542.95,1514.45,1533.55,8408702
2024-03-27 00:00:00,KOTAKBANK,1758.0,1779.8,1753.9,1775.6,8231130
2024-03-27 00:00:00,PNB,124.0,125.15,122.2,122.75,42673023
2024-03-27 00:00:00,SBIN,743.0,745.85,730.2,733.3,30088789
2024-03-27 00:00:00,UNIONBANK,150.35,151.95,148.7,151.2,11982782
2024-03-27 00:00:00,YESBANK,23.55,23.75,23.0,23.15,181249947
2024-03-28 00:00:00,AUBANK,563.85,570.45,561.0,565.0,2782930
2024-03-28 00:00:00,AXISBANK,1052.85,1058.4,1044.1,1047.2,10235318
2024-03-28 00:00:00,BANDHANBNK,181.3,182.0,179.45,180.0,13334606
2024-03-28 00:00:00,BANKBARODA,258.75,266.4,258.75,264.05,11966752
2024-03-28 00:00:00,CANBK,568.15,587.8,568.1,581.05,10357827
2024-03-28 00:00:00,FEDERALBNK,150.95,151.0,149.05,150.2,7208707
2024-03-28 00:00:00,HDFCBANK,1440.7,1460.5,1440.7,1447.9,27796071
2024-03-28 00:00:00,ICICIBANK,1085.0,1105.05,1085.0,1093.3,22070566
2024-03-28 00:00:00,IDFCFIRSTB,76.3,76.3,75.05,75.4,190831894
2024-03-28 00:00:00,INDUSINDBK,1534.75,1564.5,1533.6,1553.0,3964429
2024-03-28 00:00:00,KOTAKBANK,1777.95,1803.9,1774.2,1785.5,6630072
2024-03-28 00:00:00,PNB,122.9,125.1,122.9,124.4,29453142
2024-03-28 00:00:00,SBIN,737.75,759.55,736.9,752.35,21705116
2024-03-28 00:00:00,UNIONBANK,152.0,154.2,151.25,153.5,11097927
2024-03-28 00:00:00,YESBANK,23.2,23.6,23.1,23.2,189198317
2024-04-01 00:00:00,AUBANK,570.9,591.35,567.0,589.35,4223594
2024-04-01 00:00:00,AXISBANK,1052.35,1063.75,1048.9,1053.1,5484556
2024-04-01 00:00:00,BANDHANBNK,182.75,188.5,181.75,187.85,10421068
2024-04-01 00:00:00,BANKBARODA,266.0,268.25,265.1,266.75,7378701
2024-04-01 00:00:00,CANBK,585.45,590.35,583.3,589.05,3937220
2024-04-01 00:00:00,FEDERALBNK,152.0,153.0,150.9,152.35,8748792
2024-04-01 00:00:00,HDFCBANK,1458.0,1473.8,1455.6,1470.5,12599785
2024-04-01 00:00:00,ICICIBANK,1096.05,1102.95,1094.45,1099.65,10848191
2024-04-01 00:00:00,IDFCFIRSTB,76.2,77.75,75.95,77.5,34749524
2024-04-01 00:00:00,INDUSINDBK,1553.0,1572.75,1539.0,1542.4,2159432
2024-04-01 00:00:00,KOTAKBANK,1795.0,1817.65,1786.5,1790.7,2885880
2024-04-01 00:00:00,PNB,125.45,126.1,124.9,125.6,24639923
2024-04-01 00:00:00,SBIN,759.05,761.5,752.1,758.3,9949971
2024-04-01 00:00:00,UNIONBANK,154.5,157.0,154.1,156.75,8727492
2024-04-01 00:00:00,YESBANK,23.3,24.7,23.3,24.45,245113554
2024-04-02 00:00:00,AUBANK,593.0,598.2,583.25,591.6,4018831
2024-04-02 00:00:00,AXISBANK,1051.0,1055.85,1040.2,1047.2,13617893
2024-04-02 00:00:00,BANDHANBNK,189.0,193.6,187.65,193.1,10760909
2024-04-02 00:00:00,BANKBARODA,267.0,272.15,266.4,271.3,10897757
2024-04-02 00:00:00,CANBK,588.9,595.2,587.65,594.7,3751464
2024-04-02 00:00:00,FEDERALBNK,153.4,154.55,152.6,154.05,8112500
2024-04-02 00:00:00,HDFCBANK,1465.15,1494.85,1463.25,1480.15,20612723
2024-04-02 00:00:00,ICICIBANK,1094.45,1094.45,1079.25,1081.2,14380396
2024-04-02 00:00:00,IDFCFIRSTB,77.5,79.45,77.05,79.15,46916727
2024-04-02 00:00:00,INDUSINDBK,1542.95,1570.95,1537.0,1559.4,2335256
2024-04-02 00:00:00,KOTAKBANK,1793.9,1798.0,1754.45,1757.4,6851190
2024-04-02 00:00:00,PNB,125.5,127.0,124.95,126.7,29181379
2024-04-02 00:00:00,SBIN,758.2,768.75,753.35,766.4,15713063
2024-04-02 00:00:00,UNIONBANK,156.6,158.2,155.6,156.8,8622393
2024-04-02 00:00:00,YESBANK,24.55,24.85,24.25,24.6,191975650
2024-04-03 00:00:00,AUBANK,590.0,607.9,576.65,605.05,11124597
2024-04-03 00:00:00,AXISBANK,1043.8,1070.3,1043.75,1063.25,11573590
2024-04-03 00:00:00,BANDHANBNK,192.0,192.15,189.3,190.5,14292770
2024-04-03 00:00:00,BANKBARODA,270.9,275.7,267.75,274.25,18329459
2024-04-03 00:00:00,CANBK,593.0,611.8,590.0,606.95,8744831
2024-04-03 00:00:00,FEDERALBNK,154.0,155.05,152.25,154.5,12129473
2024-04-03 00:00:00,HDFCBANK,1472.1,1495.65,1471.4,1482.3,22792193
2024-04-03 00:00:00,ICICIBANK,1075.0,1083.65,1072.25,1077.2,15477184
2024-04-03 00:00:00,IDFCFIRSTB,78.8,78.95,78.15,78.4,41884727
2024-04-03 00:00:00,INDUSINDBK,1554.0,1556.9,1538.05,1542.65,3711781
2024-04-03 00:00:00,KOTAKBANK,1753.5,1756.7,1729.0,1731.15,12683551
2024-04-03 00:00:00,PNB,126.7,136.7,125.6,135.15,100643107
2024-04-03 00:00:00,SBIN,764.9,772.6,760.15,771.05,19136981
2024-04-03 00:00:00,UNIONBANK,157.0,158.2,155.0,157.5,13943614
2024-04-03 00:00:00,YESBANK,24.6,25.5,24.4,25.4,336349095
2024-04-04 00:00:00,AUBANK,620.0,639.95,618.5,620.95,12026382
2024-04-04 00:00:00,AXISBANK,1070.0,1080.7,1059.15,1062.95,17964844
2024-04-04 00:00:00,BANDHANBNK,191.95,199.65,191.95,197.95,29229806
2024-04-04 00:00:00,BANKBARODA,276.25,276.7,268.35,269.45,14291037
2024-04-04 00:00:00,CANBK,614.7,614.75,602.3,607.4,7743869
2024-04-04 00:00:00,FEDERALBNK,156.75,156.75,152.25,152.45,16855917
2024-04-04 00:00:00,HDFCBANK,1504.0,1530.0,1504.0,1527.6,44467533
2024-04-04 00:00:00,ICICIBANK,1084.75,1085.8,1063.45,1078.85,21419689
2024-04-04 00:00:00,IDFCFIRSTB,79.0,80.1,78.55,79.45,51797671
2024-04-04 00:00:00,INDUSINDBK,1548.05,1550.45,1511.2,1544.45,6077155
2024-04-04 00:00:00,KOTAKBANK,1747.0,1751.7,1723.3,1749.15,13125292
2024-04-04 00:00:00,PNB,137.05,137.35,134.0,135.1,81127069
2024-04-04 00:00:00,SBIN,775.0,775.3,758.1,759.3,15889530
2024-04-04 00:00:00,UNIONBANK,159.15,160.15,157.1,159.1,15754706
2024-04-04 00:00:00,YESBANK,25.65,25.75,24.7,24.9,266816425
2024-04-05 00:00:00,AUBANK,624.95,637.0,614.4,634.75,4502631
2024-04-05 00:00:00,AXISBANK,1061.1,1063.0,1048.1,1059.1,9210187
2024-04-05 00:00:00,BANDHANBNK,203.0,203.0,196.5,197.35,33590383
2024-04-05 00:00:00,BANKBARODA,269.45,270.8,266.15,268.9,11296905
2024-04-05 00:00:00,CANBK,609.4,618.8,606.3,615.0,8021155
2024-04-05 00:00:00,FEDERALBNK,153.2,154.85,151.25,154.55,9900539
2024-04-05 00:00:00,HDFCBANK,1539.0,1554.5,1530.15,1549.55,29527951
2024-04-05 00:00:00,ICICIBANK,1070.0,1086.0,1067.45,1083.4,15340637
2024-04-05 00:00:00,IDFCFIRSTB,79.6,80.95,79.05,80.65,36591208
2024-04-05 00:00:00,INDUSINDBK,1552.0,1556.35,1528.1,1552.4,3286862
2024-04-05 00:00:00,KOTAKBANK,1749.05,1787.2,1740.1,1785.15,6558023
2024-04-05 00:00:00,PNB,135.1,137.5,134.3,136.55,44560290
2024-04-05 00:00:00,SBIN,757.95,767.7,752.6,764.75,9939620
2024-04-05 00:00:00,UNIONBANK,159.15,163.2,158.1,160.2,19219975
2024-04-05 00:00:00,YESBANK,24.95,25.35,24.75,25.2,211846572
2024-04-08 00:00:00,AUBANK,637.2,637.2,625.8,633.9,3395600
2024-04-08 00:00:00,AXISBANK,1067.0,1079.45,1063.55,1076.05,4967186
2024-04-08 00:00:00,BANDHANBNK,185.1,189.25,179.25,184.95,64195143
2024-04-08 00:00:00,BANKBARODA,272.0,272.45,267.0,267.6,15992006
2024-04-08 00:00:00,CANBK,618.95,618.95,607.1,612.45,3801149
2024-04-08 00:00:00,FEDERALBNK,155.55,155.55,151.35,154.4,13919010
2024-04-08 00:00:00,HDFCBANK,1554.95,1557.25,1541.55,1546.6,10241470
2024-04-08 00:00:00,ICICIBANK,1078.35,1091.75,1076.3,1087.15,8023461
2024-04-08 00:00:00,IDFCFIRSTB,82.3,83.6,81.45,82.5,86003143
2024-04-08 00:00:00,INDUSINDBK,1560.0,1576.35,1550.0,1568.35,2372626
2024-04-08 00:00:00,KOTAKBANK,1793.8,1801.85,1785.1,1788.4,2634811
2024-04-08 00:00:00,PNB,136.5,136.8,132.5,132.9,41839925
2024-04-08 00:00:00,SBIN,766.05,770.0,761.8,768.3,9797174
2024-04-08 00:00:00,UNIONBANK,158.0,159.4,154.1,155.0,17595394
2024-04-08 00:00:00,YESBANK,25.3,25.35,24.65,24.75,116892324
2024-04-09 00:00:00,AUBANK,634.0,645.5,629.1,632.25,1783075
2024-04-09 00:00:00,AXISBANK,1090.0,1090.0,1071.35,1080.0,11385226
2024-04-09 00:00:00,BANDHANBNK,185.15,187.4,182.0,182.7,16386732
2024-04-09 00:00:00,BANKBARODA,269.0,269.9,263.5,265.5,10451503
2024-04-09 00:00:00,CANBK,614.0,615.85,603.7,608.15,3606257
2024-04-09 00:00:00,FEDERALBNK,155.0,158.65,154.7,155.8,17300199
2024-04-09 00:00:00,HDFCBANK,1554.85,1554.85,1540.3,1548.55,10942247
2024-04-09 00:00:00,ICICIBANK,1091.95,1115.25,1088.3,1107.05,12298463
2024-04-09 00:00:00,IDFCFIRSTB,83.0,83.1,81.5,82.15,30056336
2024-04-09 00:00:00,INDUSINDBK,1574.9,1574.9,1541.0,1554.95,1176425
2024-04-09 00:00:00,KOTAKBANK,1790.35,1793.0,1775.7,1780.6,2373231
2024-04-09 00:00:00,PNB,133.5,134.75,131.25,132.5,25963967
2024-04-09 00:00:00,SBIN,768.45,772.45,761.1,764.2,7465892
2024-04-09 00:00:00,UNIONBANK,155.9,156.5,151.0,151.45,15084804
2024-04-09 00:00:00,YESBANK,24.8,25.2,24.5,24.55,154932842
2024-04-10 00:00:00,AUBANK,634.0,637.95,629.5,634.45,2230548
2024-04-10 00:00:00,AXISBANK,1086.2,1093.0,1080.0,1087.8,9064074
2024-04-10 00:00:00,BANDHANBNK,182.5,184.0,180.3,182.65,24579879
2024-04-10 00:00:00,BANKBARODA,265.5,272.35,265.35,270.8,15233408
2024-04-10 00:00:00,CANBK,609.65,616.5,607.6,612.9,4654049
2024-04-10 00:00:00,FEDERALBNK,157.0,159.5,153.6,159.0,40162551
2024-04-10 00:00:00,HDFCBANK,1549.9,1549.9,1532.95,1536.35,13903700
2024-04-10 00:00:00,ICICIBANK,1110.95,1116.55,1105.15,1109.4,10598000
2024-04-10 00:00:00,IDFCFIRSTB,82.45,85.1,82.05,84.7,59988057
2024-04-10 00:00:00,INDUSINDBK,1564.85,1564.85,1548.0,1552.85,2528578
2024-04-10 00:00:00,KOTAKBANK,1788.9,1829.9,1784.0,1825.95,5525818
2024-04-10 00:00:00,PNB,132.75,136.9,132.35,136.3,48720465
2024-04-10 00:00:00,SBIN,766.5,780.7,763.65,779.05,14530669
2024-04-10 00:00:00,UNIONBANK,151.85,152.2,149.85,150.9,17948422
2024-04-10 00:00:00,YESBANK,24.6,24.8,24.3,24.45,112618177
2024-04-12 00:00:00,AUBANK,630.0,644.0,627.3,638.75,2748417
2024-04-12 00:00:00,AXISBANK,1079.5,1096.4,1071.1,1073.45,18045983
2024-04-12 00:00:00,BANDHANBNK,183.0,186.9,182.65,182.95,25930326
2024-04-12 00:00:00,BANKBARODA,269.8,272.25,266.4,267.95,11496987
2024-04-12 00:00:00,CANBK,608.55,616.7,604.9,605.85,4694938
2024-04-12 00:00:00,FEDERALBNK,159.45,160.2,155.8,155.95,16558634
2024-04-12 00:00:00,HDFCBANK,1521.0,1529.85,1513.45,1518.95,20542104
2024-04-12 00:00:00,ICICIBANK,1103.5,1111.85,1095.8,1104.4,12216657
2024-04-12 00:00:00,IDFCFIRSTB,84.7,85.35,84.0,84.35,39788540
2024-04-12 00:00:00,INDUSINDBK,1546.0,1562.7,1542.0,1555.65,1749128
2024-04-12 00:00:00,KOTAKBANK,1811.0,1818.1,1799.35,1813.05,3966227
2024-04-12 00:00:00,PNB,135.6,138.3,134.6,134.85,40533614
2024-04-12 00:00:00,SBIN,777.25,779.5,764.8,766.3,14408722
2024-04-12 00:00:00,UNIONBANK,151.0,153.35,149.0,149.2,16088871
2024-04-12 00:00:00,YESBANK,24.45,25.15,24.2,24.25,171088857
2024-04-15 00:00:00,AUBANK,620.0,635.55,618.5,632.3,2868816
2024-04-15 00:00:00,AXISBANK,1063.1,1071.0,1055.25,1057.95,8889435
2024-04-15 00:00:00,BANDHANBNK,181.95,181.95,175.5,175.95,21581545
2024-04-15 00:00:00,BANKBARODA,265.15,266.5,260.0,261.4,11835728
2024-04-15 00:00:00,CANBK,598.0,605.95,587.55,593.1,6040711
2024-04-15 00:00:00,FEDERALBNK,153.95,156.0,152.85,155.0,18051649
2024-04-15 00:00:00,HDFCBANK,1497.55,1510.0,1492.05,1494.7,11707624
2024-04-15 00:00:00,ICICIBANK,1100.2,1106.15,1076.6,1078.35,10526597
2024-04-15 00:00:00,IDFCFIRSTB,83.0,83.65,81.8,82.75,48530874
2024-04-15 00:00:00,INDUSINDBK,1544.95,1557.9,1530.0,1539.9,1528341
2024-04-15 00:00:00,KOTAKBANK,1789.95,1809.7,1780.0,1798.15,4319868
2024-04-15 00:00:00,PNB,132.2,135.35,129.25,132.85,45918093
2024-04-15 00:00:00,SBIN,759.8,763.3,748.75,757.5,11356572
2024-04-15 00:00:00,UNIONBANK,145.0,147.2,143.4,145.3,15095810
2024-04-15 00:00:00,YESBANK,24.25,24.35,23.65,23.95,214148928
2024-04-16 00:00:00,AUBANK,629.7,629.7,608.55,613.4,4436478
2024-04-16 00:00:00,AXISBANK,1049.95,1057.85,1044.35,1051.9,7107881
2024-04-16 00:00:00,BANDHANBNK,173.1,175.8,172.75,173.85,14970993
2024-04-16 00:00:00,BANKBARODA,258.8,259.5,254.0,254.7,11074547
2024-04-16 00:00:00,CANBK,588.0,595.5,580.2,584.05,6328953
2024-04-16 00:00:00,FEDERALBNK,153.6,154.3,151.7,152.1,13947991
2024-04-16 00:00:00,HDFCBANK,1487.0,1512.9,1482.25,1509.25,10372443
2024-04-16 00:00:00,ICICIBANK,1070.55,1074.6,1062.7,1067.05,11278092
2024-04-16 00:00:00,IDFCFIRSTB,82.35,83.6,82.0,82.7,46456733
2024-04-16 00:00:00,INDUSINDBK,1530.0,1534.8,1487.95,1490.95,3981325
2024-04-16 00:00:00,KOTAKBANK,1778.0,1804.6,1775.65,1792.6,4096778
2024-04-16 00:00:00,PNB,132.4,132.5,128.2,128.55,45007324
2024-04-16 00:00:00,SBIN,751.25,754.9,744.4,751.7,13338991
2024-04-16 00:00:00,UNIONBANK,144.15,146.5,142.85,143.25,11737571
2024-04-16 00:00:00,YESBANK,23.85,24.2,23.75,23.95,104659200
2024-04-18 00:00:00,AUBANK,620.5,631.0,618.0,621.1,3269307
2024-04-18 00:00:00,AXISBANK,1044.15,1051.4,1013.85,1024.0,17832438
2024-04-18 00:00:00,BANDHANBNK,175.75,177.05,173.0,173.3,11637760
2024-04-18 00:00:00,BANKBARODA,255.25,263.4,255.25,259.0,13204672
2024-04-18 00:00:00,CANBK,588.9,594.85,581.3,583.45,5160659
2024-04-18 00:00:00,FEDERALBNK,152.4,155.5,151.9,152.15,12619744
2024-04-18 00:00:00,HDFCBANK,1509.8,1518.85,1491.05,1494.7,17117442
2024-04-18 00:00:00,ICICIBANK,1074.0,1078.05,1050.45,1055.45,16564216
2024-04-18 00:00:00,IDFCFIRSTB,83.45,84.6,82.3,82.6,34216522
2024-04-18 00:00:00,INDUSINDBK,1502.8,1508.35,1468.15,1474.4,3856849
2024-04-18 00:00:00,KOTAKBANK,1790.05,1813.0,1783.1,1786.75,4250740
2024-04-18 00:00:00,PNB,129.85,132.4,128.8,129.55,37211719
2024-04-18 00:00:00,SBIN,752.05,759.95,742.0,744.8,14589648
2024-04-18 00:00:00,UNIONBANK,144.3,146.9,141.35,142.55,11659346
2024-04-18 00:00:00,YESBANK,24.1,24.45,23.8,23.9,198730218
2024-04-19 00:00:00,AUBANK,617.85,618.95,607.6,614.7,2304049
2024-04-19 00:00:00,AXISBANK,1015.0,1036.95,995.7,1029.1,21598007
2024-04-19 00:00:00,BANDHANBNK,172.0,174.85,170.3,173.55,9249379
2024-04-19 00:00:00,BANKBARODA,256.5,257.6,251.1,256.95,9169415
2024-04-19 00:00:00,CANBK,575.0,584.4,562.7,578.75,9468521
2024-04-19 00:00:00,FEDERALBNK,151.0,153.6,148.5,151.85,10378590
2024-04-19 00:00:00,HDFCBANK,1486.55,1534.95,1480.25,1531.3,17288217
2024-04-19 00:00:00,ICICIBANK,1052.95,1072.0,1048.1,1067.25,11284433
2024-04-19 00:00:00,IDFCFIRSTB,82.0,82.25,80.45,81.85,28627742
2024-04-19 00:00:00,INDUSINDBK,1466.0,1490.25,1444.4,1482.05,4311650
2024-04-19 00:00:00,KOTAKBANK,1764.0,1805.0,1763.0,1792.65,3870380
2024-04-19 00:00:00,PNB,128.0,129.35,125.25,128.25,35611955
2024-04-19 00:00:00,SBIN,734.5,752.0,732.05,750.45,10886554
2024-04-19 00:00:00,UNIONBANK,140.6,141.75,138.1,140.7,16570593
2024-04-19 00:00:00,YESBANK,23.65,24.1,23.25,23.95,227501864
2024-04-22 00:00:00,AUBANK,623.8,623.8,603.65,607.6,4363957
2024-04-22 00:00:00,AXISBANK,1039.0,1058.5,1032.0,1053.95,9410832
2024-04-22 00:00:00,BANDHANBNK,175.75,181.5,175.25,180.8,13392591
2024-04-22 00:00:00,BANKBARODA,258.9,262.0,257.8,261.3,9419094
2024-04-22 00:00:00,CANBK,585.05,601.8,584.45,599.8,10489215
2024-04-22 00:00:00,FEDERALBNK,152.55,154.7,152.4,153.5,12152983
2024-04-22 00:00:00,HDFCBANK,1557.4,1557.4,1508.3,1512.2,21149219
2024-04-22 00:00:00,ICICIBANK,1078.8,1088.7,1070.35,1086.65,10346714
2024-04-22 00:00:00,IDFCFIRSTB,82.7,83.65,82.45,83.2,33425530
2024-04-22 00:00:00,INDUSINDBK,1494.0,1501.0,1469.95,1477.5,2887202
2024-04-22 00:00:00,KOTAKBANK,1813.0,1822.5,1800.0,1809.95,6151139
2024-04-22 00:00:00,PNB,130.8,133.9,129.85,133.1,37568034
2024-04-22 00:00:00,SBIN,754.15,769.0,750.45,766.1,17452186
2024-04-22 00:00:00,UNIONBANK,142.7,152.0,142.7,150.6,27745626
2024-04-22 00:00:00,YESBANK,24.05,25.35,24.0,25.2,325840643
2024-04-23 00:00:00,AUBANK,614.0,616.0,607.35,609.5,3056268
2024-04-23 00:00:00,AXISBANK,1058.0,1060.25,1048.75,1055.75,8300012
2024-04-23 00:00:00,BANDHANBNK,182.4,183.3,181.1,182.85,11422429
2024-04-23 00:00:00,BANKBARODA,263.0,263.55,259.7,260.15,14502060
2024-04-23 00:00:00,CANBK,605.05,605.8,599.2,601.6,5383827
2024-04-23 00:00:00,FEDERALBNK,154.4,154.5,152.8,153.75,9181183
2024-04-23 00:00:00,HDFCBANK,1526.3,1526.5,1503.25,1507.6,13413530
2024-04-23 00:00:00,ICICIBANK,1100.0,1100.0,1082.7,1090.25,9848215
2024-04-23 00:00:00,IDFCFIRSTB,83.55,84.05,83.05,83.45,23682190
2024-04-23 00:00:00,INDUSINDBK,1482.8,1485.8,1471.1,1474.5,1206443
2024-04-23 00:00:00,KOTAKBANK,1810.0,1829.0,1803.1,1813.05,5956005
2024-04-23 00:00:00,PNB,135.0,135.0,132.5,132.85,28249840
2024-04-23 00:00:00,SBIN,770.35,777.7,765.55,773.0,12292429
2024-04-23 00:00:00,UNIONBANK,151.65,152.1,146.2,146.9,18952074
2024-04-23 00:00:00,YESBANK,25.5,26.5,25.4,25.65,335943541
2024-04-24 00:00:00,AUBANK,613.7,622.05,605.35,618.95,5324514
2024-04-24 00:00:00,AXISBANK,1056.0,1068.95,1056.0,1063.25,5641163
2024-04-24 00:00:00,BANDHANBNK,184.1,185.5,183.35,183.85,11165851
2024-04-24 00:00:00,BANKBARODA,261.25,261.85,258.45,259.1,8677169
2024-04-24 00:00:00,CANBK,604.05,605.45,596.0,596.95,4929201
2024-04-24 00:00:00,FEDERALBNK,154.1,154.45,152.95,153.6,7177359
2024-04-24 00:00:00,HDFCBANK,1515.0,1521.75,1509.05,1511.7,11220790
2024-04-24 00:00:00,ICICIBANK,1092.25,1098.4,1089.0,1096.75,5461309
2024-04-24 00:00:00,IDFCFIRSTB,83.65,83.85,83.05,83.35,24743735
2024-04-24 00:00:00,INDUSINDBK,1477.0,1483.25,1462.75,1474.65,2964953
2024-04-24 00:00:00,KOTAKBANK,1812.0,1845.5,1807.8,1842.8,3295077
2024-04-24 00:00:00,PNB,133.25,133.7,132.15,133.0,18644765
2024-04-24 00:00:00,SBIN,778.5,778.5,770.2,773.1,7842615
2024-04-24 00:00:00,UNIONBANK,148.3,148.95,146.5,147.1,8377083
2024-04-24 00:00:00,YESBANK,25.9,25.95,25.4,25.45,173176081
2024-04-25 00:00:00,AUBANK,613.9,633.6,605.75,608.85,6257904
2024-04-25 00:00:00,AXISBANK,1100.0,1133.95,1086.1,1127.0,46136295
2024-04-25 00:00:00,BANDHANBNK,184.0,185.75,182.25,184.6,10608276
2024-04-25 00:00:00,BANKBARODA,259.0,269.5,258.5,268.65,23475720
2024-04-25 00:00:00,CANBK,595.9,620.95,595.1,616.85,11499958
2024-04-25 00:00:00,FEDERALBNK,153.5,156.6,153.5,155.95,17911036
2024-04-25 00:00:00,HDFCBANK,1506.25,1519.7,1506.25,1510.75,17722602
2024-04-25 00:00:00,ICICIBANK,1090.0,1125.65,1089.95,1113.75,19905338
2024-04-25 00:00:00,IDFCFIRSTB,83.35,83.75,82.9,83.4,29515615
2024-04-25 00:00:00,INDUSINDBK,1476.05,1499.5,1470.55,1496.1,3697957
2024-04-25 00:00:00,KOTAKBANK,1665.0,1697.8,1602.0,1642.45,66179079
2024-04-25 00:00:00,PNB,132.95,137.0,132.55,135.9,59269785
2024-04-25 00:00:00,SBIN,770.65,814.4,769.65,812.7,36732974
2024-04-25 00:00:00,UNIONBANK,147.5,151.0,146.75,150.0,17834511
2024-04-25 00:00:00,YESBANK,25.45,26.3,25.25,25.95,222135067
2024-04-26 00:00:00,AUBANK,613.1,613.4,598.15,599.8,2415552
2024-04-26 00:00:00,AXISBANK,1130.0,1141.35,1123.0,1130.3,10133766
2024-04-26 00:00:00,BANDHANBNK,185.0,185.85,183.6,184.2,6869668
2024-04-26 00:00:00,BANKBARODA,270.0,272.7,267.35,268.05,14775940
2024-04-26 00:00:00,CANBK,617.25,624.4,614.1,617.6,5959439
2024-04-26 00:00:00,FEDERALBNK,156.3,158.55,156.05,157.1,15126683
2024-04-26 00:00:00,HDFCBANK,1519.8,1528.0,1505.55,1509.8,12427347
2024-04-26 00:00:00,ICICIBANK,1112.15,1120.0,1102.75,1107.9,14190059
2024-04-26 00:00:00,IDFCFIRSTB,84.1,86.1,83.8,84.8,55911088
2024-04-26 00:00:00,INDUSINDBK,1511.5,1519.0,1443.3,1446.4,6135488
2024-04-26 00:00:00,KOTAKBANK,1642.45,1655.0,1605.0,1608.5,22146849
2024-04-26 00:00:00,PNB,136.55,138.1,136.0,136.45,33021444
2024-04-26 00:00:00,SBIN,815.9,816.9,798.9,801.3,14964358
2024-04-26 00:00:00,UNIONBANK,151.5,153.3,150.3,150.9,14002368
2024-04-26 00:00:00,YESBANK,26.05,26.45,25.95,26.15,253826137
2024-04-29 00:00:00,AUBANK,625.5,647.65,612.25,637.95,10201170
2024-04-29 00:00:00,AXISBANK,1130.3,1164.0,1125.3,1159.25,15183242
2024-04-29 00:00:00,BANDHANBNK,185.0,185.0,182.0,183.9,7473732
2024-04-29 00:00:00,BANKBARODA,269.1,273.9,265.0,272.6,22257247
2024-04-29 00:00:00,CANBK,622.45,624.75,614.2,620.85,7948052
2024-04-29 00:00:00,FEDERALBNK,158.0,160.9,156.05,160.45,24049248
2024-04-29 00:00:00,HDFCBANK,1515.0,1534.45,1506.55,1529.5,18046675
2024-04-29 00:00:00,ICICIBANK,1108.0,1163.45,1107.9,1160.15,28578063
2024-04-29 00:00:00,IDFCFIRSTB,83.4,83.5,80.0,81.65,106192496
2024-04-29 00:00:00,INDUSINDBK,1458.75,1491.0,1450.1,1487.25,5463640
2024-04-29 00:00:00,KOTAKBANK,1610.1,1647.25,1609.5,1640.4,11227409
2024-04-29 00:00:00,PNB,137.5,138.85,134.85,137.25,51158461
2024-04-29 00:00:00,SBIN,807.0,831.25,798.7,826.5,27302732
2024-04-29 00:00:00,UNIONBANK,152.0,157.0,151.85,156.75,23970707
2024-04-29 00:00:00,YESBANK,27.5,28.55,26.9,27.1,572841223
2024-04-30 00:00:00,AUBANK,644.1,645.3,623.55,633.6,7590857
2024-04-30 00:00:00,AXISBANK,1160.15,1182.9,1155.15,1165.9,18965164
2024-04-30 00:00:00,BANDHANBNK,184.0,190.1,183.7,188.3,23333823
2024-04-30 00:00:00,BANKBARODA,273.35,284.8,272.6,281.5,39453521
2024-04-30 00:00:00,CANBK,624.5,629.7,619.05,621.95,8133355
2024-04-30 00:00:00,FEDERALBNK,161.4,164.65,159.55,162.6,32465189
2024-04-30 00:00:00,HDFCBANK,1529.2,1539.5,1514.9,1520.1,26153691
2024-04-30 00:00:00,ICICIBANK,1159.95,1169.55,1146.75,1150.4,29568491
2024-04-30 00:00:00,IDFCFIRSTB,82.05,82.6,80.85,82.15,78004535
2024-04-30 00:00:00,INDUSINDBK,1497.8,1537.0,1489.0,1515.7,6293171
2024-04-30 00:00:00,KOTAKBANK,1640.4,1647.0,1620.0,1623.95,18206448
2024-04-30 00:00:00,PNB,137.9,142.9,136.4,141.05,95390289
2024-04-30 00:00:00,SBIN,826.5,834.85,819.9,826.25,27449073
2024-04-30 00:00:00,UNIONBANK,157.0,157.0,153.25,154.2,16033285
2024-04-30 00:00:00,YESBANK,27.25,27.4,26.05,26.15,269821799
2024-05-02 00:00:00,AUBANK,636.4,649.0,634.0,645.3,4310835
2024-05-02 00:00:00,AXISBANK,1156.0,1174.0,1148.0,1149.85,12302236
2024-05-02 00:00:00,BANDHANBNK,189.05,191.3,188.5,190.75,11938817
2024-05-02 00:00:00,BANKBARODA,281.45,283.9,279.0,279.4,12366464
2024-05-02 00:00:00,CANBK,623.85,631.0,623.05,628.6,4321216
2024-05-02 00:00:00,FEDERALBNK,169.5,170.3,162.85,168.0,75875713
2024-05-02 00:00:00,HDFCBANK,1522.0,1537.0,1520.35,1532.25,16737503
2024-05-02 00:00:00,ICICIBANK,1143.0,1155.5,1133.25,1139.45,25118334
2024-05-02 00:00:00,IDFCFIRSTB,82.35,82.65,81.3,81.55,25648410
2024-05-02 00:00:00,INDUSINDBK,1508.0,1521.3,1500.05,1505.2,2554549
2024-05-02 00:00:00,KOTAKBANK,1590.0,1594.5,1552.4,1575.65,26640478
2024-05-02 00:00:00,PNB,141.1,142.5,137.35,138.05,58420041
2024-05-02 00:00:00,SBIN,826.9,833.9,825.0,830.05,19943724
2024-05-02 00:00:00,UNIONBANK,155.0,155.7,153.8,154.65,8371301
2024-05-02 00:00:00,YESBANK,26.0,26.0,25.3,25.45,211043504
2024-05-03 00:00:00,AUBANK,648.0,655.55,639.5,645.0,3662846
2024-05-03 00:00:00,AXISBANK,1150.9,1163.25,1134.1,1141.5,9993632
2024-05-03 00:00:00,BANDHANBNK,191.65,192.55,186.9,187.6,9237768
2024-05-03 00:00:00,BANKBARODA,282.25,282.5,274.25,275.75,19568548
2024-05-03 00:00:00,CANBK,632.9,632.9,619.0,625.65,3976973
2024-05-03 00:00:00,FEDERALBNK,168.5,169.5,164.0,165.95,17758980
2024-05-03 00:00:00,HDFCBANK,1533.25,1540.6,1507.2,1519.6,15932621
2024-05-03 00:00:00,ICICIBANK,1141.3,1157.4,1135.45,1142.05,19933604
2024-05-03 00:00:00,IDFCFIRSTB,81.85,82.15,80.5,80.9,24612150
2024-05-03 00:00:00,INDUSINDBK,1517.2,1517.95,1473.05,1483.7,2119368
2024-05-03 00:00:00,KOTAKBANK,1583.0,1587.9,1543.85,1546.7,16123589
2024-05-03 00:00:00,PNB,139.15,139.3,134.25,135.8,61353686
2024-05-03 00:00:00,SBIN,834.8,836.2,820.0,831.45,22667634
2024-05-03 00:00:00,UNIONBANK,155.6,156.0,149.45,152.5,13310526
2024-05-03 00:00:00,YESBANK,24.85,25.85,24.25,24.95,960652538
2024-05-06 00:00:00,AUBANK,648.0,655.45,631.3,633.9,2195074
2024-05-06 00:00:00,AXISBANK,1143.9,1156.0,1135.65,1143.65,7490104
2024-05-06 00:00:00,BANDHANBNK,189.1,189.5,184.3,186.85,10021920
2024-05-06 00:00:00,BANKBARODA,276.0,276.0,259.7,265.7,34253148
2024-05-06 00:00:00,CANBK,627.15,628.95,588.3,591.8,13059092
2024-05-06 00:00:00,FEDERALBNK,167.7,167.7,160.55,163.7,19660309
2024-05-06 00:00:00,HDFCBANK,1522.0,1534.5,1517.15,1522.65,14396698
2024-05-06 00:00:00,ICICIBANK,1141.55,1158.45,1138.1,1146.3,14970524
2024-05-06 00:00:00,IDFCFIRSTB,81.3,81.45,79.9,80.05,33303000
2024-05-06 00:00:00,INDUSINDBK,1495.7,1510.0,1482.05,1497.5,2600170
2024-05-06 00:00:00,KOTAKBANK,1605.0,1633.0,1594.0,1624.3,21608211
2024-05-06 00:00:00,PNB,136.9,136.9,126.4,127.1,144404671
2024-05-06 00:00:00,SBIN,835.0,836.0,803.0,807.8,35283557
2024-05-06 00:00:00,UNIONBANK,154.0,154.2,145.0,147.7,17264861
2024-05-06 00:00:00,YESBANK,25.2,25.25,23.9,24.1,223165701
2024-05-07 00:00:00,AUBANK,634.0,645.0,626.65,630.15,1787126
2024-05-07 00:00:00,AXISBANK,1146.05,1148.8,1124.05,1127.7,7115509
2024-05-07 00:00:00,BANDHANBNK,186.85,187.55,180.6,181.15,7781592
2024-05-07 00:00:00,BANKBARODA,266.6,268.35,257.8,259.05,17373412
2024-05-07 00:00:00,CANBK,595.35,596.75,572.0,576.75,8655201
2024-05-07 00:00:00,FEDERALBNK,164.0,164.5,159.1,159.75,11483902
2024-05-07 00:00:00,HDFCBANK,1521.95,1524.05,1504.15,1506.15,14240301
2024-05-07 00:00:00,ICICIBANK,1147.95,1152.75,1126.3,1131.9,15097728
2024-05-07 00:00:00,IDFCFIRSTB,80.05,80.2,77.4,77.85,40707009
2024-05-07 00:00:00,INDUSINDBK,1497.5,1502.65,1448.0,1452.55,1884596
2024-05-07 00:00:00,KOTAKBANK,1628.7,1647.35,1618.0,1643.9,9866785
2024-05-07 00:00:00,PNB,127.9,127.95,120.75,122.3,86243645
2024-05-07 00:00:00,SBIN,812.0,814.65,793.2,801.9,16725013
2024-05-07 00:00:00,UNIONBANK,150.0,150.0,140.8,141.8,20164121
2024-05-07 00:00:00,YESBANK,24.1,24.3,22.65,22.85,445812059
2024-05-08 00:00:00,AUBANK,630.15,635.2,620.1,624.85,3724624
2024-05-08 00:00:00,AXISBANK,1124.65,1135.45,1118.25,1128.65,8175609
2024-05-08 00:00:00,BANDHANBNK,181.5,181.9,179.0,180.3,11433990
2024-05-08 00:00:00,BANKBARODA,259.05,266.2,258.1,262.5,31407247
2024-05-08 00:00:00,CANBK,579.7,598.5,554.05,557.7,22872940
2024-05-08 00:00:00,FEDERALBNK,159.75,161.0,156.75,157.25,18895207
2024-05-08 00:00:00,HDFCBANK,1495.95,1496.95,1480.35,1482.65,20843931
2024-05-08 00:00:00,ICICIBANK,1126.55,1132.0,1116.05,1123.0,19913090
2024-05-08 00:00:00,IDFCFIRSTB,77.8,78.25,76.7,76.95,57719879
2024-05-08 00:00:00,INDUSINDBK,1455.0,1455.0,1431.4,1442.5,5278612
2024-05-08 00:00:00,KOTAKBANK,1640.0,1657.45,1636.1,1648.35,9853753
2024-05-08 00:00:00,PNB,122.5,126.15,122.1,124.8,70886836
2024-05-08 00:00:00,SBIN,802.6,822.0,799.5,810.8,27908322
2024-05-08 00:00:00,UNIONBANK,142.5,145.8,140.85,144.1,16847052
2024-05-08 00:00:00,YESBANK,23.0,23.3,22.75,22.95,261166782
2024-05-09 00:00:00,AUBANK,627.0,636.3,622.05,627.95,1864280
2024-05-09 00:00:00,AXISBANK,1122.0,1134.55,1112.2,1115.65,5226693
2024-05-09 00:00:00,BANDHANBNK,181.45,187.35,180.65,182.8,16614322
2024-05-09 00:00:00,BANKBARODA,270.0,271.7,259.95,262.65,33562988
2024-05-09 00:00:00,CANBK,563.0,568.0,542.0,545.5,13121161
2024-05-09 00:00:00,FEDERALBNK,158.0,160.15,156.35,157.05,8372049
2024-05-09 00:00:00,HDFCBANK,1474.95,1486.75,1445.3,1447.5,23140639
2024-05-09 00:00:00,ICICIBANK,1120.55,1128.85,1110.0,1115.7,12229853
2024-05-09 00:00:00,IDFCFIRSTB,77.05,77.45,75.55,75.85,31954655
2024-05-09 00:00:00,INDUSINDBK,1445.5,1456.6,1393.45,1401.45,3272042
2024-05-09 00:00:00,KOTAKBANK,1648.0,1661.85,1637.0,1643.1,4656044
2024-05-09 00:00:00,PNB,125.95,126.65,120.7,122.15,82730547
2024-05-09 00:00:00,SBIN,811.9,839.65,803.55,819.8,49290254
2024-05-09 00:00:00,UNIONBANK,145.0,147.1,140.8,142.1,14936492
2024-05-09 00:00:00,YESBANK,23.05,23.15,22.5,22.6,236185664
2024-05-10 00:00:00,AUBANK,630.0,636.0,625.7,635.1,1602383
2024-05-10 00:00:00,AXISBANK,1123.7,1140.0,1113.35,1120.1,7242718
2024-05-10 00:00:00,BANDHANBNK,184.0,189.2,182.5,187.05,12941472
2024-05-10 00:00:00,BANKBARODA,265.7,266.7,248.35,254.85,39476449
2024-05-10 00:00:00,CANBK,550.0,557.2,540.7,548.15,7772969
2024-05-10 00:00:00,FEDERALBNK,158.15,160.35,156.5,159.95,10878308
2024-05-10 00:00:00,HDFCBANK,1439.0,1451.95,1426.8,1437.9,13638304
2024-05-10 00:00:00,ICICIBANK,1118.0,1128.9,1112.05,1117.05,8573656
2024-05-10 00:00:00,IDFCFIRSTB,75.85,76.85,75.5,76.55,45450532
2024-05-10 00:00:00,INDUSINDBK,1402.0,1424.5,1395.55,1410.15,1575172
2024-05-10 00:00:00,KOTAKBANK,1643.0,1653.1,1615.9,1627.95,11769402
2024-05-10 00:00:00,PNB,123.9,124.75,120.5,123.9,45163174
2024-05-10 00:00:00,SBIN,827.0,832.05,815.6,817.35,20543142
2024-05-10 00:00:00,UNIONBANK,143.2,143.95,137.55,142.0,16412431
2024-05-10 00:00:00,YESBANK,22.65,22.75,22.05,22.5,246251692
2024-05-13 00:00:00,AUBANK,635.9,636.0,618.25,633.85,2409926
2024-05-13 00:00:00,AXISBANK,1120.1,1135.4,1105.05,1132.0,5513160
2024-05-13 00:00:00,BANDHANBNK,188.5,189.75,183.6,188.15,7875556
2024-05-13 00:00:00,BANKBARODA,260.3,261.8,251.55,259.05,31581807
2024-05-13 00:00:00,CANBK,552.0,555.0,532.0,549.35,10498821
2024-05-13 00:00:00,FEDERALBNK,160.95,162.55,158.25,161.7,16577995
2024-05-13 00:00:00,HDFCBANK,1432.0,1459.8,1430.3,1455.25,13523601
2024-05-13 00:00:00,ICICIBANK,1112.4,1130.65,1106.7,1128.0,9707983
2024-05-13 00:00:00,IDFCFIRSTB,76.9,77.75,75.15,77.15,66890951
2024-05-13 00:00:00,INDUSINDBK,1415.35,1417.75,1377.25,1404.55,3624862
2024-05-13 00:00:00,KOTAKBANK,1627.0,1643.65,1616.0,1641.2,5839248
2024-05-13 00:00:00,PNB,123.9,124.0,119.0,123.1,41922266
2024-05-13 00:00:00,SBIN,819.85,819.85,798.6,808.8,15398505
2024-05-13 00:00:00,UNIONBANK,138.95,139.4,130.35,136.4,33666442
2024-05-13 00:00:00,YESBANK,22.5,22.55,21.85,22.25,260499591
2024-05-14 00:00:00,AUBANK,635.1,639.9,627.5,638.7,1212526
2024-05-14 00:00:00,AXISBANK,1129.95,1136.1,1118.1,1122.85,5471143
2024-05-14 00:00:00,BANDHANBNK,188.25,190.55,187.95,188.55,6583961
2024-05-14 00:00:00,BANKBARODA,259.7,263.2,257.6,260.85,12196792
2024-05-14 00:00:00,CANBK,555.4,569.0,553.55,566.55,9219466
2024-05-14 00:00:00,FEDERALBNK,162.5,164.25,161.15,163.9,10674881
2024-05-14 00:00:00,HDFCBANK,1452.25,1465.5,1450.3,1460.95,12832571
2024-05-14 00:00:00,ICICIBANK,1125.9,1127.9,1118.55,1120.55,8944262
2024-05-14 00:00:00,IDFCFIRSTB,77.6,77.9,76.9,77.5,45485144
2024-05-14 00:00:00,INDUSINDBK,1407.0,1429.35,1402.8,1421.0,1279355
2024-05-14 00:00:00,KOTAKBANK,1642.0,1650.0,1632.5,1646.3,4282026
2024-05-14 00:00:00,PNB,123.55,126.6,123.05,125.75,32083064
2024-05-14 00:00:00,SBIN,813.0,822.4,807.9,818.2,10912462
2024-05-14 00:00:00,UNIONBANK,137.85,137.95,133.4,133.65,17206316
2024-05-14 00:00:00,YESBANK,22.3,23.2,22.25,22.55,181551079
2024-05-15 00:00:00,AUBANK,642.45,648.9,616.85,622.95,4654837
2024-05-15 00:00:00,AXISBANK,1125.55,1131.2,1118.6,1128.05,5436338
2024-05-15 00:00:00,BANDHANBNK,189.4,191.4,188.15,189.9,10799367
2024-05-15 00:00:00,BANKBARODA,261.25,267.7,260.75,263.9,19280956
2024-05-15 00:00:00,CANBK,116.25,119.6,116.0,119.0,58148316
2024-05-15 00:00:00,FEDERALBNK,163.9,164.4,161.8,162.75,11602958
2024-05-15 00:00:00,HDFCBANK,1459.7,1459.7,1435.8,1438.5,19465998
2024-05-15 00:00:00,ICICIBANK,1122.1,1127.8,1113.5,1124.35,10743423
2024-05-15 00:00:00,IDFCFIRSTB,77.8,77.85,76.65,76.9,42014420
2024-05-15 00:00:00,INDUSINDBK,1421.0,1429.85,1407.4,1417.1,2516309
2024-05-15 00:00:00,KOTAKBANK,1649.7,1654.0,1637.05,1650.8,5260900
2024-05-15 00:00:00,PNB,126.75,127.75,124.0,124.3,47253149
2024-05-15 00:00:00,SBIN,821.0,825.3,818.05,820.3,9755062
2024-05-15 00:00:00,UNIONBANK,135.1,140.6,134.8,138.95,19140585
2024-05-15 00:00:00,YESBANK,22.7,22.75,22.45,22.6,150206482
2024-05-16 00:00:00,AUBANK,626.45,628.5,615.0,621.65,1768712
2024-05-16 00:00:00,AXISBANK,1134.15,1143.95,1111.3,1139.3,10750526
2024-05-16 00:00:00,BANDHANBNK,190.0,190.4,176.55,179.6,40071506
2024-05-16 00:00:00,BANKBARODA,264.55,267.1,259.05,262.9,15531360
2024-05-16 00:00:00,CANBK,120.35,120.35,111.8,113.7,83518740
2024-05-16 00:00:00,FEDERALBNK,163.95,164.8,161.7,164.1,7523851
2024-05-16 00:00:00,HDFCBANK,1446.05,1462.55,1435.5,1460.25,17472618
2024-05-16 00:00:00,ICICIBANK,1133.0,1136.55,1112.8,1131.05,14265565
2024-05-16 00:00:00,IDFCFIRSTB,77.0,77.45,76.6,77.05,45668074
2024-05-16 00:00:00,INDUSINDBK,1420.2,1425.0,1385.65,1408.75,5666243
2024-05-16 00:00:00,KOTAKBANK,1655.0,1675.0,1647.2,1672.05,6998357
2024-05-16 00:00:00,PNB,125.25,126.25,122.4,125.15,33690165
2024-05-16 00:00:00,SBIN,825.3,826.15,797.35,811.95,20536990
2024-05-16 00:00:00,UNIONBANK,139.8,143.35,138.85,140.7,16210090
2024-05-16 00:00:00,YESBANK,22.8,23.15,22.6,22.65,151589896
2024-05-17 00:00:00,AUBANK,625.25,626.4,621.65,624.35,1761091
2024-05-17 00:00:00,AXISBANK,1132.0,1146.0,1126.1,1141.35,9909986
2024-05-17 00:00:00,BANDHANBNK,181.0,183.05,179.4,181.15,11276823
2024-05-17 00:00:00,BANKBARODA,262.55,264.65,259.9,261.4,13847808
2024-05-17 00:00:00,CANBK,114.95,115.2,113.2,113.8,39194579
2024-05-17 00:00:00,FEDERALBNK,164.0,164.9,163.2,163.85,8301634
2024-05-17 00:00:00,HDFCBANK,1446.2,1468.0,1446.2,1464.1,10460095
2024-05-17 00:00:00,ICICIBANK,1131.05,1144.0,1120.6,1130.5,8641784
2024-05-17 00:00:00,IDFCFIRSTB,77.2,77.55,76.95,77.2,33767218
2024-05-17 00:00:00,INDUSINDBK,1408.0,1417.1,1395.0,1412.35,3673405
2024-05-17 00:00:00,KOTAKBANK,1674.0,1705.65,1665.0,1696.55,9617451
2024-05-17 00:00:00,PNB,125.3,125.95,124.6,125.1,20071553
2024-05-17 00:00:00,SBIN,814.5,822.45,811.2,817.85,12492509
2024-05-17 00:00:00,UNIONBANK,140.7,141.15,139.0,139.15,11480094
2024-05-17 00:00:00,YESBANK,22.65,23.15,22.55,23.0,156930508
2024-05-18 00:00:00,AUBANK,627.7,627.7,605.9,624.3,90209
2024-05-18 00:00:00,AXISBANK,1142.0,1145.0,1137.0,1143.75,169757
2024-05-18 00:00:00,BANDHANBNK,180.0,186.0,178.1,183.0,8494807
2024-05-18 00:00:00,BANKBARODA,263.0,263.2,261.6,262.5,903260
2024-05-18 00:00:00,CANBK,114.2,114.9,114.05,114.5,5348843
2024-05-18 00:00:00,FEDERALBNK,164.5,164.75,163.1,163.85,596391
2024-05-18 00:00:00,HDFCBANK,1466.0,1467.1,1463.05,1466.05,528557
2024-05-18 00:00:00,ICICIBANK,1131.0,1133.0,1126.9,1130.75,312750
2024-05-18 00:00:00,IDFCFIRSTB,77.5,77.55,77.2,77.45,2865940
2024-05-18 00:00:00,INDUSINDBK,1414.2,1424.0,1413.75,1417.3,105107
2024-05-18 00:00:00,KOTAKBANK,1698.0,1704.0,1691.95,1696.95,291295
2024-05-18 00:00:00,PNB,125.55,126.6,125.3,126.1,3928051
2024-05-18 00:00:00,SBIN,822.0,823.0,819.2,821.0,960453
2024-05-18 00:00:00,UNIONBANK,139.95,141.8,139.6,141.25,1429531
2024-05-18 00:00:00,YESBANK,23.05,23.45,23.0,23.35,51473329
2024-05-21 00:00:00,AUBANK,625.0,626.0,612.45,615.5,2515002
2024-05-21 00:00:00,AXISBANK,1136.0,1145.75,1129.2,1137.65,8162017
2024-05-21 00:00:00,BANDHANBNK,183.0,185.0,180.5,184.1,12520544
2024-05-21 00:00:00,BANKBARODA,261.5,266.8,260.25,265.5,17185189
2024-05-21 00:00:00,CANBK,115.4,116.8,113.6,116.2,35545169
2024-05-21 00:00:00,FEDERALBNK,164.0,165.2,162.25,163.65,8380426
2024-05-21 00:00:00,HDFCBANK,1450.1,1469.7,1450.1,1458.8,21884989
2024-05-21 00:00:00,ICICIBANK,1122.2,1133.8,1116.25,1120.95,10452900
2024-05-21 00:00:00,IDFCFIRSTB,77.75,77.75,77.0,77.45,32507333
2024-05-21 00:00:00,INDUSINDBK,1420.0,1420.85,1400.0,1406.5,3010012
2024-05-21 00:00:00,KOTAKBANK,1692.0,1715.0,1690.0,1698.25,5810167
2024-05-21 00:00:00,PNB,126.4,128.0,125.8,126.4,30284178
2024-05-21 00:00:00,SBIN,821.0,836.3,819.6,830.65,14037801
2024-05-21 00:00:00,UNIONBANK,141.4,143.75,139.25,142.75,16455024
2024-05-21 00:00:00,YESBANK,23.35,23.5,23.0,23.25,146784894
2024-05-22 00:00:00,AUBANK,618.8,620.55,600.55,603.3,4891339
2024-05-22 00:00:00,AXISBANK,1142.0,1142.0,1117.95,1126.0,9094033
2024-05-22 00:00:00,BANDHANBNK,184.9,185.4,181.5,183.5,12798840
2024-05-22 00:00:00,BANKBARODA,267.0,267.95,262.5,263.35,16912682
2024-05-22 00:00:00,CANBK,116.9,116.9,114.9,116.0,32841192
2024-05-22 00:00:00,FEDERALBNK,163.6,163.85,161.3,162.4,15020638
2024-05-22 00:00:00,HDFCBANK,1457.85,1465.6,1448.15,1459.2,19998139
2024-05-22 00:00:00,ICICIBANK,1125.0,1125.9,1098.1,1111.1,17527411
2024-05-22 00:00:00,IDFCFIRSTB,77.5,77.7,76.75,77.15,45920790
2024-05-22 00:00:00,INDUSINDBK,1409.0,1413.15,1391.85,1404.95,6739695
2024-05-22 00:00:00,KOTAKBANK,1702.8,1704.95,1681.1,1699.55,6058697
2024-05-22 00:00:00,PNB,127.0,127.0,123.5,125.85,30665828
2024-05-22 00:00:00,SBIN,826.55,826.65,813.55,818.75,19239277
2024-05-22 00:00:00,UNIONBANK,143.9,149.55,143.5,148.2,29496408
2024-05-22 00:00:00,YESBANK,23.35,23.4,22.75,22.95,155124095
2024-05-23 00:00:00,AUBANK,607.8,621.25,605.3,619.45,2263717
2024-05-23 00:00:00,AXISBANK,1126.0,1169.65,1125.75,1165.25,12818081
2024-05-23 00:00:00,BANDHANBNK,183.95,189.15,183.7,188.5,13948604
2024-05-23 00:00:00,BANKBARODA,265.5,272.0,264.6,269.25,24738523
2024-05-23 00:00:00,CANBK,116.9,118.65,116.5,117.7,35478278
2024-05-23 00:00:00,FEDERALBNK,163.35,164.15,162.05,162.8,6626566
2024-05-23 00:00:00,HDFCBANK,1458.65,1495.65,1457.05,1492.6,20430960
2024-05-23 00:00:00,ICICIBANK,1115.55,1137.0,1111.4,1134.5,13787687
2024-05-23 00:00:00,IDFCFIRSTB,77.15,78.35,77.0,78.05,35735808
2024-05-23 00:00:00,INDUSINDBK,1408.55,1451.0,1406.6,1440.85,6444146
2024-05-23 00:00:00,KOTAKBANK,1700.0,1713.6,1697.05,1709.05,5681295
2024-05-23 00:00:00,PNB,126.5,128.0,126.05,126.65,24483383
2024-05-23 00:00:00,SBIN,824.7,835.5,822.0,832.1,17497488
2024-05-23 00:00:00,UNIONBANK,149.0,153.0,148.95,152.6,18477670
2024-05-23 00:00:00,YESBANK,23.05,23.2,22.95,23.1,104049758
2024-05-24 00:00:00,AUBANK,617.8,623.1,616.15,620.65,1972136
2024-05-24 00:00:00,AXISBANK,1165.5,1177.0,1160.6,1174.0,8814997
2024-05-24 00:00:00,BANDHANBNK,189.0,189.8,185.1,186.3,6485191
2024-05-24 00:00:00,BANKBARODA,268.95,272.2,267.75,268.95,16509527
2024-05-24 00:00:00,CANBK,118.2,118.75,116.9,117.2,29084908
2024-05-24 00:00:00,FEDERALBNK,162.55,164.45,162.35,163.45,6465598
2024-05-24 00:00:00,HDFCBANK,1487.5,1519.9,1486.0,1517.2,15530103
2024-05-24 00:00:00,ICICIBANK,1130.0,1135.0,1124.15,1131.95,6312670
2024-05-24 00:00:00,IDFCFIRSTB,78.4,78.9,77.5,77.7,30393901
2024-05-24 00:00:00,INDUSINDBK,1441.0,1448.75,1427.85,1441.8,2155290
2024-05-24 00:00:00,KOTAKBANK,1711.0,1717.85,1694.7,1703.45,4936177
2024-05-24 00:00:00,PNB,126.65,127.35,125.3,126.45,23179947
2024-05-24 00:00:00,SBIN,830.0,841.25,827.0,828.6,12252075
2024-05-24 00:00:00,UNIONBANK,152.0,157.0,151.2,156.5,31907317
2024-05-24 00:00:00,YESBANK,23.1,23.4,22.95,23.0,139574706
2024-05-27 00:00:00,AUBANK,624.8,641.75,621.0,634.6,5536936
2024-05-27 00:00:00,AXISBANK,1178.9,1196.0,1168.0,1187.0,10450046
2024-05-27 00:00:00,BANDHANBNK,187.1,189.95,186.65,189.05,11764071
2024-05-27 00:00:00,BANKBARODA,269.5,273.4,265.65,270.55,13764764
2024-05-27 00:00:00,CANBK,118.0,118.2,115.7,117.0,34617257
2024-05-27 00:00:00,FEDERALBNK,164.3,165.2,162.6,163.65,17962246
2024-05-27 00:00:00,HDFCBANK,1523.35,1545.0,1519.05,1527.7,14692720
2024-05-27 00:00:00,ICICIBANK,1131.9,1147.8,1121.55,1129.8,11599857
2024-05-27 00:00:00,IDFCFIRSTB,78.05,79.35,77.4,78.65,63936785
2024-05-27 00:00:00,INDUSINDBK,1447.85,1475.6,1439.3,1465.1,3253683
2024-05-27 00:00:00,KOTAKBANK,1703.45,1722.0,1702.5,1711.0,3454287
2024-05-27 00:00:00,PNB,126.25,131.0,125.9,129.55,57820057
2024-05-27 00:00:00,SBIN,832.6,839.4,823.0,833.7,12295193
2024-05-27 00:00:00,UNIONBANK,157.2,161.8,156.15,160.0,26988783
2024-05-27 00:00:00,YESBANK,23.1,23.45,22.8,23.05,168551218
2024-05-28 00:00:00,AUBANK,638.45,647.65,630.55,636.35,3797767
2024-05-28 00:00:00,AXISBANK,1188.0,1192.4,1179.0,1183.4,4018776
2024-05-28 00:00:00,BANDHANBNK,189.7,193.35,188.55,190.3,15138336
2024-05-28 00:00:00,BANKBARODA,271.0,271.8,262.6,264.3,12897363
2024-05-28 00:00:00,CANBK,117.7,118.75,115.25,115.95,30239355
2024-05-28 00:00:00,FEDERALBNK,164.15,164.3,159.5,160.0,5526636
2024-05-28 00:00:00,HDFCBANK,1530.1,1536.05,1524.8,1530.5,13954452
2024-05-28 00:00:00,ICICIBANK,1132.5,1135.2,1125.0,1126.95,9311718
2024-05-28 00:00:00,IDFCFIRSTB,79.0,79.6,77.6,77.95,25613202
2024-05-28 00:00:00,INDUSINDBK,1472.8,1478.8,1449.1,1459.35,2381333
2024-05-28 00:00:00,KOTAKBANK,1712.3,1716.0,1698.0,1703.65,3716141
2024-05-28 00:00:00,PNB,130.1,131.55,126.85,128.2,44999618
2024-05-28 00:00:00,SBIN,835.7,840.7,823.3,831.15,13818893
2024-05-28 00:00:00,UNIONBANK,159.2,160.4,151.0,157.9,23175943
2024-05-28 00:00:00,YESBANK,23.0,23.1,22.65,22.8,152952386
2024-05-29 00:00:00,AUBANK,636.35,652.8,633.1,648.3,5140162
2024-05-29 00:00:00,AXISBANK,1172.0,1185.9,1156.0,1159.75,9418064
2024-05-29 00:00:00,BANDHANBNK,188.85,194.1,188.3,191.7,11336445
2024-05-29 00:00:00,BANKBARODA,262.9,266.2,261.8,263.4,15041927
2024-05-29 00:00:00,CANBK,116.4,118.45,115.5,116.55,39784811
2024-05-29 00:00:00,FEDERALBNK,159.5,160.9,158.5,159.5,10114326
2024-05-29 00:00:00,HDFCBANK,1518.0,1523.85,1501.25,1508.3,17573853
2024-05-29 00:00:00,ICICIBANK,1115.05,1123.55,1098.5,1102.0,19268547
2024-05-29 00:00:00,IDFCFIRSTB,77.75,78.55,77.0,77.15,25586772
2024-05-29 00:00:00,INDUSINDBK,1453.0,1471.65,1439.25,1460.25,4383563
2024-05-29 00:00:00,KOTAKBANK,1698.0,1710.9,1682.2,1687.85,4952472
2024-05-29 00:00:00,PNB,127.25,130.55,126.95,128.05,46255738
2024-05-29 00:00:00,SBIN,828.4,834.45,819.3,822.65,14518232
2024-05-29 00:00:00,UNIONBANK,155.85,158.75,154.5,155.0,11401297
2024-05-29 00:00:00,YESBANK,22.7,22.85,22.5,22.75,75915670
2024-05-30 00:00:00,AUBANK,646.9,654.35,636.1,638.6,3971332
2024-05-30 00:00:00,AXISBANK,1155.2,1179.8,1155.0,1167.95,7232217
2024-05-30 00:00:00,BANDHANBNK,190.9,192.15,185.6,186.35,7598590
2024-05-30 00:00:00,BANKBARODA,261.75,267.4,261.15,262.85,9840965
2024-05-30 00:00:00,CANBK,116.7,117.55,114.75,115.05,34512065
2024-05-30 00:00:00,FEDERALBNK,159.95,162.0,159.35,160.3,8503177
2024-05-30 00:00:00,HDFCBANK,1499.2,1523.6,1497.65,1514.85,16877675
2024-05-30 00:00:00,ICICIBANK,1097.0,1121.0,1096.9,1113.7,15255387
2024-05-30 00:00:00,IDFCFIRSTB,77.1,78.15,76.95,77.55,27958294
2024-05-30 00:00:00,INDUSINDBK,1458.0,1477.7,1439.15,1446.8,3415942
2024-05-30 00:00:00,KOTAKBANK,1684.35,1707.6,1683.0,1690.1,5580489
2024-05-30 00:00:00,PNB,128.0,130.0,127.0,127.45,26985052
2024-05-30 00:00:00,SBIN,821.4,836.0,819.3,825.85,17818705
2024-05-30 00:00:00,UNIONBANK,154.75,156.7,151.75,152.6,11542863
2024-05-30 00:00:00,YESBANK,22.75,22.85,22.5,22.55,102080974
2024-05-31 00:00:00,AUBANK,639.85,655.35,639.85,653.1,24738361
2024-05-31 00:00:00,AXISBANK,1173.0,1178.0,1153.4,1162.15,10057642
2024-05-31 00:00:00,BANDHANBNK,187.15,189.1,185.05,188.3,10104242
2024-05-31 00:00:00,BANKBARODA,263.4,266.35,261.5,264.9,17253924
2024-05-31 00:00:00,CANBK,116.5,119.35,114.4,118.0,285607552
2024-05-31 00:00:00,FEDERALBNK,161.5,162.75,160.15,162.05,8705347
2024-05-31 00:00:00,HDFCBANK,1519.0,1536.0,1514.0,1531.55,37039794
2024-05-31 00:00:00,ICICIBANK,1118.0,1130.6,1111.25,1121.05,26197718
2024-05-31 00:00:00,IDFCFIRSTB,77.9,78.7,76.1,76.4,56608087
2024-05-31 00:00:00,INDUSINDBK,1456.0,1469.9,1446.55,1461.85,3546505
2024-05-31 00:00:00,KOTAKBANK,1703.0,1703.0,1660.55,1680.4,12804476
2024-05-31 00:00:00,PNB,128.6,130.0,126.05,129.45,74303548
2024-05-31 00:00:00,SBIN,830.7,835.0,817.1,830.35,22267336
2024-05-31 00:00:00,UNIONBANK,153.2,161.6,149.0,160.15,76445028
2024-05-31 00:00:00,YESBANK,22.7,23.4,22.4,23.0,353965112
2024-06-03 00:00:00,AUBANK,663.4,667.9,641.8,644.55,7158268
2024-06-03 00:00:00,AXISBANK,1197.05,1242.2,1193.4,1223.9,22197339
2024-06-03 00:00:00,BANDHANBNK,192.8,196.0,190.75,195.05,18181203
2024-06-03 00:00:00,BANKBARODA,277.0,299.7,277.0,296.95,74818392
2024-06-03 00:00:00,CANBK,124.8,128.9,122.45,128.25,93777898
2024-06-03 00:00:00,FEDERALBNK,165.25,167.0,163.55,164.35,20720708
2024-06-03 00:00:00,HDFCBANK,1599.0,1599.0,1550.0,1572.2,36318628
2024-06-03 00:00:00,ICICIBANK,1170.0,1173.0,1136.3,1160.0,25699977
2024-06-03 00:00:00,IDFCFIRSTB,80.65,80.65,77.7,78.1,69867394
2024-06-03 00:00:00,INDUSINDBK,1514.95,1534.9,1496.4,1529.7,8265525
2024-06-03 00:00:00,KOTAKBANK,1721.45,1738.85,1700.1,1718.05,9801071
2024-06-03 00:00:00,PNB,135.0,138.6,132.65,137.0,95948403
2024-06-03 00:00:00,SBIN,863.55,912.0,856.75,905.65,64269020
2024-06-03 00:00:00,UNIONBANK,168.0,172.5,163.9,170.0,37182648
2024-06-03 00:00:00,YESBANK,24.4,24.65,23.4,23.55,258942118
2024-06-04 00:00:00,AUBANK,649.95,649.95,605.9,628.75,3575414
2024-06-04 00:00:00,AXISBANK,1224.0,1224.0,1101.55,1131.25,24135989
2024-06-04 00:00:00,BANDHANBNK,194.0,194.0,169.15,177.25,23184484
2024-06-04 00:00:00,BANKBARODA,292.0,292.0,237.6,248.25,84878240
2024-06-04 00:00:00,CANBK,127.8,127.8,96.2,109.85,200212291
2024-06-04 00:00:00,FEDERALBNK,165.1,165.35,148.0,154.65,19975571
2024-06-04 00:00:00,HDFCBANK,1557.0,1559.0,1454.0,1483.15,44765620
2024-06-04 00:00:00,ICICIBANK,1157.9,1159.4,1053.55,1071.45,43476837
2024-06-04 00:00:00,IDFCFIRSTB,78.1,78.2,70.8,72.55,93953265
2024-06-04 00:00:00,INDUSINDBK,1509.95,1521.9,1363.55,1391.5,7911282
2024-06-04 00:00:00,KOTAKBANK,1703.25,1715.5,1602.45,1637.95,15229468
2024-06-04 00:00:00,PNB,136.4,136.4,104.2,115.35,169672083
2024-06-04 00:00:00,SBIN,897.0,897.0,731.95,775.2,122381193
2024-06-04 00:00:00,UNIONBANK,169.9,169.9,136.0,139.0,58454122
2024-06-04 00:00:00,YESBANK,23.5,23.5,21.0,21.85,360722855
2024-06-05 00:00:00,AUBANK,632.0,688.9,623.25,669.55,8897937
2024-06-05 00:00:00,AXISBANK,1138.0,1193.0,1110.7,1184.5,21039499
2024-06-05 00:00:00,BANDHANBNK,179.1,191.35,176.05,190.65,21811685
2024-06-05 00:00:00,BANKBARODA,257.0,262.85,236.45,260.0,70386788
2024-06-05 00:00:00,CANBK,115.2,116.3,104.7,115.2,105580249
2024-06-05 00:00:00,FEDERALBNK,156.0,167.05,150.9,166.05,39670558
2024-06-05 00:00:00,HDFCBANK,1494.05,1559.6,1482.35,1551.8,40815825
2024-06-05 00:00:00,ICICIBANK,1085.0,1123.25,1051.05,1108.65,42172104
2024-06-05 00:00:00,IDFCFIRSTB,73.9,78.15,71.15,77.25,97328221
2024-06-05 00:00:00,INDUSINDBK,1400.5,1515.8,1372.35,1500.95,11014467
2024-06-05 00:00:00,KOTAKBANK,1662.55,1724.75,1645.0,1718.1,14426318
2024-06-05 00:00:00,PNB,119.0,122.6,110.45,121.85,104945370
2024-06-05 00:00:00,SBIN,790.75,795.0,744.05,789.75,74256082
2024-06-05 00:00:00,UNIONBANK,142.05,143.7,129.55,140.95,39006751
2024-06-05 00:00:00,YESBANK,22.3,22.9,21.6,22.65,214221272
2024-06-06 00:00:00,AUBANK,670.0,678.5,654.0,660.55,2358058
2024-06-06 00:00:00,AXISBANK,1192.1,1195.9,1163.25,1170.95,12006879
2024-06-06 00:00:00,BANDHANBNK,192.0,194.8,190.35,191.55,10024162
2024-06-06 00:00:00,BANKBARODA,262.6,274.0,261.45,268.9,31690680
2024-06-06 00:00:00,CANBK,117.6,120.6,116.5,118.0,52416611
2024-06-06 00:00:00,FEDERALBNK,167.7,169.1,163.75,164.55,10103459
2024-06-06 00:00:00,HDFCBANK,1564.9,1565.45,1546.6,1559.7,23211435
2024-06-06 00:00:00,ICICIBANK,1118.0,1118.0,1096.6,1110.4,18574162
2024-06-06 00:00:00,IDFCFIRSTB,78.4,78.4,77.05,77.25,32618937
2024-06-06 00:00:00,INDUSINDBK,1500.0,1509.8,1470.9,1481.1,3279775
2024-06-06 00:00:00,KOTAKBANK,1721.0,1738.5,1703.8,1734.7,6359901
2024-06-06 00:00:00,PNB,123.2,126.5,122.0,123.9,59619303
2024-06-06 00:00:00,SBIN,800.0,833.35,796.0,816.95,40555649
2024-06-06 00:00:00,UNIONBANK,144.75,149.9,143.05,144.55,23237245
2024-06-06 00:00:00,YESBANK,22.85,23.3,22.8,22.9,172088732
2024-06-07 00:00:00,AUBANK,663.0,670.5,660.4,669.0,1336725
2024-06-07 00:00:00,AXISBANK,1178.0,1195.2,1166.75,1186.8,8583998
2024-06-07 00:00:00,BANDHANBNK,191.05,197.8,190.65,196.55,12023356
2024-06-07 00:00:00,BANKBARODA,268.35,272.0,266.75,270.8,19749116
2024-06-07 00:00:00,CANBK,119.45,119.6,118.0,118.9,40419251
2024-06-07 00:00:00,FEDERALBNK,165.0,167.05,164.25,165.05,9139816
2024-06-07 00:00:00,HDFCBANK,1561.05,1584.35,1552.05,1573.35,18356108
2024-06-07 00:00:00,ICICIBANK,1110.4,1128.3,1103.6,1121.7,17197635
2024-06-07 00:00:00,IDFCFIRSTB,77.25,78.25,77.05,77.7,22169299
2024-06-07 00:00:00,INDUSINDBK,1468.55,1498.4,1463.45,1492.1,3964791
2024-06-07 00:00:00,KOTAKBANK,1730.05,1758.65,1722.0,1753.7,4608146
2024-06-07 00:00:00,PNB,124.0,125.6,123.05,125.1,28076164
2024-06-07 00:00:00,SBIN,819.9,831.5,810.5,829.95,25061284
2024-06-07 00:00:00,UNIONBANK,147.0,150.75,145.65,146.45,17894835
2024-06-07 00:00:00,YESBANK,22.9,23.35,22.65,23.15,151028965
2024-06-10 00:00:00,AUBANK,669.2,679.5,648.0,669.45,5309961
2024-06-10 00:00:00,AXISBANK,1185.0,1212.4,1185.0,1200.0,9995057
2024-06-10 00:00:00,BANDHANBNK,196.55,202.79,195.4,198.32,14567117
2024-06-10 00:00:00,BANKBARODA,273.4,279.5,272.35,276.4,21735106
2024-06-10 00:00:00,CANBK,120.0,122.7,120.0,121.03,43824793
2024-06-10 00:00:00,FEDERALBNK,165.9,166.65,162.77,164.85,18888960
2024-06-10 00:00:00,HDFCBANK,1574.0,1580.65,1557.6,1561.3,11227029
2024-06-10 00:00:00,ICICIBANK,1116.0,1133.2,1115.1,1123.8,10851455
2024-06-10 00:00:00,IDFCFIRSTB,78.25,78.58,77.02,77.53,43033270
2024-06-10 00:00:00,INDUSINDBK,1498.5,1505.8,1480.1,1485.85,2416022
2024-06-10 00:00:00,KOTAKBANK,1750.1,1773.45,1736.15,1745.65,4848044
2024-06-10 00:00:00,PNB,125.85,128.35,125.0,125.34,36182690
2024-06-10 00:00:00,SBIN,834.15,845.45,829.2,831.8,16725508
2024-06-10 00:00:00,UNIONBANK,148.0,151.0,146.5,147.22,16860939
2024-06-10 00:00:00,YESBANK,23.4,24.5,23.21,23.87,283340418
2024-06-11 00:00:00,AUBANK,671.0,677.0,663.05,671.6,1936660
2024-06-11 00:00:00,AXISBANK,1204.45,1209.35,1190.45,1194.6,9390212
2024-06-11 00:00:00,BANDHANBNK,198.32,201.0,197.0,198.45,7975438
2024-06-11 00:00:00,BANKBARODA,276.5,279.3,274.0,274.8,13094039
2024-06-11 00:00:00,CANBK,121.5,123.09,120.75,121.23,37514599
2024-06-11 00:00:00,FEDERALBNK,166.01,168.54,164.45,167.59,11979407
2024-06-11 00:00:00,HDFCBANK,1556.0,1571.0,1552.2,1564.8,14772663
2024-06-11 00:00:00,ICICIBANK,1119.75,1129.05,1111.0,1118.2,12250002
2024-06-11 00:00:00,IDFCFIRSTB,77.45,77.9,77.14,77.51,13534774
2024-06-11 00:00:00,INDUSINDBK,1485.0,1491.0,1475.2,1481.05,1737873
2024-06-11 00:00:00,KOTAKBANK,1746.6,1747.2,1717.1,1720.0,4105647
2024-06-11 00:00:00,PNB,126.2,127.32,125.4,126.14,22932643
2024-06-11 00:00:00,SBIN,836.0,839.6,829.05,835.55,14754408
2024-06-11 00:00:00,UNIONBANK,148.15,148.3,145.3,146.3,16386567
2024-06-11 00:00:00,YESBANK,23.99,24.12,23.55,23.62,164913524
2024-06-12 00:00:00,AUBANK,674.85,679.6,663.3,667.05,2701504
2024-06-12 00:00:00,AXISBANK,1192.1,1206.15,1184.1,1187.9,7199718
2024-06-12 00:00:00,BANDHANBNK,198.0,201.0,195.5,196.47,10706446
2024-06-12 00:00:00,BANKBARODA,274.9,284.9,273.75,283.4,29504096
2024-06-12 00:00:00,CANBK,122.0,123.5,121.5,122.79,39113054
2024-06-12 00:00:00,FEDERALBNK,167.8,174.56,166.45,173.86,31959137
2024-06-12 00:00:00,HDFCBANK,1575.0,1588.3,1566.4,1574.15,19640218
2024-06-12 00:00:00,ICICIBANK,1121.0,1133.4,1112.0,1119.55,16096514
2024-06-12 00:00:00,IDFCFIRSTB,77.51,78.44,77.3,77.82,38214027
2024-06-12 00:00:00,INDUSINDBK,1491.0,1492.25,1473.0,1484.25,5419536
2024-06-12 00:00:00,KOTAKBANK,1720.1,1734.0,1712.9,1715.75,5881576
2024-06-12 00:00:00,PNB,126.3,127.98,126.0,127.48,29332963
2024-06-12 00:00:00,SBIN,837.0,845.55,833.0,839.1,15071442
2024-06-12 00:00:00,UNIONBANK,147.0,148.8,146.59,147.38,16530250
2024-06-12 00:00:00,YESBANK,23.75,24.38,23.72,24.12,187828351
2024-06-13 00:00:00,AUBANK,667.05,678.95,666.0,668.15,1786679
2024-06-13 00:00:00,AXISBANK,1201.8,1202.0,1173.45,1174.65,5321148
2024-06-13 00:00:00,BANDHANBNK,198.3,198.85,193.66,194.23,8820650
2024-06-13 00:00:00,BANKBARODA,285.0,285.2,281.25,282.7,14322702
2024-06-13 00:00:00,CANBK,124.51,125.0,121.4,121.92,62531469
2024-06-13 00:00:00,FEDERALBNK,175.01,175.1,171.6,172.26,11800445
2024-06-13 00:00:00,HDFCBANK,1581.75,1585.7,1574.0,1580.75,12060096
2024-06-13 00:00:00,ICICIBANK,1122.2,1123.2,1105.0,1107.35,12494254
2024-06-13 00:00:00,IDFCFIRSTB,78.0,78.34,77.4,77.46,14280118
2024-06-13 00:00:00,INDUSINDBK,1496.0,1510.0,1481.2,1507.25,2446832
2024-06-13 00:00:00,KOTAKBANK,1731.4,1737.55,1719.0,1726.35,6016145
2024-06-13 00:00:00,PNB,128.3,128.8,125.8,126.57,23810879
2024-06-13 00:00:00,SBIN,845.0,845.9,836.1,843.9,12523972
2024-06-13 00:00:00,UNIONBANK,148.81,149.14,145.76,146.24,10014371
2024-06-13 00:00:00,YESBANK,24.35,24.5,23.71,23.8,130415960
2024-06-14 00:00:00,AUBANK,672.65,673.15,658.0,661.25,2852074
2024-06-14 00:00:00,AXISBANK,1180.95,1184.65,1170.0,1181.05,4451031
2024-06-14 00:00:00,BANDHANBNK,194.4,195.9,193.53,194.34,5128519
2024-06-14 00:00:00,BANKBARODA,283.0,287.5,281.6,286.25,13911039
2024-06-14 00:00:00,CANBK,120.0,120.99,119.3,120.81,32576803
2024-06-14 00:00:00,FEDERALBNK,173.26,174.89,172.4,174.4,11108163
2024-06-14 00:00:00,HDFCBANK,1584.0,1599.0,1577.7,1596.9,12770277
2024-06-14 00:00:00,ICICIBANK,1114.0,1114.0,1099.45,1105.65,11377979
2024-06-14 00:00:00,IDFCFIRSTB,77.51,78.3,77.38,78.0,35980148
2024-06-14 00:00:00,INDUSINDBK,1510.5,1515.9,1495.95,1502.35,2706742
2024-06-14 00:00:00,KOTAKBANK,1723.0,1734.9,1710.4,1717.2,3153666
2024-06-14 00:00:00,PNB,126.57,129.55,126.4,128.94,38637971
2024-06-14 00:00:00,SBIN,845.0,849.9,835.1,839.2,12903496
2024-06-14 00:00:00,UNIONBANK,146.54,147.85,144.85,147.55,8892430
2024-06-14 00:00:00,YESBANK,23.98,23.98,23.72,23.81,85042765
2024-06-18 00:00:00,AUBANK,663.45,671.0,660.55,664.5,2225745
2024-06-18 00:00:00,AXISBANK,1194.0,1194.0,1181.15,1191.9,6837181
2024-06-18 00:00:00,BANDHANBNK,195.0,198.75,193.51,198.04,8385218
2024-06-18 00:00:00,BANKBARODA,286.25,288.45,285.1,287.3,10174646
2024-06-18 00:00:00,CANBK,121.85,122.5,121.32,121.88,33945927
2024-06-18 00:00:00,FEDERALBNK,174.9,176.2,173.25,175.09,10019555
2024-06-18 00:00:00,HDFCBANK,1596.9,1610.5,1589.45,1607.8,16207857
2024-06-18 00:00:00,ICICIBANK,1113.95,1135.05,1101.2,1122.85,18306176
2024-06-18 00:00:00,IDFCFIRSTB,78.28,81.63,78.0,81.46,73328337
2024-06-18 00:00:00,INDUSINDBK,1514.0,1516.55,1499.1,1507.9,2811967
2024-06-18 00:00:00,KOTAKBANK,1718.6,1724.65,1703.25,1719.4,5707330
2024-06-18 00:00:00,PNB,129.0,129.9,128.33,128.63,20304777
2024-06-18 00:00:00,SBIN,841.55,851.5,840.25,844.9,14929083
2024-06-18 00:00:00,UNIONBANK,148.6,148.62,146.35,147.05,8014001
2024-06-18 00:00:00,YESBANK,23.89,24.11,23.73,23.8,93571771
2024-06-19 00:00:00,AUBANK,663.0,676.0,650.0,656.95,19436706
2024-06-19 00:00:00,AXISBANK,1193.0,1243.35,1185.5,1226.65,17987437
2024-06-19 00:00:00,BANDHANBNK,198.3,201.7,196.54,198.83,24410955
2024-06-19 00:00:00,BANKBARODA,287.0,290.5,282.65,283.95,33193685
2024-06-19 00:00:00,CANBK,121.89,122.85,120.61,121.16,45620625
2024-06-19 00:00:00,FEDERALBNK,175.09,177.45,173.41,174.55,29598134
2024-06-19 00:00:00,HDFCBANK,1613.4,1669.9,1604.0,1657.85,45065598
2024-06-19 00:00:00,ICICIBANK,1127.95,1165.55,1126.15,1144.45,34309514
2024-06-19 00:00:00,IDFCFIRSTB,82.0,83.5,80.31,82.17,116468010
2024-06-19 00:00:00,INDUSINDBK,1516.2,1550.0,1513.25,1528.2,11002582
2024-06-19 00:00:00,KOTAKBANK,1729.0,1763.05,1715.0,1746.7,9959798
2024-06-19 00:00:00,PNB,129.0,130.19,126.97,128.29,60954903
2024-06-19 00:00:00,SBIN,846.8,860.6,841.0,852.6,32925140
2024-06-19 00:00:00,UNIONBANK,147.65,149.1,145.3,147.25,9434557
2024-06-19 00:00:00,YESBANK,23.85,24.14,23.5,23.81,152776153
2024-06-20 00:00:00,AUBANK,659.9,672.45,657.1,666.75,2046499
2024-06-20 00:00:00,AXISBANK,1230.1,1241.5,1220.4,1239.5,8206858
2024-06-20 00:00:00,BANDHANBNK,199.95,209.75,199.01,208.18,39711959
2024-06-20 00:00:00,BANKBARODA,284.0,287.7,283.65,285.2,13675594
2024-06-20 00:00:00,CANBK,121.5,122.2,120.93,121.2,19050406
2024-06-20 00:00:00,FEDERALBNK,175.95,179.46,175.0,178.88,13690057
2024-06-20 00:00:00,HDFCBANK,1669.8,1681.45,1652.0,1669.35,20704371
2024-06-20 00:00:00,ICICIBANK,1154.05,1160.0,1135.5,1156.8,15475933
2024-06-20 00:00:00,IDFCFIRSTB,82.92,84.0,82.55,83.84,73140325
2024-06-20 00:00:00,INDUSINDBK,1536.0,1540.75,1513.0,1527.85,3589441
2024-06-20 00:00:00,KOTAKBANK,1765.0,1789.85,1760.3,1766.25,9243104
2024-06-20 00:00:00,PNB,128.3,129.85,127.8,128.49,22469105
2024-06-20 00:00:00,SBIN,853.0,853.1,842.35,843.75,13985352
2024-06-20 00:00:00,UNIONBANK,147.85,148.94,145.0,145.91,11132479
2024-06-20 00:00:00,YESBANK,23.85,24.65,23.78,23.96,169935306
2024-06-21 00:00:00,AUBANK,669.95,672.65,666.0,667.6,3781936
2024-06-21 00:00:00,AXISBANK,1246.0,1246.0,1223.75,1237.45,29311314
2024-06-21 00:00:00,BANDHANBNK,209.09,210.85,206.0,209.23,23990564
2024-06-21 00:00:00,BANKBARODA,285.2,286.8,278.6,279.35,15165917
2024-06-21 00:00:00,CANBK,121.3,121.79,118.5,119.12,32273022
2024-06-21 00:00:00,FEDERALBNK,179.73,179.73,175.7,176.52,9510818
2024-06-21 00:00:00,HDFCBANK,1672.85,1672.85,1643.15,1665.75,25815388
2024-06-21 00:00:00,ICICIBANK,1163.55,1169.9,1150.65,1158.65,69259425
2024-06-21 00:00:00,IDFCFIRSTB,84.3,84.5,82.92,83.47,45266640
2024-06-21 00:00:00,INDUSINDBK,1523.0,1537.8,1511.25,1527.15,5249389
2024-06-21 00:00:00,KOTAKBANK,1770.0,1789.0,1745.3,1775.65,19031689
2024-06-21 00:00:00,PNB,127.46,127.8,125.5,125.8,24071503
2024-06-21 00:00:00,SBIN,844.9,848.05,828.6,836.3,18990090
2024-06-21 00:00:00,UNIONBANK,147.4,147.49,144.75,146.94,12066820
2024-06-21 00:00:00,YESBANK,24.09,24.14,23.75,23.84,115877428
2024-06-24 00:00:00,AUBANK,660.25,682.75,638.5,679.5,6994152
2024-06-24 00:00:00,AXISBANK,1231.0,1235.75,1225.05,1228.1,6676530
2024-06-24 00:00:00,BANDHANBNK,207.8,209.29,204.61,207.94,8450335
2024-06-24 00:00:00,BANKBARODA,279.5,282.1,273.5,280.6,17778427
2024-06-24 00:00:00,CANBK,118.0,121.57,116.21,118.27,44230331
2024-06-24 00:00:00,FEDERALBNK,175.74,177.0,172.13,175.84,16360199
2024-06-24 00:00:00,HDFCBANK,1647.0,1675.1,1645.75,1672.4,14272497
2024-06-24 00:00:00,ICICIBANK,1154.65,1175.65,1152.65,1170.1,12210295
2024-06-24 00:00:00,IDFCFIRSTB,83.35,83.7,81.7,82.94,42485773
2024-06-24 00:00:00,INDUSINDBK,1507.15,1508.9,1478.2,1490.4,4609137
2024-06-24 00:00:00,KOTAKBANK,1757.15,1775.2,1749.75,1772.55,4228888
2024-06-24 00:00:00,PNB,125.7,126.68,122.9,125.07,29824639
2024-06-24 00:00:00,SBIN,831.5,836.0,821.05,832.7,12715254
2024-06-24 00:00:00,UNIONBANK,142.1,145.0,141.01,141.49,19720757
2024-06-24 00:00:00,YESBANK,23.89,24.1,23.65,23.96,111001042
2024-06-25 00:00:00,AUBANK,683.0,690.4,673.0,682.2,4463897
2024-06-25 00:00:00,AXISBANK,1234.45,1278.75,1226.0,1271.45,17607952
2024-06-25 00:00:00,BANDHANBNK,200.0,205.6,198.8,203.45,25150275
2024-06-25 00:00:00,BANKBARODA,281.0,283.45,279.0,280.65,13386910
2024-06-25 00:00:00,CANBK,119.24,119.74,116.85,118.05,36965833
2024-06-25 00:00:00,FEDERALBNK,176.95,177.64,175.05,176.0,6501716
2024-06-25 00:00:00,HDFCBANK,1671.1,1716.95,1671.1,1711.35,37260774
2024-06-25 00:00:00,ICICIBANK,1170.25,1206.0,1167.65,1197.95,27309845
2024-06-25 00:00:00,IDFCFIRSTB,83.0,83.49,82.45,82.91,22499259
2024-06-25 00:00:00,INDUSINDBK,1494.75,1502.15,1482.2,1495.55,3309896
2024-06-25 00:00:00,KOTAKBANK,1776.55,1798.25,1763.0,1781.9,5933859
2024-06-25 00:00:00,PNB,125.1,125.93,123.75,124.13,19684789
2024-06-25 00:00:00,SBIN,837.0,845.85,834.3,842.25,20917530
2024-06-25 00:00:00,UNIONBANK,142.5,143.25,139.5,140.21,14819259
2024-06-25 00:00:00,YESBANK,24.1,24.45,23.95,24.02,133033834
2024-06-26 00:00:00,AUBANK,682.2,700.95,674.75,692.45,6725621
2024-06-26 00:00:00,AXISBANK,1281.1,1292.95,1259.2,1285.4,13956370
2024-06-26 00:00:00,BANDHANBNK,205.0,208.5,203.05,205.57,22029562
2024-06-26 00:00:00,BANKBARODA,282.0,283.6,279.2,280.95,16075754
2024-06-26 00:00:00,CANBK,117.95,119.37,117.21,118.69,21602758
2024-06-26 00:00:00,FEDERALBNK,176.0,179.19,174.6,177.17,10907675
2024-06-26 00:00:00,HDFCBANK,1707.95,1710.9,1691.1,1701.5,23798333
2024-06-26 00:00:00,ICICIBANK,1202.0,1222.85,1193.85,1218.0,25403461
2024-06-26 00:00:00,IDFCFIRSTB,82.85,83.3,82.15,82.74,30474554
2024-06-26 00:00:00,INDUSINDBK,1498.0,1521.0,1481.55,1497.9,5605220
2024-06-26 00:00:00,KOTAKBANK,1780.0,1816.0,1776.1,1798.15,6685932
2024-06-26 00:00:00,PNB,124.13,126.0,123.0,124.36,36345676
2024-06-26 00:00:00,SBIN,839.85,848.8,836.0,845.35,16281760
2024-06-26 00:00:00,UNIONBANK,140.6,141.41,138.85,140.47,17100052
2024-06-26 00:00:00,YESBANK,24.03,24.23,23.71,23.79,128300377
2024-06-27 00:00:00,AUBANK,691.0,696.0,661.3,666.1,4949541
2024-06-27 00:00:00,AXISBANK,1310.0,1310.0,1280.0,1288.95,22311393
2024-06-27 00:00:00,BANDHANBNK,205.5,205.95,199.05,200.3,15437904
2024-06-27 00:00:00,BANKBARODA,280.0,282.9,277.0,279.85,14743494
2024-06-27 00:00:00,CANBK,118.18,119.4,116.84,118.11,28134054
2024-06-27 00:00:00,FEDERALBNK,176.7,179.2,175.46,177.02,12594627
2024-06-27 00:00:00,HDFCBANK,1696.1,1713.0,1686.6,1696.15,27537325
2024-06-27 00:00:00,ICICIBANK,1228.35,1235.0,1209.1,1219.9,20516632
2024-06-27 00:00:00,IDFCFIRSTB,82.7,83.7,82.02,82.2,39838027
2024-06-27 00:00:00,INDUSINDBK,1494.0,1504.95,1485.0,1502.75,5166134
2024-06-27 00:00:00,KOTAKBANK,1791.0,1838.0,1785.0,1830.55,13342769
2024-06-27 00:00:00,PNB,124.3,124.5,117.81,119.2,136068914
2024-06-27 00:00:00,SBIN,843.9,847.4,838.25,844.0,20378887
2024-06-27 00:00:00,UNIONBANK,140.47,140.47,137.25,138.39,15516200
2024-06-27 00:00:00,YESBANK,23.87,23.93,23.32,23.51,103940384
2024-06-28 00:00:00,AUBANK,670.1,674.9,668.15,672.05,1933315
2024-06-28 00:00:00,AXISBANK,1283.1,1289.9,1261.6,1265.25,7167069
2024-06-28 00:00:00,BANDHANBNK,202.2,206.99,200.91,203.78,9047376
2024-06-28 00:00:00,BANKBARODA,273.0,280.8,272.9,275.4,15270017
2024-06-28 00:00:00,CANBK,118.25,121.89,118.25,119.47,43712892
2024-06-28 00:00:00,FEDERALBNK,178.0,179.4,176.8,177.25,5586121
2024-06-28 00:00:00,HDFCBANK,1697.6,1706.6,1679.0,1683.8,13238023
2024-06-28 00:00:00,ICICIBANK,1227.0,1227.0,1196.35,1199.6,12507092
2024-06-28 00:00:00,IDFCFIRSTB,82.31,83.1,81.97,82.16,22936845
2024-06-28 00:00:00,INDUSINDBK,1491.0,1491.0,1460.5,1464.5,6425323
2024-06-28 00:00:00,KOTAKBANK,1822.2,1847.95,1798.9,1802.5,4969007
2024-06-28 00:00:00,PNB,120.15,124.99,120.15,123.26,121916127
2024-06-28 00:00:00,SBIN,846.9,864.0,844.0,848.95,23636388
2024-06-28 00:00:00,UNIONBANK,138.9,141.3,136.38,136.69,17791152
2024-06-28 00:00:00,YESBANK,23.6,24.07,23.55,23.69,127903732
2024-07-01 00:00:00,AUBANK,672.05,676.7,665.0,673.85,1155952
2024-07-01 00:00:00,AXISBANK,1273.0,1273.0,1256.45,1261.9,5797015
2024-07-01 00:00:00,BANDHANBNK,204.0,206.75,203.77,205.86,6917067
2024-07-01 00:00:00,BANKBARODA,275.25,276.3,271.75,272.15,12001891
2024-07-01 00:00:00,CANBK,119.35,120.19,117.9,118.36,20506793
2024-07-01 00:00:00,FEDERALBNK,177.3,179.2,176.72,177.74,5278090
2024-07-01 00:00:00,HDFCBANK,1680.0,1707.3,1680.0,1705.2,10593512
2024-07-01 00:00:00,ICICIBANK,1199.6,1215.35,1192.05,1211.85,8636894
2024-07-01 00:00:00,IDFCFIRSTB,82.16,82.2,81.0,81.14,27599969
2024-07-01 00:00:00,INDUSINDBK,1468.95,1469.0,1452.95,1456.9,3166439
2024-07-01 00:00:00,KOTAKBANK,1802.5,1813.15,1790.0,1808.1,2901510
2024-07-01 00:00:00,PNB,123.15,123.61,121.76,122.46,44039186
2024-07-01 00:00:00,SBIN,849.35,850.5,839.95,841.95,10967797
2024-07-01 00:00:00,UNIONBANK,137.39,137.4,135.0,135.4,15752734
2024-07-01 00:00:00,YESBANK,23.78,24.13,23.61,24.06,132489757
2024-07-02 00:00:00,AUBANK,674.55,679.55,668.25,673.3,1327498
2024-07-02 00:00:00,AXISBANK,1265.0,1267.85,1238.25,1253.4,9945447
2024-07-02 00:00:00,BANDHANBNK,206.85,206.88,200.9,202.24,7947836
2024-07-02 00:00:00,BANKBARODA,273.0,273.5,264.2,265.0,13960959
2024-07-02 00:00:00,CANBK,118.8,118.98,115.5,116.25,23399374
2024-07-02 00:00:00,FEDERALBNK,178.35,178.5,173.91,175.02,6398642
2024-07-02 00:00:00,HDFCBANK,1715.0,1734.9,1702.75,1730.6,22960845
2024-07-02 00:00:00,ICICIBANK,1217.0,1217.0,1185.55,1190.6,16153925
2024-07-02 00:00:00,IDFCFIRSTB,81.34,81.41,78.45,78.89,39049354
2024-07-02 00:00:00,INDUSINDBK,1457.4,1460.45,1420.65,1429.45,4644571
2024-07-02 00:00:00,KOTAKBANK,1820.95,1820.95,1737.1,1769.6,9625017
2024-07-02 00:00:00,PNB,122.5,123.13,119.9,120.63,41519074
2024-07-02 00:00:00,SBIN,844.0,846.3,823.15,826.15,21142840
2024-07-02 00:00:00,UNIONBANK,135.9,136.95,133.5,134.11,13862976
2024-07-02 00:00:00,YESBANK,24.06,24.48,23.8,23.85,147188768
2024-07-03 00:00:00,AUBANK,675.95,682.2,663.0,666.25,3891265
2024-07-03 00:00:00,AXISBANK,1260.0,1288.6,1243.6,1280.0,15171347
2024-07-03 00:00:00,BANDHANBNK,203.5,211.7,202.42,211.13,23960719
2024-07-03 00:00:00,BANKBARODA,267.3,269.75,263.05,267.85,18643235
2024-07-03 00:00:00,CANBK,117.1,117.99,116.5,117.05,16011335
2024-07-03 00:00:00,FEDERALBNK,178.0,183.3,177.2,181.46,36051344
2024-07-03 00:00:00,HDFCBANK,1791.0,1794.0,1764.65,1768.65,61608901
2024-07-03 00:00:00,ICICIBANK,1196.85,1215.85,1179.45,1201.6,22330897
2024-07-03 00:00:00,IDFCFIRSTB,79.49,81.04,77.85,80.88,75104560
2024-07-03 00:00:00,INDUSINDBK,1438.9,1458.0,1421.9,1455.5,5907225
2024-07-03 00:00:00,KOTAKBANK,1765.8,1815.85,1752.2,1810.7,8981003
2024-07-03 00:00:00,PNB,121.35,122.45,120.34,121.64,37154088
2024-07-03 00:00:00,SBIN,829.0,843.85,825.0,839.95,23598009
2024-07-03 00:00:00,UNIONBANK,135.05,136.9,134.55,136.18,11382619
2024-07-03 00:00:00,YESBANK,24.0,24.3,23.86,23.93,97595777
2024-07-04 00:00:00,AUBANK,669.35,680.0,661.8,673.45,1223370
2024-07-04 00:00:00,AXISBANK,1288.0,1293.0,1268.5,1280.9,4817380
2024-07-04 00:00:00,BANDHANBNK,210.25,214.6,206.16,208.06,27883085
2024-07-04 00:00:00,BANKBARODA,268.05,271.45,265.5,270.15,12965149
2024-07-04 00:00:00,CANBK,117.7,118.0,116.35,117.27,20110432
2024-07-04 00:00:00,FEDERALBNK,182.95,182.95,178.0,180.97,9860769
2024-07-04 00:00:00,HDFCBANK,1759.75,1759.75,1724.85,1727.15,22924329
2024-07-04 00:00:00,ICICIBANK,1229.0,1234.95,1214.3,1233.0,15275791
2024-07-04 00:00:00,IDFCFIRSTB,81.47,82.1,80.14,81.17,27153022
2024-07-04 00:00:00,INDUSINDBK,1455.45,1457.85,1436.2,1442.85,3010077
2024-07-04 00:00:00,KOTAKBANK,1806.6,1838.55,1801.3,1833.85,5068893
2024-07-04 00:00:00,PNB,122.2,122.38,120.49,121.53,20117728
2024-07-04 00:00:00,SBIN,843.0,844.9,834.3,839.3,13372587
2024-07-04 00:00:00,UNIONBANK,137.05,137.26,134.9,135.93,9703546
2024-07-04 00:00:00,YESBANK,23.99,24.4,23.81,23.95,149388062
2024-07-05 00:00:00,AUBANK,674.0,678.2,668.15,672.6,1225024
2024-07-05 00:00:00,AXISBANK,1272.0,1295.4,1270.9,1287.05,8593502
2024-07-05 00:00:00,BANDHANBNK,206.7,206.7,203.0,204.33,11946566
2024-07-05 00:00:00,BANKBARODA,270.0,274.4,268.95,273.8,15355368
2024-07-05 00:00:00,CANBK,117.0,117.98,116.52,117.76,20103764
2024-07-05 00:00:00,FEDERALBNK,180.96,187.2,179.94,186.19,16844463
2024-07-05 00:00:00,HDFCBANK,1685.0,1685.0,1642.2,1648.1,41121274
2024-07-05 00:00:00,ICICIBANK,1225.0,1242.6,1220.85,1233.4,9535575
2024-07-05 00:00:00,IDFCFIRSTB,81.0,82.07,80.61,81.19,28720522
2024-07-05 00:00:00,INDUSINDBK,1437.0,1449.7,1426.0,1434.25,4216309
2024-07-05 00:00:00,KOTAKBANK,1820.0,1857.95,1818.45,1852.7,3465653
2024-07-05 00:00:00,PNB,122.97,123.95,122.11,122.8,33669963
2024-07-05 00:00:00,SBIN,838.0,861.25,837.0,859.75,24873722
2024-07-05 00:00:00,UNIONBANK,135.5,137.2,135.2,135.73,9751722
2024-07-05 00:00:00,YESBANK,23.98,27.04,23.87,26.64,985310768
2024-07-08 00:00:00,AUBANK,667.95,668.25,639.1,642.7,6191001
2024-07-08 00:00:00,AXISBANK,1285.0,1297.4,1279.6,1287.85,4216951
2024-07-08 00:00:00,BANDHANBNK,202.46,205.22,201.11,204.47,8768558
2024-07-08 00:00:00,BANKBARODA,268.0,268.0,261.55,262.35,22806599
2024-07-08 00:00:00,CANBK,117.5,118.08,114.66,114.89,34032815
2024-07-08 00:00:00,FEDERALBNK,187.1,189.3,185.27,188.06,17405153
2024-07-08 00:00:00,HDFCBANK,1645.3,1654.95,1627.15,1635.35,19543900
2024-07-08 00:00:00,ICICIBANK,1228.9,1239.5,1216.9,1235.05,6617190
2024-07-08 00:00:00,IDFCFIRSTB,81.18,81.35,79.46,79.76,32209972
2024-07-08 00:00:00,INDUSINDBK,1428.0,1441.7,1422.8,1438.05,2772277
2024-07-08 00:00:00,KOTAKBANK,1854.0,1857.25,1835.45,1853.2,3861203
2024-07-08 00:00:00,PNB,122.65,123.39,121.12,121.36,23249946
2024-07-08 00:00:00,SBIN,859.75,865.0,853.5,856.25,10359800
2024-07-08 00:00:00,UNIONBANK,135.0,135.8,133.0,133.24,10139728
2024-07-08 00:00:00,YESBANK,26.95,27.44,25.57,25.68,648338958
2024-07-09 00:00:00,AUBANK,642.7,647.05,638.15,640.05,1436156
2024-07-09 00:00:00,AXISBANK,1284.0,1295.0,1279.2,1289.4,6930340
2024-07-09 00:00:00,BANDHANBNK,205.0,205.6,200.0,200.76,8027550
2024-07-09 00:00:00,BANKBARODA,264.3,264.7,261.1,261.7,13578992
2024-07-09 00:00:00,CANBK,115.0,117.25,114.9,116.0,32861024
2024-07-09 00:00:00,FEDERALBNK,188.3,189.36,186.31,187.75,9869013
2024-07-09 00:00:00,HDFCBANK,1625.0,1646.7,1620.35,1636.5,24275439
2024-07-09 00:00:00,ICICIBANK,1234.95,1250.2,1229.3,1248.25,13366874
2024-07-09 00:00:00,IDFCFIRSTB,79.9,80.4,79.05,79.19,15949548
2024-07-09 00:00:00,INDUSINDBK,1441.0,1449.6,1426.0,1434.25,3126274
2024-07-09 00:00:00,KOTAKBANK,1861.2,1870.0,1830.0,1847.85,3920211
2024-07-09 00:00:00,PNB,121.95,124.14,121.64,122.39,30994243
2024-07-09 00:00:00,SBIN,859.9,869.95,856.0,861.3,13585081
2024-07-09 00:00:00,UNIONBANK,133.87,140.79,133.61,139.78,24150550
2024-07-09 00:00:00,YESBANK,26.08,26.44,25.71,25.8,314153625
2024-07-10 00:00:00,AUBANK,640.6,642.95,624.55,629.95,6039883
2024-07-10 00:00:00,AXISBANK,1284.2,1294.0,1275.15,1291.65,9020489
2024-07-10 00:00:00,BANDHANBNK,201.52,201.56,190.05,192.43,24679628
2024-07-10 00:00:00,BANKBARODA,263.5,263.5,254.55,256.55,18117284
2024-07-10 00:00:00,CANBK,116.25,116.25,112.9,114.76,22991042
2024-07-10 00:00:00,FEDERALBNK,187.75,189.34,184.5,188.66,16100830
2024-07-10 00:00:00,HDFCBANK,1629.95,1640.0,1620.75,1626.1,22753591
2024-07-10 00:00:00,ICICIBANK,1252.75,1252.75,1236.35,1243.2,18226503
2024-07-10 00:00:00,IDFCFIRSTB,79.2,79.34,77.61,78.21,37403807
2024-07-10 00:00:00,INDUSINDBK,1433.5,1433.5,1415.05,1425.95,3979121
2024-07-10 00:00:00,KOTAKBANK,1843.0,1844.5,1820.2,1829.85,5629789
2024-07-10 00:00:00,PNB,122.8,122.95,118.54,119.22,48724410
2024-07-10 00:00:00,SBIN,860.1,860.25,843.5,849.0,17343236
2024-07-10 00:00:00,UNIONBANK,140.3,141.07,135.85,138.37,10287227
2024-07-10 00:00:00,YESBANK,25.9,26.0,24.6,24.96,239758474
2024-07-11 00:00:00,AUBANK,626.0,635.95,624.75,633.4,1710082
2024-07-11 00:00:00,AXISBANK,1301.05,1301.4,1276.95,1296.75,7848846
2024-07-11 00:00:00,BANDHANBNK,193.85,197.0,192.3,196.72,9205351
2024-07-11 00:00:00,BANKBARODA,258.7,259.05,255.55,256.7,9469388
2024-07-11 00:00:00,CANBK,115.3,115.45,113.8,114.15,13553009
2024-07-11 00:00:00,FEDERALBNK,189.65,193.63,188.23,192.66,16408103
2024-07-11 00:00:00,HDFCBANK,1623.95,1625.85,1601.0,1621.9,22088537
2024-07-11 00:00:00,ICICIBANK,1246.35,1257.8,1225.05,1238.45,11307116
2024-07-11 00:00:00,IDFCFIRSTB,78.93,79.09,78.1,78.22,19229318
2024-07-11 00:00:00,INDUSINDBK,1427.95,1435.85,1415.7,1429.75,2416195
2024-07-11 00:00:00,KOTAKBANK,1830.85,1852.0,1821.55,1844.5,4615372
2024-07-11 00:00:00,PNB,120.4,120.6,119.07,119.4,25511815
2024-07-11 00:00:00,SBIN,854.4,858.3,849.75,856.7,8501366
2024-07-11 00:00:00,UNIONBANK,139.3,139.45,136.0,136.78,9215193
2024-07-11 00:00:00,YESBANK,26.1,27.09,25.7,25.83,726569550
2024-07-12 00:00:00,AUBANK,634.0,648.9,633.05,643.8,2044302
2024-07-12 00:00:00,AXISBANK,1293.9,1339.65,1293.9,1317.3,11278987
2024-07-12 00:00:00,BANDHANBNK,197.19,197.89,192.22,192.6,10446564
2024-07-12 00:00:00,BANKBARODA,257.1,259.1,250.05,250.6,19538619
2024-07-12 00:00:00,CANBK,114.73,114.8,112.3,112.72,22397084
2024-07-12 00:00:00,FEDERALBNK,196.42,197.19,193.71,195.48,24195859
2024-07-12 00:00:00,HDFCBANK,1622.0,1638.4,1611.15,1622.7,28024980
2024-07-12 00:00:00,ICICIBANK,1235.9,1252.9,1230.1,1232.9,12208290
2024-07-12 00:00:00,IDFCFIRSTB,78.22,79.35,78.11,78.27,17319739
2024-07-12 00:00:00,INDUSINDBK,1432.0,1450.95,1427.35,1434.55,3340305
2024-07-12 00:00:00,KOTAKBANK,1844.5,1851.0,1826.25,1832.85,4240855
2024-07-12 00:00:00,PNB,119.8,119.8,117.5,117.74,26896471
2024-07-12 00:00:00,SBIN,856.7,863.0,855.3,859.7,11446064
2024-07-12 00:00:00,UNIONBANK,136.5,139.05,135.8,136.11,9543098
2024-07-12 00:00:00,YESBANK,25.89,26.24,25.56,25.6,224871313
2024-07-15 00:00:00,AUBANK,645.0,648.15,638.25,640.85,1861392
2024-07-15 00:00:00,AXISBANK,1316.7,1324.4,1305.0,1307.45,11537127
2024-07-15 00:00:00,BANDHANBNK,193.39,195.8,191.81,195.32,6366233
2024-07-15 00:00:00,BANKBARODA,252.6,259.3,250.65,258.55,29164529
2024-07-15 00:00:00,CANBK,113.25,117.55,112.4,117.25,49372062
2024-07-15 00:00:00,FEDERALBNK,195.48,196.84,193.21,194.75,14486955
2024-07-15 00:00:00,HDFCBANK,1623.5,1629.8,1615.2,1622.1,16687847
2024-07-15 00:00:00,ICICIBANK,1233.1,1238.45,1224.05,1229.95,15612671
2024-07-15 00:00:00,IDFCFIRSTB,78.3,78.8,77.61,78.16,22131587
2024-07-15 00:00:00,INDUSINDBK,1438.5,1449.0,1433.0,1444.05,4284427
2024-07-15 00:00:00,KOTAKBANK,1839.0,1857.9,1826.65,1843.55,5909996
2024-07-15 00:00:00,PNB,118.1,121.35,117.5,120.93,32712545
2024-07-15 00:00:00,SBIN,859.7,887.35,859.7,881.35,25392820
2024-07-15 00:00:00,UNIONBANK,136.5,141.0,135.4,139.18,22327366
2024-07-15 00:00:00,YESBANK,25.65,26.8,25.1,26.38,394428177
2024-07-16 00:00:00,AUBANK,644.0,645.7,633.2,634.45,2089842
2024-07-16 00:00:00,AXISBANK,1307.45,1318.45,1299.7,1304.0,5433264
2024-07-16 00:00:00,BANDHANBNK,195.99,202.95,194.72,198.43,29906784
2024-07-16 00:00:00,BANKBARODA,259.8,260.9,256.95,258.2,18989023
2024-07-16 00:00:00,CANBK,117.6,118.11,115.6,116.04,34514206
2024-07-16 00:00:00,FEDERALBNK,194.75,195.93,193.42,195.35,8445700
2024-07-16 00:00:00,HDFCBANK,1620.75,1627.0,1616.8,1619.75,14475162
2024-07-16 00:00:00,ICICIBANK,1230.0,1245.0,1229.0,1239.9,12320605
2024-07-16 00:00:00,IDFCFIRSTB,78.2,78.66,77.85,77.95,17388331
2024-07-16 00:00:00,INDUSINDBK,1445.05,1450.0,1435.75,1445.9,2284985
2024-07-16 00:00:00,KOTAKBANK,1842.1,1849.1,1800.9,1805.3,6542702
2024-07-16 00:00:00,PNB,121.41,122.15,119.2,119.86,29031539
2024-07-16 00:00:00,SBIN,882.3,888.1,874.3,880.7,11893692
2024-07-16 00:00:00,UNIONBANK,140.18,142.74,139.01,139.65,13617156
2024-07-16 00:00:00,YESBANK,26.37,26.85,26.12,26.19,164346164
2024-07-18 00:00:00,AUBANK,635.0,638.5,630.0,633.05,2224274
2024-07-18 00:00:00,AXISBANK,1300.0,1318.6,1294.5,1309.4,6787511
2024-07-18 00:00:00,BANDHANBNK,198.01,201.26,195.7,195.93,8349371
2024-07-18 00:00:00,BANKBARODA,258.2,258.85,254.8,255.45,18903883
2024-07-18 00:00:00,CANBK,116.04,117.59,114.73,115.77,24517941
2024-07-18 00:00:00,FEDERALBNK,195.34,197.77,195.0,196.6,9065610
2024-07-18 00:00:00,HDFCBANK,1608.0,1623.95,1599.15,1614.8,16858532
2024-07-18 00:00:00,ICICIBANK,1234.9,1256.45,1231.7,1250.3,10999632
2024-07-18 00:00:00,IDFCFIRSTB,77.96,78.41,77.65,77.74,13770410
2024-07-18 00:00:00,INDUSINDBK,1440.7,1460.85,1438.0,1456.9,3634938
2024-07-18 00:00:00,KOTAKBANK,1805.0,1831.2,1793.15,1826.75,7590838
2024-07-18 00:00:00,PNB,119.99,120.9,118.15,118.84,21826818
2024-07-18 00:00:00,SBIN,880.65,894.9,877.5,893.55,19435183
2024-07-18 00:00:00,UNIONBANK,140.0,141.8,139.04,139.8,14015928
2024-07-18 00:00:00,YESBANK,26.0,26.3,25.67,25.75,187983764
2024-07-19 00:00:00,AUBANK,630.5,635.35,625.15,633.65,1321440
2024-07-19 00:00:00,AXISBANK,1305.65,1309.0,1288.2,1292.35,4496066
2024-07-19 00:00:00,BANDHANBNK,195.9,195.9,191.0,192.45,8287965
2024-07-19 00:00:00,BANKBARODA,256.0,257.25,248.75,250.6,13018805
2024-07-19 00:00:00,CANBK,115.8,116.8,112.33,112.89,33377806
2024-07-19 00:00:00,FEDERALBNK,197.0,197.0,190.84,191.47,10613495
2024-07-19 00:00:00,HDFCBANK,1616.0,1623.0,1603.5,1607.3,13001076
2024-07-19 00:00:00,ICICIBANK,1244.0,1250.5,1240.25,1248.65,7958817
2024-07-19 00:00:00,IDFCFIRSTB,77.74,77.88,75.85,76.02,21274463
2024-07-19 00:00:00,INDUSINDBK,1451.55,1452.0,1429.0,1432.45,2981749
2024-07-19 00:00:00,KOTAKBANK,1818.5,1831.0,1805.95,1821.6,4138865
2024-07-19 00:00:00,PNB,119.35,119.79,116.2,116.51,32480581
2024-07-19 00:00:00,SBIN,895.0,899.0,883.3,889.35,14562742
2024-07-19 00:00:00,UNIONBANK,137.0,137.4,135.1,135.65,9426470
2024-07-19 00:00:00,YESBANK,25.74,25.78,24.62,24.77,166847717
2024-07-22 00:00:00,AUBANK,628.0,660.4,625.0,655.4,6529913
2024-07-22 00:00:00,AXISBANK,1283.35,1292.35,1278.2,1282.5,6695557
2024-07-22 00:00:00,BANDHANBNK,191.03,199.0,190.4,197.94,10624805
2024-07-22 00:00:00,BANKBARODA,249.7,256.2,246.75,253.0,14680632
2024-07-22 00:00:00,CANBK,112.8,115.49,111.03,114.76,21519135
2024-07-22 00:00:00,FEDERALBNK,191.45,194.9,190.1,192.93,18442177
2024-07-22 00:00:00,HDFCBANK,1617.0,1651.0,1612.65,1642.55,26872411
2024-07-22 00:00:00,ICICIBANK,1240.0,1245.3,1232.9,1241.15,9958965
2024-07-22 00:00:00,IDFCFIRSTB,75.94,78.04,75.02,77.59,32277103
2024-07-22 00:00:00,INDUSINDBK,1428.0,1429.95,1409.6,1423.4,2883674
2024-07-22 00:00:00,KOTAKBANK,1821.0,1821.0,1748.9,1757.55,10742361
2024-07-22 00:00:00,PNB,116.4,118.69,114.76,118.16,20931256
2024-07-22 00:00:00,SBIN,881.45,895.0,868.0,876.8,14614111
2024-07-22 00:00:00,UNIONBANK,134.65,138.96,133.51,136.17,12569391
2024-07-22 00:00:00,YESBANK,25.9,26.19,25.22,25.67,332587313
2024-07-23 00:00:00,AUBANK,657.0,658.9,643.45,656.25,2321050
2024-07-23 00:00:00,AXISBANK,1288.5,1291.1,1251.0,1263.25,8789327
2024-07-23 00:00:00,BANDHANBNK,197.3,199.49,189.1,195.52,10847273
2024-07-23 00:00:00,BANKBARODA,255.1,255.1,243.85,251.1,9028466
2024-07-23 00:00:00,CANBK,115.4,115.4,109.0,112.86,26483458
2024-07-23 00:00:00,FEDERALBNK,203.0,203.44,195.86,197.96,48303121
2024-07-23 00:00:00,HDFCBANK,1647.55,1647.8,1605.0,1618.4,26001076
2024-07-23 00:00:00,ICICIBANK,1241.15,1248.65,1212.5,1226.75,19369832
2024-07-23 00:00:00,IDFCFIRSTB,77.99,77.99,74.6,76.59,26763235
2024-07-23 00:00:00,INDUSINDBK,1422.5,1427.0,1395.65,1413.2,3054925
2024-07-23 00:00:00,KOTAKBANK,1769.0,1780.5,1739.15,1768.9,6155196
2024-07-23 00:00:00,PNB,118.4,118.95,112.52,117.75,28867094
2024-07-23 00:00:00,SBIN,883.0,884.5,849.1,863.9,18279212
2024-07-23 00:00:00,UNIONBANK,136.98,137.18,129.1,134.73,12529462
2024-07-23 00:00:00,YESBANK,25.67,25.7,24.25,24.96,183384210
2024-07-24 00:00:00,AUBANK,656.25,663.3,647.25,659.55,5455706
2024-07-24 00:00:00,AXISBANK,1262.9,1267.35,1226.65,1239.25,10344860
2024-07-24 00:00:00,BANDHANBNK,196.0,198.4,186.54,188.1,32878186
2024-07-24 00:00:00,BANKBARODA,252.0,252.9,246.05,248.95,21869220
2024-07-24 00:00:00,CANBK,112.99,113.9,111.54,112.46,24622269
2024-07-24 00:00:00,FEDERALBNK,197.0,204.0,193.13,201.23,52568775
2024-07-24 00:00:00,HDFCBANK,1608.15,1621.0,1588.05,1604.05,30864103
2024-07-24 00:00:00,ICICIBANK,1225.0,1233.65,1202.05,1223.0,20122521
2024-07-24 00:00:00,IDFCFIRSTB,76.55,77.04,75.05,75.66,45553498
2024-07-24 00:00:00,INDUSINDBK,1409.8,1412.5,1386.4,1396.65,5553500
2024-07-24 00:00:00,KOTAKBANK,1767.95,1780.9,1729.05,1746.2,7487207
2024-07-24 00:00:00,PNB,117.51,119.13,115.76,116.55,39917998
2024-07-24 00:00:00,SBIN,864.2,868.0,847.2,852.0,19624845
2024-07-24 00:00:00,UNIONBANK,134.01,136.35,133.45,134.52,8709147
2024-07-24 00:00:00,YESBANK,24.95,25.18,24.74,24.9,134634530
2024-07-25 00:00:00,AUBANK,657.3,661.75,625.55,631.65,2401579
2024-07-25 00:00:00,AXISBANK,1200.0,1200.0,1155.5,1175.9,32979871
2024-07-25 00:00:00,BANDHANBNK,188.1,188.95,185.53,185.83,11606916
2024-07-25 00:00:00,BANKBARODA,248.25,249.1,244.85,245.35,16680821
2024-07-25 00:00:00,CANBK,111.8,113.85,109.25,111.89,76948576
2024-07-25 00:00:00,FEDERALBNK,199.7,205.15,197.85,204.67,26159847
2024-07-25 00:00:00,HDFCBANK,1593.0,1625.0,1593.0,1616.6,12767866
2024-07-25 00:00:00,ICICIBANK,1205.5,1218.25,1190.6,1197.9,14154461
2024-07-25 00:00:00,IDFCFIRSTB,75.0,75.34,74.6,74.66,32863157
2024-07-25 00:00:00,INDUSINDBK,1389.0,1396.55,1374.0,1379.1,3631639
2024-07-25 00:00:00,KOTAKBANK,1732.0,1779.0,1732.0,1775.15,3096397
2024-07-25 00:00:00,PNB,116.05,117.95,115.34,117.72,22543073
2024-07-25 00:00:00,SBIN,847.5,850.75,841.2,848.5,9522375
2024-07-25 00:00:00,UNIONBANK,133.88,133.88,131.66,132.03,9428228
2024-07-25 00:00:00,YESBANK,24.59,24.78,24.42,24.62,106791946
2024-07-26 00:00:00,AUBANK,621.0,652.35,620.55,650.4,4555752
2024-07-26 00:00:00,AXISBANK,1165.0,1183.15,1155.25,1177.35,18554648
2024-07-26 00:00:00,BANDHANBNK,185.1,193.25,184.75,192.5,14431603
2024-07-26 00:00:00,BANKBARODA,246.0,250.7,244.05,249.7,16144925
2024-07-26 00:00:00,CANBK,112.49,114.4,111.0,113.86,54279930
2024-07-26 00:00:00,FEDERALBNK,195.0,199.39,192.96,198.0,26611586
2024-07-26 00:00:00,HDFCBANK,1605.0,1621.75,1596.45,1618.15,21905270
2024-07-26 00:00:00,ICICIBANK,1190.0,1220.0,1185.95,1207.2,19309265
2024-07-26 00:00:00,IDFCFIRSTB,73.51,74.94,72.4,74.48,48815501
2024-07-26 00:00:00,INDUSINDBK,1365.0,1409.0,1359.05,1403.9,3607419
2024-07-26 00:00:00,KOTAKBANK,1758.1,1829.85,1758.1,1813.85,5309351
2024-07-26 00:00:00,PNB,117.25,120.3,117.03,119.95,24356026
2024-07-26 00:00:00,SBIN,844.65,864.25,844.0,862.45,12081506
2024-07-26 00:00:00,UNIONBANK,132.3,133.35,130.82,132.87,8580365
2024-07-26 00:00:00,YESBANK,24.67,25.11,24.65,24.97,120894253
2024-07-29 00:00:00,AUBANK,655.0,658.1,644.35,650.05,4793665
2024-07-29 00:00:00,AXISBANK,1182.35,1194.6,1163.65,1170.05,19598573
2024-07-29 00:00:00,BANDHANBNK,203.0,220.0,200.11,218.87,133627172
2024-07-29 00:00:00,BANKBARODA,254.0,260.75,251.3,255.9,32691314
2024-07-29 00:00:00,CANBK,115.2,117.82,115.01,115.91,51072326
2024-07-29 00:00:00,FEDERALBNK,199.21,202.19,198.14,201.01,21488147
2024-07-29 00:00:00,HDFCBANK,1615.0,1631.85,1598.3,1605.05,25500574
2024-07-29 00:00:00,ICICIBANK,1215.15,1242.75,1204.15,1212.7,28458261
2024-07-29 00:00:00,IDFCFIRSTB,73.69,75.15,73.05,74.83,62891458
2024-07-29 00:00:00,INDUSINDBK,1415.0,1444.95,1406.45,1411.5,5955870
2024-07-29 00:00:00,KOTAKBANK,1824.7,1827.0,1783.5,1793.9,8006367
2024-07-29 00:00:00,PNB,124.86,128.8,123.54,127.0,144104708
2024-07-29 00:00:00,SBIN,866.05,889.1,863.2,871.6,26582781
2024-07-29 00:00:00,UNIONBANK,134.25,137.12,134.25,136.86,15178338
2024-07-29 00:00:00,YESBANK,25.25,25.68,24.8,24.95,183181556
2024-07-30 00:00:00,AUBANK,652.0,661.5,649.15,651.45,2007413
2024-07-30 00:00:00,AXISBANK,1164.1,1180.0,1160.2,1170.0,18090045
2024-07-30 00:00:00,BANDHANBNK,218.44,222.31,216.55,219.77,30074854
2024-07-30 00:00:00,BANKBARODA,256.55,257.95,254.9,256.25,11358547
2024-07-30 00:00:00,CANBK,115.91,116.45,115.12,115.77,17664352
2024-07-30 00:00:00,FEDERALBNK,200.99,202.92,199.5,201.84,8784936
2024-07-30 00:00:00,HDFCBANK,1602.0,1634.75,1599.0,1615.55,27297917
2024-07-30 00:00:00,ICICIBANK,1213.0,1230.85,1204.4,1209.45,23972277
2024-07-30 00:00:00,IDFCFIRSTB,74.92,76.23,74.61,76.04,58912783
2024-07-30 00:00:00,INDUSINDBK,1411.5,1432.7,1407.2,1429.7,2158067
2024-07-30 00:00:00,KOTAKBANK,1793.9,1806.65,1781.3,1786.1,5679537
2024-07-30 00:00:00,PNB,127.0,127.7,124.9,125.51,33365327
2024-07-30 00:00:00,SBIN,874.7,880.55,869.0,872.8,13528447
2024-07-30 00:00:00,UNIONBANK,136.5,137.46,134.65,134.9,11787457
2024-07-30 00:00:00,YESBANK,24.94,26.07,24.88,25.71,275043147
2024-07-31 00:00:00,AUBANK,653.45,653.45,637.35,646.05,3723813
2024-07-31 00:00:00,AXISBANK,1157.0,1171.0,1154.0,1166.1,17347076
2024-07-31 00:00:00,BANDHANBNK,219.0,219.9,215.25,218.08,19665113
2024-07-31 00:00:00,BANKBARODA,257.4,257.4,251.5,253.65,17796739
2024-07-31 00:00:00,CANBK,116.0,116.19,114.26,114.71,16689282
2024-07-31 00:00:00,FEDERALBNK,202.0,202.2,197.76,201.39,17531393
2024-07-31 00:00:00,HDFCBANK,1614.0,1627.9,1609.2,1615.75,18910242
2024-07-31 00:00:00,ICICIBANK,1219.0,1224.65,1211.0,1214.9,22297629
2024-07-31 00:00:00,IDFCFIRSTB,76.29,76.29,75.47,75.99,32430765
2024-07-31 00:00:00,INDUSINDBK,1435.0,1435.0,1414.05,1427.8,3926481
2024-07-31 00:00:00,KOTAKBANK,1793.0,1816.0,1773.15,1807.9,5806257
2024-07-31 00:00:00,PNB,126.0,126.0,122.73,123.95,47960947
2024-07-31 00:00:00,SBIN,873.85,874.95,868.0,872.4,11636874
2024-07-31 00:00:00,UNIONBANK,135.25,135.5,134.11,134.8,7821311
2024-07-31 00:00:00,YESBANK,25.91,27.2,25.91,26.51,653115416
2024-08-01 00:00:00,AUBANK,646.75,659.85,641.95,644.75,1637829
2024-08-01 00:00:00,AXISBANK,1168.0,1175.65,1165.45,1172.3,11190500
2024-08-01 00:00:00,BANDHANBNK,217.1,218.49,212.71,213.71,13341398
2024-08-01 00:00:00,BANKBARODA,258.1,258.45,250.25,251.25,33759802
2024-08-01 00:00:00,CANBK,115.5,115.6,112.05,112.69,25958910
2024-08-01 00:00:00,FEDERALBNK,202.0,203.51,199.11,200.75,8241827
2024-08-01 00:00:00,HDFCBANK,1622.9,1650.05,1617.95,1638.8,13107587
2024-08-01 00:00:00,ICICIBANK,1212.5,1222.65,1206.9,1210.1,8725046
2024-08-01 00:00:00,IDFCFIRSTB,76.05,76.46,75.07,75.39,23506982
2024-08-01 00:00:00,INDUSINDBK,1432.0,1440.0,1416.8,1419.85,4074181
2024-08-01 00:00:00,KOTAKBANK,1807.1,1818.25,1786.25,1792.65,3816044
2024-08-01 00:00:00,PNB,124.5,125.7,121.88,122.95,23162046
2024-08-01 00:00:00,SBIN,877.8,881.4,859.45,862.65,11787203
2024-08-01 00:00:00,UNIONBANK,135.69,136.09,134.4,135.26,7500594
2024-08-01 00:00:00,YESBANK,26.65,26.94,26.21,26.28,252509224
2024-08-02 00:00:00,AUBANK,638.0,650.95,635.5,637.6,3036465
2024-08-02 00:00:00,AXISBANK,1164.0,1167.8,1156.1,1160.85,10581445
2024-08-02 00:00:00,BANDHANBNK,210.1,214.6,209.0,212.53,14184491
2024-08-02 00:00:00,BANKBARODA,250.0,250.0,242.55,243.7,26445597
2024-08-02 00:00:00,CANBK,112.0,112.0,110.05,110.49,27944377
2024-08-02 00:00:00,FEDERALBNK,197.5,200.3,197.1,197.71,5501380
2024-08-02 00:00:00,HDFCBANK,1631.0,1670.5,1631.0,1659.15,22059619
2024-08-02 00:00:00,ICICIBANK,1197.0,1201.65,1190.1,1196.55,10735395
2024-08-02 00:00:00,IDFCFIRSTB,75.0,75.0,74.11,74.31,22069106
2024-08-02 00:00:00,INDUSINDBK,1413.95,1413.95,1392.7,1404.3,3268026
2024-08-02 00:00:00,KOTAKBANK,1781.1,1810.0,1775.0,1803.45,3242589
2024-08-02 00:00:00,PNB,121.0,121.65,119.56,120.26,29241484
2024-08-02 00:00:00,SBIN,856.7,858.3,846.15,847.85,12609331
2024-08-02 00:00:00,UNIONBANK,134.3,134.4,131.79,133.27,8343959
2024-08-02 00:00:00,YESBANK,25.7,26.02,25.35,25.45,210174985
2024-08-05 00:00:00,AUBANK,629.9,637.9,622.3,632.0,2173993
2024-08-05 00:00:00,AXISBANK,1142.0,1151.45,1124.3,1133.5,12013362
2024-08-05 00:00:00,BANDHANBNK,206.2,209.2,200.6,202.24,15968418
2024-08-05 00:00:00,BANKBARODA,238.35,241.7,231.25,239.95,33533629
2024-08-05 00:00:00,CANBK,108.44,108.44,104.04,105.26,57645213
2024-08-05 00:00:00,FEDERALBNK,193.05,194.83,190.56,192.85,17772430
2024-08-05 00:00:00,HDFCBANK,1640.1,1646.0,1601.0,1615.75,20666817
2024-08-05 00:00:00,ICICIBANK,1182.0,1188.9,1167.0,1172.6,14306771
2024-08-05 00:00:00,IDFCFIRSTB,72.99,73.4,71.6,72.01,53497863
2024-08-05 00:00:00,INDUSINDBK,1388.0,1396.2,1369.0,1389.45,3532894
2024-08-05 00:00:00,KOTAKBANK,1770.2,1805.6,1768.55,1773.65,4911818
2024-08-05 00:00:00,PNB,117.97,117.97,113.2,113.94,51711021
2024-08-05 00:00:00,SBIN,830.0,831.35,800.0,811.65,27676951
2024-08-05 00:00:00,UNIONBANK,129.5,129.84,125.18,125.73,22510832
2024-08-05 00:00:00,YESBANK,24.5,24.75,23.43,23.54,379085398
2024-08-06 00:00:00,AUBANK,635.3,644.9,633.0,635.9,1635549
2024-08-06 00:00:00,AXISBANK,1140.0,1151.0,1123.1,1126.1,8571122
2024-08-06 00:00:00,BANDHANBNK,205.0,206.5,199.68,201.08,9201678
2024-08-06 00:00:00,BANKBARODA,241.55,246.35,238.7,239.5,22617452
2024-08-06 00:00:00,CANBK,106.75,108.18,104.8,105.03,18760783
2024-08-06 00:00:00,FEDERALBNK,194.0,195.49,190.7,191.37,7400639
2024-08-06 00:00:00,HDFCBANK,1630.0,1632.95,1593.3,1601.2,22558025
2024-08-06 00:00:00,ICICIBANK,1175.0,1187.7,1161.5,1166.85,13575619
2024-08-06 00:00:00,IDFCFIRSTB,72.59,73.43,71.56,71.76,25569309
2024-08-06 00:00:00,INDUSINDBK,1395.0,1407.3,1376.25,1381.0,2425599
2024-08-06 00:00:00,KOTAKBANK,1785.0,1792.2,1760.0,1770.55,3924022
2024-08-06 00:00:00,PNB,116.0,117.8,113.49,113.81,27461434
2024-08-06 00:00:00,SBIN,822.65,826.55,795.65,797.7,17900930
2024-08-06 00:00:00,UNIONBANK,127.0,128.5,122.06,122.73,10663265
2024-08-06 00:00:00,YESBANK,24.01,24.25,23.16,23.25,183499934
2024-08-07 00:00:00,AUBANK,640.5,643.9,626.3,630.85,2592406
2024-08-07 00:00:00,AXISBANK,1138.8,1144.8,1127.0,1136.8,8370312
2024-08-07 00:00:00,BANDHANBNK,204.54,205.87,201.58,203.61,11946013
2024-08-07 00:00:00,BANKBARODA,243.0,244.45,239.0,243.4,15128074
2024-08-07 00:00:00,CANBK,106.6,108.56,105.45,108.22,24292529
2024-08-07 00:00:00,FEDERALBNK,194.03,194.24,190.26,192.7,12297322
2024-08-07 00:00:00,HDFCBANK,1617.0,1630.0,1602.2,1623.5,21173132
2024-08-07 00:00:00,ICICIBANK,1178.95,1179.8,1161.6,1172.45,15753644
2024-08-07 00:00:00,IDFCFIRSTB,73.0,73.0,71.97,72.53,25523344
2024-08-07 00:00:00,INDUSINDBK,1391.0,1399.5,1329.2,1345.15,8728852
2024-08-07 00:00:00,KOTAKBANK,1785.0,1786.6,1760.05,1776.55,3537745
2024-08-07 00:00:00,PNB,116.0,116.25,114.03,115.93,28249277
2024-08-07 00:00:00,SBIN,809.0,810.7,800.55,808.65,17692355
2024-08-07 00:00:00,UNIONBANK,125.0,125.44,120.84,122.17,17701548
2024-08-07 00:00:00,YESBANK,23.89,24.15,23.39,24.05,154799051
2024-08-08 00:00:00,AUBANK,629.0,635.3,624.55,626.1,1374881
2024-08-08 00:00:00,AXISBANK,1133.1,1142.8,1126.0,1138.15,7903428
2024-08-08 00:00:00,BANDHANBNK,203.61,203.89,198.2,199.18,6762655
2024-08-08 00:00:00,BANKBARODA,243.5,244.75,240.5,241.35,10738946
2024-08-08 00:00:00,CANBK,108.0,108.56,106.5,107.15,17399682
2024-08-08 00:00:00,FEDERALBNK,193.0,195.27,192.27,193.78,5630502
2024-08-08 00:00:00,HDFCBANK,1624.0,1653.3,1619.25,1642.7,16988475
2024-08-08 00:00:00,ICICIBANK,1166.95,1174.4,1158.9,1164.6,10806438
2024-08-08 00:00:00,IDFCFIRSTB,72.55,72.95,71.91,72.03,15757882
2024-08-08 00:00:00,INDUSINDBK,1347.95,1355.8,1334.0,1347.3,3669342
2024-08-08 00:00:00,KOTAKBANK,1766.65,1781.8,1762.65,1772.75,2472221
2024-08-08 00:00:00,PNB,116.25,116.3,113.8,114.02,27941633
2024-08-08 00:00:00,SBIN,812.0,817.8,802.8,808.05,14769069
2024-08-08 00:00:00,UNIONBANK,122.8,124.75,120.1,120.4,12293949
2024-08-08 00:00:00,YESBANK,24.07,24.34,23.88,23.92,127582225
2024-08-09 00:00:00,AUBANK,635.0,636.0,623.25,625.95,1145143
2024-08-09 00:00:00,AXISBANK,1152.0,1155.7,1139.95,1142.75,6262086
2024-08-09 00:00:00,BANDHANBNK,201.99,202.9,199.0,199.5,6126300
2024-08-09 00:00:00,BANKBARODA,243.2,250.2,242.1,245.85,18588035
2024-08-09 00:00:00,CANBK,108.0,112.54,107.65,110.65,29858732
2024-08-09 00:00:00,FEDERALBNK,196.0,198.25,195.7,197.56,3959405
2024-08-09 00:00:00,HDFCBANK,1652.0,1662.55,1645.8,1650.2,13322309
2024-08-09 00:00:00,ICICIBANK,1176.55,1180.95,1169.0,1171.6,8687307
2024-08-09 00:00:00,IDFCFIRSTB,72.55,73.7,72.49,72.86,17044000
2024-08-09 00:00:00,INDUSINDBK,1367.0,1367.0,1338.05,1349.8,5082087
2024-08-09 00:00:00,KOTAKBANK,1785.05,1785.45,1765.0,1769.65,2464443
2024-08-09 00:00:00,PNB,115.75,116.49,113.85,115.27,22149553
2024-08-09 00:00:00,SBIN,816.0,829.95,809.55,824.3,15320885
2024-08-09 00:00:00,UNIONBANK,122.35,123.37,121.23,123.02,10893251
2024-08-09 00:00:00,YESBANK,24.19,24.33,23.84,23.94,103930859
2024-08-12 00:00:00,AUBANK,620.1,621.4,605.15,609.75,5707504
2024-08-12 00:00:00,AXISBANK,1146.0,1169.1,1135.85,1164.3,9078384
2024-08-12 00:00:00,BANDHANBNK,199.1,200.0,196.4,197.05,5828861
2024-08-12 00:00:00,BANKBARODA,244.0,246.95,242.5,244.85,11628884
2024-08-12 00:00:00,CANBK,109.9,110.76,108.4,109.55,22238178
2024-08-12 00:00:00,FEDERALBNK,195.0,201.7,195.0,201.24,14710865
2024-08-12 00:00:00,HDFCBANK,1652.0,1675.95,1647.35,1660.1,19658098
2024-08-12 00:00:00,ICICIBANK,1171.0,1178.25,1156.0,1172.8,10860455
2024-08-12 00:00:00,IDFCFIRSTB,72.51,72.78,71.66,71.79,45157967
2024-08-12 00:00:00,INDUSINDBK,1349.8,1357.6,1336.65,1350.85,4436342
2024-08-12 00:00:00,KOTAKBANK,1761.0,1791.05,1751.25,1772.55,4544443
2024-08-12 00:00:00,PNB,114.95,115.89,113.81,114.6,15808638
2024-08-12 00:00:00,SBIN,820.6,823.0,811.2,812.6,16120449
2024-08-12 00:00:00,UNIONBANK,122.51,122.88,120.31,121.57,12166477
2024-08-12 00:00:00,YESBANK,23.89,24.62,23.54,24.42,208297302
2024-08-13 00:00:00,AUBANK,609.75,615.45,606.9,611.95,2326446
2024-08-13 00:00:00,AXISBANK,1161.35,1179.6,1155.4,1159.6,6180463
2024-08-13 00:00:00,BANDHANBNK,197.04,197.82,191.32,192.6,14975254
2024-08-13 00:00:00,BANKBARODA,245.05,246.55,241.0,241.75,10527254
2024-08-13 00:00:00,CANBK,109.0,110.14,106.25,106.69,19954825
2024-08-13 00:00:00,FEDERALBNK,202.65,206.59,201.57,202.2,12610913
2024-08-13 00:00:00,HDFCBANK,1628.0,1632.4,1601.15,1603.2,27027521
2024-08-13 00:00:00,ICICIBANK,1183.2,1189.25,1163.6,1168.35,13117927
2024-08-13 00:00:00,IDFCFIRSTB,72.0,72.44,71.1,71.37,19218547
2024-08-13 00:00:00,INDUSINDBK,1355.0,1371.65,1343.5,1350.6,3905817
2024-08-13 00:00:00,KOTAKBANK,1763.0,1791.5,1746.1,1752.05,3530319
2024-08-13 00:00:00,PNB,115.32,115.99,113.6,114.3,17938540
2024-08-13 00:00:00,SBIN,813.5,820.0,795.05,797.55,17585172
2024-08-13 00:00:00,UNIONBANK,122.0,122.33,119.02,119.37,12424537
2024-08-13 00:00:00,YESBANK,25.0,25.1,24.01,24.11,175904099
2024-08-14 00:00:00,AUBANK,612.0,615.85,600.25,603.05,1823476
2024-08-14 00:00:00,AXISBANK,1159.0,1159.0,1148.65,1153.1,5021841
2024-08-14 00:00:00,BANDHANBNK,192.6,193.98,189.5,189.99,9922718
2024-08-14 00:00:00,BANKBARODA,241.9,243.4,238.75,239.45,13196198
2024-08-14 00:00:00,CANBK,106.75,107.06,105.5,105.65,13061546
2024-08-14 00:00:00,FEDERALBNK,201.76,204.38,201.76,202.73,9200992
2024-08-14 00:00:00,HDFCBANK,1606.5,1613.7,1603.2,1607.8,16167214
2024-08-14 00:00:00,ICICIBANK,1167.0,1170.05,1153.0,1161.65,13431801
2024-08-14 00:00:00,IDFCFIRSTB,71.38,71.49,70.43,70.6,28682414
2024-08-14 00:00:00,INDUSINDBK,1356.95,1356.95,1335.95,1338.1,4868357
2024-08-14 00:00:00,KOTAKBANK,1755.0,1760.0,1744.55,1747.9,2585649
2024-08-14 00:00:00,PNB,114.55,115.1,112.52,113.57,20442740
2024-08-14 00:00:00,SBIN,800.95,809.15,800.4,803.0,11788665
2024-08-14 00:00:00,UNIONBANK,119.5,119.92,116.3,116.7,14750576
2024-08-14 00:00:00,YESBANK,24.33,24.34,23.82,23.99,105214714
2024-08-16 00:00:00,AUBANK,607.0,614.0,605.8,613.2,1265653
2024-08-16 00:00:00,AXISBANK,1166.4,1170.0,1149.6,1166.85,6107134
2024-08-16 00:00:00,BANDHANBNK,192.5,193.5,189.75,191.59,11031971
2024-08-16 00:00:00,BANKBARODA,241.5,243.75,240.5,243.45,8039046
2024-08-16 00:00:00,CANBK,108.0,108.41,106.52,107.62,30254042
2024-08-16 00:00:00,FEDERALBNK,203.01,204.9,201.69,203.67,5776204
2024-08-16 00:00:00,HDFCBANK,1628.5,1634.15,1611.0,1632.1,13924623
2024-08-16 00:00:00,ICICIBANK,1170.0,1193.0,1165.65,1187.25,10961370
2024-08-16 00:00:00,IDFCFIRSTB,71.5,72.1,70.9,71.96,26680020
2024-08-16 00:00:00,INDUSINDBK,1347.1,1367.9,1338.55,1364.15,5456176
2024-08-16 00:00:00,KOTAKBANK,1762.0,1785.75,1746.0,1777.3,2961871
2024-08-16 00:00:00,PNB,112.0,113.55,111.9,113.04,27059803
2024-08-16 00:00:00,SBIN,803.0,814.9,803.0,812.1,11427335
2024-08-16 00:00:00,UNIONBANK,117.74,118.94,116.7,117.53,8032926
2024-08-16 00:00:00,YESBANK,24.27,24.42,23.99,24.27,97158685
2024-08-19 00:00:00,AUBANK,614.1,622.55,610.0,615.25,2273232
2024-08-19 00:00:00,AXISBANK,1169.0,1171.3,1150.2,1153.25,6691823
2024-08-19 00:00:00,BANDHANBNK,193.45,194.75,191.5,192.02,5487644
2024-08-19 00:00:00,BANKBARODA,243.9,249.45,243.9,247.35,10533731
2024-08-19 00:00:00,CANBK,108.3,111.25,108.08,109.9,27792179
2024-08-19 00:00:00,FEDERALBNK,205.2,205.7,202.12,202.69,11539502
2024-08-19 00:00:00,HDFCBANK,1637.65,1637.65,1623.7,1631.55,9751082
2024-08-19 00:00:00,ICICIBANK,1191.0,1195.75,1173.3,1175.9,6686394
2024-08-19 00:00:00,IDFCFIRSTB,72.0,72.38,71.6,72.01,27826873
2024-08-19 00:00:00,INDUSINDBK,1370.05,1375.8,1345.55,1347.6,5895105
2024-08-19 00:00:00,KOTAKBANK,1780.55,1790.0,1771.0,1781.35,2172279
2024-08-19 00:00:00,PNB,114.34,115.87,113.85,115.21,16314063
2024-08-19 00:00:00,SBIN,815.0,825.4,812.6,813.7,10151482
2024-08-19 00:00:00,UNIONBANK,118.51,121.19,118.21,120.19,8738303
2024-08-19 00:00:00,YESBANK,24.29,24.94,24.25,24.45,131102426
2024-08-20 00:00:00,AUBANK,621.4,626.05,618.65,621.15,2026046
2024-08-20 00:00:00,AXISBANK,1158.0,1177.0,1154.65,1168.0,6721749
2024-08-20 00:00:00,BANDHANBNK,193.0,197.2,192.6,196.91,8108709
2024-08-20 00:00:00,BANKBARODA,247.35,255.05,246.95,254.35,25268902
2024-08-20 00:00:00,CANBK,110.3,111.96,109.6,111.36,24247603
2024-08-20 00:00:00,FEDERALBNK,203.18,204.34,201.75,203.7,6524853
2024-08-20 00:00:00,HDFCBANK,1627.45,1646.0,1627.45,1637.7,15567247
2024-08-20 00:00:00,ICICIBANK,1174.2,1189.8,1170.0,1179.45,10427061
2024-08-20 00:00:00,IDFCFIRSTB,72.06,73.7,72.06,73.35,26347248
2024-08-20 00:00:00,INDUSINDBK,1363.9,1391.65,1357.2,1381.3,5507239
2024-08-20 00:00:00,KOTAKBANK,1783.0,1813.05,1776.25,1805.65,3115486
2024-08-20 00:00:00,PNB,115.5,117.9,114.97,117.35,24197410
2024-08-20 00:00:00,SBIN,817.95,823.0,813.35,820.3,10347493
2024-08-20 00:00:00,UNIONBANK,121.42,127.0,120.02,125.56,18480067
2024-08-20 00:00:00,YESBANK,24.5,24.64,24.35,24.51,87912368
2024-08-21 00:00:00,AUBANK,618.0,627.5,615.7,625.2,3107738
2024-08-21 00:00:00,AXISBANK,1166.6,1178.0,1161.5,1174.4,9480630
2024-08-21 00:00:00,BANDHANBNK,197.0,204.76,197.0,203.77,17806887
2024-08-21 00:00:00,BANKBARODA,254.85,255.4,251.05,253.4,14318532
2024-08-21 00:00:00,CANBK,111.36,111.9,110.67,111.63,15379494
2024-08-21 00:00:00,FEDERALBNK,203.7,204.1,200.81,203.25,11466995
2024-08-21 00:00:00,HDFCBANK,1628.1,1634.55,1617.8,1625.8,23815452
2024-08-21 00:00:00,ICICIBANK,1177.0,1178.65,1165.1,1174.85,17234142
2024-08-21 00:00:00,IDFCFIRSTB,73.34,73.96,73.0,73.63,25814553
2024-08-21 00:00:00,INDUSINDBK,1380.0,1387.35,1366.4,1384.0,5441231
2024-08-21 00:00:00,KOTAKBANK,1800.0,1817.0,1787.35,1812.95,5717190
2024-08-21 00:00:00,PNB,117.39,117.75,115.27,116.41,31985161
2024-08-21 00:00:00,SBIN,820.3,821.0,811.2,815.55,14607257
2024-08-21 00:00:00,UNIONBANK,126.0,126.25,124.05,124.86,6350192
2024-08-21 00:00:00,YESBANK,24.45,24.77,24.35,24.45,83226963
2024-08-22 00:00:00,AUBANK,632.0,637.35,629.3,633.4,1214623
2024-08-22 00:00:00,AXISBANK,1179.7,1181.0,1168.95,1169.95,5841326
2024-08-22 00:00:00,BANDHANBNK,206.0,211.07,204.71,205.43,20210212
2024-08-22 00:00:00,BANKBARODA,254.35,256.8,253.5,254.1,11102262
2024-08-22 00:00:00,CANBK,112.0,112.66,111.81,112.33,13967447
2024-08-22 00:00:00,FEDERALBNK,203.59,203.88,202.55,203.32,5362821
2024-08-22 00:00:00,HDFCBANK,1632.0,1638.3,1628.0,1631.3,10650319
2024-08-22 00:00:00,ICICIBANK,1182.0,1192.6,1176.6,1191.1,8564142
2024-08-22 00:00:00,IDFCFIRSTB,74.28,75.74,73.89,75.36,37149425
2024-08-22 00:00:00,INDUSINDBK,1384.05,1395.95,1379.6,1381.9,3510879
2024-08-22 00:00:00,KOTAKBANK,1814.0,1824.3,1805.8,1821.5,3217988
2024-08-22 00:00:00,PNB,116.64,117.98,116.55,117.36,18399460
2024-08-22 00:00:00,SBIN,819.0,823.9,817.1,820.3,7832917
2024-08-22 00:00:00,UNIONBANK,125.4,128.0,124.87,127.68,10170504
2024-08-22 00:00:00,YESBANK,24.48,24.67,24.46,24.58,85421132
2024-08-23 00:00:00,AUBANK,630.25,636.0,622.9,625.8,1101563
2024-08-23 00:00:00,AXISBANK,1170.0,1173.95,1163.5,1165.95,5121962
2024-08-23 00:00:00,BANDHANBNK,206.0,206.4,201.0,201.72,6110305
2024-08-23 00:00:00,BANKBARODA,254.1,255.1,251.8,252.5,6941785
2024-08-23 00:00:00,CANBK,112.6,112.99,111.81,112.1,13224117
2024-08-23 00:00:00,FEDERALBNK,203.14,203.14,199.0,199.56,9308243
2024-08-23 00:00:00,HDFCBANK,1634.0,1634.0,1623.0,1625.05,10166711
2024-08-23 00:00:00,ICICIBANK,1193.0,1205.0,1188.55,1203.5,7518309
2024-08-23 00:00:00,IDFCFIRSTB,75.78,75.79,74.14,74.42,22318922
2024-08-23 00:00:00,INDUSINDBK,1382.0,1390.3,1373.8,1388.55,2252945
2024-08-23 00:00:00,KOTAKBANK,1821.5,1827.9,1812.7,1818.0,1815186
2024-08-23 00:00:00,PNB,117.68,117.9,116.11,116.27,10286090
2024-08-23 00:00:00,SBIN,821.5,822.0,814.5,815.35,5537747
2024-08-23 00:00:00,UNIONBANK,127.7,128.02,125.87,127.08,7380835
2024-08-23 00:00:00,YESBANK,24.63,24.85,24.36,24.39,111141944
2024-08-26 00:00:00,AUBANK,631.75,639.05,629.0,633.45,2556753
2024-08-26 00:00:00,AXISBANK,1171.7,1175.25,1166.1,1170.3,3392612
2024-08-26 00:00:00,BANDHANBNK,202.0,203.0,199.61,200.06,7078317
2024-08-26 00:00:00,BANKBARODA,253.25,253.7,251.0,251.4,12148085
2024-08-26 00:00:00,CANBK,113.16,113.19,111.17,111.41,15658016
2024-08-26 00:00:00,FEDERALBNK,199.95,200.79,198.09,198.73,6050543
2024-08-26 00:00:00,HDFCBANK,1632.2,1647.95,1632.2,1639.95,11182133
2024-08-26 00:00:00,ICICIBANK,1205.55,1214.95,1201.05,1213.3,10920226
2024-08-26 00:00:00,IDFCFIRSTB,74.87,75.05,73.91,74.11,22380103
2024-08-26 00:00:00,INDUSINDBK,1395.3,1395.55,1379.8,1384.5,2541300
2024-08-26 00:00:00,KOTAKBANK,1820.0,1822.95,1809.7,1812.5,2356257
2024-08-26 00:00:00,PNB,116.32,116.84,115.81,116.16,11190669
2024-08-26 00:00:00,SBIN,818.0,823.45,813.8,815.05,8523795
2024-08-26 00:00:00,UNIONBANK,127.1,127.75,124.2,124.56,9410059
2024-08-26 00:00:00,YESBANK,24.5,24.53,24.0,24.08,84344508
2024-08-27 00:00:00,AUBANK,639.25,639.25,632.1,635.1,1239139
2024-08-27 00:00:00,AXISBANK,1170.0,1184.85,1164.25,1181.25,8702113
2024-08-27 00:00:00,BANDHANBNK,200.1,202.24,198.62,201.06,7994055
2024-08-27 00:00:00,BANKBARODA,251.6,252.5,250.1,251.2,7571973
2024-08-27 00:00:00,CANBK,111.41,112.02,110.5,110.85,12098332
2024-08-27 00:00:00,FEDERALBNK,199.01,199.61,196.5,196.92,6295365
2024-08-27 00:00:00,HDFCBANK,1643.4,1647.4,1632.2,1637.75,17886622
2024-08-27 00:00:00,ICICIBANK,1213.3,1232.5,1208.9,1226.35,16295325
2024-08-27 00:00:00,IDFCFIRSTB,74.68,74.83,73.8,74.58,17028051
2024-08-27 00:00:00,INDUSINDBK,1385.9,1387.15,1377.55,1383.2,1167406
2024-08-27 00:00:00,KOTAKBANK,1811.05,1813.1,1791.7,1803.35,4541696
2024-08-27 00:00:00,PNB,116.25,116.65,115.7,115.96,9861808
2024-08-27 00:00:00,SBIN,817.8,819.45,811.05,815.9,12833290
2024-08-27 00:00:00,UNIONBANK,124.8,125.37,123.9,124.53,5719506
2024-08-27 00:00:00,YESBANK,24.18,24.21,24.0,24.02,65729887
2024-08-28 00:00:00,AUBANK,633.15,636.75,625.85,632.55,1975857
2024-08-28 00:00:00,AXISBANK,1177.0,1181.7,1169.35,1170.95,5483503
2024-08-28 00:00:00,BANDHANBNK,202.0,202.84,196.12,196.66,12862179
2024-08-28 00:00:00,BANKBARODA,251.2,251.65,248.05,249.85,16568081
2024-08-28 00:00:00,CANBK,111.1,111.2,109.82,110.23,11686742
2024-08-28 00:00:00,FEDERALBNK,197.3,197.49,193.93,195.56,10580774
2024-08-28 00:00:00,HDFCBANK,1637.75,1639.75,1630.2,1637.1,13460594
2024-08-28 00:00:00,ICICIBANK,1222.65,1226.4,1217.3,1223.85,12291305
2024-08-28 00:00:00,IDFCFIRSTB,74.6,75.0,73.55,74.09,19032559
2024-08-28 00:00:00,INDUSINDBK,1389.05,1421.95,1382.55,1415.75,6532773
2024-08-28 00:00:00,KOTAKBANK,1796.0,1805.9,1785.85,1791.3,4280796
2024-08-28 00:00:00,PNB,116.05,116.34,114.51,114.75,14645860
2024-08-28 00:00:00,SBIN,814.75,817.2,806.5,809.4,10371300
2024-08-28 00:00:00,UNIONBANK,124.59,125.25,122.91,123.34,6711889
2024-08-28 00:00:00,YESBANK,24.0,24.18,23.92,23.96,82734530
2024-08-29 00:00:00,AUBANK,631.0,649.4,630.2,640.35,3767187
2024-08-29 00:00:00,AXISBANK,1169.0,1179.9,1163.4,1175.4,7290114
2024-08-29 00:00:00,BANDHANBNK,196.68,197.44,191.64,193.93,21247971
2024-08-29 00:00:00,BANKBARODA,249.85,250.7,247.65,249.8,9988780
2024-08-29 00:00:00,CANBK,110.23,110.75,108.85,110.28,13192113
2024-08-29 00:00:00,FEDERALBNK,196.2,196.88,194.5,195.92,5587549
2024-08-29 00:00:00,HDFCBANK,1642.0,1644.4,1631.15,1638.55,24526302
2024-08-29 00:00:00,ICICIBANK,1218.95,1235.0,1217.0,1221.9,10806748
2024-08-29 00:00:00,IDFCFIRSTB,73.99,74.21,72.94,73.23,18467829
2024-08-29 00:00:00,INDUSINDBK,1414.2,1423.05,1405.25,1417.45,3316387
2024-08-29 00:00:00,KOTAKBANK,1783.25,1798.5,1773.0,1777.25,5531158
2024-08-29 00:00:00,PNB,114.75,115.89,114.5,115.53,14852490
2024-08-29 00:00:00,SBIN,809.55,816.0,806.95,814.5,18247268
2024-08-29 00:00:00,UNIONBANK,123.34,123.79,121.4,123.23,9647527
2024-08-29 00:00:00,YESBANK,23.96,24.02,23.68,23.73,77720713
2024-08-30 00:00:00,AUBANK,641.5,697.0,641.5,688.7,16426385
2024-08-30 00:00:00,AXISBANK,1177.0,1182.95,1171.85,1175.25,10190506
2024-08-30 00:00:00,BANDHANBNK,195.04,201.92,195.04,200.3,109887950
2024-08-30 00:00:00,BANKBARODA,250.45,253.85,249.65,250.1,12909590
2024-08-30 00:00:00,CANBK,110.55,112.4,110.54,111.53,21379047
2024-08-30 00:00:00,FEDERALBNK,196.4,198.23,194.2,194.7,10597018
2024-08-30 00:00:00,HDFCBANK,1656.0,1662.0,1621.15,1636.9,222671050
2024-08-30 00:00:00,ICICIBANK,1230.0,1235.55,1218.9,1229.2,21211148
2024-08-30 00:00:00,IDFCFIRSTB,73.35,74.89,73.35,73.84,29308288
2024-08-30 00:00:00,INDUSINDBK,1422.15,1430.0,1415.55,1425.25,2792988
2024-08-30 00:00:00,KOTAKBANK,1777.3,1790.0,1774.35,1780.8,7458172
2024-08-30 00:00:00,PNB,115.83,117.55,115.83,116.57,26208535
2024-08-30 00:00:00,SBIN,817.15,820.7,814.35,815.6,8911426
2024-08-30 00:00:00,UNIONBANK,123.85,125.39,121.1,121.54,13015776
2024-08-30 00:00:00,YESBANK,23.8,24.02,23.55,23.61,111353758
2024-09-02 00:00:00,AUBANK,684.95,693.8,679.2,680.8,3223654
2024-09-02 00:00:00,AXISBANK,1176.0,1194.0,1174.1,1188.8,6432362
2024-09-02 00:00:00,BANDHANBNK,202.25,203.64,199.38,201.61,13653009
2024-09-02 00:00:00,BANKBARODA,251.0,255.95,248.1,253.9,17493446
2024-09-02 00:00:00,CANBK,111.86,113.35,110.01,112.77,28495435
2024-09-02 00:00:00,FEDERALBNK,197.5,197.5,193.67,194.72,7256241
2024-09-02 00:00:00,HDFCBANK,1646.8,1646.8,1623.2,1626.95,17024840
2024-09-02 00:00:00,ICICIBANK,1239.0,1239.2,1222.5,1229.95,12516759
2024-09-02 00:00:00,IDFCFIRSTB,73.65,75.54,73.32,75.01,38246700
2024-09-02 00:00:00,INDUSINDBK,1425.25,1451.25,1425.25,1449.05,4024426
2024-09-02 00:00:00,KOTAKBANK,1782.0,1793.45,1772.7,1780.25,4048520
2024-09-02 00:00:00,PNB,116.94,117.49,115.62,116.52,14419150
2024-09-02 00:00:00,SBIN,817.3,825.4,813.05,822.15,11813750
2024-09-02 00:00:00,UNIONBANK,122.49,123.4,120.51,122.42,9080218
2024-09-02 00:00:00,YESBANK,23.61,24.02,23.36,23.87,142483327
2024-09-03 00:00:00,AUBANK,679.0,687.85,672.0,674.25,4005570
2024-09-03 00:00:00,AXISBANK,1188.0,1193.55,1176.7,1191.6,7920246
2024-09-03 00:00:00,BANDHANBNK,201.83,204.6,200.71,201.37,13861713
2024-09-03 00:00:00,BANKBARODA,253.7,254.65,250.35,250.7,9389384
2024-09-03 00:00:00,CANBK,113.1,113.46,111.2,111.42,16764307
2024-09-03 00:00:00,FEDERALBNK,195.0,196.85,194.25,194.61,5279057
2024-09-03 00:00:00,HDFCBANK,1634.0,1639.95,1624.6,1637.35,18641430
2024-09-03 00:00:00,ICICIBANK,1227.2,1250.95,1220.4,1247.7,19114907
2024-09-03 00:00:00,IDFCFIRSTB,75.7,75.7,75.0,75.07,20215749
2024-09-03 00:00:00,INDUSINDBK,1450.0,1451.9,1433.9,1436.7,2351018
2024-09-03 00:00:00,KOTAKBANK,1780.05,1786.45,1772.35,1783.8,5196273
2024-09-03 00:00:00,PNB,116.59,117.2,115.3,115.59,10681101
2024-09-03 00:00:00,SBIN,822.15,825.95,816.4,824.8,10548350
2024-09-03 00:00:00,UNIONBANK,122.95,123.45,121.48,122.54,8543755
2024-09-03 00:00:00,YESBANK,23.96,24.0,23.64,23.71,72982107
2024-09-04 00:00:00,AUBANK,680.0,692.6,671.1,687.75,5338608
2024-09-04 00:00:00,AXISBANK,1182.7,1189.65,1173.3,1177.7,6527941
2024-09-04 00:00:00,BANDHANBNK,196.5,203.44,196.5,199.61,19074638
2024-09-04 00:00:00,BANKBARODA,247.95,249.45,242.35,243.5,17943213
2024-09-04 00:00:00,CANBK,108.05,109.65,107.9,108.6,28544684
2024-09-04 00:00:00,FEDERALBNK,191.0,191.75,186.75,187.87,16570778
2024-09-04 00:00:00,HDFCBANK,1639.0,1644.8,1632.0,1641.8,12341372
2024-09-04 00:00:00,ICICIBANK,1239.85,1243.7,1232.8,1236.35,13505843
2024-09-04 00:00:00,IDFCFIRSTB,73.0,74.84,73.0,74.65,25293580
2024-09-04 00:00:00,INDUSINDBK,1417.0,1439.25,1417.0,1434.4,2919356
2024-09-04 00:00:00,KOTAKBANK,1770.0,1788.3,1763.5,1783.8,3192443
2024-09-04 00:00:00,PNB,114.05,114.53,112.74,112.94,26202729
2024-09-04 00:00:00,SBIN,815.45,818.65,813.65,816.5,10789570
2024-09-04 00:00:00,UNIONBANK,120.0,122.65,120.0,122.06,7475894
2024-09-04 00:00:00,YESBANK,23.49,23.67,23.39,23.49,75735143
2024-09-05 00:00:00,AUBANK,702.0,722.85,694.25,702.9,7485499
2024-09-05 00:00:00,AXISBANK,1182.0,1182.85,1173.45,1180.55,4234766
2024-09-05 00:00:00,BANDHANBNK,200.6,208.25,200.02,203.66,27300909
2024-09-05 00:00:00,BANKBARODA,245.0,245.1,240.85,243.85,14160225
2024-09-05 00:00:00,CANBK,109.35,109.35,107.75,108.2,28593475
2024-09-05 00:00:00,FEDERALBNK,188.26,190.68,187.61,189.65,6187897
2024-09-05 00:00:00,HDFCBANK,1646.0,1649.9,1642.0,1645.45,11438159
2024-09-05 00:00:00,ICICIBANK,1238.0,1244.85,1231.3,1235.95,9142811
2024-09-05 00:00:00,IDFCFIRSTB,75.24,75.53,74.67,75.04,16002781
2024-09-05 00:00:00,INDUSINDBK,1443.0,1444.0,1418.9,1422.9,3427784
2024-09-05 00:00:00,KOTAKBANK,1781.25,1786.35,1760.0,1777.95,3573005
2024-09-05 00:00:00,PNB,113.67,113.88,112.15,113.4,18290375
2024-09-05 00:00:00,SBIN,818.35,822.15,814.4,818.75,8395074
2024-09-05 00:00:00,UNIONBANK,122.98,123.62,122.0,122.98,5827144
2024-09-05 00:00:00,YESBANK,23.6,23.62,23.34,23.39,56027204
2024-09-06 00:00:00,AUBANK,702.0,712.75,700.0,703.0,3843381
2024-09-06 00:00:00,AXISBANK,1176.0,1181.35,1150.8,1158.75,9874576
2024-09-06 00:00:00,BANDHANBNK,203.6,203.6,195.8,196.33,19496566
2024-09-06 00:00:00,BANKBARODA,243.5,244.2,235.05,235.85,21276104
2024-09-06 00:00:00,CANBK,108.0,108.0,102.95,103.38,60221990
2024-09-06 00:00:00,FEDERALBNK,188.0,189.98,182.41,183.45,7100505
2024-09-06 00:00:00,HDFCBANK,1638.3,1647.75,1634.1,1636.95,13014801
2024-09-06 00:00:00,ICICIBANK,1225.95,1233.9,1205.0,1208.15,10170479
2024-09-06 00:00:00,IDFCFIRSTB,75.01,75.24,73.41,73.66,26014662
2024-09-06 00:00:00,INDUSINDBK,1426.45,1438.2,1401.5,1409.35,2608515
2024-09-06 00:00:00,KOTAKBANK,1767.55,1781.95,1756.5,1764.15,3254880
2024-09-06 00:00:00,PNB,112.9,113.13,109.75,110.0,29092655
2024-09-06 00:00:00,SBIN,811.5,812.9,777.0,782.5,40220096
2024-09-06 00:00:00,UNIONBANK,122.95,123.51,120.51,121.2,7379080
2024-09-06 00:00:00,YESBANK,23.39,23.54,23.1,23.14,80711374
2024-09-09 00:00:00,AUBANK,705.0,716.75,696.85,714.2,3856445
2024-09-09 00:00:00,AXISBANK,1158.0,1175.6,1145.0,1170.85,7700940
2024-09-09 00:00:00,BANDHANBNK,195.0,196.42,193.66,195.41,5957440
2024-09-09 00:00:00,BANKBARODA,235.85,237.2,231.5,235.55,15982999
2024-09-09 00:00:00,CANBK,103.6,104.34,100.69,104.02,45565580
2024-09-09 00:00:00,FEDERALBNK,183.45,186.36,182.45,184.99,10193666
2024-09-09 00:00:00,HDFCBANK,1638.0,1648.5,1630.1,1646.5,11896457
2024-09-09 00:00:00,ICICIBANK,1202.9,1238.3,1200.45,1235.0,13863250
2024-09-09 00:00:00,IDFCFIRSTB,73.59,74.18,72.1,72.62,49362433
2024-09-09 00:00:00,INDUSINDBK,1409.35,1431.0,1400.1,1428.1,1802343
2024-09-09 00:00:00,KOTAKBANK,1767.7,1793.95,1758.45,1790.15,3436461
2024-09-09 00:00:00,PNB,109.4,110.19,107.2,109.63,27017545
2024-09-09 00:00:00,SBIN,785.0,788.2,771.0,784.25,21322103
2024-09-09 00:00:00,UNIONBANK,120.51,120.9,117.11,120.08,12913331
2024-09-09 00:00:00,YESBANK,23.05,23.11,22.51,22.89,121098030
2024-09-10 00:00:00,AUBANK,720.95,724.5,713.0,718.2,2148085
2024-09-10 00:00:00,AXISBANK,1178.9,1190.85,1173.35,1187.2,8723854
2024-09-10 00:00:00,BANDHANBNK,197.5,201.09,196.5,200.04,7824925
2024-09-10 00:00:00,BANKBARODA,237.3,237.45,235.0,235.7,10135668
2024-09-10 00:00:00,CANBK,104.8,104.9,103.44,103.61,22295664
2024-09-10 00:00:00,FEDERALBNK,186.29,186.68,184.51,185.37,4849579
2024-09-10 00:00:00,HDFCBANK,1654.0,1654.0,1638.0,1650.35,13303323
2024-09-10 00:00:00,ICICIBANK,1236.95,1241.35,1227.0,1237.3,15545130
2024-09-10 00:00:00,IDFCFIRSTB,72.86,73.4,72.0,72.59,25488563
2024-09-10 00:00:00,INDUSINDBK,1428.9,1438.5,1420.6,1435.55,2414043
2024-09-10 00:00:00,KOTAKBANK,1798.0,1799.65,1778.05,1791.6,3497612
2024-09-10 00:00:00,PNB,110.19,110.63,109.37,109.59,12498926
2024-09-10 00:00:00,SBIN,788.0,788.8,777.5,782.65,12824701
2024-09-10 00:00:00,UNIONBANK,121.55,123.0,120.68,121.18,6293832
2024-09-10 00:00:00,YESBANK,22.97,23.11,22.95,22.98,73569153
2024-09-11 00:00:00,AUBANK,718.2,726.95,713.15,722.25,2745980
2024-09-11 00:00:00,AXISBANK,1187.2,1194.85,1181.0,1186.1,6000329
2024-09-11 00:00:00,BANDHANBNK,199.8,200.6,195.11,195.69,12190835
2024-09-11 00:00:00,BANKBARODA,236.0,237.2,231.75,232.8,11565080
2024-09-11 00:00:00,CANBK,103.61,104.1,101.1,101.75,20777048
2024-09-11 00:00:00,FEDERALBNK,186.68,186.68,182.6,183.18,6817180
2024-09-11 00:00:00,HDFCBANK,1650.4,1652.5,1639.2,1643.9,11113342
2024-09-11 00:00:00,ICICIBANK,1231.5,1239.3,1226.4,1236.35,11993242
2024-09-11 00:00:00,IDFCFIRSTB,72.59,72.74,71.36,71.52,33391591
2024-09-11 00:00:00,INDUSINDBK,1435.4,1438.95,1417.8,1421.2,2622902
2024-09-11 00:00:00,KOTAKBANK,1795.0,1805.45,1785.0,1789.25,3733872
2024-09-11 00:00:00,PNB,109.72,110.49,106.85,107.46,22838612
2024-09-11 00:00:00,SBIN,780.05,788.0,765.4,768.6,20060665
2024-09-11 00:00:00,UNIONBANK,121.0,121.28,117.25,117.56,6913248
2024-09-11 00:00:00,YESBANK,22.98,24.41,22.87,23.82,240019208
2024-09-12 00:00:00,AUBANK,727.85,727.85,717.8,720.5,969180
2024-09-12 00:00:00,AXISBANK,1190.1,1205.7,1176.75,1203.35,7592871
2024-09-12 00:00:00,BANDHANBNK,197.5,197.73,195.3,196.98,8449294
2024-09-12 00:00:00,BANKBARODA,235.0,237.9,233.2,237.1,8287067
2024-09-12 00:00:00,CANBK,102.7,104.3,101.92,103.99,23673743
2024-09-12 00:00:00,FEDERALBNK,184.17,184.79,181.73,183.58,5059255
2024-09-12 00:00:00,HDFCBANK,1654.0,1670.0,1647.05,1666.6,16212023
2024-09-12 00:00:00,ICICIBANK,1238.0,1257.0,1226.35,1252.15,15376442
2024-09-12 00:00:00,IDFCFIRSTB,71.83,72.87,71.83,72.77,18753243
2024-09-12 00:00:00,INDUSINDBK,1425.15,1446.5,1420.15,1443.35,2437399
2024-09-12 00:00:00,KOTAKBANK,1803.9,1834.15,1795.15,1827.45,6365508
2024-09-12 00:00:00,PNB,108.7,109.47,107.0,108.72,20816903
2024-09-12 00:00:00,SBIN,775.0,789.9,772.75,787.75,17578964
2024-09-12 00:00:00,UNIONBANK,119.19,121.4,117.8,118.21,7510455
2024-09-12 00:00:00,YESBANK,23.99,24.02,23.38,23.43,95619836
2024-09-13 00:00:00,AUBANK,723.0,728.65,717.25,722.9,1230745
2024-09-13 00:00:00,AXISBANK,1209.9,1219.55,1201.0,1217.45,6762566
2024-09-13 00:00:00,BANDHANBNK,199.0,207.75,198.05,207.1,31709763
2024-09-13 00:00:00,BANKBARODA,238.8,241.15,236.7,239.45,15452772
2024-09-13 00:00:00,CANBK,104.45,107.25,104.1,106.39,30088081
2024-09-13 00:00:00,FEDERALBNK,183.52,187.75,183.51,186.52,7965898
2024-09-13 00:00:00,HDFCBANK,1674.0,1674.0,1657.05,1665.95,11930266
2024-09-13 00:00:00,ICICIBANK,1252.0,1255.95,1242.05,1250.35,9877288
2024-09-13 00:00:00,IDFCFIRSTB,73.0,74.05,72.77,73.42,20106335
2024-09-13 00:00:00,INDUSINDBK,1450.0,1470.95,1442.35,1464.05,2999055
2024-09-13 00:00:00,KOTAKBANK,1837.0,1837.0,1816.75,1820.35,2056720
2024-09-13 00:00:00,PNB,109.5,112.6,108.82,111.11,28921320
2024-09-13 00:00:00,SBIN,791.0,795.0,785.1,790.85,12950936
2024-09-13 00:00:00,UNIONBANK,118.99,121.75,118.0,120.19,11548234
2024-09-13 00:00:00,YESBANK,23.39,23.86,23.24,23.3,105873786
2024-09-16 00:00:00,AUBANK,725.5,727.05,710.55,718.95,1580582
2024-09-16 00:00:00,AXISBANK,1222.0,1234.0,1215.0,1231.05,4039284
2024-09-16 00:00:00,BANDHANBNK,207.6,209.38,204.7,205.28,9398011
2024-09-16 00:00:00,BANKBARODA,240.45,241.95,238.55,239.15,6992312
2024-09-16 00:00:00,CANBK,106.9,108.18,106.45,106.69,18598510
2024-09-16 00:00:00,FEDERALBNK,186.72,188.09,184.2,184.69,8179164
2024-09-16 00:00:00,HDFCBANK,1667.0,1677.8,1664.05,1670.95,7586410
2024-09-16 00:00:00,ICICIBANK,1251.0,1265.6,1244.7,1262.85,8973335
2024-09-16 00:00:00,IDFCFIRSTB,73.64,74.53,73.36,73.74,20414424
2024-09-16 00:00:00,INDUSINDBK,1469.95,1473.95,1461.1,1470.2,1495683
2024-09-16 00:00:00,KOTAKBANK,1833.0,1845.7,1828.3,1831.3,2730634
2024-09-16 00:00:00,PNB,111.3,112.2,110.26,110.81,12834170
2024-09-16 00:00:00,SBIN,790.85,795.0,784.4,785.55,9553736
2024-09-16 00:00:00,UNIONBANK,122.8,127.3,121.7,123.21,27066741
2024-09-16 00:00:00,YESBANK,23.31,23.97,23.24,23.5,124089733
2024-09-17 00:00:00,AUBANK,717.8,723.4,714.45,719.45,969835
2024-09-17 00:00:00,AXISBANK,1235.2,1240.6,1227.6,1232.1,8030427
2024-09-17 00:00:00,BANDHANBNK,206.55,209.91,206.55,207.68,20252143
2024-09-17 00:00:00,BANKBARODA,240.0,240.65,238.2,239.5,6653415
2024-09-17 00:00:00,CANBK,106.72,106.78,105.34,105.54,10915215
2024-09-17 00:00:00,FEDERALBNK,184.7,185.29,183.1,184.33,4896706
2024-09-17 00:00:00,HDFCBANK,1678.0,1678.0,1664.15,1668.8,10063561
2024-09-17 00:00:00,ICICIBANK,1259.95,1272.25,1258.4,1268.1,11513121
2024-09-17 00:00:00,IDFCFIRSTB,73.8,73.85,73.01,73.28,14295708
2024-09-17 00:00:00,INDUSINDBK,1478.0,1483.5,1462.25,1466.35,1866702
2024-09-17 00:00:00,KOTAKBANK,1839.4,1853.4,1830.65,1846.65,3674862
2024-09-17 00:00:00,PNB,110.81,110.9,107.82,108.03,18548760
2024-09-17 00:00:00,SBIN,785.6,787.5,780.55,782.9,10665630
2024-09-17 00:00:00,UNIONBANK,123.22,124.48,121.83,124.13,9509474
2024-09-17 00:00:00,YESBANK,23.68,23.84,23.35,23.4,92847582
2024-09-18 00:00:00,AUBANK,720.0,727.65,715.2,724.25,1822792
2024-09-18 00:00:00,AXISBANK,1231.9,1250.4,1225.0,1240.45,8210034
2024-09-18 00:00:00,BANDHANBNK,208.31,214.2,207.61,213.13,30130004
2024-09-18 00:00:00,BANKBARODA,239.0,240.9,237.1,237.9,10071196
2024-09-18 00:00:00,CANBK,105.1,106.59,105.01,105.45,17234512
2024-09-18 00:00:00,FEDERALBNK,184.33,187.35,183.71,185.91,11651012
2024-09-18 00:00:00,HDFCBANK,1671.85,1698.9,1671.1,1694.8,20458671
2024-09-18 00:00:00,ICICIBANK,1262.0,1295.35,1262.0,1288.35,12466597
2024-09-18 00:00:00,IDFCFIRSTB,73.28,73.75,72.08,72.79,56372959
2024-09-18 00:00:00,INDUSINDBK,1470.0,1488.75,1461.15,1480.25,3966006
2024-09-18 00:00:00,KOTAKBANK,1850.0,1859.45,1835.6,1839.7,6877499
2024-09-18 00:00:00,PNB,108.3,109.98,107.78,108.75,24775806
2024-09-18 00:00:00,SBIN,783.8,794.75,782.0,792.75,18324412
2024-09-18 00:00:00,UNIONBANK,124.0,124.3,122.29,122.99,6371039
2024-09-18 00:00:00,YESBANK,23.49,23.71,23.21,23.32,84442237
2024-09-19 00:00:00,AUBANK,730.0,755.4,725.0,752.5,6130072
2024-09-19 00:00:00,AXISBANK,1248.45,1261.7,1239.0,1242.7,8449864
2024-09-19 00:00:00,BANDHANBNK,214.1,215.4,206.0,211.35,19927468
2024-09-19 00:00:00,BANKBARODA,238.8,241.6,231.0,235.85,15897092
2024-09-19 00:00:00,CANBK,106.0,106.85,102.72,104.71,19006150
2024-09-19 00:00:00,FEDERALBNK,186.51,187.85,182.41,186.2,5766996
2024-09-19 00:00:00,HDFCBANK,1699.2,1719.0,1699.15,1708.5,15325888
2024-09-19 00:00:00,ICICIBANK,1288.35,1300.0,1285.35,1292.0,13172268
2024-09-19 00:00:00,IDFCFIRSTB,73.01,74.25,71.16,73.82,41634848
2024-09-19 00:00:00,INDUSINDBK,1494.95,1498.0,1474.9,1484.75,3861906
2024-09-19 00:00:00,KOTAKBANK,1849.9,1875.0,1845.1,1871.95,2892430
2024-09-19 00:00:00,PNB,109.85,110.15,105.6,107.25,21178477
2024-09-19 00:00:00,SBIN,795.05,801.35,784.05,789.95,10645478
2024-09-19 00:00:00,UNIONBANK,123.35,123.89,119.3,122.62,9388649
2024-09-19 00:00:00,YESBANK,23.4,23.45,22.8,22.95,89812762
2024-09-20 00:00:00,AUBANK,752.5,754.9,729.15,731.3,2771083
2024-09-20 00:00:00,AXISBANK,1244.0,1250.0,1229.9,1245.0,15009629
2024-09-20 00:00:00,BANDHANBNK,211.89,212.8,209.17,210.04,13719259
2024-09-20 00:00:00,BANKBARODA,237.9,239.5,235.0,235.5,17417523
2024-09-20 00:00:00,CANBK,105.11,106.3,104.7,104.96,20245750
2024-09-20 00:00:00,FEDERALBNK,189.0,189.0,184.6,185.04,8194605
2024-09-20 00:00:00,HDFCBANK,1716.5,1744.95,1707.55,1741.2,30311693
2024-09-20 00:00:00,ICICIBANK,1295.0,1362.35,1291.55,1338.45,73257767
2024-09-20 00:00:00,IDFCFIRSTB,74.55,74.63,72.56,72.83,42448766
2024-09-20 00:00:00,INDUSINDBK,1488.0,1491.95,1473.2,1480.2,5335400
2024-09-20 00:00:00,KOTAKBANK,1874.0,1926.3,1870.0,1904.5,18849579
2024-09-20 00:00:00,PNB,108.0,109.16,106.31,108.41,23196144
2024-09-20 00:00:00,SBIN,794.85,794.85,779.5,781.7,21372244
2024-09-20 00:00:00,UNIONBANK,122.8,125.5,122.8,123.43,14117339
2024-09-20 00:00:00,YESBANK,23.05,23.19,22.91,23.0,78880719
2024-09-23 00:00:00,AUBANK,732.0,738.3,723.85,735.75,1560148
2024-09-23 00:00:00,AXISBANK,1251.5,1252.45,1240.55,1246.8,5462814
2024-09-23 00:00:00,BANDHANBNK,210.5,215.44,208.0,212.82,15053282
2024-09-23 00:00:00,BANKBARODA,237.3,245.4,236.0,244.5,16696706
2024-09-23 00:00:00,CANBK,105.8,109.8,105.05,109.3,44004939
2024-09-23 00:00:00,FEDERALBNK,186.35,188.59,184.72,187.65,9605071
2024-09-23 00:00:00,HDFCBANK,1749.0,1766.35,1740.25,1759.8,13482675
2024-09-23 00:00:00,ICICIBANK,1331.0,1331.8,1308.5,1321.9,11380409
2024-09-23 00:00:00,IDFCFIRSTB,73.2,74.15,72.83,74.02,29453200
2024-09-23 00:00:00,INDUSINDBK,1490.2,1490.85,1453.05,1465.1,4610747
2024-09-23 00:00:00,KOTAKBANK,1914.95,1942.0,1908.2,1934.7,3686272
2024-09-23 00:00:00,PNB,108.59,111.9,108.51,111.51,35372759
2024-09-23 00:00:00,SBIN,786.0,805.0,784.5,801.85,17309545
2024-09-23 00:00:00,UNIONBANK,124.4,127.95,122.52,127.37,16543781
2024-09-23 00:00:00,YESBANK,23.19,23.19,22.9,22.93,75716167
2024-09-24 00:00:00,AUBANK,736.0,740.4,730.3,736.2,1678368
2024-09-24 00:00:00,AXISBANK,1241.1,1247.1,1235.35,1239.55,9225946
2024-09-24 00:00:00,BANDHANBNK,212.7,212.82,207.49,207.87,10255743
2024-09-24 00:00:00,BANKBARODA,244.3,247.1,241.9,243.6,10357559
2024-09-24 00:00:00,CANBK,109.3,110.5,108.65,109.29,28379404
2024-09-24 00:00:00,FEDERALBNK,187.6,192.0,186.2,190.71,8541648
2024-09-24 00:00:00,HDFCBANK,1765.0,1781.65,1754.25,1768.05,16519518
2024-09-24 00:00:00,ICICIBANK,1321.0,1331.4,1315.45,1318.6,13886037
2024-09-24 00:00:00,IDFCFIRSTB,74.25,74.44,73.5,73.68,20250872
2024-09-24 00:00:00,INDUSINDBK,1470.1,1474.1,1446.0,1448.3,3893140
2024-09-24 00:00:00,KOTAKBANK,1935.0,1938.6,1909.6,1914.7,3709386
2024-09-24 00:00:00,PNB,111.0,111.24,107.6,107.83,79101837
2024-09-24 00:00:00,SBIN,799.25,804.25,796.5,798.25,15180653
2024-09-24 00:00:00,UNIONBANK,128.1,128.5,126.56,127.3,10044990
2024-09-24 00:00:00,YESBANK,22.99,23.03,22.9,22.95,49409683
2024-09-25 00:00:00,AUBANK,736.2,741.9,727.65,731.4,2597471
2024-09-25 00:00:00,AXISBANK,1238.0,1271.0,1231.1,1268.1,6853324
2024-09-25 00:00:00,BANDHANBNK,206.95,207.64,202.75,204.72,10582008
2024-09-25 00:00:00,BANKBARODA,243.6,245.15,240.55,243.2,9323772
2024-09-25 00:00:00,CANBK,108.92,109.35,107.3,108.4,16444233
2024-09-25 00:00:00,FEDERALBNK,190.71,193.7,188.6,192.75,15026637
2024-09-25 00:00:00,HDFCBANK,1760.15,1788.0,1760.15,1779.1,15982656
2024-09-25 00:00:00,ICICIBANK,1310.75,1327.75,1310.1,1323.85,8728019
2024-09-25 00:00:00,IDFCFIRSTB,73.63,73.95,72.56,73.02,19453333
2024-09-25 00:00:00,INDUSINDBK,1450.0,1456.0,1432.25,1439.5,3012173
2024-09-25 00:00:00,KOTAKBANK,1910.05,1922.7,1894.3,1897.95,3307467
2024-09-25 00:00:00,PNB,107.48,107.48,103.62,105.05,71227249
2024-09-25 00:00:00,SBIN,797.9,798.0,788.7,793.1,18465571
2024-09-25 00:00:00,UNIONBANK,129.0,129.0,125.67,127.0,9163939
2024-09-25 00:00:00,YESBANK,22.94,22.99,22.7,22.79,56797147
2024-09-26 00:00:00,AUBANK,732.2,738.0,729.5,735.95,2158790
2024-09-26 00:00:00,AXISBANK,1267.55,1281.65,1262.25,1277.1,7270078
2024-09-26 00:00:00,BANDHANBNK,205.25,206.0,202.31,205.32,8620616
2024-09-26 00:00:00,BANKBARODA,244.0,245.95,241.7,245.15,7377443
2024-09-26 00:00:00,CANBK,108.75,110.7,107.2,110.17,33028089
2024-09-26 00:00:00,FEDERALBNK,192.75,194.2,191.05,192.57,9537810
2024-09-26 00:00:00,HDFCBANK,1773.05,1788.0,1768.05,1783.45,15949822
2024-09-26 00:00:00,ICICIBANK,1320.0,1333.35,1316.9,1329.05,11100869
2024-09-26 00:00:00,IDFCFIRSTB,73.8,74.9,72.36,74.03,43007644
2024-09-26 00:00:00,INDUSINDBK,1445.0,1457.3,1437.3,1452.7,3388674
2024-09-26 00:00:00,KOTAKBANK,1895.0,1913.3,1884.3,1902.3,4204513
2024-09-26 00:00:00,PNB,105.2,107.49,104.56,107.29,34719895
2024-09-26 00:00:00,SBIN,796.0,803.0,791.6,801.85,23198842
2024-09-26 00:00:00,UNIONBANK,126.5,127.55,124.62,126.96,8084395
2024-09-26 00:00:00,YESBANK,22.84,22.93,22.65,22.74,57810804
2024-09-27 00:00:00,AUBANK,731.1,735.2,726.5,731.1,2788579
2024-09-27 00:00:00,AXISBANK,1273.0,1281.55,1257.25,1273.15,13372027
2024-09-27 00:00:00,BANDHANBNK,206.32,206.9,202.3,203.22,26877170
2024-09-27 00:00:00,BANKBARODA,245.2,250.0,244.6,249.6,21539028
2024-09-27 00:00:00,CANBK,110.72,113.3,110.06,113.1,118637751
2024-09-27 00:00:00,FEDERALBNK,192.0,195.5,191.01,193.71,17024145
2024-09-27 00:00:00,HDFCBANK,1777.0,1778.2,1750.0,1752.65,17806751
2024-09-27 00:00:00,ICICIBANK,1333.0,1333.0,1303.85,1306.6,17117379
2024-09-27 00:00:00,IDFCFIRSTB,74.02,74.89,73.8,74.19,34152920
2024-09-27 00:00:00,INDUSINDBK,1457.0,1481.0,1454.0,1462.7,4708951
2024-09-27 00:00:00,KOTAKBANK,1900.0,1910.0,1866.3,1872.45,6643112
2024-09-27 00:00:00,PNB,107.8,109.6,107.29,109.22,40191522
2024-09-27 00:00:00,SBIN,801.85,808.0,798.45,802.65,15193681
2024-09-27 00:00:00,UNIONBANK,127.4,127.55,121.47,123.51,31323568
2024-09-27 00:00:00,YESBANK,22.75,23.14,22.68,22.74,64565679
2024-09-30 00:00:00,AUBANK,720.0,743.9,720.0,740.2,2372518
2024-09-30 00:00:00,AXISBANK,1263.5,1275.0,1229.35,1232.2,8466919
2024-09-30 00:00:00,BANDHANBNK,202.5,204.38,197.85,198.74,9408152
2024-09-30 00:00:00,BANKBARODA,247.5,251.6,246.15,247.8,12929732
2024-09-30 00:00:00,CANBK,113.0,113.5,110.81,111.33,20409076
2024-09-30 00:00:00,FEDERALBNK,193.8,197.7,192.9,196.73,12907403
2024-09-30 00:00:00,HDFCBANK,1748.8,1751.45,1724.4,1732.05,13191767
2024-09-30 00:00:00,ICICIBANK,1292.1,1296.8,1270.9,1273.0,12622212
2024-09-30 00:00:00,IDFCFIRSTB,75.0,76.07,74.09,74.35,54887845
2024-09-30 00:00:00,INDUSINDBK,1467.0,1474.8,1437.0,1447.6,2888962
2024-09-30 00:00:00,KOTAKBANK,1856.7,1884.45,1843.1,1853.95,3246840
2024-09-30 00:00:00,PNB,108.89,109.26,106.81,107.21,30911908
2024-09-30 00:00:00,SBIN,801.9,802.6,786.45,787.9,15484573
2024-09-30 00:00:00,UNIONBANK,123.2,123.9,122.2,122.77,12931210
2024-09-30 00:00:00,YESBANK,22.73,22.74,22.45,22.48,68993440
2024-10-01 00:00:00,AUBANK,740.05,748.15,730.25,732.7,1430628
2024-10-01 00:00:00,AXISBANK,1228.1,1242.95,1224.65,1226.65,11164280
2024-10-01 00:00:00,BANDHANBNK,198.71,199.27,195.0,195.28,13472976
2024-10-01 00:00:00,BANKBARODA,250.0,251.4,248.1,248.91,8742175
2024-10-01 00:00:00,CANBK,111.05,112.46,109.98,110.49,17636415
2024-10-01 00:00:00,FEDERALBNK,198.5,200.1,196.0,197.12,16206968
2024-10-01 00:00:00,HDFCBANK,1724.0,1742.0,1720.1,1726.2,12286142
2024-10-01 00:00:00,ICICIBANK,1269.8,1280.25,1267.6,1274.4,10972413
2024-10-01 00:00:00,IDFCFIRSTB,74.55,75.1,73.25,73.44,20008192
2024-10-01 00:00:00,INDUSINDBK,1450.0,1450.3,1404.65,1409.7,3377999
2024-10-01 00:00:00,KOTAKBANK,1847.0,1884.75,1847.0,1879.4,4871526
2024-10-01 00:00:00,PNB,104.0,106.17,103.86,105.21,120187762
2024-10-01 00:00:00,SBIN,788.0,800.35,788.0,796.95,13280535
2024-10-01 00:00:00,UNIONBANK,122.56,123.64,121.5,121.86,4801876
2024-10-01 00:00:00,YESBANK,22.48,22.58,22.36,22.42,61376374
2024-10-03 00:00:00,AUBANK,723.05,735.65,723.05,731.7,1821086
2024-10-03 00:00:00,AXISBANK,1207.5,1219.15,1173.1,1175.7,17300892
2024-10-03 00:00:00,BANDHANBNK,193.99,194.24,188.16,189.01,15062802
2024-10-03 00:00:00,BANKBARODA,245.79,249.77,243.5,245.06,13127876
2024-10-03 00:00:00,CANBK,108.0,110.49,107.2,107.96,26156379
2024-10-03 00:00:00,FEDERALBNK,193.3,197.49,191.06,193.8,19743283
2024-10-03 00:00:00,HDFCBANK,1715.65,1726.15,1673.35,1682.0,24236699
2024-10-03 00:00:00,ICICIBANK,1253.6,1265.75,1248.15,1256.35,17648551
2024-10-03 00:00:00,IDFCFIRSTB,72.7,73.13,71.42,71.98,28487090
2024-10-03 00:00:00,INDUSINDBK,1404.0,1412.7,1382.05,1387.75,2081630
2024-10-03 00:00:00,KOTAKBANK,1857.9,1863.65,1815.8,1822.8,6363232
2024-10-03 00:00:00,PNB,103.25,106.75,103.0,105.06,99417000
2024-10-03 00:00:00,SBIN,789.9,804.0,784.3,794.1,15944135
2024-10-03 00:00:00,UNIONBANK,120.0,121.22,118.73,118.98,10929576
2024-10-03 00:00:00,YESBANK,22.04,22.3,21.78,21.86,97597534
2024-10-04 00:00:00,AUBANK,727.0,744.65,716.9,718.95,2161504
2024-10-04 00:00:00,AXISBANK,1175.5,1202.8,1174.0,1178.4,13064515
2024-10-04 00:00:00,BANDHANBNK,189.0,190.93,186.52,186.86,11285553
2024-10-04 00:00:00,BANKBARODA,247.73,255.7,244.34,250.59,41064802
2024-10-04 00:00:00,CANBK,108.0,110.35,106.51,107.62,22926805
2024-10-04 00:00:00,FEDERALBNK,193.3,198.49,192.36,193.67,9625150
2024-10-04 00:00:00,HDFCBANK,1674.5,1690.65,1653.0,1657.65,24341616
2024-10-04 00:00:00,ICICIBANK,1247.1,1264.4,1236.2,1239.75,13488887
2024-10-04 00:00:00,IDFCFIRSTB,72.0,72.84,71.25,71.83,23631085
2024-10-04 00:00:00,INDUSINDBK,1384.05,1410.95,1380.85,1382.85,2178195
2024-10-04 00:00:00,KOTAKBANK,1815.5,1850.0,1798.35,1809.0,3734632
2024-10-04 00:00:00,PNB,104.2,107.4,104.15,105.85,79454589
2024-10-04 00:00:00,SBIN,792.0,809.85,785.25,796.65,20097454
2024-10-04 00:00:00,UNIONBANK,118.5,120.86,116.73,118.86,13145222
2024-10-04 00:00:00,YESBANK,21.97,22.27,21.52,21.95,119371624
2024-10-07 00:00:00,AUBANK,726.1,742.45,722.0,733.0,3956104
2024-10-07 00:00:00,AXISBANK,1182.95,1184.85,1130.9,1145.7,20047013
2024-10-07 00:00:00,BANDHANBNK,190.0,192.35,182.55,184.34,15914811
2024-10-07 00:00:00,BANKBARODA,252.0,253.28,239.04,242.67,18620251
2024-10-07 00:00:00,CANBK,108.24,109.05,102.34,103.49,39225162
2024-10-07 00:00:00,FEDERALBNK,196.0,196.48,182.65,184.2,26530545
2024-10-07 00:00:00,HDFCBANK,1652.2,1659.0,1613.0,1617.8,47229148
2024-10-07 00:00:00,ICICIBANK,1241.55,1262.95,1225.0,1233.9,20667247
2024-10-07 00:00:00,IDFCFIRSTB,72.45,72.81,70.41,72.22,33502798
2024-10-07 00:00:00,INDUSINDBK,1388.0,1394.05,1338.2,1350.85,3878973
2024-10-07 00:00:00,KOTAKBANK,1810.0,1836.4,1769.4,1790.25,7446633
2024-10-07 00:00:00,PNB,106.16,107.4,100.8,102.07,83307848
2024-10-07 00:00:00,SBIN,800.0,804.0,765.4,770.65,24267990
2024-10-07 00:00:00,UNIONBANK,119.45,120.19,112.59,114.04,13576169
2024-10-07 00:00:00,YESBANK,22.21,22.26,20.77,21.26,183639701
2024-10-08 00:00:00,AUBANK,733.0,735.6,721.5,727.35,1285008
2024-10-08 00:00:00,AXISBANK,1153.0,1168.35,1142.5,1153.3,8464570
2024-10-08 00:00:00,BANDHANBNK,184.25,189.0,183.76,187.66,7433105
2024-10-08 00:00:00,BANKBARODA,243.0,248.69,240.85,247.24,14466416
2024-10-08 00:00:00,CANBK,103.7,105.3,102.7,104.95,16673844
2024-10-08 00:00:00,FEDERALBNK,184.02,189.1,182.35,187.76,11599116
2024-10-08 00:00:00,HDFCBANK,1630.0,1656.8,1622.0,1651.05,14867203
2024-10-08 00:00:00,ICICIBANK,1241.0,1247.8,1229.75,1236.6,12219259
2024-10-08 00:00:00,IDFCFIRSTB,72.15,73.25,71.75,73.13,28603943
2024-10-08 00:00:00,INDUSINDBK,1357.85,1371.0,1343.55,1359.55,2429248
2024-10-08 00:00:00,KOTAKBANK,1800.0,1814.0,1781.85,1803.4,5097103
2024-10-08 00:00:00,PNB,102.07,103.3,101.15,102.49,28947367
2024-10-08 00:00:00,SBIN,772.25,784.4,772.25,781.45,8560960
2024-10-08 00:00:00,UNIONBANK,113.51,114.9,112.9,114.56,7239203
2024-10-08 00:00:00,YESBANK,21.26,21.62,21.1,21.54,92773547
2024-10-09 00:00:00,AUBANK,728.95,731.85,703.3,705.3,3300198
2024-10-09 00:00:00,AXISBANK,1154.0,1185.0,1154.0,1170.15,9807734
2024-10-09 00:00:00,BANDHANBNK,188.5,191.44,187.81,188.85,8315684
2024-10-09 00:00:00,BANKBARODA,248.59,250.5,244.25,246.32,19792122
2024-10-09 00:00:00,CANBK,105.95,106.3,103.53,104.4,28593344
2024-10-09 00:00:00,FEDERALBNK,188.5,188.91,184.6,185.84,17928394
2024-10-09 00:00:00,HDFCBANK,1649.5,1656.75,1628.7,1633.15,20562821
2024-10-09 00:00:00,ICICIBANK,1243.05,1265.1,1232.65,1244.15,14765997
2024-10-09 00:00:00,IDFCFIRSTB,73.38,73.74,71.8,72.39,120779369
2024-10-09 00:00:00,INDUSINDBK,1369.0,1371.5,1335.55,1341.55,5269772
2024-10-09 00:00:00,KOTAKBANK,1801.0,1820.0,1789.9,1800.8,7078802
2024-10-09 00:00:00,PNB,103.55,105.42,102.56,104.1,43366313
2024-10-09 00:00:00,SBIN,786.7,804.35,782.05,797.4,18758697
2024-10-09 00:00:00,UNIONBANK,115.4,117.74,114.56,114.8,6626406
2024-10-09 00:00:00,YESBANK,21.64,21.94,21.5,21.55,63955298
2024-10-10 00:00:00,AUBANK,711.5,714.9,698.1,699.95,1055278
2024-10-10 00:00:00,AXISBANK,1177.0,1191.0,1175.05,1184.25,6806243
2024-10-10 00:00:00,BANDHANBNK,190.3,190.4,187.07,187.7,5377952
2024-10-10 00:00:00,BANKBARODA,247.09,252.09,244.89,246.05,17374776
2024-10-10 00:00:00,CANBK,105.12,106.59,103.9,104.13,12428432
2024-10-10 00:00:00,FEDERALBNK,186.85,187.27,184.91,185.68,3798189
2024-10-10 00:00:00,HDFCBANK,1639.0,1665.45,1632.5,1662.4,10877383
2024-10-10 00:00:00,ICICIBANK,1246.75,1254.7,1238.0,1243.5,9118195
2024-10-10 00:00:00,IDFCFIRSTB,72.24,73.66,72.24,73.14,25885296
2024-10-10 00:00:00,INDUSINDBK,1350.0,1362.0,1344.3,1356.4,1673393
2024-10-10 00:00:00,KOTAKBANK,1809.9,1884.0,1805.3,1876.1,5905798
2024-10-10 00:00:00,PNB,104.85,105.35,103.13,103.69,18521599
2024-10-10 00:00:00,SBIN,799.0,804.45,795.0,797.1,10241015
2024-10-10 00:00:00,UNIONBANK,115.3,116.24,113.71,114.01,4773755
2024-10-10 00:00:00,YESBANK,21.63,21.75,21.35,21.42,54770158
2024-10-11 00:00:00,AUBANK,703.8,706.55,688.75,690.4,801609
2024-10-11 00:00:00,AXISBANK,1182.5,1188.2,1166.0,1172.45,4754158
2024-10-11 00:00:00,BANDHANBNK,202.0,211.8,198.45,210.26,129824389
2024-10-11 00:00:00,BANKBARODA,246.81,248.2,242.13,242.42,9419288
2024-10-11 00:00:00,CANBK,104.6,104.75,103.65,104.06,11563438
2024-10-11 00:00:00,FEDERALBNK,185.7,189.3,185.7,187.55,5256494
2024-10-11 00:00:00,HDFCBANK,1664.45,1664.45,1643.25,1651.0,11836297
2024-10-11 00:00:00,ICICIBANK,1237.0,1240.8,1222.0,1223.0,8472512
2024-10-11 00:00:00,IDFCFIRSTB,73.01,73.13,71.88,72.37,18820393
2024-10-11 00:00:00,INDUSINDBK,1360.1,1371.3,1339.0,1347.6,2755874
2024-10-11 00:00:00,KOTAKBANK,1872.2,1893.6,1861.15,1882.4,5211580
2024-10-11 00:00:00,PNB,104.0,105.31,103.3,104.91,16201817
2024-10-11 00:00:00,SBIN,797.2,802.7,793.0,799.75,14322720
2024-10-11 00:00:00,UNIONBANK,114.05,114.65,113.25,114.12,5448535
2024-10-11 00:00:00,YESBANK,21.39,21.48,21.22,21.4,51740061
2024-10-14 00:00:00,AUBANK,693.6,708.1,682.9,701.0,1873286
2024-10-14 00:00:00,AXISBANK,1171.55,1175.0,1156.6,1164.35,9765296
2024-10-14 00:00:00,BANDHANBNK,210.64,210.65,198.71,200.06,36977274
2024-10-14 00:00:00,BANKBARODA,243.8,245.75,242.6,244.55,6326914
2024-10-14 00:00:00,CANBK,104.5,105.44,103.93,104.49,11440300
2024-10-14 00:00:00,FEDERALBNK,188.86,197.89,188.56,196.74,23696585
2024-10-14 00:00:00,HDFCBANK,1656.05,1692.05,1654.0,1688.1,9263754
2024-10-14 00:00:00,ICICIBANK,1221.0,1237.9,1217.4,1231.75,11833929
2024-10-14 00:00:00,IDFCFIRSTB,72.68,73.2,72.38,72.94,21893396
2024-10-14 00:00:00,INDUSINDBK,1354.6,1371.5,1348.3,1370.45,1381439
2024-10-14 00:00:00,KOTAKBANK,1885.05,1916.0,1882.45,1910.8,4391138
2024-10-14 00:00:00,PNB,105.0,105.7,104.76,105.01,15757325
2024-10-14 00:00:00,SBIN,802.0,809.25,800.8,805.15,8967564
2024-10-14 00:00:00,UNIONBANK,114.45,116.45,113.34,114.05,10010655
2024-10-14 00:00:00,YESBANK,21.4,21.49,21.0,21.05,56645624
2024-10-15 00:00:00,AUBANK,704.0,704.95,690.65,695.8,527544
2024-10-15 00:00:00,AXISBANK,1166.1,1172.0,1149.5,1153.85,8741516
2024-10-15 00:00:00,BANDHANBNK,200.79,201.45,193.81,194.35,21662894
2024-10-15 00:00:00,BANKBARODA,245.06,248.14,242.18,243.81,10652623
2024-10-15 00:00:00,CANBK,105.0,105.3,104.0,104.43,8407143
2024-10-15 00:00:00,FEDERALBNK,198.0,199.81,195.6,198.62,12866991
2024-10-15 00:00:00,HDFCBANK,1694.0,1698.0,1675.5,1684.1,9825565
2024-10-15 00:00:00,ICICIBANK,1238.95,1258.3,1235.4,1255.5,11657338
2024-10-15 00:00:00,IDFCFIRSTB,72.9,73.08,72.51,72.74,10389342
2024-10-15 00:00:00,INDUSINDBK,1371.0,1374.45,1349.45,1360.9,2775029
2024-10-15 00:00:00,KOTAKBANK,1912.2,1915.35,1887.45,1895.2,4295493
2024-10-15 00:00:00,PNB,105.2,105.52,104.5,104.98,15017858
2024-10-15 00:00:00,SBIN,805.5,807.5,801.6,804.65,6252104
2024-10-15 00:00:00,UNIONBANK,114.6,115.38,112.2,113.19,9770330
2024-10-15 00:00:00,YESBANK,21.18,21.3,21.01,21.2,43357325
2024-10-16 00:00:00,AUBANK,691.1,698.35,684.4,696.45,1327184
2024-10-16 00:00:00,AXISBANK,1151.0,1162.95,1148.1,1153.2,7739854
2024-10-16 00:00:00,BANDHANBNK,194.01,194.68,191.86,192.74,12636822
2024-10-16 00:00:00,BANKBARODA,243.79,245.59,242.7,244.15,5229639
2024-10-16 00:00:00,CANBK,104.43,104.92,103.62,104.37,11037275
2024-10-16 00:00:00,FEDERALBNK,197.2,198.4,193.41,194.4,8161660
2024-10-16 00:00:00,HDFCBANK,1680.1,1707.95,1680.1,1699.8,10235341
2024-10-16 00:00:00,ICICIBANK,1248.5,1254.95,1241.6,1243.15,7869727
2024-10-16 00:00:00,IDFCFIRSTB,72.5,73.08,72.0,72.22,16787404
2024-10-16 00:00:00,INDUSINDBK,1355.0,1358.35,1341.1,1346.3,2126519
2024-10-16 00:00:00,KOTAKBANK,1884.0,1892.45,1868.15,1876.35,3145556
2024-10-16 00:00:00,PNB,104.66,105.34,104.48,105.05,14270009
2024-10-16 00:00:00,SBIN,802.8,809.0,802.05,805.45,6494240
2024-10-16 00:00:00,UNIONBANK,113.18,114.35,111.72,111.96,9657072
2024-10-16 00:00:00,YESBANK,21.22,21.35,21.1,21.15,43705501
2024-10-17 00:00:00,AUBANK,699.0,702.4,684.3,686.95,323933
2024-10-17 00:00:00,AXISBANK,1151.0,1151.35,1124.0,1131.85,6595231
2024-10-17 00:00:00,BANDHANBNK,193.05,193.45,188.37,190.19,13647152
2024-10-17 00:00:00,BANKBARODA,244.15,245.19,239.73,241.96,10781332
2024-10-17 00:00:00,CANBK,104.61,104.94,102.21,102.5,14889333
2024-10-17 00:00:00,FEDERALBNK,194.4,195.2,192.35,193.61,6228921
2024-10-17 00:00:00,HDFCBANK,1694.95,1697.65,1665.2,1673.15,7347866
2024-10-17 00:00:00,ICICIBANK,1249.45,1256.95,1224.4,1231.25,8459497
2024-10-17 00:00:00,IDFCFIRSTB,72.22,72.57,71.6,71.74,11642217
2024-10-17 00:00:00,INDUSINDBK,1348.0,1354.25,1337.0,1347.35,1353852
2024-10-17 00:00:00,KOTAKBANK,1876.35,1878.3,1851.3,1864.05,3541432
2024-10-17 00:00:00,PNB,105.07,105.24,102.02,102.46,18076891
2024-10-17 00:00:00,SBIN,809.5,819.5,806.0,811.05,18580553
2024-10-17 00:00:00,UNIONBANK,112.46,113.83,110.7,111.53,10159094
2024-10-17 00:00:00,YESBANK,21.15,21.23,20.86,20.9,49372131
2024-10-18 00:00:00,AUBANK,683.05,687.5,676.5,683.65,920590
2024-10-18 00:00:00,AXISBANK,1158.0,1203.85,1156.05,1196.85,20829666
2024-10-18 00:00:00,BANDHANBNK,190.0,192.68,188.19,191.96,9895258
2024-10-18 00:00:00,BANKBARODA,240.65,248.75,237.85,247.97,10982434
2024-10-18 00:00:00,CANBK,102.1,104.99,100.77,104.67,19968661
2024-10-18 00:00:00,FEDERALBNK,193.5,196.25,190.27,195.3,7308007
2024-10-18 00:00:00,HDFCBANK,1663.1,1691.0,1654.1,1681.85,12404862
2024-10-18 00:00:00,ICICIBANK,1227.95,1268.9,1225.25,1264.5,11018126
2024-10-18 00:00:00,IDFCFIRSTB,71.6,72.07,71.0,71.57,17860612
2024-10-18 00:00:00,INDUSINDBK,1345.0,1354.95,1331.0,1347.25,3676670
2024-10-18 00:00:00,KOTAKBANK,1868.0,1878.5,1848.0,1871.05,3834767
2024-10-18 00:00:00,PNB,102.75,104.12,102.42,103.27,18567809
2024-10-18 00:00:00,SBIN,811.1,822.6,802.9,820.4,11704698
2024-10-18 00:00:00,UNIONBANK,111.16,114.27,110.27,112.22,11285455
2024-10-18 00:00:00,YESBANK,20.87,21.15,20.57,21.09,57339193
2024-10-21 00:00:00,AUBANK,684.35,688.75,661.25,664.85,2161816
2024-10-21 00:00:00,AXISBANK,1196.85,1214.8,1185.55,1190.3,7456038
2024-10-21 00:00:00,BANDHANBNK,191.95,191.95,184.0,184.89,14428385
2024-10-21 00:00:00,BANKBARODA,248.0,251.2,244.84,245.77,7677386
2024-10-21 00:00:00,CANBK,104.9,105.6,102.7,102.86,13874672
2024-10-21 00:00:00,FEDERALBNK,195.25,197.25,192.75,193.39,9532877
2024-10-21 00:00:00,HDFCBANK,1715.0,1748.15,1711.05,1728.7,23274177
2024-10-21 00:00:00,ICICIBANK,1264.5,1272.35,1250.55,1259.05,7742775
2024-10-21 00:00:00,IDFCFIRSTB,71.56,72.03,70.06,70.4,27168829
2024-10-21 00:00:00,INDUSINDBK,1352.05,1353.95,1299.6,1308.25,5862686
2024-10-21 00:00:00,KOTAKBANK,1850.0,1855.0,1735.0,1789.2,13178137
2024-10-21 00:00:00,PNB,103.28,104.45,101.76,102.29,17438662
2024-10-21 00:00:00,SBIN,824.7,826.45,809.0,813.95,10359618
2024-10-21 00:00:00,UNIONBANK,112.65,114.11,111.2,111.66,8437712
2024-10-21 00:00:00,YESBANK,21.1,21.52,20.84,21.02,66917611
2024-10-22 00:00:00,AUBANK,664.85,669.4,636.1,638.5,1318131
2024-10-22 00:00:00,AXISBANK,1194.25,1198.0,1173.35,1175.75,7256246
2024-10-22 00:00:00,BANDHANBNK,182.51,184.9,173.0,173.8,20527388
2024-10-22 00:00:00,BANKBARODA,245.0,245.5,233.1,233.65,10255996
2024-10-22 00:00:00,CANBK,102.86,102.86,96.31,96.79,30808126
2024-10-22 00:00:00,FEDERALBNK,194.0,195.0,188.99,189.34,5731783
2024-10-22 00:00:00,HDFCBANK,1730.05,1740.0,1710.7,1714.55,19437640
2024-10-22 00:00:00,ICICIBANK,1266.6,1284.9,1259.75,1267.5,20090801
2024-10-22 00:00:00,IDFCFIRSTB,70.29,71.0,68.05,68.32,31369822
2024-10-22 00:00:00,INDUSINDBK,1309.1,1312.2,1271.25,1274.35,4183194
2024-10-22 00:00:00,KOTAKBANK,1791.95,1795.5,1758.85,1763.15,5494382
2024-10-22 00:00:00,PNB,102.29,103.13,94.4,94.95,51355704
2024-10-22 00:00:00,SBIN,814.0,816.85,787.5,790.4,16645356
2024-10-22 00:00:00,UNIONBANK,113.2,113.2,108.31,109.24,17168854
2024-10-22 00:00:00,YESBANK,21.0,21.04,20.0,20.04,87606605
2024-10-23 00:00:00,AUBANK,638.5,655.45,630.05,652.05,2498843
2024-10-23 00:00:00,AXISBANK,1175.1,1183.15,1158.65,1160.4,6501834
2024-10-23 00:00:00,BANDHANBNK,174.7,183.67,172.8,182.29,16728599
2024-10-23 00:00:00,BANKBARODA,233.65,239.84,229.26,237.96,16390552
2024-10-23 00:00:00,CANBK,97.0,98.45,94.44,97.69,31433274
2024-10-23 00:00:00,FEDERALBNK,189.9,191.38,187.6,188.72,5765355
2024-10-23 00:00:00,HDFCBANK,1705.05,1746.5,1705.05,1735.8,19018045
2024-10-23 00:00:00,ICICIBANK,1261.0,1267.95,1243.05,1251.6,14055447
2024-10-23 00:00:00,IDFCFIRSTB,68.3,68.69,65.8,66.58,52678039
2024-10-23 00:00:00,INDUSINDBK,1274.35,1284.9,1266.5,1274.3,4860497
2024-10-23 00:00:00,KOTAKBANK,1761.15,1787.05,1758.1,1767.8,2836137
2024-10-23 00:00:00,PNB,96.0,97.26,92.4,96.68,38207629
2024-10-23 00:00:00,SBIN,790.0,792.6,779.8,786.0,13866198
2024-10-23 00:00:00,UNIONBANK,109.5,111.43,106.9,109.35,12706619
2024-10-23 00:00:00,YESBANK,20.0,20.26,19.3,20.02,90720281
2024-10-24 00:00:00,AUBANK,660.0,682.9,641.7,645.65,5123554
2024-10-24 00:00:00,AXISBANK,1165.0,1175.2,1154.65,1167.35,5046700
2024-10-24 00:00:00,BANDHANBNK,182.05,182.95,180.15,180.66,5937155
2024-10-24 00:00:00,BANKBARODA,236.73,245.7,236.3,244.77,11899296
2024-10-24 00:00:00,CANBK,98.0,99.65,97.52,98.19,16182512
2024-10-24 00:00:00,FEDERALBNK,189.28,190.99,186.41,188.86,4639754
2024-10-24 00:00:00,HDFCBANK,1738.1,1768.65,1738.1,1749.65,15416129
2024-10-24 00:00:00,ICICIBANK,1250.25,1260.45,1241.05,1252.75,12223031
2024-10-24 00:00:00,IDFCFIRSTB,66.58,69.07,66.55,68.05,35558564
2024-10-24 00:00:00,INDUSINDBK,1276.0,1285.95,1258.15,1280.05,2441333
2024-10-24 00:00:00,KOTAKBANK,1766.0,1772.75,1750.3,1762.2,2316820
2024-10-24 00:00:00,PNB,96.18,100.6,96.13,98.75,55363485
2024-10-24 00:00:00,SBIN,786.05,797.0,784.65,794.55,5607500
2024-10-24 00:00:00,UNIONBANK,109.35,111.78,108.1,110.27,8549338
2024-10-24 00:00:00,YESBANK,20.03,20.33,19.9,20.02,52181658
2024-10-25 00:00:00,AUBANK,636.5,636.5,599.25,604.5,6950865
2024-10-25 00:00:00,AXISBANK,1187.0,1201.75,1170.0,1189.35,12798716
2024-10-25 00:00:00,BANDHANBNK,180.0,180.48,167.3,168.21,21112594
2024-10-25 00:00:00,BANKBARODA,244.0,245.9,234.25,239.52,13124438
2024-10-25 00:00:00,CANBK,98.45,99.18,92.98,94.24,30977098
2024-10-25 00:00:00,FEDERALBNK,188.9,190.32,182.7,186.24,7802725
2024-10-25 00:00:00,HDFCBANK,1755.0,1757.85,1728.7,1743.4,13065239
2024-10-25 00:00:00,ICICIBANK,1247.25,1268.9,1234.2,1255.45,13546055
2024-10-25 00:00:00,IDFCFIRSTB,67.9,67.9,65.11,65.5,64232367
2024-10-25 00:00:00,INDUSINDBK,1163.0,1166.75,1025.5,1041.6,56935420
2024-10-25 00:00:00,KOTAKBANK,1765.0,1786.5,1757.0,1768.85,2829227
2024-10-25 00:00:00,PNB,98.9,99.37,93.23,95.72,39756124
2024-10-25 00:00:00,SBIN,798.0,800.75,772.0,780.95,9717125
2024-10-25 00:00:00,UNIONBANK,110.45,110.77,106.68,108.24,8890099
2024-10-25 00:00:00,YESBANK,20.04,20.12,19.22,19.38,97874666
2024-10-28 00:00:00,AUBANK,610.0,622.65,602.65,620.0,3367259
2024-10-28 00:00:00,AXISBANK,1194.0,1194.0,1167.05,1171.6,8572243
2024-10-28 00:00:00,BANDHANBNK,175.0,189.68,172.5,184.81,43360345
2024-10-28 00:00:00,BANKBARODA,240.0,253.58,239.9,249.92,34626442
2024-10-28 00:00:00,CANBK,95.4,101.5,94.75,100.69,55924681
2024-10-28 00:00:00,FEDERALBNK,186.1,190.43,182.0,184.99,15752834
2024-10-28 00:00:00,HDFCBANK,1742.0,1751.0,1728.9,1734.2,11006071
2024-10-28 00:00:00,ICICIBANK,1285.5,1307.8,1280.6,1292.85,24096412
2024-10-28 00:00:00,IDFCFIRSTB,61.01,67.7,59.3,67.13,195250197
2024-10-28 00:00:00,INDUSINDBK,1051.4,1084.65,1031.0,1054.8,11099823
2024-10-28 00:00:00,KOTAKBANK,1768.0,1780.65,1745.05,1749.85,3302148
2024-10-28 00:00:00,PNB,96.25,101.95,95.98,98.64,70816541
2024-10-28 00:00:00,SBIN,783.8,803.95,783.55,792.05,13757251
2024-10-28 00:00:00,UNIONBANK,108.79,113.47,108.16,112.87,10326648
2024-10-28 00:00:00,YESBANK,20.35,21.29,20.25,20.54,228826923
2024-10-29 00:00:00,AUBANK,621.0,623.5,611.85,621.5,1359311
2024-10-29 00:00:00,AXISBANK,1176.4,1191.2,1157.6,1186.85,9908946
2024-10-29 00:00:00,BANDHANBNK,182.1,183.93,177.13,179.13,19123806
2024-10-29 00:00:00,BANKBARODA,249.9,255.0,247.51,254.56,15007577
2024-10-29 00:00:00,CANBK,101.5,104.14,99.8,103.76,55169329
2024-10-29 00:00:00,FEDERALBNK,193.95,201.42,192.25,200.7,67924331
2024-10-29 00:00:00,HDFCBANK,1726.15,1764.0,1725.1,1751.85,17897463
2024-10-29 00:00:00,ICICIBANK,1301.35,1335.35,1299.25,1331.85,20656117
2024-10-29 00:00:00,IDFCFIRSTB,66.19,67.99,65.71,67.6,52058227
2024-10-29 00:00:00,INDUSINDBK,1058.8,1058.8,1018.1,1038.15,7951124
2024-10-29 00:00:00,KOTAKBANK,1743.5,1767.15,1730.7,1760.2,4158119
2024-10-29 00:00:00,PNB,102.44,102.61,97.3,101.33,94263912
2024-10-29 00:00:00,SBIN,796.0,834.85,790.5,832.7,28274791
2024-10-29 00:00:00,UNIONBANK,112.87,116.2,111.57,115.93,9796225
2024-10-29 00:00:00,YESBANK,20.64,20.85,20.23,20.73,84798060
2024-10-30 00:00:00,AUBANK,619.95,625.65,604.0,609.4,5253691
2024-10-30 00:00:00,AXISBANK,1178.75,1187.65,1164.3,1170.4,9686560
2024-10-30 00:00:00,BANDHANBNK,178.5,179.8,177.15,177.55,9467079
2024-10-30 00:00:00,BANKBARODA,254.7,256.39,250.61,251.48,13781718
2024-10-30 00:00:00,CANBK,103.5,104.95,102.92,103.36,29812887
2024-10-30 00:00:00,FEDERALBNK,199.21,204.79,198.35,203.24,23886475
2024-10-30 00:00:00,HDFCBANK,1742.0,1754.75,1724.2,1734.6,16357862
2024-10-30 00:00:00,ICICIBANK,1324.0,1330.9,1305.6,1312.15,15055031
2024-10-30 00:00:00,IDFCFIRSTB,67.38,69.55,67.3,68.79,56784457
2024-10-30 00:00:00,INDUSINDBK,1037.65,1069.4,1030.25,1056.4,8907271
2024-10-30 00:00:00,KOTAKBANK,1727.0,1760.0,1726.6,1734.6,4385949
2024-10-30 00:00:00,PNB,101.4,101.9,99.8,99.96,47768641
2024-10-30 00:00:00,SBIN,828.0,833.0,821.05,822.45,15977682
2024-10-30 00:00:00,UNIONBANK,115.93,118.7,114.89,116.68,9785179
2024-10-30 00:00:00,YESBANK,20.1,21.16,20.1,20.72,94044203
2024-10-31 00:00:00,AUBANK,608.85,616.0,606.15,612.45,2134118
2024-10-31 00:00:00,AXISBANK,1165.5,1178.0,1153.85,1159.55,8682294
2024-10-31 00:00:00,BANDHANBNK,179.6,183.25,176.77,182.21,16999003
2024-10-31 00:00:00,BANKBARODA,251.45,254.18,248.2,250.96,7738588
2024-10-31 00:00:00,CANBK,103.0,104.15,102.15,102.65,15415779
2024-10-31 00:00:00,FEDERALBNK,203.99,205.66,201.02,203.91,13019192
2024-10-31 00:00:00,HDFCBANK,1728.0,1738.9,1719.4,1735.7,11447956
2024-10-31 00:00:00,ICICIBANK,1307.25,1318.95,1288.55,1292.25,23497314
2024-10-31 00:00:00,IDFCFIRSTB,69.0,70.59,65.51,65.93,123750951
2024-10-31 00:00:00,INDUSINDBK,1054.0,1066.9,1044.0,1055.6,4509824
2024-10-31 00:00:00,KOTAKBANK,1727.35,1746.6,1723.95,1731.1,2944670
2024-10-31 00:00:00,PNB,100.0,100.44,96.6,97.9,93367752
2024-10-31 00:00:00,SBIN,820.0,828.0,813.55,820.2,13402324
2024-10-31 00:00:00,UNIONBANK,116.42,118.2,115.62,117.17,5161468
2024-10-31 00:00:00,YESBANK,20.69,20.85,20.31,20.4,60815651
2024-11-01 00:00:00,AUBANK,617.9,621.0,615.65,617.35,180971
2024-11-01 00:00:00,AXISBANK,1164.05,1172.5,1164.0,1169.55,460781
2024-11-01 00:00:00,BANDHANBNK,184.45,184.45,183.0,183.65,2284079
2024-11-01 00:00:00,BANKBARODA,252.1,254.2,252.0,253.7,1782431
2024-11-01 00:00:00,CANBK,103.8,104.49,103.26,103.96,4211783
2024-11-01 00:00:00,FEDERALBNK,204.25,205.55,203.5,204.17,1541532
2024-11-01 00:00:00,HDFCBANK,1733.0,1744.1,1726.1,1737.3,879846
2024-11-01 00:00:00,ICICIBANK,1289.95,1296.2,1286.25,1291.8,1007022
2024-11-01 00:00:00,IDFCFIRSTB,66.7,67.62,66.5,67.15,15377877
2024-11-01 00:00:00,INDUSINDBK,1061.45,1069.9,1058.55,1062.5,441083
2024-11-01 00:00:00,KOTAKBANK,1739.6,1754.15,1736.35,1744.4,182489
2024-11-01 00:00:00,PNB,98.69,101.17,98.61,100.98,23647421
2024-11-01 00:00:00,SBIN,822.4,825.6,818.9,821.2,1637141
2024-11-01 00:00:00,UNIONBANK,118.0,118.1,117.6,117.85,1174904
2024-11-01 00:00:00,YESBANK,20.57,20.75,20.57,20.71,17418327
2024-11-04 00:00:00,AUBANK,619.95,628.4,616.4,625.45,3687616
2024-11-04 00:00:00,AXISBANK,1172.0,1176.95,1135.45,1139.25,9288653
2024-11-04 00:00:00,BANDHANBNK,183.5,183.5,177.25,180.18,7639211
2024-11-04 00:00:00,BANKBARODA,253.5,255.6,247.55,252.65,15810287
2024-11-04 00:00:00,CANBK,104.5,104.5,99.5,101.91,32237064
2024-11-04 00:00:00,FEDERALBNK,204.17,207.6,202.61,204.29,23397597
2024-11-04 00:00:00,HDFCBANK,1745.0,1745.0,1710.9,1714.1,14044624
2024-11-04 00:00:00,ICICIBANK,1290.1,1291.8,1270.05,1277.2,14309121
2024-11-04 00:00:00,IDFCFIRSTB,67.49,67.49,65.4,65.83,52901289
2024-11-04 00:00:00,INDUSINDBK,1067.0,1070.5,1054.1,1063.8,5143749
2024-11-04 00:00:00,KOTAKBANK,1744.0,1744.0,1724.25,1729.35,2884830
2024-11-04 00:00:00,PNB,100.79,103.98,99.15,103.65,132269383
2024-11-04 00:00:00,SBIN,822.7,837.5,807.1,829.85,14498161
2024-11-04 00:00:00,UNIONBANK,118.7,118.7,113.16,115.97,10185394
2024-11-04 00:00:00,YESBANK,20.7,20.74,20.29,20.33,68193071
2024-11-05 00:00:00,AUBANK,624.95,626.85,605.25,613.8,2133792
2024-11-05 00:00:00,AXISBANK,1138.95,1174.9,1133.45,1171.7,11701049
2024-11-05 00:00:00,BANDHANBNK,180.0,182.01,178.13,181.27,6263739
2024-11-05 00:00:00,BANKBARODA,253.7,260.0,251.45,257.9,16900651
2024-11-05 00:00:00,CANBK,101.61,103.92,101.3,103.67,22694396
2024-11-05 00:00:00,FEDERALBNK,204.17,205.5,200.2,204.27,9979703
2024-11-05 00:00:00,HDFCBANK,1703.0,1762.7,1697.9,1757.85,22116203
2024-11-05 00:00:00,ICICIBANK,1273.0,1301.3,1263.1,1296.7,16431920
2024-11-05 00:00:00,IDFCFIRSTB,65.51,66.5,65.32,66.31,28723426
2024-11-05 00:00:00,INDUSINDBK,1063.7,1092.4,1062.0,1090.1,4840541
2024-11-05 00:00:00,KOTAKBANK,1721.5,1760.5,1711.0,1757.15,4028615
2024-11-05 00:00:00,PNB,103.73,105.17,102.32,104.71,79179075
2024-11-05 00:00:00,SBIN,829.85,851.4,826.25,849.2,26254561
2024-11-05 00:00:00,UNIONBANK,115.94,118.4,114.89,117.38,7204485
2024-11-05 00:00:00,YESBANK,20.28,20.68,20.23,20.62,56247026
2024-11-06 00:00:00,AUBANK,618.0,619.75,606.55,609.8,2860212
2024-11-06 00:00:00,AXISBANK,1171.8,1183.55,1161.45,1166.5,10353506
2024-11-06 00:00:00,BANDHANBNK,183.5,185.29,181.64,183.23,8361731
2024-11-06 00:00:00,BANKBARODA,260.05,264.0,259.1,262.55,21915311
2024-11-06 00:00:00,CANBK,104.98,106.0,103.46,105.25,30178638
2024-11-06 00:00:00,FEDERALBNK,206.9,206.9,202.8,204.74,10938474
2024-11-06 00:00:00,HDFCBANK,1771.5,1771.5,1745.35,1755.25,13893955
2024-11-06 00:00:00,ICICIBANK,1300.25,1315.0,1292.7,1302.35,12037405
2024-11-06 00:00:00,IDFCFIRSTB,66.6,67.14,66.15,66.89,31126506
2024-11-06 00:00:00,INDUSINDBK,1092.3,1098.6,1068.25,1077.65,7153974
2024-11-06 00:00:00,KOTAKBANK,1760.1,1768.45,1746.6,1762.6,3652252
2024-11-06 00:00:00,PNB,105.76,107.25,105.21,106.98,59984748
2024-11-06 00:00:00,SBIN,849.2,861.4,846.2,854.8,15002433
2024-11-06 00:00:00,UNIONBANK,118.17,121.64,117.72,120.81,11111457
2024-11-06 00:00:00,YESBANK,20.67,20.92,20.61,20.84,55366273
2024-11-07 00:00:00,AUBANK,614.0,614.4,601.5,602.3,1213518
2024-11-07 00:00:00,AXISBANK,1168.6,1172.9,1151.05,1159.9,6252889
2024-11-07 00:00:00,BANDHANBNK,183.24,183.78,181.12,181.4,5083958
2024-11-07 00:00:00,BANKBARODA,263.0,266.4,261.0,262.75,11833629
2024-11-07 00:00:00,CANBK,105.5,106.49,104.83,105.07,17438397
2024-11-07 00:00:00,FEDERALBNK,205.2,207.9,204.5,206.01,9253419
2024-11-07 00:00:00,HDFCBANK,1744.3,1760.95,1738.0,1746.55,9447728
2024-11-07 00:00:00,ICICIBANK,1297.15,1302.8,1275.25,1278.7,9909035
2024-11-07 00:00:00,IDFCFIRSTB,67.34,68.12,66.32,66.52,29672215
2024-11-07 00:00:00,INDUSINDBK,1086.0,1086.0,1051.0,1056.8,4901367
2024-11-07 00:00:00,KOTAKBANK,1763.0,1765.0,1733.0,1746.9,3060984
2024-11-07 00:00:00,PNB,106.39,107.9,106.04,106.71,42209575
2024-11-07 00:00:00,SBIN,861.0,862.4,846.7,859.6,15283847
2024-11-07 00:00:00,UNIONBANK,120.81,122.41,119.85,120.07,6601342
2024-11-07 00:00:00,YESBANK,20.92,21.14,20.72,20.78,62138851
2024-11-08 00:00:00,AUBANK,603.0,606.85,579.0,580.65,2487002
2024-11-08 00:00:00,AXISBANK,1156.0,1167.75,1151.1,1160.95,3786168
2024-11-08 00:00:00,BANDHANBNK,181.4,181.69,176.5,177.68,7092881
2024-11-08 00:00:00,BANKBARODA,262.7,262.7,254.15,256.6,13569792
2024-11-08 00:00:00,CANBK,105.04,105.1,103.18,103.69,19031613
2024-11-08 00:00:00,FEDERALBNK,205.98,207.93,204.51,206.77,8766446
2024-11-08 00:00:00,HDFCBANK,1752.0,1761.8,1745.85,1754.45,9951493
2024-11-08 00:00:00,ICICIBANK,1270.0,1275.0,1252.7,1258.85,11195808
2024-11-08 00:00:00,IDFCFIRSTB,66.52,66.68,65.31,65.63,24563138
2024-11-08 00:00:00,INDUSINDBK,1061.45,1061.45,1048.05,1053.8,2107903
2024-11-08 00:00:00,KOTAKBANK,1745.0,1764.1,1738.9,1745.8,3646825
2024-11-08 00:00:00,PNB,106.95,106.95,104.12,104.79,31981183
2024-11-08 00:00:00,SBIN,859.6,863.5,834.2,843.15,26139105
2024-11-08 00:00:00,UNIONBANK,120.62,120.7,116.64,117.52,7220742
2024-11-08 00:00:00,YESBANK,20.78,20.78,20.07,20.16,50979382
2024-11-11 00:00:00,AUBANK,581.0,581.9,569.25,576.05,2610819
2024-11-11 00:00:00,AXISBANK,1152.0,1176.8,1142.95,1171.0,6620678
2024-11-11 00:00:00,BANDHANBNK,177.25,177.45,174.21,175.14,6569352
2024-11-11 00:00:00,BANKBARODA,256.0,259.55,252.8,258.35,9319722
2024-11-11 00:00:00,CANBK,103.0,105.14,101.7,103.89,16982584
2024-11-11 00:00:00,FEDERALBNK,207.8,208.2,203.9,207.73,13015963
2024-11-11 00:00:00,HDFCBANK,1754.55,1782.8,1751.2,1766.3,12282681
2024-11-11 00:00:00,ICICIBANK,1262.0,1275.9,1246.65,1269.3,8387780
2024-11-11 00:00:00,IDFCFIRSTB,65.83,67.0,65.52,66.56,40876112
2024-11-11 00:00:00,INDUSINDBK,1053.0,1067.5,1040.0,1060.8,4918839
2024-11-11 00:00:00,KOTAKBANK,1745.0,1763.3,1737.2,1744.0,3205030
2024-11-11 00:00:00,PNB,103.61,106.1,103.25,105.14,29852507
2024-11-11 00:00:00,SBIN,846.0,854.0,842.0,847.65,12621337
2024-11-11 00:00:00,UNIONBANK,117.5,119.64,116.05,119.15,7359808
2024-11-11 00:00:00,YESBANK,20.16,20.33,19.85,19.89,81817209
2024-11-12 00:00:00,AUBANK,577.05,582.0,573.05,579.25,1281942
2024-11-12 00:00:00,AXISBANK,1171.65,1187.0,1153.8,1158.15,9606088
2024-11-12 00:00:00,BANDHANBNK,175.31,177.3,172.0,172.59,5526480
2024-11-12 00:00:00,BANKBARODA,259.0,260.5,252.0,252.7,6461353
2024-11-12 00:00:00,CANBK,104.15,104.8,101.12,101.5,14401385
2024-11-12 00:00:00,FEDERALBNK,208.29,209.77,206.06,207.27,8129987
2024-11-12 00:00:00,HDFCBANK,1772.0,1775.0,1708.65,1718.2,15697703
2024-11-12 00:00:00,ICICIBANK,1276.15,1295.0,1264.5,1270.6,13486168
2024-11-12 00:00:00,IDFCFIRSTB,66.99,67.19,66.0,66.24,19572073
2024-11-12 00:00:00,INDUSINDBK,1061.3,1065.45,1051.55,1059.55,2186055
2024-11-12 00:00:00,KOTAKBANK,1744.8,1749.4,1715.2,1721.4,3228390
2024-11-12 00:00:00,PNB,105.5,106.34,103.35,103.73,26013763
2024-11-12 00:00:00,SBIN,852.5,853.4,824.3,826.7,11350729
2024-11-12 00:00:00,UNIONBANK,119.16,120.64,117.8,119.0,7092442
2024-11-12 00:00:00,YESBANK,19.95,20.14,19.65,19.75,44546382
2024-11-13 00:00:00,AUBANK,576.65,578.95,557.25,560.8,4788121
2024-11-13 00:00:00,AXISBANK,1151.9,1165.5,1135.1,1139.15,8079113
2024-11-13 00:00:00,BANDHANBNK,172.0,172.4,164.2,165.1,14618927
2024-11-13 00:00:00,BANKBARODA,250.15,252.85,241.9,243.3,15240064
2024-11-13 00:00:00,CANBK,101.0,102.0,97.54,98.33,29270560
2024-11-13 00:00:00,FEDERALBNK,206.83,207.44,198.57,199.38,13381335
2024-11-13 00:00:00,HDFCBANK,1716.75,1729.4,1673.0,1681.35,17864250
2024-11-13 00:00:00,ICICIBANK,1270.6,1276.25,1250.0,1253.7,12260404
2024-11-13 00:00:00,IDFCFIRSTB,66.0,66.14,63.1,63.62,45002825
2024-11-13 00:00:00,INDUSINDBK,1053.8,1067.8,1032.2,1036.7,4850346
2024-11-13 00:00:00,KOTAKBANK,1714.0,1728.15,1679.05,1687.85,3593490
2024-11-13 00:00:00,PNB,103.3,103.8,100.0,100.56,38963115
2024-11-13 00:00:00,SBIN,823.35,831.75,804.65,808.65,13756706
2024-11-13 00:00:00,UNIONBANK,117.6,117.85,114.71,115.66,8694315
2024-11-13 00:00:00,YESBANK,19.63,19.73,19.02,19.07,80085697
2024-11-14 00:00:00,AUBANK,562.5,575.4,562.5,573.9,1722187
2024-11-14 00:00:00,AXISBANK,1137.55,1150.75,1131.6,1140.7,5975873
2024-11-14 00:00:00,BANDHANBNK,165.8,168.75,165.05,167.26,12377786
2024-11-14 00:00:00,BANKBARODA,243.45,246.9,240.85,241.5,6939685
2024-11-14 00:00:00,CANBK,99.0,100.46,97.22,97.49,17064169
2024-11-14 00:00:00,FEDERALBNK,199.2,201.7,196.0,196.98,9354472
2024-11-14 00:00:00,HDFCBANK,1673.1,1704.85,1672.1,1692.75,13573235
2024-11-14 00:00:00,ICICIBANK,1253.75,1267.7,1243.05,1256.95,9506892
2024-11-14 00:00:00,IDFCFIRSTB,64.01,64.85,63.01,63.41,28532246
2024-11-14 00:00:00,INDUSINDBK,1043.0,1045.0,1015.0,1017.15,2612235
2024-11-14 00:00:00,KOTAKBANK,1690.0,1712.6,1689.8,1707.9,3327758
2024-11-14 00:00:00,PNB,101.1,102.48,99.3,99.49,25816807
2024-11-14 00:00:00,SBIN,808.65,818.0,801.05,804.25,9461484
2024-11-14 00:00:00,UNIONBANK,115.66,117.64,113.25,113.9,6290516
2024-11-14 00:00:00,YESBANK,19.2,19.63,19.2,19.31,67917020
2024-11-18 00:00:00,AUBANK,574.0,583.15,570.25,579.0,2176589
2024-11-18 00:00:00,AXISBANK,1131.2,1135.0,1121.55,1126.2,9474971
2024-11-18 00:00:00,BANDHANBNK,167.3,167.65,164.12,165.69,11130039
2024-11-18 00:00:00,BANKBARODA,241.5,243.85,236.15,241.4,15402466
2024-11-18 00:00:00,CANBK,97.5,98.8,95.72,98.18,17115166
2024-11-18 00:00:00,FEDERALBNK,197.0,200.89,195.04,200.25,13133102
2024-11-18 00:00:00,HDFCBANK,1700.0,1718.9,1695.0,1705.1,13540984
2024-11-18 00:00:00,ICICIBANK,1260.0,1262.6,1249.4,1253.45,6195554
2024-11-18 00:00:00,IDFCFIRSTB,63.98,65.8,63.12,65.53,35353480
2024-11-18 00:00:00,INDUSINDBK,1015.5,1017.95,1000.05,1004.6,5427908
2024-11-18 00:00:00,KOTAKBANK,1714.0,1728.25,1699.7,1722.75,2082415
2024-11-18 00:00:00,PNB,100.7,102.28,97.93,100.53,32300511
2024-11-18 00:00:00,SBIN,811.0,816.7,799.25,814.3,9322451
2024-11-18 00:00:00,UNIONBANK,114.0,116.0,112.0,115.18,6674880
2024-11-18 00:00:00,YESBANK,19.29,19.5,19.15,19.28,61476591
2024-11-19 00:00:00,AUBANK,575.05,597.1,575.05,591.0,3260155
2024-11-19 00:00:00,AXISBANK,1130.0,1139.0,1122.05,1133.95,19225966
2024-11-19 00:00:00,BANDHANBNK,166.0,172.43,166.0,167.61,10399744
2024-11-19 00:00:00,BANKBARODA,242.5,246.0,236.25,237.2,12811548
2024-11-19 00:00:00,CANBK,99.23,101.27,97.1,97.81,21458767
2024-11-19 00:00:00,FEDERALBNK,202.0,210.6,201.21,206.65,22964708
2024-11-19 00:00:00,HDFCBANK,1714.0,1753.75,1702.7,1742.25,25490636
2024-11-19 00:00:00,ICICIBANK,1257.05,1261.0,1240.85,1249.1,11537317
2024-11-19 00:00:00,IDFCFIRSTB,65.54,66.5,64.18,64.62,21394881
2024-11-19 00:00:00,INDUSINDBK,1010.5,1032.0,998.1,1000.2,5718490
2024-11-19 00:00:00,KOTAKBANK,1729.8,1739.8,1713.5,1727.75,2759663
2024-11-19 00:00:00,PNB,101.15,103.72,100.45,100.86,25456236
2024-11-19 00:00:00,SBIN,819.0,820.3,800.1,803.0,13677029
2024-11-19 00:00:00,UNIONBANK,115.18,117.79,115.1,116.02,5367834
2024-11-19 00:00:00,YESBANK,19.33,19.82,19.28,19.56,57492511
2024-11-21 00:00:00,AUBANK,589.2,595.65,581.05,593.9,1840597
2024-11-21 00:00:00,AXISBANK,1138.0,1152.0,1115.75,1139.15,8126248
2024-11-21 00:00:00,BANDHANBNK,166.7,166.94,162.8,165.86,7231100
2024-11-21 00:00:00,BANKBARODA,237.2,237.4,219.85,228.5,32722184
2024-11-21 00:00:00,CANBK,97.95,97.95,92.52,94.46,40836258
2024-11-21 00:00:00,FEDERALBNK,206.42,211.44,204.0,210.88,15482528
2024-11-21 00:00:00,HDFCBANK,1749.4,1759.0,1734.2,1741.2,17858256
2024-11-21 00:00:00,ICICIBANK,1248.55,1256.9,1232.55,1250.55,9593870
2024-11-21 00:00:00,IDFCFIRSTB,64.6,64.6,62.4,62.94,26554050
2024-11-21 00:00:00,INDUSINDBK,1000.4,1003.0,966.4,981.45,6606440
2024-11-21 00:00:00,KOTAKBANK,1715.1,1740.75,1703.75,1737.1,3294059
2024-11-21 00:00:00,PNB,100.05,100.31,94.81,96.37,62222678
2024-11-21 00:00:00,SBIN,798.5,798.5,761.55,780.75,29486577
2024-11-21 00:00:00,UNIONBANK,115.5,115.83,112.34,115.22,9168096
2024-11-21 00:00:00,YESBANK,19.49,19.49,19.04,19.13,57253095
2024-11-22 00:00:00,AUBANK,593.95,597.0,590.7,595.7,1400380
2024-11-22 00:00:00,AXISBANK,1136.65,1147.9,1127.55,1142.4,16687505
2024-11-22 00:00:00,BANDHANBNK,166.21,170.73,166.21,169.93,5267959
2024-11-22 00:00:00,BANKBARODA,229.0,238.0,229.0,236.0,16249864
2024-11-22 00:00:00,CANBK,95.09,97.78,94.95,97.01,26716825
2024-11-22 00:00:00,FEDERALBNK,211.48,212.0,208.38,209.37,13076979
2024-11-22 00:00:00,HDFCBANK,1743.55,1754.3,1729.55,1745.6,12386806
2024-11-22 00:00:00,ICICIBANK,1258.0,1281.4,1256.0,1278.05,11604338
2024-11-22 00:00:00,IDFCFIRSTB,63.0,64.81,63.0,64.15,18942154
2024-11-22 00:00:00,INDUSINDBK,986.0,1002.45,981.4,998.2,4026863
2024-11-22 00:00:00,KOTAKBANK,1734.0,1772.2,1732.9,1761.45,3553726
2024-11-22 00:00:00,PNB,97.1,100.25,97.05,99.82,38066845
2024-11-22 00:00:00,SBIN,786.0,819.95,784.05,816.05,20665405
2024-11-22 00:00:00,UNIONBANK,115.28,116.89,114.81,115.04,7863396
2024-11-22 00:00:00,YESBANK,19.12,19.34,19.12,19.21,47148202
2024-11-25 00:00:00,AUBANK,604.0,604.4,593.1,596.3,3793270
2024-11-25 00:00:00,AXISBANK,1160.0,1164.5,1142.0,1155.9,12385823
2024-11-25 00:00:00,BANDHANBNK,174.5,174.77,170.36,171.14,6606857
2024-11-25 00:00:00,BANKBARODA,242.0,248.3,240.8,247.1,18985964
2024-11-25 00:00:00,CANBK,100.0,101.43,99.38,100.98,40537064
2024-11-25 00:00:00,FEDERALBNK,211.0,213.5,209.42,212.88,18553476
2024-11-25 00:00:00,HDFCBANK,1785.05,1803.55,1764.9,1785.6,213868637
2024-11-25 00:00:00,ICICIBANK,1296.0,1311.2,1290.0,1300.95,22717581
2024-11-25 00:00:00,IDFCFIRSTB,65.92,66.14,64.44,64.65,33418900
2024-11-25 00:00:00,INDUSINDBK,1020.0,1022.05,997.05,1003.5,6491357
2024-11-25 00:00:00,KOTAKBANK,1782.0,1794.6,1766.9,1790.75,6871432
2024-11-25 00:00:00,PNB,103.1,105.48,102.99,104.11,57404398
2024-11-25 00:00:00,SBIN,827.0,849.6,825.65,844.45,23434605
2024-11-25 00:00:00,UNIONBANK,117.09,121.34,117.09,119.79,17624755
2024-11-25 00:00:00,YESBANK,19.51,19.72,19.06,19.18,119882710
2024-11-26 00:00:00,AUBANK,596.9,596.9,587.15,591.6,1829479
2024-11-26 00:00:00,AXISBANK,1157.1,1159.6,1142.65,1144.8,5127437
2024-11-26 00:00:00,BANDHANBNK,172.4,172.42,169.22,170.35,4700220
2024-11-26 00:00:00,BANKBARODA,247.1,250.0,245.4,247.5,5822108
2024-11-26 00:00:00,CANBK,101.48,102.57,100.6,101.79,16210652
2024-11-26 00:00:00,FEDERALBNK,212.88,214.0,210.6,213.64,8728077
2024-11-26 00:00:00,HDFCBANK,1810.0,1810.0,1769.8,1785.55,15467783
2024-11-26 00:00:00,ICICIBANK,1310.6,1314.25,1302.45,1304.95,7646955
2024-11-26 00:00:00,IDFCFIRSTB,64.9,65.36,64.4,65.14,16318615
2024-11-26 00:00:00,INDUSINDBK,1011.7,1017.7,998.1,1009.6,2390208
2024-11-26 00:00:00,KOTAKBANK,1795.0,1795.95,1775.0,1783.6,2312739
2024-11-26 00:00:00,PNB,104.47,105.45,104.11,105.11,22370887
2024-11-26 00:00:00,SBIN,844.0,846.7,835.55,839.4,8893744
2024-11-26 00:00:00,UNIONBANK,119.9,121.65,119.36,121.4,6930332
2024-11-26 00:00:00,YESBANK,19.2,20.63,19.2,20.14,184040834
2024-11-27 00:00:00,AUBANK,589.5,594.35,584.1,589.8,3177623
2024-11-27 00:00:00,AXISBANK,1145.2,1155.45,1133.55,1149.65,5989943
2024-11-27 00:00:00,BANDHANBNK,170.41,171.71,169.41,171.32,3548666
2024-11-27 00:00:00,BANKBARODA,247.5,249.85,244.65,246.45,9255064
2024-11-27 00:00:00,CANBK,102.0,102.7,100.8,101.56,17400124
2024-11-27 00:00:00,FEDERALBNK,213.6,214.44,210.85,212.88,10096152
2024-11-27 00:00:00,HDFCBANK,1789.9,1817.35,1785.15,1812.3,16357488
2024-11-27 00:00:00,ICICIBANK,1298.5,1310.85,1297.85,1300.7,21938082
2024-11-27 00:00:00,IDFCFIRSTB,65.0,65.02,63.86,64.15,25860956
2024-11-27 00:00:00,INDUSINDBK,1012.0,1012.0,994.5,1001.95,4798242
2024-11-27 00:00:00,KOTAKBANK,1780.95,1805.5,1779.1,1783.2,3202444
2024-11-27 00:00:00,PNB,105.1,105.45,103.85,104.38,25139229
2024-11-27 00:00:00,SBIN,838.5,842.5,832.1,834.1,8375108
2024-11-27 00:00:00,UNIONBANK,122.44,123.5,120.24,122.88,7535056
2024-11-27 00:00:00,YESBANK,20.14,20.35,19.84,20.26,82352775
2024-11-28 00:00:00,AUBANK,590.7,593.0,584.7,585.8,1591285
2024-11-28 00:00:00,AXISBANK,1148.5,1154.45,1129.4,1132.5,10731275
2024-11-28 00:00:00,BANDHANBNK,171.51,174.07,170.3,170.96,8051413
2024-11-28 00:00:00,BANKBARODA,247.45,252.0,245.6,249.0,12657927
2024-11-28 00:00:00,CANBK,102.55,103.42,101.86,102.9,21562794
2024-11-28 00:00:00,FEDERALBNK,212.88,213.01,210.4,211.05,10970713
2024-11-28 00:00:00,HDFCBANK,1819.0,1836.1,1788.0,1793.15,17861196
2024-11-28 00:00:00,ICICIBANK,1301.05,1310.5,1282.3,1286.35,22803745
2024-11-28 00:00:00,IDFCFIRSTB,64.21,64.95,64.15,64.26,21353214
2024-11-28 00:00:00,INDUSINDBK,1005.95,1013.4,991.35,993.6,4822835
2024-11-28 00:00:00,KOTAKBANK,1783.25,1788.9,1753.5,1759.2,3971395
2024-11-28 00:00:00,PNB,104.9,107.25,104.31,106.29,30202813
2024-11-28 00:00:00,SBIN,834.1,845.8,830.5,838.85,13505677
2024-11-28 00:00:00,UNIONBANK,122.95,124.18,121.05,121.69,11913462
2024-11-28 00:00:00,YESBANK,20.1,20.65,20.06,20.36,101691031
2024-11-29 00:00:00,AUBANK,587.0,591.75,578.4,583.35,2005684
2024-11-29 00:00:00,AXISBANK,1133.55,1140.9,1127.7,1136.3,6406277
2024-11-29 00:00:00,BANDHANBNK,171.5,171.95,167.12,169.08,8868710
2024-11-29 00:00:00,BANKBARODA,249.45,250.45,244.25,246.4,9029433
2024-11-29 00:00:00,CANBK,103.34,103.75,100.75,102.01,21218297
2024-11-29 00:00:00,FEDERALBNK,211.5,211.8,208.79,210.78,7279254
2024-11-29 00:00:00,HDFCBANK,1801.3,1804.6,1782.9,1796.05,13834768
2024-11-29 00:00:00,ICICIBANK,1283.1,1303.25,1283.1,1300.1,11397228
2024-11-29 00:00:00,IDFCFIRSTB,64.26,64.75,63.8,64.08,19663862
2024-11-29 00:00:00,INDUSINDBK,998.1,999.5,987.3,995.85,4815934
2024-11-29 00:00:00,KOTAKBANK,1757.0,1773.6,1757.0,1765.25,2987994
2024-11-29 00:00:00,PNB,106.85,107.14,103.68,104.9,30163680
2024-11-29 00:00:00,SBIN,841.1,844.05,831.55,838.95,10822949
2024-11-29 00:00:00,UNIONBANK,122.7,126.2,121.05,121.62,23869952
2024-11-29 00:00:00,YESBANK,20.35,20.52,19.91,19.96,123352713
2024-12-02 00:00:00,AUBANK,586.0,586.0,577.15,581.6,2248745
2024-12-02 00:00:00,AXISBANK,1132.7,1141.4,1126.6,1137.1,4785858
2024-12-02 00:00:00,BANDHANBNK,168.98,171.23,166.96,170.79,5645780
2024-12-02 00:00:00,BANKBARODA,246.0,247.5,244.3,246.41,7689533
2024-12-02 00:00:00,CANBK,101.69,102.19,101.15,101.71,17322174
2024-12-02 00:00:00,FEDERALBNK,210.78,211.19,206.34,209.08,7705204
2024-12-02 00:00:00,HDFCBANK,1803.5,1808.15,1775.0,1804.7,7555438
2024-12-02 00:00:00,ICICIBANK,1299.9,1310.55,1289.15,1304.65,9626400
2024-12-02 00:00:00,IDFCFIRSTB,64.08,65.16,63.82,64.39,14907199
2024-12-02 00:00:00,INDUSINDBK,990.05,993.15,979.0,990.95,4969967
2024-12-02 00:00:00,KOTAKBANK,1765.0,1772.6,1746.0,1753.95,4265280
2024-12-02 00:00:00,PNB,104.74,105.45,104.07,105.0,14773753
2024-12-02 00:00:00,SBIN,838.95,842.0,832.7,836.4,6651119
2024-12-02 00:00:00,UNIONBANK,122.0,122.25,119.41,119.73,9218004
2024-12-02 00:00:00,YESBANK,19.96,20.19,19.9,20.09,68351418
2024-12-03 00:00:00,AUBANK,583.75,598.6,582.1,594.85,3487471
2024-12-03 00:00:00,AXISBANK,1144.4,1164.9,1138.0,1160.5,8382042
2024-12-03 00:00:00,BANDHANBNK,171.0,176.0,171.0,175.27,8068296
2024-12-03 00:00:00,BANKBARODA,247.7,255.0,247.18,254.55,15697277
2024-12-03 00:00:00,CANBK,102.0,105.4,102.0,105.12,27016365
2024-12-03 00:00:00,FEDERALBNK,212.0,212.29,209.15,209.96,6355689
2024-12-03 00:00:00,HDFCBANK,1822.7,1837.4,1816.1,1826.3,21705121
2024-12-03 00:00:00,ICICIBANK,1303.95,1312.8,1296.1,1308.4,11509276
2024-12-03 00:00:00,IDFCFIRSTB,64.5,65.4,64.4,65.2,20416363
2024-12-03 00:00:00,INDUSINDBK,993.0,1011.5,991.4,998.35,4665094
2024-12-03 00:00:00,KOTAKBANK,1760.0,1761.2,1740.0,1749.9,3971650
2024-12-03 00:00:00,PNB,105.46,108.3,105.31,107.97,38169064
2024-12-03 00:00:00,SBIN,838.0,856.6,836.9,853.95,12186182
2024-12-03 00:00:00,UNIONBANK,120.85,126.5,120.57,126.06,28256395
2024-12-03 00:00:00,YESBANK,20.15,21.1,20.12,20.84,150187297
2024-12-04 00:00:00,AUBANK,597.85,603.75,590.0,595.65,2505941
2024-12-04 00:00:00,AXISBANK,1157.5,1168.0,1153.9,1159.45,18379798
2024-12-04 00:00:00,BANDHANBNK,175.15,178.7,175.0,178.05,9637948
2024-12-04 00:00:00,BANKBARODA,255.0,261.7,254.22,260.57,16236326
2024-12-04 00:00:00,CANBK,105.9,109.45,105.57,108.63,53999025
2024-12-04 00:00:00,FEDERALBNK,209.96,216.28,209.27,215.44,12814059
2024-12-04 00:00:00,HDFCBANK,1838.0,1865.0,1831.15,1860.1,22334542
2024-12-04 00:00:00,ICICIBANK,1302.6,1320.0,1301.7,1316.05,11570281
2024-12-04 00:00:00,IDFCFIRSTB,65.49,66.37,65.0,66.21,23553655
2024-12-04 00:00:00,INDUSINDBK,1005.0,1005.95,990.5,998.85,4256690
2024-12-04 00:00:00,KOTAKBANK,1752.0,1767.0,1746.4,1757.5,3186786
2024-12-04 00:00:00,PNB,108.75,110.5,107.82,110.01,48997721
2024-12-04 00:00:00,SBIN,853.95,864.0,850.3,859.7,10749716
2024-12-04 00:00:00,UNIONBANK,126.7,128.99,125.5,128.33,21643686
2024-12-04 00:00:00,YESBANK,20.99,21.39,20.81,21.23,135391370
2024-12-05 00:00:00,AUBANK,598.7,600.0,591.6,597.75,2009229
2024-12-05 00:00:00,AXISBANK,1164.0,1176.9,1150.1,1166.4,10640451
2024-12-05 00:00:00,BANDHANBNK,178.14,179.28,176.11,177.44,4963068
2024-12-05 00:00:00,BANKBARODA,260.95,262.38,258.55,259.98,12264971
2024-12-05 00:00:00,CANBK,109.32,109.32,107.05,108.17,24991310
2024-12-05 00:00:00,FEDERALBNK,216.4,217.0,213.72,214.97,5002379
2024-12-05 00:00:00,HDFCBANK,1860.0,1879.95,1835.2,1865.75,19841357
2024-12-05 00:00:00,ICICIBANK,1316.25,1342.9,1308.6,1336.5,19210697
2024-12-05 00:00:00,IDFCFIRSTB,66.56,66.59,65.67,65.96,15409325
2024-12-05 00:00:00,INDUSINDBK,1006.0,1006.0,990.55,998.2,5254145
2024-12-05 00:00:00,KOTAKBANK,1764.0,1788.65,1748.0,1775.15,5697229
2024-12-05 00:00:00,PNB,110.57,110.6,108.3,109.08,20568682
2024-12-05 00:00:00,SBIN,860.0,871.45,855.6,865.45,14716036
2024-12-05 00:00:00,UNIONBANK,128.99,129.27,126.01,127.8,10374429
2024-12-05 00:00:00,YESBANK,21.39,21.39,21.05,21.17,83133989
2024-12-06 00:00:00,AUBANK,602.0,602.0,585.55,587.4,2744809
2024-12-06 00:00:00,AXISBANK,1167.5,1193.85,1160.0,1184.55,7542210
2024-12-06 00:00:00,BANDHANBNK,177.68,178.3,173.97,176.27,7629959
2024-12-06 00:00:00,BANKBARODA,261.3,266.95,258.0,264.6,18607200
2024-12-06 00:00:00,CANBK,110.0,110.8,107.72,109.32,59964689
2024-12-06 00:00:00,FEDERALBNK,215.0,215.2,211.26,213.4,9436594
2024-12-06 00:00:00,HDFCBANK,1857.0,1864.2,1844.0,1855.85,8891578
2024-12-06 00:00:00,ICICIBANK,1342.5,1347.1,1326.7,1328.75,8942672
2024-12-06 00:00:00,IDFCFIRSTB,66.08,66.4,65.55,65.9,18003859
2024-12-06 00:00:00,INDUSINDBK,1000.0,1003.05,986.3,990.35,6258019
2024-12-06 00:00:00,KOTAKBANK,1773.9,1785.05,1761.0,1776.95,2595882
2024-12-06 00:00:00,PNB,109.7,111.13,107.18,110.1,51861042
2024-12-06 00:00:00,SBIN,865.25,875.45,857.0,863.65,14520568
2024-12-06 00:00:00,UNIONBANK,128.3,130.9,126.78,128.91,15783081
2024-12-06 00:00:00,YESBANK,21.19,21.58,21.09,21.49,127231060
2024-12-09 00:00:00,AUBANK,587.95,591.5,580.4,581.2,1034189
2024-12-09 00:00:00,AXISBANK,1184.25,1186.0,1161.0,1163.25,6308112
2024-12-09 00:00:00,BANDHANBNK,176.5,177.25,174.34,174.55,4192897
2024-12-09 00:00:00,BANKBARODA,263.0,264.8,261.32,262.93,9706145
2024-12-09 00:00:00,CANBK,109.6,110.25,108.66,108.99,17122712
2024-12-09 00:00:00,FEDERALBNK,214.05,215.17,212.31,213.77,4922985
2024-12-09 00:00:00,HDFCBANK,1853.65,1880.0,1849.0,1870.0,13473956
2024-12-09 00:00:00,ICICIBANK,1322.1,1329.05,1320.25,1322.3,8000764
2024-12-09 00:00:00,IDFCFIRSTB,66.14,66.36,65.13,65.22,16659369
2024-12-09 00:00:00,INDUSINDBK,992.8,994.0,977.8,982.6,3565285
2024-12-09 00:00:00,KOTAKBANK,1768.1,1804.95,1768.1,1786.25,2554023
2024-12-09 00:00:00,PNB,110.1,110.5,108.51,108.77,28843979
2024-12-09 00:00:00,SBIN,859.0,866.85,856.95,858.05,9630346
2024-12-09 00:00:00,UNIONBANK,128.24,130.61,128.01,129.26,11039235
2024-12-09 00:00:00,YESBANK,21.49,22.02,21.46,21.84,113868644
2024-12-10 00:00:00,AUBANK,584.05,592.9,581.45,591.3,1159650
2024-12-10 00:00:00,AXISBANK,1157.0,1165.05,1151.25,1153.65,4714389
2024-12-10 00:00:00,BANDHANBNK,174.6,176.52,173.4,175.45,4855252
2024-12-10 00:00:00,BANKBARODA,263.6,264.45,261.0,262.93,10964378
2024-12-10 00:00:00,CANBK,109.51,110.2,108.76,109.68,19506335
2024-12-10 00:00:00,FEDERALBNK,213.88,214.8,212.52,214.34,3626922
2024-12-10 00:00:00,HDFCBANK,1877.7,1877.7,1858.55,1868.1,6662740
2024-12-10 00:00:00,ICICIBANK,1319.0,1332.0,1315.25,1330.45,8218214
2024-12-10 00:00:00,IDFCFIRSTB,65.22,66.09,65.0,65.87,25327118
2024-12-10 00:00:00,INDUSINDBK,983.0,988.4,979.1,984.3,3843321
2024-12-10 00:00:00,KOTAKBANK,1783.25,1802.8,1783.25,1794.7,1979884
2024-12-10 00:00:00,PNB,109.0,111.04,108.61,110.47,28453790
2024-12-10 00:00:00,SBIN,861.8,868.95,858.05,867.5,7379849
2024-12-10 00:00:00,UNIONBANK,129.26,130.8,128.87,129.48,10584386
2024-12-10 00:00:00,YESBANK,21.84,21.87,21.36,21.6,91877760
2024-12-11 00:00:00,AUBANK,594.95,594.95,588.1,590.1,1875206
2024-12-11 00:00:00,AXISBANK,1150.0,1158.35,1144.55,1147.25,7788242
2024-12-11 00:00:00,BANDHANBNK,175.5,176.68,174.25,174.42,3533366
2024-12-11 00:00:00,BANKBARODA,262.93,265.0,259.99,260.77,9109708
2024-12-11 00:00:00,CANBK,109.1,109.98,108.51,108.75,10634931
2024-12-11 00:00:00,FEDERALBNK,214.0,215.47,214.0,214.68,3817336
2024-12-11 00:00:00,HDFCBANK,1861.7,1871.9,1856.75,1863.1,7022713
2024-12-11 00:00:00,ICICIBANK,1324.7,1331.25,1316.0,1327.5,8138066
2024-12-11 00:00:00,IDFCFIRSTB,65.85,65.98,65.12,65.2,15825445
2024-12-11 00:00:00,INDUSINDBK,985.5,999.9,981.25,984.85,4679888
2024-12-11 00:00:00,KOTAKBANK,1796.0,1806.8,1789.95,1794.7,2393428
2024-12-11 00:00:00,PNB,110.89,110.92,108.4,108.58,23295859
2024-12-11 00:00:00,SBIN,867.5,869.85,860.95,861.6,7006973
2024-12-11 00:00:00,UNIONBANK,129.5,129.99,128.1,129.19,8160003
2024-12-11 00:00:00,YESBANK,21.5,21.73,21.45,21.58,65929641
2024-12-12 00:00:00,AUBANK,591.5,595.2,586.45,591.05,1438341
2024-12-12 00:00:00,AXISBANK,1145.0,1154.55,1143.6,1145.65,4825283
2024-12-12 00:00:00,BANDHANBNK,174.3,174.32,170.02,170.51,6135002
2024-12-12 00:00:00,BANKBARODA,259.25,261.2,258.0,259.2,8971686
2024-12-12 00:00:00,CANBK,108.11,108.75,107.35,107.5,10577584
2024-12-12 00:00:00,FEDERALBNK,214.68,215.7,212.35,212.68,4299148
2024-12-12 00:00:00,HDFCBANK,1851.0,1868.65,1848.7,1859.25,8646895
2024-12-12 00:00:00,ICICIBANK,1321.55,1338.75,1321.55,1329.25,9076896
2024-12-12 00:00:00,IDFCFIRSTB,65.2,65.48,64.17,64.33,15101389
2024-12-12 00:00:00,INDUSINDBK,986.0,1005.5,986.0,997.95,5771673
2024-12-12 00:00:00,KOTAKBANK,1790.0,1796.45,1765.35,1768.7,3488259
2024-12-12 00:00:00,PNB,109.0,109.12,107.23,107.82,18431604
2024-12-12 00:00:00,SBIN,861.5,864.3,851.15,853.7,8845103
2024-12-12 00:00:00,UNIONBANK,129.0,129.77,128.22,128.88,6457421
2024-12-12 00:00:00,YESBANK,21.5,21.59,21.12,21.2,179952016
2024-12-13 00:00:00,AUBANK,588.0,588.75,574.3,584.55,1412657
2024-12-13 00:00:00,AXISBANK,1141.0,1152.7,1113.65,1148.15,8731618
2024-12-13 00:00:00,BANDHANBNK,170.0,171.0,165.61,169.73,9913065
2024-12-13 00:00:00,BANKBARODA,258.0,258.9,251.11,257.99,12263775
2024-12-13 00:00:00,CANBK,107.0,107.49,104.0,106.58,21008467
2024-12-13 00:00:00,FEDERALBNK,212.2,213.5,209.7,213.15,4333300
2024-12-13 00:00:00,HDFCBANK,1862.5,1875.0,1829.25,1871.75,9504501
2024-12-13 00:00:00,ICICIBANK,1325.35,1347.15,1313.5,1344.9,13536684
2024-12-13 00:00:00,IDFCFIRSTB,64.33,64.59,63.07,64.23,17510959
2024-12-13 00:00:00,INDUSINDBK,991.0,997.65,965.55,986.65,5674567
2024-12-13 00:00:00,KOTAKBANK,1758.35,1809.0,1748.05,1805.65,3893531
2024-12-13 00:00:00,PNB,107.0,108.15,104.16,107.73,32663054
2024-12-13 00:00:00,SBIN,852.6,862.9,835.0,861.55,9379370
2024-12-13 00:00:00,UNIONBANK,128.55,129.0,123.84,127.25,10915461
2024-12-13 00:00:00,YESBANK,21.15,21.2,20.7,21.09,97287009
2024-12-16 00:00:00,AUBANK,585.0,586.1,576.5,578.15,1123451
2024-12-16 00:00:00,AXISBANK,1146.5,1155.0,1141.75,1150.9,3975202
2024-12-16 00:00:00,BANDHANBNK,169.4,170.62,168.51,169.83,5471979
2024-12-16 00:00:00,BANKBARODA,256.64,259.6,256.54,259.08,5025258
2024-12-16 00:00:00,CANBK,106.5,108.41,106.43,107.34,13504751
2024-12-16 00:00:00,FEDERALBNK,213.15,214.44,212.5,213.4,4806881
2024-12-16 00:00:00,HDFCBANK,1865.1,1869.95,1855.25,1865.2,6553541
2024-12-16 00:00:00,ICICIBANK,1344.9,1350.45,1340.05,1346.1,9071006
2024-12-16 00:00:00,IDFCFIRSTB,64.37,64.64,63.9,64.34,17026109
2024-12-16 00:00:00,INDUSINDBK,987.9,1007.95,985.55,999.35,3058066
2024-12-16 00:00:00,KOTAKBANK,1803.0,1813.0,1793.85,1804.45,2989393
2024-12-16 00:00:00,PNB,108.0,108.9,107.65,108.18,12188756
2024-12-16 00:00:00,SBIN,859.8,866.4,857.8,860.95,6432713
2024-12-16 00:00:00,UNIONBANK,127.31,129.4,126.8,128.9,8082405
2024-12-16 00:00:00,YESBANK,21.15,21.58,21.12,21.25,71194846
2024-12-17 00:00:00,AUBANK,579.75,580.0,561.3,563.15,1658082
2024-12-17 00:00:00,AXISBANK,1145.25,1151.85,1130.0,1136.25,7292817
2024-12-17 00:00:00,BANDHANBNK,169.8,169.8,163.25,163.87,19449155
2024-12-17 00:00:00,BANKBARODA,257.51,259.3,253.6,255.99,8889901
2024-12-17 00:00:00,CANBK,106.69,107.3,105.0,105.16,13726161
2024-12-17 00:00:00,FEDERALBNK,213.2,213.7,209.86,210.29,4722997
2024-12-17 00:00:00,HDFCBANK,1856.35,1862.35,1826.5,1833.25,10539766
2024-12-17 00:00:00,ICICIBANK,1342.0,1348.1,1326.05,1333.75,9879257
2024-12-17 00:00:00,IDFCFIRSTB,64.3,64.56,63.25,63.61,24846934
2024-12-17 00:00:00,INDUSINDBK,1002.0,1002.0,972.0,975.65,3294161
2024-12-17 00:00:00,KOTAKBANK,1796.1,1806.85,1775.0,1784.05,3592861
2024-12-17 00:00:00,PNB,107.99,108.38,105.66,105.99,18985400
2024-12-17 00:00:00,SBIN,858.55,862.6,847.05,850.55,8791216
2024-12-17 00:00:00,UNIONBANK,128.48,129.25,124.48,125.08,8041026
2024-12-17 00:00:00,YESBANK,21.2,21.44,20.9,20.96,148915011
2024-12-18 00:00:00,AUBANK,561.15,567.3,555.8,558.35,1223019
2024-12-18 00:00:00,AXISBANK,1136.2,1139.9,1115.95,1122.25,7222127
2024-12-18 00:00:00,BANDHANBNK,163.81,165.0,162.8,163.95,7448097
2024-12-18 00:00:00,BANKBARODA,254.25,255.8,249.73,250.67,9707392
2024-12-18 00:00:00,CANBK,104.43,105.0,102.8,103.19,18763147
2024-12-18 00:00:00,FEDERALBNK,210.29,211.0,198.5,200.03,14942335
2024-12-18 00:00:00,HDFCBANK,1829.85,1836.0,1807.15,1810.7,11711156
2024-12-18 00:00:00,ICICIBANK,1325.25,1334.95,1307.45,1314.15,8510595
2024-12-18 00:00:00,IDFCFIRSTB,63.6,65.69,63.42,64.66,39542300
2024-12-18 00:00:00,INDUSINDBK,976.8,979.3,960.5,965.2,2958191
2024-12-18 00:00:00,KOTAKBANK,1782.0,1786.7,1770.35,1780.0,3529430
2024-12-18 00:00:00,PNB,105.61,105.96,102.72,103.03,23131600
2024-12-18 00:00:00,SBIN,851.0,852.0,837.0,838.15,8295338
2024-12-18 00:00:00,UNIONBANK,124.88,125.36,122.5,122.87,8626232
2024-12-18 00:00:00,YESBANK,20.96,21.06,20.58,20.62,86755291
2024-12-19 00:00:00,AUBANK,554.0,555.0,540.8,548.7,2328195
2024-12-19 00:00:00,AXISBANK,1104.9,1119.05,1101.05,1108.9,11677610
2024-12-19 00:00:00,BANDHANBNK,161.5,164.49,160.55,163.17,4852045
2024-12-19 00:00:00,BANKBARODA,246.0,251.0,244.85,248.31,6211727
2024-12-19 00:00:00,CANBK,101.0,104.02,100.0,102.9,17354119
2024-12-19 00:00:00,FEDERALBNK,197.0,201.8,194.71,200.95,8834477
2024-12-19 00:00:00,HDFCBANK,1799.6,1801.1,1779.0,1793.5,12690385
2024-12-19 00:00:00,ICICIBANK,1286.0,1303.0,1284.45,1286.9,11517304
2024-12-19 00:00:00,IDFCFIRSTB,63.7,65.35,63.25,65.07,29266252
2024-12-19 00:00:00,INDUSINDBK,959.0,966.85,948.0,964.4,3665813
2024-12-19 00:00:00,KOTAKBANK,1763.45,1768.0,1745.4,1762.1,4074080
2024-12-19 00:00:00,PNB,100.01,104.36,99.56,103.52,28868334
2024-12-19 00:00:00,SBIN,824.6,838.0,820.2,832.8,9453398
2024-12-19 00:00:00,UNIONBANK,119.99,122.4,119.11,121.0,8500346
2024-12-19 00:00:00,YESBANK,20.3,20.44,20.17,20.36,51324521
2024-12-20 00:00:00,AUBANK,548.75,554.8,534.45,537.6,2499947
2024-12-20 00:00:00,AXISBANK,1103.95,1105.85,1065.0,1071.85,12623056
2024-12-20 00:00:00,BANDHANBNK,163.2,164.48,157.01,159.05,8962910
2024-12-20 00:00:00,BANKBARODA,248.0,249.99,237.77,240.59,10949542
2024-12-20 00:00:00,CANBK,102.55,103.29,99.37,99.61,19435112
2024-12-20 00:00:00,FEDERALBNK,200.4,201.3,190.55,194.46,10057259
2024-12-20 00:00:00,HDFCBANK,1782.2,1797.55,1767.05,1771.5,12846174
2024-12-20 00:00:00,ICICIBANK,1283.95,1297.75,1272.4,1288.4,58491181
2024-12-20 00:00:00,IDFCFIRSTB,65.02,65.33,61.2,61.68,40780592
2024-12-20 00:00:00,INDUSINDBK,960.0,966.85,926.45,929.45,4466131
2024-12-20 00:00:00,KOTAKBANK,1755.0,1768.85,1733.35,1743.55,14685688
2024-12-20 00:00:00,PNB,103.05,103.9,100.5,100.77,31121919
2024-12-20 00:00:00,SBIN,834.9,836.0,810.0,812.0,10244198
2024-12-20 00:00:00,UNIONBANK,120.7,121.63,116.1,116.78,12508798
2024-12-20 00:00:00,YESBANK,20.37,20.5,19.75,19.83,76096639
2024-12-23 00:00:00,AUBANK,542.0,551.8,539.05,549.2,1791145
2024-12-23 00:00:00,AXISBANK,1075.1,1083.55,1072.4,1079.15,3886921
2024-12-23 00:00:00,BANDHANBNK,160.1,165.41,158.2,164.38,13543835
2024-12-23 00:00:00,BANKBARODA,241.06,247.3,239.05,246.25,11064641
2024-12-23 00:00:00,CANBK,101.1,101.99,99.1,101.08,20493999
2024-12-23 00:00:00,FEDERALBNK,195.0,197.83,194.88,197.02,8006446
2024-12-23 00:00:00,HDFCBANK,1782.0,1806.0,1781.3,1801.0,5522296
2024-12-23 00:00:00,ICICIBANK,1294.65,1307.0,1287.05,1296.8,6827512
2024-12-23 00:00:00,IDFCFIRSTB,62.7,62.7,61.74,61.95,19227136
2024-12-23 00:00:00,INDUSINDBK,938.95,948.8,930.05,945.7,2502370
2024-12-23 00:00:00,KOTAKBANK,1747.5,1764.2,1740.0,1745.35,2748036
2024-12-23 00:00:00,PNB,101.49,102.44,100.0,101.38,23843994
2024-12-23 00:00:00,SBIN,817.3,824.0,812.2,821.15,4933200
2024-12-23 00:00:00,UNIONBANK,117.19,119.63,115.85,119.25,10487387
2024-12-23 00:00:00,YESBANK,19.9,20.08,19.77,19.91,52729673
2024-12-24 00:00:00,AUBANK,547.0,557.6,543.0,556.15,2245915
2024-12-24 00:00:00,AXISBANK,1077.3,1084.75,1076.0,1078.9,4343694
2024-12-24 00:00:00,BANDHANBNK,163.5,167.38,163.5,166.54,8575581
2024-12-24 00:00:00,BANKBARODA,245.7,247.68,243.29,244.95,7643411
2024-12-24 00:00:00,CANBK,100.99,101.45,99.81,100.55,15379038
2024-12-24 00:00:00,FEDERALBNK,197.02,197.83,194.85,196.72,7118698
2024-12-24 00:00:00,HDFCBANK,1802.05,1808.7,1789.55,1798.1,7242917
2024-12-24 00:00:00,ICICIBANK,1296.8,1304.5,1290.25,1297.25,7138516
2024-12-24 00:00:00,IDFCFIRSTB,61.99,62.63,61.69,62.29,26296040
2024-12-24 00:00:00,INDUSINDBK,941.0,946.0,929.8,935.3,5603093
2024-12-24 00:00:00,KOTAKBANK,1742.55,1754.65,1738.05,1749.05,2712625
2024-12-24 00:00:00,PNB,101.42,102.21,100.77,101.64,15719911
2024-12-24 00:00:00,SBIN,824.25,826.2,809.2,812.05,10602771
2024-12-24 00:00:00,UNIONBANK,118.73,119.59,117.0,118.16,5092612
2024-12-24 00:00:00,YESBANK,19.91,19.99,19.75,19.8,44708100
2024-12-26 00:00:00,AUBANK,554.6,557.85,546.2,548.3,1104075
2024-12-26 00:00:00,AXISBANK,1083.0,1092.6,1072.75,1076.7,4775460
2024-12-26 00:00:00,BANDHANBNK,167.0,167.1,160.51,161.47,17084660
2024-12-26 00:00:00,BANKBARODA,244.99,248.7,244.99,246.68,5185131
2024-12-26 00:00:00,CANBK,100.8,102.63,100.5,101.03,14937263
2024-12-26 00:00:00,FEDERALBNK,197.7,199.39,196.52,197.68,7075411
2024-12-26 00:00:00,HDFCBANK,1798.55,1812.0,1780.75,1790.75,5240839
2024-12-26 00:00:00,ICICIBANK,1307.0,1312.75,1289.2,1297.35,7338444
2024-12-26 00:00:00,IDFCFIRSTB,62.41,63.16,61.57,61.75,17750958
2024-12-26 00:00:00,INDUSINDBK,940.0,945.0,928.25,931.95,5262262
2024-12-26 00:00:00,KOTAKBANK,1756.8,1769.45,1742.05,1752.8,1132006
2024-12-26 00:00:00,PNB,101.7,103.29,101.64,102.16,13150281
2024-12-26 00:00:00,SBIN,813.0,822.85,808.0,812.45,8318714
2024-12-26 00:00:00,UNIONBANK,118.2,120.57,118.2,119.05,6728140
2024-12-26 00:00:00,YESBANK,19.92,19.94,19.71,19.8,55846692
2024-12-27 00:00:00,AUBANK,548.75,554.55,547.25,552.2,481188
2024-12-27 00:00:00,AXISBANK,1078.1,1086.25,1076.0,1077.45,3801667
2024-12-27 00:00:00,BANDHANBNK,161.51,162.69,160.58,160.79,5486812
2024-12-27 00:00:00,BANKBARODA,246.15,248.21,244.6,244.99,4851649
2024-12-27 00:00:00,CANBK,101.03,101.87,100.2,100.36,7369762
2024-12-27 00:00:00,FEDERALBNK,197.45,199.61,196.31,196.73,4451218
2024-12-27 00:00:00,HDFCBANK,1794.8,1805.95,1789.1,1798.25,3629665
2024-12-27 00:00:00,ICICIBANK,1298.55,1315.95,1298.55,1307.55,4756066
2024-12-27 00:00:00,IDFCFIRSTB,61.9,63.04,61.85,62.52,16810315
2024-12-27 00:00:00,INDUSINDBK,933.05,971.1,933.05,953.4,6300341
2024-12-27 00:00:00,KOTAKBANK,1760.0,1777.2,1754.0,1759.9,2448271
2024-12-27 00:00:00,PNB,102.25,103.2,101.2,101.44,12621977
2024-12-27 00:00:00,SBIN,816.3,818.3,797.2,799.65,10649800
2024-12-27 00:00:00,UNIONBANK,118.8,119.53,117.6,117.87,2936157
2024-12-27 00:00:00,YESBANK,19.82,20.12,19.78,19.82,43277533
2024-12-30 00:00:00,AUBANK,552.0,591.5,546.55,577.2,6457071
2024-12-30 00:00:00,AXISBANK,1074.1,1096.5,1063.95,1069.95,9452155
2024-12-30 00:00:00,BANDHANBNK,160.79,161.55,158.4,159.0,5336627
2024-12-30 00:00:00,BANKBARODA,244.0,247.3,239.72,241.0,24354060
2024-12-30 00:00:00,CANBK,100.36,101.39,98.7,99.44,42398975
2024-12-30 00:00:00,FEDERALBNK,197.5,203.15,195.55,201.05,48698861
2024-12-30 00:00:00,HDFCBANK,1792.2,1815.0,1771.0,1777.9,11111109
2024-12-30 00:00:00,ICICIBANK,1304.95,1326.5,1289.45,1294.65,14207425
2024-12-30 00:00:00,IDFCFIRSTB,62.74,64.1,62.09,63.82,46044781
2024-12-30 00:00:00,INDUSINDBK,953.3,973.5,948.85,963.5,8165774
2024-12-30 00:00:00,KOTAKBANK,1765.0,1781.0,1733.5,1740.7,5502772
2024-12-30 00:00:00,PNB,101.64,103.3,100.74,101.76,78383603
2024-12-30 00:00:00,SBIN,802.0,807.95,785.0,788.3,21515438
2024-12-30 00:00:00,UNIONBANK,117.85,121.33,117.14,118.93,34622127
2024-12-30 00:00:00,YESBANK,19.83,20.19,19.41,19.54,83650841
2024-12-31 00:00:00,AUBANK,561.95,563.9,546.55,559.1,3366983
2024-12-31 00:00:00,AXISBANK,1062.0,1070.45,1058.5,1064.7,5292136
2024-12-31 00:00:00,BANDHANBNK,158.5,159.72,157.31,159.06,4344692
2024-12-31 00:00:00,BANKBARODA,240.0,241.9,238.06,240.55,11001016
2024-12-31 00:00:00,CANBK,99.05,100.48,99.01,100.12,12525017
2024-12-31 00:00:00,FEDERALBNK,196.5,200.5,196.3,200.02,8032394
2024-12-31 00:00:00,HDFCBANK,1770.3,1781.8,1765.6,1772.85,7058618
2024-12-31 00:00:00,ICICIBANK,1286.9,1289.95,1280.1,1281.65,8449607
2024-12-31 00:00:00,IDFCFIRSTB,63.5,63.6,62.45,63.14,16044545
2024-12-31 00:00:00,INDUSINDBK,958.0,961.45,949.05,960.15,2295670
2024-12-31 00:00:00,KOTAKBANK,1735.05,1796.6,1735.05,1786.05,4731698
2024-12-31 00:00:00,PNB,101.0,103.04,101.0,102.78,17390282
2024-12-31 00:00:00,SBIN,786.95,799.2,786.0,794.95,9086044
2024-12-31 00:00:00,UNIONBANK,117.98,120.82,117.42,120.37,7304645
2024-12-31 00:00:00,YESBANK,19.5,19.7,19.35,19.59,60378102
2025-01-01 00:00:00,AUBANK,556.0,573.95,554.4,568.55,2127349
2025-01-01 00:00:00,AXISBANK,1064.15,1076.95,1053.95,1071.8,2985355
2025-01-01 00:00:00,BANDHANBNK,159.0,160.75,159.0,159.93,3631951
2025-01-01 00:00:00,BANKBARODA,240.0,241.78,238.77,241.22,4349210
2025-01-01 00:00:00,CANBK,100.55,100.87,99.25,100.38,9259122
2025-01-01 00:00:00,FEDERALBNK,200.4,200.97,197.88,200.51,4148526
2025-01-01 00:00:00,HDFCBANK,1773.45,1794.0,1761.1,1782.75,3656903
2025-01-01 00:00:00,ICICIBANK,1281.65,1293.0,1267.1,1283.65,4705399
2025-01-01 00:00:00,IDFCFIRSTB,63.29,64.56,62.76,64.19,26552067
2025-01-01 00:00:00,INDUSINDBK,958.6,979.3,953.5,969.4,4024591
2025-01-01 00:00:00,KOTAKBANK,1779.25,1796.75,1777.0,1788.4,1484828
2025-01-01 00:00:00,PNB,102.35,103.3,101.77,102.66,10563476
2025-01-01 00:00:00,SBIN,795.55,798.65,789.5,793.2,7273098
2025-01-01 00:00:00,UNIONBANK,120.0,124.08,119.45,123.06,8788317
2025-01-01 00:00:00,YESBANK,19.6,19.7,19.52,19.63,51991164
2025-01-02 00:00:00,AUBANK,569.75,572.45,562.05,571.0,1440790
2025-01-02 00:00:00,AXISBANK,1072.0,1088.7,1067.5,1086.6,6557076
2025-01-02 00:00:00,BANDHANBNK,160.01,161.25,157.85,160.93,6361227
2025-01-02 00:00:00,BANKBARODA,240.7,241.92,235.05,241.12,14134494
2025-01-02 00:00:00,CANBK,100.38,101.33,99.4,101.1,15233832
2025-01-02 00:00:00,FEDERALBNK,200.5,206.6,199.56,206.14,9827756
2025-01-02 00:00:00,HDFCBANK,1777.1,1803.45,1773.0,1793.75,9279288
2025-01-02 00:00:00,ICICIBANK,1285.1,1293.4,1278.4,1290.6,7433222
2025-01-02 00:00:00,IDFCFIRSTB,64.3,64.81,63.9,64.68,19616031
2025-01-02 00:00:00,INDUSINDBK,975.5,998.0,968.8,991.35,3956740
2025-01-02 00:00:00,KOTAKBANK,1800.0,1840.2,1796.9,1837.15,5096987
2025-01-02 00:00:00,PNB,102.66,105.92,101.45,105.48,30428278
2025-01-02 00:00:00,SBIN,795.0,802.4,787.0,801.2,11398319
2025-01-02 00:00:00,UNIONBANK,123.65,123.8,118.1,121.41,14864682
2025-01-02 00:00:00,YESBANK,19.6,19.7,19.32,19.59,66997388
2025-01-03 00:00:00,AUBANK,568.3,585.0,568.3,573.55,2403193
2025-01-03 00:00:00,AXISBANK,1086.0,1093.5,1079.8,1084.9,7357220
2025-01-03 00:00:00,BANDHANBNK,160.8,161.4,157.32,157.68,12133819
2025-01-03 00:00:00,BANKBARODA,242.5,245.1,240.8,241.64,11308123
2025-01-03 00:00:00,CANBK,101.51,103.14,101.16,101.45,19285506
2025-01-03 00:00:00,FEDERALBNK,205.0,207.23,204.69,205.25,5485629
2025-01-03 00:00:00,HDFCBANK,1791.0,1795.25,1746.3,1749.2,12213097
2025-01-03 00:00:00,ICICIBANK,1286.2,1288.0,1262.25,1265.05,11194997
2025-01-03 00:00:00,IDFCFIRSTB,64.36,65.84,64.2,65.08,20805971
2025-01-03 00:00:00,INDUSINDBK,993.0,1025.4,990.65,997.9,5896120
2025-01-03 00:00:00,KOTAKBANK,1851.0,1853.0,1817.1,1838.65,4277149
2025-01-03 00:00:00,PNB,105.45,107.25,105.22,106.4,34674507
2025-01-03 00:00:00,SBIN,801.2,809.5,792.15,793.4,13336514
2025-01-03 00:00:00,UNIONBANK,122.6,126.85,122.24,124.06,17615033
2025-01-03 00:00:00,YESBANK,19.62,20.19,19.6,19.96,99584232
2025-01-06 00:00:00,AUBANK,590.9,592.55,553.25,560.25,3254239
2025-01-06 00:00:00,AXISBANK,1087.75,1090.0,1059.9,1063.4,5283413
2025-01-06 00:00:00,BANDHANBNK,158.46,159.8,151.16,151.61,12737677
2025-01-06 00:00:00,BANKBARODA,239.2,241.39,227.25,227.96,29034063
2025-01-06 00:00:00,CANBK,101.45,101.77,96.91,97.33,28855272
2025-01-06 00:00:00,FEDERALBNK,205.3,205.64,195.66,197.53,7247076
2025-01-06 00:00:00,HDFCBANK,1740.1,1757.2,1705.8,1710.5,9408174
2025-01-06 00:00:00,ICICIBANK,1268.05,1277.75,1257.0,1264.1,7504047
2025-01-06 00:00:00,IDFCFIRSTB,66.01,66.2,62.3,62.61,30933757
2025-01-06 00:00:00,INDUSINDBK,1004.95,1004.95,963.2,970.05,3370654
2025-01-06 00:00:00,KOTAKBANK,1821.0,1825.0,1772.9,1779.65,3992395
2025-01-06 00:00:00,PNB,106.37,106.37,101.28,101.74,44287969
2025-01-06 00:00:00,SBIN,797.4,797.6,773.15,776.4,11419367
2025-01-06 00:00:00,UNIONBANK,123.81,123.81,113.71,114.72,52447693
2025-01-06 00:00:00,YESBANK,19.98,20.03,18.84,18.9,121876031
2025-01-07 00:00:00,AUBANK,561.9,570.25,560.5,567.9,1344308
2025-01-07 00:00:00,AXISBANK,1064.55,1070.5,1056.0,1067.5,4619462
2025-01-07 00:00:00,BANDHANBNK,152.02,155.36,152.02,154.98,8377149
2025-01-07 00:00:00,BANKBARODA,230.4,233.72,229.25,232.46,10569432
2025-01-07 00:00:00,CANBK,97.61,99.0,97.22,97.87,13157181
2025-01-07 00:00:00,FEDERALBNK,197.95,200.49,196.82,197.31,6619585
2025-01-07 00:00:00,HDFCBANK,1715.0,1721.0,1700.0,1713.4,6763953
2025-01-07 00:00:00,ICICIBANK,1266.5,1288.95,1266.5,1279.25,7539758
2025-01-07 00:00:00,IDFCFIRSTB,62.92,63.34,62.31,62.44,14463434
2025-01-07 00:00:00,INDUSINDBK,970.15,994.55,970.15,983.6,3581533
2025-01-07 00:00:00,KOTAKBANK,1787.0,1797.45,1769.9,1772.05,4399938
2025-01-07 00:00:00,PNB,102.0,104.59,102.0,103.11,21097404
2025-01-07 00:00:00,SBIN,779.85,783.85,774.85,778.75,9669152
2025-01-07 00:00:00,UNIONBANK,114.74,115.8,112.56,112.81,15013620
2025-01-07 00:00:00,YESBANK,19.01,19.11,18.8,19.02,67368307
2025-01-08 00:00:00,AUBANK,567.9,569.8,556.55,566.45,2126970
2025-01-08 00:00:00,AXISBANK,1063.75,1082.35,1059.1,1074.95,8780098
2025-01-08 00:00:00,BANDHANBNK,154.0,154.56,150.65,151.72,9398131
2025-01-08 00:00:00,BANKBARODA,232.51,234.46,229.91,232.95,9535741
2025-01-08 00:00:00,CANBK,97.9,98.44,96.02,97.14,17677192
2025-01-08 00:00:00,FEDERALBNK,197.35,197.6,192.1,195.5,8162449
2025-01-08 00:00:00,HDFCBANK,1708.25,1711.65,1683.35,1694.3,9869095
2025-01-08 00:00:00,ICICIBANK,1280.55,1285.0,1252.35,1263.75,7566309
2025-01-08 00:00:00,IDFCFIRSTB,62.6,62.88,61.54,62.65,20249738
2025-01-08 00:00:00,INDUSINDBK,985.9,986.0,967.1,981.05,3781895
2025-01-08 00:00:00,KOTAKBANK,1780.1,1784.7,1762.45,1768.65,4364679
2025-01-08 00:00:00,PNB,103.24,103.46,101.07,101.97,23423194
2025-01-08 00:00:00,SBIN,780.9,783.95,760.1,771.15,15641490
2025-01-08 00:00:00,UNIONBANK,113.0,113.41,110.25,111.12,11406449
2025-01-08 00:00:00,YESBANK,19.02,19.08,18.66,18.77,87612688
2025-01-09 00:00:00,AUBANK,566.95,573.4,563.45,570.05,3212356
2025-01-09 00:00:00,AXISBANK,1079.6,1080.15,1054.25,1061.75,9054190
2025-01-09 00:00:00,BANDHANBNK,151.5,152.9,148.5,148.91,8904498
2025-01-09 00:00:00,BANKBARODA,231.6,233.15,229.7,231.04,5382497
2025-01-09 00:00:00,CANBK,97.15,97.38,95.54,95.74,19527220
2025-01-09 00:00:00,FEDERALBNK,195.5,196.0,192.2,193.44,6131064
2025-01-09 00:00:00,HDFCBANK,1684.15,1689.0,1658.1,1667.8,20210111
2025-01-09 00:00:00,ICICIBANK,1258.0,1264.75,1248.1,1262.4,8684920
2025-01-09 00:00:00,IDFCFIRSTB,62.33,62.92,61.91,62.37,15053111
2025-01-09 00:00:00,INDUSINDBK,981.05,985.35,970.4,980.9,3134034
2025-01-09 00:00:00,KOTAKBANK,1774.0,1808.7,1774.0,1790.2,5469827
2025-01-09 00:00:00,PNB,101.9,102.3,100.75,102.03,25169272
2025-01-09 00:00:00,SBIN,771.15,771.35,726.25,760.45,15351029
2025-01-09 00:00:00,UNIONBANK,111.23,111.7,107.77,108.06,10705000
2025-01-09 00:00:00,YESBANK,18.74,18.84,18.45,18.49,71629389
2025-01-10 00:00:00,AUBANK,570.05,583.0,563.8,575.15,4737367
2025-01-10 00:00:00,AXISBANK,1056.25,1064.85,1037.0,1040.7,5612886
2025-01-10 00:00:00,BANDHANBNK,150.0,150.0,143.25,143.96,13133570
2025-01-10 00:00:00,BANKBARODA,230.11,231.15,225.0,225.4,8065484
2025-01-10 00:00:00,CANBK,95.8,96.1,92.65,92.83,26563443
2025-01-10 00:00:00,FEDERALBNK,193.6,193.6,187.06,189.1,7899382
2025-01-10 00:00:00,HDFCBANK,1671.0,1674.9,1654.0,1656.75,8726640
2025-01-10 00:00:00,ICICIBANK,1259.0,1264.95,1243.1,1249.85,7854524
2025-01-10 00:00:00,IDFCFIRSTB,62.31,62.47,60.26,60.39,19780398
2025-01-10 00:00:00,INDUSINDBK,971.75,975.0,933.05,937.6,5611356
2025-01-10 00:00:00,KOTAKBANK,1784.2,1789.65,1753.35,1756.2,3502618
2025-01-10 00:00:00,PNB,101.73,101.88,98.32,98.64,32253243
2025-01-10 00:00:00,SBIN,760.35,763.4,742.05,743.25,11779296
2025-01-10 00:00:00,UNIONBANK,107.11,108.05,103.1,103.62,19105349
2025-01-10 00:00:00,YESBANK,18.48,18.5,17.92,17.96,100828645
2025-01-13 00:00:00,AUBANK,569.95,571.95,554.65,560.3,3711095
2025-01-13 00:00:00,AXISBANK,1026.6,1063.0,1023.25,1049.3,7180930
2025-01-13 00:00:00,BANDHANBNK,143.35,143.49,137.0,137.67,10921399
2025-01-13 00:00:00,BANKBARODA,224.0,224.43,216.35,217.69,14375458
2025-01-13 00:00:00,CANBK,92.15,92.36,87.79,88.52,34247797
2025-01-13 00:00:00,FEDERALBNK,186.52,188.5,185.71,187.72,7575227
2025-01-13 00:00:00,HDFCBANK,1640.0,1646.75,1624.3,1630.85,10834533
2025-01-13 00:00:00,ICICIBANK,1234.9,1243.95,1224.9,1229.75,9669336
2025-01-13 00:00:00,IDFCFIRSTB,60.37,60.66,59.05,59.33,26818363
2025-01-13 00:00:00,INDUSINDBK,936.9,973.5,934.5,941.7,8752532
2025-01-13 00:00:00,KOTAKBANK,1732.9,1744.55,1723.75,1738.4,3092388
2025-01-13 00:00:00,PNB,98.0,98.5,94.65,95.42,32108507
2025-01-13 00:00:00,SBIN,741.5,743.95,722.5,729.5,10414733
2025-01-13 00:00:00,UNIONBANK,102.4,104.59,100.81,101.25,18743777
2025-01-13 00:00:00,YESBANK,17.93,17.93,17.06,17.12,119009652
2025-01-14 00:00:00,AUBANK,564.05,581.65,564.0,575.1,3979231
2025-01-14 00:00:00,AXISBANK,1052.95,1061.0,1045.5,1051.65,6892897
2025-01-14 00:00:00,BANDHANBNK,138.59,149.05,138.41,147.94,12624790
2025-01-14 00:00:00,BANKBARODA,217.85,226.45,217.85,223.72,10793343
2025-01-14 00:00:00,CANBK,89.47,94.08,89.21,93.22,26041305
2025-01-14 00:00:00,FEDERALBNK,189.0,194.28,188.61,192.56,5224795
2025-01-14 00:00:00,HDFCBANK,1639.9,1656.2,1637.0,1646.6,13330716
2025-01-14 00:00:00,ICICIBANK,1233.35,1244.85,1227.45,1240.3,10342698
2025-01-14 00:00:00,IDFCFIRSTB,60.01,62.39,59.7,61.94,25869399
2025-01-14 00:00:00,INDUSINDBK,945.1,979.3,945.1,962.1,5735697
2025-01-14 00:00:00,KOTAKBANK,1749.6,1768.85,1729.6,1750.6,4948961
2025-01-14 00:00:00,PNB,95.45,99.18,95.45,98.41,26803252
2025-01-14 00:00:00,SBIN,732.95,757.0,732.95,748.15,11960975
2025-01-14 00:00:00,UNIONBANK,101.75,104.87,101.71,104.08,17767397
2025-01-14 00:00:00,YESBANK,17.19,18.13,17.18,18.02,95583809
2025-01-15 00:00:00,AUBANK,576.95,587.95,574.45,586.95,1782010
2025-01-15 00:00:00,AXISBANK,1043.0,1052.9,1014.65,1026.8,11418721
2025-01-15 00:00:00,BANDHANBNK,148.0,150.8,147.31,148.28,6296217
2025-01-15 00:00:00,BANKBARODA,224.88,225.89,221.25,222.02,8409931
2025-01-15 00:00:00,CANBK,94.15,95.67,93.67,94.69,34474633
2025-01-15 00:00:00,FEDERALBNK,194.5,196.2,193.0,194.14,4521543
2025-01-15 00:00:00,HDFCBANK,1656.5,1662.7,1636.3,1643.05,7011446
2025-01-15 00:00:00,ICICIBANK,1234.0,1244.4,1230.0,1238.25,5355382
2025-01-15 00:00:00,IDFCFIRSTB,62.0,63.3,61.9,62.02,35089619
2025-01-15 00:00:00,INDUSINDBK,971.25,983.0,954.65,962.45,3633812
2025-01-15 00:00:00,KOTAKBANK,1760.1,1795.0,1760.1,1789.6,3509861
2025-01-15 00:00:00,PNB,99.0,99.94,97.5,98.25,22113146
2025-01-15 00:00:00,SBIN,753.15,758.9,750.0,753.7,7792299
2025-01-15 00:00:00,UNIONBANK,105.1,107.0,104.25,106.09,12714514
2025-01-15 00:00:00,YESBANK,18.09,18.22,17.86,17.97,91857646
2025-01-16 00:00:00,AUBANK,590.8,611.35,590.0,603.4,4767863
2025-01-16 00:00:00,AXISBANK,1033.9,1046.45,1027.05,1038.0,10261727
2025-01-16 00:00:00,BANDHANBNK,150.69,151.69,150.13,151.17,4479065
2025-01-16 00:00:00,BANKBARODA,225.0,230.95,225.0,228.85,13044666
2025-01-16 00:00:00,CANBK,96.05,98.26,96.05,97.33,34645885
2025-01-16 00:00:00,FEDERALBNK,196.0,197.84,194.98,195.42,5711244
2025-01-16 00:00:00,HDFCBANK,1652.85,1660.55,1642.85,1652.05,10606227
2025-01-16 00:00:00,ICICIBANK,1245.1,1255.5,1239.65,1249.1,11895924
2025-01-16 00:00:00,IDFCFIRSTB,62.74,63.38,62.56,62.68,13273141
2025-01-16 00:00:00,INDUSINDBK,967.0,990.65,967.0,975.35,3948431
2025-01-16 00:00:00,KOTAKBANK,1795.8,1814.95,1785.35,1805.55,4451534
2025-01-16 00:00:00,PNB,99.5,101.9,99.33,100.22,22309415
2025-01-16 00:00:00,SBIN,760.4,776.7,760.4,766.3,11816079
2025-01-16 00:00:00,UNIONBANK,108.0,111.39,107.56,109.93,19433784
2025-01-16 00:00:00,YESBANK,18.24,18.56,18.19,18.29,83579795
2025-01-17 00:00:00,AUBANK,603.0,606.2,595.0,597.6,2053876
2025-01-17 00:00:00,AXISBANK,1000.0,1011.7,974.6,991.05,33831617
2025-01-17 00:00:00,BANDHANBNK,151.01,151.94,148.94,151.24,3519854
2025-01-17 00:00:00,BANKBARODA,227.99,228.9,225.84,228.0,6060015
2025-01-17 00:00:00,CANBK,96.96,98.37,96.5,97.88,15548712
2025-01-17 00:00:00,FEDERALBNK,195.9,195.98,191.27,191.58,8047952
2025-01-17 00:00:00,HDFCBANK,1643.5,1650.5,1628.5,1636.75,11556038
2025-01-17 00:00:00,ICICIBANK,1243.35,1249.0,1218.0,1225.45,9790533
2025-01-17 00:00:00,IDFCFIRSTB,62.55,62.77,61.55,62.56,15118299
2025-01-17 00:00:00,INDUSINDBK,972.85,975.6,959.0,970.95,3066978
2025-01-17 00:00:00,KOTAKBANK,1797.0,1805.5,1748.3,1758.6,3521728
2025-01-17 00:00:00,PNB,100.14,100.7,99.33,100.13,16236187
2025-01-17 00:00:00,SBIN,766.3,767.95,759.4,764.1,5766573
2025-01-17 00:00:00,UNIONBANK,109.1,109.58,108.0,108.7,6345591
2025-01-17 00:00:00,YESBANK,18.28,18.37,17.96,18.26,61440794
2025-01-20 00:00:00,AUBANK,599.0,608.35,592.4,606.0,1784772
2025-01-20 00:00:00,AXISBANK,992.05,994.2,976.5,988.05,33440507
2025-01-20 00:00:00,BANDHANBNK,150.25,152.9,149.2,152.44,3521513
2025-01-20 00:00:00,BANKBARODA,229.0,235.53,226.81,232.12,8569679
2025-01-20 00:00:00,CANBK,98.11,102.0,97.61,101.04,29523421
2025-01-20 00:00:00,FEDERALBNK,193.44,195.05,190.7,194.03,5380998
2025-01-20 00:00:00,HDFCBANK,1626.0,1660.95,1626.0,1651.25,8778809
2025-01-20 00:00:00,ICICIBANK,1223.9,1241.75,1215.25,1232.95,7676418
2025-01-20 00:00:00,IDFCFIRSTB,63.0,64.67,62.36,63.82,22704592
2025-01-20 00:00:00,INDUSINDBK,966.2,980.45,948.1,970.7,4485164
2025-01-20 00:00:00,KOTAKBANK,1890.0,1929.9,1866.0,1920.5,13324315
2025-01-20 00:00:00,PNB,100.8,102.75,99.45,101.0,28247505
2025-01-20 00:00:00,SBIN,769.0,785.0,767.85,779.25,9198929
2025-01-20 00:00:00,UNIONBANK,109.5,112.45,108.71,111.63,12915935
2025-01-20 00:00:00,YESBANK,18.29,19.13,18.26,18.93,108954125
2025-01-21 00:00:00,AUBANK,606.0,611.0,597.1,606.7,1339636
2025-01-21 00:00:00,AXISBANK,993.6,994.45,963.0,970.2,11894500
2025-01-21 00:00:00,BANDHANBNK,152.44,153.51,149.8,150.28,4290551
2025-01-21 00:00:00,BANKBARODA,233.4,233.4,228.39,229.61,5923042
2025-01-21 00:00:00,CANBK,101.04,101.69,99.12,99.47,12354313
2025-01-21 00:00:00,FEDERALBNK,194.99,194.99,191.25,192.35,4833705
2025-01-21 00:00:00,HDFCBANK,1658.25,1661.05,1633.05,1642.4,15579072
2025-01-21 00:00:00,ICICIBANK,1236.95,1238.95,1192.7,1196.15,20520898
2025-01-21 00:00:00,IDFCFIRSTB,64.0,64.34,62.61,63.33,18784143
2025-01-21 00:00:00,INDUSINDBK,971.55,978.5,958.0,960.45,3369291
2025-01-21 00:00:00,KOTAKBANK,1920.95,1920.95,1891.0,1893.3,4415663
2025-01-21 00:00:00,PNB,101.65,101.85,99.48,100.32,21920285
2025-01-21 00:00:00,SBIN,784.8,784.9,756.05,759.05,13751780
2025-01-21 00:00:00,UNIONBANK,112.5,112.6,109.1,109.53,8077443
2025-01-21 00:00:00,YESBANK,19.08,19.08,18.45,18.5,88040986
2025-01-22 00:00:00,AUBANK,606.0,608.45,599.05,604.4,1367058
2025-01-22 00:00:00,AXISBANK,975.75,975.75,954.0,959.3,17303146
2025-01-22 00:00:00,BANDHANBNK,150.06,151.9,148.55,151.51,5828892
2025-01-22 00:00:00,BANKBARODA,230.0,231.1,223.52,228.38,9955733
2025-01-22 00:00:00,CANBK,99.4,99.59,95.72,97.82,17908580
2025-01-22 00:00:00,FEDERALBNK,193.2,193.44,186.53,190.1,9163217
2025-01-22 00:00:00,HDFCBANK,1642.4,1671.9,1625.45,1666.05,15309653
2025-01-22 00:00:00,ICICIBANK,1201.0,1207.5,1191.8,1200.45,10377123
2025-01-22 00:00:00,IDFCFIRSTB,63.34,63.44,61.62,62.82,18763271
2025-01-22 00:00:00,INDUSINDBK,964.45,977.55,949.15,970.95,2639472
2025-01-22 00:00:00,KOTAKBANK,1899.0,1920.5,1887.05,1917.5,4176669
2025-01-22 00:00:00,PNB,100.32,100.79,96.25,98.2,34811690
2025-01-22 00:00:00,SBIN,762.0,763.0,738.0,753.45,9908339
2025-01-22 00:00:00,UNIONBANK,109.93,110.64,107.96,110.0,9893570
2025-01-22 00:00:00,YESBANK,18.69,18.69,17.98,18.35,93719498
2025-01-23 00:00:00,AUBANK,604.0,605.35,572.6,582.4,1940763
2025-01-23 00:00:00,AXISBANK,954.0,963.7,948.0,951.05,24649522
2025-01-23 00:00:00,BANDHANBNK,150.58,152.19,150.37,151.14,3073609
2025-01-23 00:00:00,BANKBARODA,227.5,231.25,225.52,229.16,7731880
2025-01-23 00:00:00,CANBK,97.7,98.85,96.88,98.15,11470131
2025-01-23 00:00:00,FEDERALBNK,190.1,192.44,189.6,190.75,3960511
2025-01-23 00:00:00,HDFCBANK,1687.0,1687.0,1651.25,1664.9,17454579
2025-01-23 00:00:00,ICICIBANK,1197.25,1207.9,1186.0,1201.75,8770650
2025-01-23 00:00:00,IDFCFIRSTB,62.77,63.79,62.3,63.11,12498402
2025-01-23 00:00:00,INDUSINDBK,965.95,988.55,962.5,970.95,3359986
2025-01-23 00:00:00,KOTAKBANK,1907.1,1923.95,1892.1,1894.85,3161159
2025-01-23 00:00:00,PNB,97.89,100.0,97.21,99.43,18589650
2025-01-23 00:00:00,SBIN,750.0,755.65,743.1,745.9,10986405
2025-01-23 00:00:00,UNIONBANK,109.71,110.6,108.58,109.7,5207678
2025-01-23 00:00:00,YESBANK,18.26,18.62,18.04,18.47,83253385
2025-01-24 00:00:00,AUBANK,578.45,609.0,567.5,594.65,5080264
2025-01-24 00:00:00,AXISBANK,948.0,961.8,946.1,948.5,14421921
2025-01-24 00:00:00,BANDHANBNK,150.7,151.69,148.33,148.83,2782878
2025-01-24 00:00:00,BANKBARODA,228.36,230.01,224.6,225.21,7498269
2025-01-24 00:00:00,CANBK,98.15,98.68,96.41,96.75,12610574
2025-01-24 00:00:00,FEDERALBNK,191.33,191.88,187.3,188.11,7657794
2025-01-24 00:00:00,HDFCBANK,1660.0,1670.3,1644.5,1649.8,12118100
2025-01-24 00:00:00,ICICIBANK,1203.1,1218.0,1202.0,1209.2,9216792
2025-01-24 00:00:00,IDFCFIRSTB,62.86,63.86,61.64,62.27,26908160
2025-01-24 00:00:00,INDUSINDBK,970.85,973.0,948.25,950.8,2938649
2025-01-24 00:00:00,KOTAKBANK,1891.0,1918.5,1873.05,1886.2,4025366
2025-01-24 00:00:00,PNB,99.25,99.79,96.51,97.62,26893329
2025-01-24 00:00:00,SBIN,749.9,753.7,739.0,744.15,10579213
2025-01-24 00:00:00,UNIONBANK,109.92,110.0,106.5,107.3,5216313
2025-01-24 00:00:00,YESBANK,18.45,18.63,18.15,18.24,60357643
2025-01-27 00:00:00,AUBANK,560.0,570.0,544.0,563.45,9781045
2025-01-27 00:00:00,AXISBANK,943.1,949.75,933.5,948.1,12713296
2025-01-27 00:00:00,BANDHANBNK,147.21,149.99,145.4,149.5,6783778
2025-01-27 00:00:00,BANKBARODA,223.0,224.87,218.45,219.62,7821158
2025-01-27 00:00:00,CANBK,96.0,97.6,90.88,91.93,44804245
2025-01-27 00:00:00,FEDERALBNK,186.02,194.1,185.6,191.14,14535640
2025-01-27 00:00:00,HDFCBANK,1641.1,1643.6,1626.0,1629.8,11402083
2025-01-27 00:00:00,ICICIBANK,1195.0,1234.65,1193.1,1227.95,16164687
2025-01-27 00:00:00,IDFCFIRSTB,59.01,60.1,56.43,56.73,101731537
2025-01-27 00:00:00,INDUSINDBK,947.0,947.0,923.7,926.45,3907787
2025-01-27 00:00:00,KOTAKBANK,1875.0,1898.8,1862.75,1881.4,1928503
2025-01-27 00:00:00,PNB,97.0,97.2,94.66,95.51,35584897
2025-01-27 00:00:00,SBIN,740.0,755.35,735.9,749.2,11433353
2025-01-27 00:00:00,UNIONBANK,106.75,106.98,104.47,105.59,8933863
2025-01-27 00:00:00,YESBANK,18.63,18.99,18.36,18.49,234052234
2025-01-28 00:00:00,AUBANK,574.0,597.25,566.55,588.7,6984979
2025-01-28 00:00:00,AXISBANK,960.0,993.85,958.2,983.8,21781371
2025-01-28 00:00:00,BANDHANBNK,151.9,152.8,146.16,151.12,11617633
2025-01-28 00:00:00,BANKBARODA,224.5,225.29,220.1,221.76,12792946
2025-01-28 00:00:00,CANBK,93.7,95.0,90.32,91.82,42091874
2025-01-28 00:00:00,FEDERALBNK,187.9,187.9,178.09,184.1,43454549
2025-01-28 00:00:00,HDFCBANK,1647.0,1684.3,1647.0,1670.4,15089656
2025-01-28 00:00:00,ICICIBANK,1247.35,1264.0,1236.0,1246.9,18066499
2025-01-28 00:00:00,IDFCFIRSTB,57.8,59.35,57.25,58.27,72784826
2025-01-28 00:00:00,INDUSINDBK,937.35,948.95,925.7,934.15,5708478
2025-01-28 00:00:00,KOTAKBANK,1895.0,1905.0,1870.8,1887.75,5157384
2025-01-28 00:00:00,PNB,97.5,100.15,95.75,99.78,41891053
2025-01-28 00:00:00,SBIN,757.0,759.75,745.4,752.4,14140860
2025-01-28 00:00:00,UNIONBANK,109.11,113.14,108.01,110.57,44234897
2025-01-28 00:00:00,YESBANK,18.6,18.72,18.15,18.37,117219065
2025-01-29 00:00:00,AUBANK,588.0,603.6,588.0,595.95,2890746
2025-01-29 00:00:00,AXISBANK,988.0,988.65,977.6,983.4,11175206
2025-01-29 00:00:00,BANDHANBNK,150.0,154.45,149.6,150.34,6165678
2025-01-29 00:00:00,BANKBARODA,222.7,224.9,221.07,222.59,8514453
2025-01-29 00:00:00,CANBK,92.8,92.85,91.33,91.93,23565700
2025-01-29 00:00:00,FEDERALBNK,183.55,187.78,181.61,186.18,10013432
2025-01-29 00:00:00,HDFCBANK,1675.0,1681.15,1668.85,1677.3,6309945
2025-01-29 00:00:00,ICICIBANK,1252.0,1255.8,1243.05,1251.65,7666777
2025-01-29 00:00:00,IDFCFIRSTB,58.27,60.0,57.8,59.82,58562492
2025-01-29 00:00:00,INDUSINDBK,935.7,953.0,931.95,948.3,2571504
2025-01-29 00:00:00,KOTAKBANK,1887.8,1924.7,1885.0,1920.35,2351631
2025-01-29 00:00:00,PNB,100.3,100.4,97.3,97.77,34295362
2025-01-29 00:00:00,SBIN,753.0,760.8,749.8,758.45,9251973
2025-01-29 00:00:00,UNIONBANK,112.0,113.74,110.29,112.54,11886270
2025-01-29 00:00:00,YESBANK,18.4,18.92,18.27,18.81,98741576
2025-01-30 00:00:00,AUBANK,596.2,607.0,585.0,596.15,6891318
2025-01-30 00:00:00,AXISBANK,984.65,991.4,974.8,984.7,10473118
2025-01-30 00:00:00,BANDHANBNK,151.35,151.49,148.0,148.25,5223410
2025-01-30 00:00:00,BANKBARODA,223.9,225.84,221.69,222.39,10812716
2025-01-30 00:00:00,CANBK,92.4,92.4,90.5,90.91,26854992
2025-01-30 00:00:00,FEDERALBNK,186.2,187.22,184.2,184.96,14297599
2025-01-30 00:00:00,HDFCBANK,1681.0,1697.9,1672.55,1691.5,12872423
2025-01-30 00:00:00,ICICIBANK,1250.0,1259.85,1239.5,1255.6,11921041
2025-01-30 00:00:00,IDFCFIRSTB,59.8,61.9,59.46,61.19,52544708
2025-01-30 00:00:00,INDUSINDBK,948.3,967.4,946.1,957.05,4509409
2025-01-30 00:00:00,KOTAKBANK,1920.35,1938.1,1877.45,1901.5,4239181
2025-01-30 00:00:00,PNB,98.28,98.54,96.0,96.52,31403759
2025-01-30 00:00:00,SBIN,758.55,765.0,754.75,762.6,11085824
2025-01-30 00:00:00,UNIONBANK,112.55,113.72,110.81,111.05,7962048
2025-01-30 00:00:00,YESBANK,18.79,19.21,18.71,18.95,103327002
2025-01-31 00:00:00,AUBANK,595.0,603.5,589.25,600.95,2734757
2025-01-31 00:00:00,AXISBANK,982.0,990.0,978.05,986.1,9036312
2025-01-31 00:00:00,BANDHANBNK,149.07,152.59,147.35,151.38,6779375
2025-01-31 00:00:00,BANKBARODA,218.5,218.5,211.05,213.39,50873400
2025-01-31 00:00:00,CANBK,91.4,94.0,90.75,93.27,33477188
2025-01-31 00:00:00,FEDERALBNK,185.26,188.28,184.58,187.21,5772412
2025-01-31 00:00:00,HDFCBANK,1687.25,1704.7,1683.95,1698.75,7910843
2025-01-31 00:00:00,ICICIBANK,1254.5,1256.0,1239.1,1252.8,10195417
2025-01-31 00:00:00,IDFCFIRSTB,61.21,63.77,60.81,63.24,36326174
2025-01-31 00:00:00,INDUSINDBK,957.55,999.3,953.1,991.2,5365839
2025-01-31 00:00:00,KOTAKBANK,1903.05,1908.95,1889.6,1901.3,2333229
2025-01-31 00:00:00,PNB,96.99,101.87,96.36,101.2,57911997
2025-01-31 00:00:00,SBIN,764.9,777.55,759.5,772.9,10083763
2025-01-31 00:00:00,UNIONBANK,111.35,115.8,111.1,115.49,12849018
2025-01-31 00:00:00,YESBANK,18.9,19.3,18.74,19.23,86433511
2025-02-01 00:00:00,AUBANK,605.0,608.0,593.55,601.05,1038048
2025-02-01 00:00:00,AXISBANK,989.5,1004.95,982.0,998.15,4830391
2025-02-01 00:00:00,BANDHANBNK,151.38,153.99,147.2,151.39,11623319
2025-02-01 00:00:00,BANKBARODA,216.0,216.42,207.61,210.84,16153674
2025-02-01 00:00:00,CANBK,93.5,94.29,91.06,92.62,16282476
2025-02-01 00:00:00,FEDERALBNK,188.24,188.94,182.5,184.09,4749102
2025-02-01 00:00:00,HDFCBANK,1697.5,1713.0,1676.05,1690.95,2793764
2025-02-01 00:00:00,ICICIBANK,1251.15,1261.35,1233.8,1255.55,3011914
2025-02-01 00:00:00,IDFCFIRSTB,63.23,63.5,61.63,61.95,22662533
2025-02-01 00:00:00,INDUSINDBK,977.0,1023.0,972.4,1009.4,6054296
2025-02-01 00:00:00,KOTAKBANK,1899.0,1917.15,1871.6,1903.1,1096357
2025-02-01 00:00:00,PNB,101.99,101.99,97.86,99.35,29973719
2025-02-01 00:00:00,SBIN,774.8,778.75,752.15,766.0,9363077
2025-02-01 00:00:00,UNIONBANK,115.8,116.79,111.2,112.44,8892952
2025-02-01 00:00:00,YESBANK,19.25,19.38,18.75,19.03,68141359
2025-02-03 00:00:00,AUBANK,595.0,610.15,591.4,608.9,1844807
2025-02-03 00:00:00,AXISBANK,987.1,1000.5,983.35,989.4,7124605
2025-02-03 00:00:00,BANDHANBNK,148.0,149.14,144.8,147.56,8873799
2025-02-03 00:00:00,BANKBARODA,211.09,211.09,206.55,207.99,13272380
2025-02-03 00:00:00,CANBK,91.91,92.02,89.47,90.61,18359971
2025-02-03 00:00:00,FEDERALBNK,183.0,183.3,180.0,180.56,3886494
2025-02-03 00:00:00,HDFCBANK,1670.0,1686.8,1663.45,1678.0,10138270
2025-02-03 00:00:00,ICICIBANK,1246.85,1260.0,1237.8,1253.0,6176831
2025-02-03 00:00:00,IDFCFIRSTB,61.5,62.77,60.87,62.26,20092486
2025-02-03 00:00:00,INDUSINDBK,994.0,1023.95,990.1,1012.7,3655089
2025-02-03 00:00:00,KOTAKBANK,1893.6,1903.8,1881.55,1884.5,3319808
2025-02-03 00:00:00,PNB,98.15,99.34,97.29,98.32,27155760
2025-02-03 00:00:00,SBIN,762.8,762.8,753.15,760.95,7862190
2025-02-03 00:00:00,UNIONBANK,111.21,111.51,108.37,109.15,7636353
2025-02-03 00:00:00,YESBANK,18.93,18.95,18.66,18.79,60072694
2025-02-04 00:00:00,AUBANK,608.9,617.95,596.05,599.85,2815689
2025-02-04 00:00:00,AXISBANK,994.0,1017.1,987.8,1015.3,16058171
2025-02-04 00:00:00,BANDHANBNK,147.75,151.7,147.25,151.01,11615124
2025-02-04 00:00:00,BANKBARODA,210.5,214.5,210.11,212.89,12129201
2025-02-04 00:00:00,CANBK,91.5,93.15,91.35,92.84,18833599
2025-02-04 00:00:00,FEDERALBNK,181.9,183.89,180.5,181.23,5216085
2025-02-04 00:00:00,HDFCBANK,1688.7,1725.8,1680.05,1720.9,14308251
2025-02-04 00:00:00,ICICIBANK,1262.8,1280.5,1260.0,1268.2,14839077
2025-02-04 00:00:00,IDFCFIRSTB,62.31,63.37,61.77,62.12,22510221
2025-02-04 00:00:00,INDUSINDBK,1022.45,1053.9,1014.7,1047.15,9861468
2025-02-04 00:00:00,KOTAKBANK,1891.05,1941.2,1877.2,1928.5,5332618
2025-02-04 00:00:00,PNB,99.35,100.73,98.71,99.05,21734744
2025-02-04 00:00:00,SBIN,767.0,781.25,765.65,779.2,12020807
2025-02-04 00:00:00,UNIONBANK,110.45,114.1,110.28,113.88,10610648
2025-02-04 00:00:00,YESBANK,18.98,19.29,18.91,19.12,57242107
2025-02-05 00:00:00,AUBANK,604.0,604.0,591.5,595.6,1869312
2025-02-05 00:00:00,AXISBANK,1020.6,1022.05,1010.5,1013.3,7858373
2025-02-05 00:00:00,BANDHANBNK,150.0,156.3,150.0,153.96,9304369
2025-02-05 00:00:00,BANKBARODA,215.0,221.11,214.12,220.02,15759413
2025-02-05 00:00:00,CANBK,93.7,96.9,93.55,95.83,28988222
2025-02-05 00:00:00,FEDERALBNK,181.99,185.09,181.99,183.87,4286422
2025-02-05 00:00:00,HDFCBANK,1733.0,1744.2,1718.9,1737.8,11837753
2025-02-05 00:00:00,ICICIBANK,1270.2,1277.75,1265.15,1267.7,6840709
2025-02-05 00:00:00,IDFCFIRSTB,62.61,63.74,62.12,63.33,22284144
2025-02-05 00:00:00,INDUSINDBK,1052.4,1078.7,1052.4,1061.2,5000442
2025-02-05 00:00:00,KOTAKBANK,1937.8,1938.95,1902.35,1911.75,3427385
2025-02-05 00:00:00,PNB,100.2,101.2,99.95,100.26,27382286
2025-02-05 00:00:00,SBIN,780.0,782.0,765.0,766.05,13419162
2025-02-05 00:00:00,UNIONBANK,116.55,120.0,116.13,119.22,32829349
2025-02-05 00:00:00,YESBANK,19.07,19.5,19.07,19.42,80955575
2025-02-06 00:00:00,AUBANK,597.05,600.0,582.0,586.25,1371142
2025-02-06 00:00:00,AXISBANK,1012.0,1021.85,1010.05,1020.7,5815563
2025-02-06 00:00:00,BANDHANBNK,154.01,154.74,150.8,152.28,7676403
2025-02-06 00:00:00,BANKBARODA,221.6,222.58,218.01,219.71,10170330
2025-02-06 00:00:00,CANBK,96.18,96.45,94.26,94.86,17662066
2025-02-06 00:00:00,FEDERALBNK,185.35,186.0,182.81,183.62,3983013
2025-02-06 00:00:00,HDFCBANK,1735.5,1749.0,1724.0,1743.85,13380358
2025-02-06 00:00:00,ICICIBANK,1275.0,1279.0,1263.2,1272.4,8396554
2025-02-06 00:00:00,IDFCFIRSTB,63.68,64.05,63.3,63.73,35143795
2025-02-06 00:00:00,INDUSINDBK,1062.1,1076.75,1058.05,1065.55,3889634
2025-02-06 00:00:00,KOTAKBANK,1917.0,1920.0,1896.45,1915.95,3193971
2025-02-06 00:00:00,PNB,100.8,101.01,99.4,99.72,22650204
2025-02-06 00:00:00,SBIN,769.0,770.85,750.05,752.25,32745391
2025-02-06 00:00:00,UNIONBANK,121.0,121.0,118.37,119.37,10048273
2025-02-06 00:00:00,YESBANK,19.53,19.56,19.23,19.28,52266742
2025-02-07 00:00:00,AUBANK,587.45,604.0,582.55,592.1,3491670
2025-02-07 00:00:00,AXISBANK,1019.5,1027.35,1007.65,1024.1,8638651
2025-02-07 00:00:00,BANDHANBNK,153.05,154.99,151.2,152.37,5769334
2025-02-07 00:00:00,BANKBARODA,220.0,220.82,215.05,216.32,9557681
2025-02-07 00:00:00,CANBK,94.99,96.05,93.07,94.06,18697525
2025-02-07 00:00:00,FEDERALBNK,184.2,189.52,182.35,188.14,7298157
2025-02-07 00:00:00,HDFCBANK,1750.0,1767.0,1725.0,1732.75,11754800
2025-02-07 00:00:00,ICICIBANK,1272.0,1275.0,1249.55,1256.9,7382039
2025-02-07 00:00:00,IDFCFIRSTB,63.93,64.5,63.17,64.09,36878678
2025-02-07 00:00:00,INDUSINDBK,1061.5,1086.55,1061.5,1079.1,3975043
2025-02-07 00:00:00,KOTAKBANK,1921.0,1960.6,1907.9,1929.25,4414174
2025-02-07 00:00:00,PNB,99.9,100.27,98.17,99.27,29397431
2025-02-07 00:00:00,SBIN,759.8,759.9,731.75,737.2,37240692
2025-02-07 00:00:00,UNIONBANK,119.0,121.87,117.49,117.85,14207366
2025-02-07 00:00:00,YESBANK,19.31,19.43,19.05,19.12,60573527
2025-02-10 00:00:00,AUBANK,591.0,591.0,575.1,579.75,1064051
2025-02-10 00:00:00,AXISBANK,1021.0,1026.75,1006.2,1011.75,3960565
2025-02-10 00:00:00,BANDHANBNK,152.0,152.65,148.15,148.91,3344068
2025-02-10 00:00:00,BANKBARODA,216.5,217.16,213.64,215.23,4292326
2025-02-10 00:00:00,CANBK,94.06,94.45,91.86,93.17,11919454
2025-02-10 00:00:00,FEDERALBNK,188.85,189.42,185.97,186.56,9502645
2025-02-10 00:00:00,HDFCBANK,1717.3,1723.45,1708.5,1715.75,8597975
2025-02-10 00:00:00,ICICIBANK,1257.2,1265.0,1249.35,1262.6,5740361
2025-02-10 00:00:00,IDFCFIRSTB,64.09,64.29,62.15,62.91,15424981
2025-02-10 00:00:00,INDUSINDBK,1076.0,1082.0,1062.7,1068.0,4457091
2025-02-10 00:00:00,KOTAKBANK,1935.3,1965.0,1923.55,1960.15,3569373
2025-02-10 00:00:00,PNB,99.25,99.84,97.85,98.31,17224807
2025-02-10 00:00:00,SBIN,740.0,743.9,733.4,736.8,12667049
2025-02-10 00:00:00,UNIONBANK,117.85,118.05,114.29,114.85,5737779
2025-02-10 00:00:00,YESBANK,19.09,19.19,18.54,18.59,70508773
2025-02-11 00:00:00,AUBANK,580.0,584.0,570.0,570.7,3445667
2025-02-11 00:00:00,AXISBANK,1009.0,1016.35,1002.6,1007.4,4808215
2025-02-11 00:00:00,BANDHANBNK,148.52,148.89,143.53,144.41,4341078
2025-02-11 00:00:00,BANKBARODA,216.0,216.99,209.5,210.78,5669659
2025-02-11 00:00:00,CANBK,93.4,93.49,90.0,90.09,23695177
2025-02-11 00:00:00,FEDERALBNK,186.9,187.99,181.28,183.67,2332865
2025-02-11 00:00:00,HDFCBANK,1703.0,1711.0,1688.7,1701.4,11362352
2025-02-11 00:00:00,ICICIBANK,1255.85,1261.85,1248.4,1252.75,6586627
2025-02-11 00:00:00,IDFCFIRSTB,62.79,63.0,61.28,61.64,25104579
2025-02-11 00:00:00,INDUSINDBK,1063.5,1074.9,1047.65,1054.15,4109028
2025-02-11 00:00:00,KOTAKBANK,1964.6,1970.5,1906.6,1918.6,3506682
2025-02-11 00:00:00,PNB,98.26,98.74,95.01,95.22,23377744
2025-02-11 00:00:00,SBIN,737.45,740.15,726.55,731.1,13017060
2025-02-11 00:00:00,UNIONBANK,115.0,115.97,110.05,110.61,13399832
2025-02-11 00:00:00,YESBANK,18.59,18.69,18.01,18.11,55528034
2025-02-12 00:00:00,AUBANK,571.5,571.5,551.15,554.4,4264400
2025-02-12 00:00:00,AXISBANK,1000.0,1010.65,984.0,1006.9,7669283
2025-02-12 00:00:00,BANDHANBNK,142.05,144.5,138.36,142.43,8373787
2025-02-12 00:00:00,BANKBARODA,212.9,214.2,205.71,212.54,8728432
2025-02-12 00:00:00,CANBK,90.0,91.43,87.41,90.54,21437438
2025-02-12 00:00:00,FEDERALBNK,183.49,185.17,177.11,183.95,4770520
2025-02-12 00:00:00,HDFCBANK,1693.0,1712.0,1681.2,1706.8,11404785
2025-02-12 00:00:00,ICICIBANK,1257.2,1269.75,1244.65,1251.8,8809352
2025-02-12 00:00:00,IDFCFIRSTB,61.59,62.6,60.21,62.16,20312492
2025-02-12 00:00:00,INDUSINDBK,1060.45,1063.95,1020.25,1039.65,4798340
2025-02-12 00:00:00,KOTAKBANK,1923.45,1949.0,1904.95,1943.95,3219004
2025-02-12 00:00:00,PNB,95.4,96.31,91.9,95.67,28356228
2025-02-12 00:00:00,SBIN,733.15,738.7,717.15,733.15,12697743
2025-02-12 00:00:00,UNIONBANK,111.4,115.39,109.3,114.98,20452128
2025-02-12 00:00:00,YESBANK,18.11,18.27,17.56,18.13,83805966
2025-02-13 00:00:00,AUBANK,555.35,558.0,544.7,553.05,2284376
2025-02-13 00:00:00,AXISBANK,1003.0,1017.45,1001.05,1008.2,6348246
2025-02-13 00:00:00,BANDHANBNK,142.44,143.45,139.89,140.29,5377186
2025-02-13 00:00:00,BANKBARODA,212.98,214.21,210.5,210.8,5986171
2025-02-13 00:00:00,CANBK,91.0,91.46,88.2,88.72,27030641
2025-02-13 00:00:00,FEDERALBNK,184.15,185.05,181.44,181.8,4044621
2025-02-13 00:00:00,HDFCBANK,1699.0,1714.25,1693.55,1697.7,6301217
2025-02-13 00:00:00,ICICIBANK,1252.55,1266.0,1245.9,1248.9,7263785
2025-02-13 00:00:00,IDFCFIRSTB,61.93,62.97,61.15,61.49,16583559
2025-02-13 00:00:00,INDUSINDBK,1039.5,1056.95,1025.4,1047.25,4539780
2025-02-13 00:00:00,KOTAKBANK,1963.0,1992.8,1960.55,1972.8,12678373
2025-02-13 00:00:00,PNB,95.67,96.66,94.5,94.64,13174852
2025-02-13 00:00:00,SBIN,734.4,737.5,726.15,727.65,12370571
2025-02-13 00:00:00,UNIONBANK,115.2,115.8,112.6,113.02,7964717
2025-02-13 00:00:00,YESBANK,18.09,18.41,18.05,18.17,51300876
2025-02-14 00:00:00,AUBANK,554.05,559.5,530.75,534.9,3173724
2025-02-14 00:00:00,AXISBANK,1010.55,1016.0,987.65,997.5,5375755
2025-02-14 00:00:00,BANDHANBNK,141.1,141.95,134.26,135.38,7367185
2025-02-14 00:00:00,BANKBARODA,211.7,212.86,202.25,205.16,10600160
2025-02-14 00:00:00,CANBK,89.15,89.25,84.72,85.62,29190700
2025-02-14 00:00:00,FEDERALBNK,182.02,183.25,178.49,181.01,3674337
2025-02-14 00:00:00,HDFCBANK,1701.9,1701.9,1680.0,1694.85,9979946
2025-02-14 00:00:00,ICICIBANK,1252.1,1263.5,1244.45,1260.1,10368438
2025-02-14 00:00:00,IDFCFIRSTB,61.49,61.8,59.88,60.6,19990418
2025-02-14 00:00:00,INDUSINDBK,1049.6,1058.1,1018.2,1024.4,4036016
2025-02-14 00:00:00,KOTAKBANK,1974.0,1974.0,1933.35,1952.4,2610048
2025-02-14 00:00:00,PNB,95.35,95.49,91.01,92.25,21224323
2025-02-14 00:00:00,SBIN,730.95,732.9,716.2,722.15,10417539
2025-02-14 00:00:00,UNIONBANK,113.51,114.0,108.21,109.44,8407342
2025-02-14 00:00:00,YESBANK,18.17,18.29,17.59,17.76,66961081
2025-02-17 00:00:00,AUBANK,534.95,535.15,516.7,522.05,3180759
2025-02-17 00:00:00,AXISBANK,992.45,999.65,978.05,992.95,7166803
2025-02-17 00:00:00,BANDHANBNK,134.1,135.62,131.13,132.82,12241001
2025-02-17 00:00:00,BANKBARODA,204.98,207.45,200.18,206.96,7113238
2025-02-17 00:00:00,CANBK,85.61,85.61,83.52,85.09,23885790
2025-02-17 00:00:00,FEDERALBNK,180.25,182.46,176.96,181.54,4678837
2025-02-17 00:00:00,HDFCBANK,1685.2,1720.0,1681.25,1717.35,6469473
2025-02-17 00:00:00,ICICIBANK,1251.15,1258.15,1233.25,1251.15,8386151
2025-02-17 00:00:00,IDFCFIRSTB,60.0,61.79,59.11,61.5,20136047
2025-02-17 00:00:00,INDUSINDBK,1024.4,1050.95,1013.1,1048.25,2795714
2025-02-17 00:00:00,KOTAKBANK,1955.0,1963.95,1932.65,1945.3,2300119
2025-02-17 00:00:00,PNB,92.23,93.49,90.16,93.18,19598957
2025-02-17 00:00:00,SBIN,719.05,728.75,711.55,727.7,9093600
2025-02-17 00:00:00,UNIONBANK,109.77,109.77,106.63,109.01,7460353
2025-02-17 00:00:00,YESBANK,17.75,17.82,17.33,17.66,92372362
2025-02-18 00:00:00,AUBANK,523.0,524.6,499.0,502.4,8809316
2025-02-18 00:00:00,AXISBANK,992.95,997.35,986.55,994.15,3090004
2025-02-18 00:00:00,BANDHANBNK,132.17,133.39,128.16,130.31,9963563
2025-02-18 00:00:00,BANKBARODA,205.53,207.29,203.3,206.09,6382336
2025-02-18 00:00:00,CANBK,85.49,85.89,83.52,84.65,21927534
2025-02-18 00:00:00,FEDERALBNK,181.82,182.44,178.71,180.69,4152347
2025-02-18 00:00:00,HDFCBANK,1713.05,1731.55,1706.15,1723.05,8175455
2025-02-18 00:00:00,ICICIBANK,1252.9,1257.6,1237.05,1243.05,8135042
2025-02-18 00:00:00,IDFCFIRSTB,61.0,61.5,59.04,59.52,18797952
2025-02-18 00:00:00,INDUSINDBK,1045.0,1051.5,1021.35,1024.1,2620716
2025-02-18 00:00:00,KOTAKBANK,1942.05,1966.0,1939.15,1963.35,4344125
2025-02-18 00:00:00,PNB,93.0,93.44,91.3,91.86,12784429
2025-02-18 00:00:00,SBIN,727.7,728.25,717.35,725.8,8562003
2025-02-18 00:00:00,UNIONBANK,108.5,109.99,106.69,109.73,9400830
2025-02-18 00:00:00,YESBANK,17.66,17.72,17.23,17.46,77197334
2025-02-19 00:00:00,AUBANK,503.0,528.65,492.7,525.65,11218538
2025-02-19 00:00:00,AXISBANK,991.65,1013.45,988.15,1011.35,6401381
2025-02-19 00:00:00,BANDHANBNK,129.5,133.9,128.76,133.48,5877541
2025-02-19 00:00:00,BANKBARODA,204.2,209.89,203.52,208.89,5908141
2025-02-19 00:00:00,CANBK,84.0,85.95,83.75,85.56,27545822
2025-02-19 00:00:00,FEDERALBNK,180.69,182.95,179.01,181.18,3020603
2025-02-19 00:00:00,HDFCBANK,1717.0,1737.9,1712.45,1727.2,5942056
2025-02-19 00:00:00,ICICIBANK,1234.85,1264.45,1230.25,1261.65,10683412
2025-02-19 00:00:00,IDFCFIRSTB,59.4,60.54,58.93,59.99,14602416
2025-02-19 00:00:00,INDUSINDBK,1024.1,1042.05,1015.9,1035.8,2464555
2025-02-19 00:00:00,KOTAKBANK,1963.95,1994.9,1962.0,1985.0,3914165
2025-02-19 00:00:00,PNB,91.0,93.59,90.59,92.86,14782674
2025-02-19 00:00:00,SBIN,722.05,734.85,722.05,727.3,6766606
2025-02-19 00:00:00,UNIONBANK,109.39,115.3,107.86,114.92,14871033
2025-02-19 00:00:00,YESBANK,17.4,18.06,17.31,18.0,63365019
2025-02-20 00:00:00,AUBANK,525.0,538.95,521.65,535.05,1068810
2025-02-20 00:00:00,AXISBANK,1008.4,1019.65,1006.5,1017.2,5011212
2025-02-20 00:00:00,BANDHANBNK,132.53,137.16,132.26,136.49,5585864
2025-02-20 00:00:00,BANKBARODA,208.51,213.95,207.11,213.57,5212633
2025-02-20 00:00:00,CANBK,85.4,88.4,85.0,88.06,26398555
2025-02-20 00:00:00,FEDERALBNK,180.55,184.9,179.2,184.38,3532472
2025-02-20 00:00:00,HDFCBANK,1711.0,1714.7,1685.3,1687.1,13195255
2025-02-20 00:00:00,ICICIBANK,1255.35,1264.0,1246.75,1249.95,8398849
2025-02-20 00:00:00,IDFCFIRSTB,59.85,61.5,59.51,61.36,13556096
2025-02-20 00:00:00,INDUSINDBK,1029.95,1049.9,1025.6,1047.65,1819683
2025-02-20 00:00:00,KOTAKBANK,1982.3,1982.35,1960.0,1970.55,4724372
2025-02-20 00:00:00,PNB,92.65,96.08,92.0,95.65,21619032
2025-02-20 00:00:00,SBIN,724.9,731.5,723.35,729.7,7423268
2025-02-20 00:00:00,UNIONBANK,114.0,118.0,113.26,117.08,11571444
2025-02-20 00:00:00,YESBANK,17.98,18.25,17.82,18.21,47340797
2025-02-21 00:00:00,AUBANK,534.95,540.05,524.55,537.6,1790208
2025-02-21 00:00:00,AXISBANK,1012.0,1021.9,1000.65,1008.95,5019937
2025-02-21 00:00:00,BANDHANBNK,137.3,143.0,137.3,139.38,18633977
2025-02-21 00:00:00,BANKBARODA,212.03,214.95,209.13,210.27,7935366
2025-02-21 00:00:00,CANBK,87.6,89.25,86.74,87.33,18438389
2025-02-21 00:00:00,FEDERALBNK,184.22,185.83,179.0,179.85,5491982
2025-02-21 00:00:00,HDFCBANK,1680.9,1694.95,1677.25,1692.5,7840470
2025-02-21 00:00:00,ICICIBANK,1241.1,1244.7,1224.55,1232.95,7786428
2025-02-21 00:00:00,IDFCFIRSTB,61.31,61.85,60.13,60.63,14895745
2025-02-21 00:00:00,INDUSINDBK,1041.55,1055.8,1038.95,1043.75,2589619
2025-02-21 00:00:00,KOTAKBANK,1970.55,1978.35,1934.5,1953.05,4008552
2025-02-21 00:00:00,PNB,95.54,96.29,93.81,94.25,12976716
2025-02-21 00:00:00,SBIN,727.3,731.7,720.0,722.0,6571602
2025-02-21 00:00:00,UNIONBANK,116.25,117.65,114.5,115.68,11773517
2025-02-21 00:00:00,YESBANK,18.18,18.42,17.87,17.93,56345958
2025-02-24 00:00:00,AUBANK,535.9,539.9,530.25,533.0,1090810
2025-02-24 00:00:00,AXISBANK,1001.35,1013.0,998.55,1010.05,4265454
2025-02-24 00:00:00,BANDHANBNK,138.9,141.09,138.0,139.08,7809087
2025-02-24 00:00:00,BANKBARODA,208.0,209.42,206.5,208.63,4609750
2025-02-24 00:00:00,CANBK,87.0,87.29,85.55,86.95,11551998
2025-02-24 00:00:00,FEDERALBNK,180.0,183.4,179.05,181.24,13756156
2025-02-24 00:00:00,HDFCBANK,1681.1,1684.2,1661.1,1677.1,10346823
2025-02-24 00:00:00,ICICIBANK,1226.7,1231.9,1210.25,1218.35,11522480
2025-02-24 00:00:00,IDFCFIRSTB,60.01,60.48,59.48,59.9,13848044
2025-02-24 00:00:00,INDUSINDBK,1030.1,1038.75,1021.1,1029.15,3074297
2025-02-24 00:00:00,KOTAKBANK,1938.3,1970.0,1933.55,1966.1,2218081
2025-02-24 00:00:00,PNB,93.5,94.64,92.78,93.99,12552679
2025-02-24 00:00:00,SBIN,710.5,719.75,710.5,716.4,6912148
2025-02-24 00:00:00,UNIONBANK,114.6,117.67,114.01,117.3,7889355
2025-02-24 00:00:00,YESBANK,17.84,17.92,17.63,17.86,53216360
2025-02-25 00:00:00,AUBANK,535.7,536.65,522.4,524.25,1093537
2025-02-25 00:00:00,AXISBANK,1004.0,1013.7,997.1,1009.1,5708975
2025-02-25 00:00:00,BANDHANBNK,139.0,140.18,134.82,135.34,6796987
2025-02-25 00:00:00,BANKBARODA,208.63,209.57,204.35,204.77,5449460
2025-02-25 00:00:00,CANBK,86.9,87.75,84.9,85.02,13249250
2025-02-25 00:00:00,FEDERALBNK,182.0,182.62,177.9,178.71,8344437
2025-02-25 00:00:00,HDFCBANK,1671.1,1688.0,1671.1,1682.35,12069354
2025-02-25 00:00:00,ICICIBANK,1226.6,1231.65,1221.0,1224.15,11059417
2025-02-25 00:00:00,IDFCFIRSTB,59.9,60.39,58.7,58.81,16301552
2025-02-25 00:00:00,INDUSINDBK,1028.2,1041.7,1026.35,1034.25,3628538
2025-02-25 00:00:00,KOTAKBANK,1969.0,1979.55,1958.6,1967.25,4019894
2025-02-25 00:00:00,PNB,94.0,94.79,92.66,93.12,17127179
2025-02-25 00:00:00,SBIN,718.95,718.95,710.0,710.9,8599635
2025-02-25 00:00:00,UNIONBANK,117.76,118.0,115.01,116.29,7251739
2025-02-25 00:00:00,YESBANK,17.8,18.1,17.75,17.79,49082878
2025-02-27 00:00:00,AUBANK,535.0,559.25,524.25,556.7,9452200
2025-02-27 00:00:00,AXISBANK,1007.65,1023.55,1005.15,1016.7,9777690
2025-02-27 00:00:00,BANDHANBNK,140.6,146.38,135.5,136.89,46865998
2025-02-27 00:00:00,BANKBARODA,207.0,208.51,201.78,203.18,9246629
2025-02-27 00:00:00,CANBK,85.03,85.58,83.01,83.46,25101806
2025-02-27 00:00:00,FEDERALBNK,179.0,180.84,177.55,178.71,12518738
2025-02-27 00:00:00,HDFCBANK,1682.55,1710.75,1682.55,1700.7,17893400
2025-02-27 00:00:00,ICICIBANK,1225.15,1234.85,1218.45,1222.45,12008162
2025-02-27 00:00:00,IDFCFIRSTB,59.0,60.46,58.77,59.22,41867624
2025-02-27 00:00:00,INDUSINDBK,1046.9,1063.3,1040.7,1046.7,5951737
2025-02-27 00:00:00,KOTAKBANK,1972.0,1975.0,1939.9,1947.55,3708068
2025-02-27 00:00:00,PNB,93.5,93.85,91.6,91.96,27169438
2025-02-27 00:00:00,SBIN,716.0,717.7,701.1,703.9,12033139
2025-02-27 00:00:00,UNIONBANK,116.75,117.7,114.3,115.13,8237385
2025-02-27 00:00:00,YESBANK,17.79,17.93,17.21,17.36,63136819
2025-02-28 00:00:00,AUBANK,550.0,569.0,549.15,565.7,5285029
2025-02-28 00:00:00,AXISBANK,1014.8,1035.5,1009.95,1015.55,15026849
2025-02-28 00:00:00,BANDHANBNK,135.5,141.83,134.06,141.19,18217115
2025-02-28 00:00:00,BANKBARODA,202.0,202.0,196.01,197.07,14293523
2025-02-28 00:00:00,CANBK,82.8,82.8,80.25,80.9,36424489
2025-02-28 00:00:00,FEDERALBNK,178.2,179.05,175.01,177.62,5614981
2025-02-28 00:00:00,HDFCBANK,1685.0,1737.25,1685.0,1732.4,27258364
2025-02-28 00:00:00,ICICIBANK,1216.0,1225.0,1200.1,1204.1,20215075
2025-02-28 00:00:00,IDFCFIRSTB,58.91,59.0,57.1,58.39,45236034
2025-02-28 00:00:00,INDUSINDBK,1040.0,1040.65,970.1,990.1,55666745
2025-02-28 00:00:00,KOTAKBANK,1937.05,1937.05,1893.9,1902.95,6970315
2025-02-28 00:00:00,PNB,91.29,91.29,87.0,87.39,39944640
2025-02-28 00:00:00,SBIN,700.9,701.35,682.6,688.8,15780609
2025-02-28 00:00:00,UNIONBANK,114.29,114.55,110.02,112.1,15250390
2025-02-28 00:00:00,YESBANK,17.23,17.26,16.66,16.75,133381737
2025-03-03 00:00:00,AUBANK,565.45,568.5,551.65,557.6,1153314
2025-03-03 00:00:00,AXISBANK,1017.05,1019.4,992.0,1007.25,6763184
2025-03-03 00:00:00,BANDHANBNK,142.1,144.19,138.01,140.23,15623300
2025-03-03 00:00:00,BANKBARODA,198.1,199.19,193.04,195.91,11080593
2025-03-03 00:00:00,CANBK,81.25,82.0,78.6,81.42,30406353
2025-03-03 00:00:00,FEDERALBNK,177.81,179.98,172.66,179.48,10498910
2025-03-03 00:00:00,HDFCBANK,1739.8,1743.05,1694.1,1701.55,10602682
2025-03-03 00:00:00,ICICIBANK,1210.5,1217.0,1204.15,1206.2,8158881
2025-03-03 00:00:00,IDFCFIRSTB,58.39,58.84,56.8,57.69,23489353
2025-03-03 00:00:00,INDUSINDBK,978.95,986.3,947.0,984.0,6158061
2025-03-03 00:00:00,KOTAKBANK,1905.55,1923.65,1895.2,1914.6,2607790
2025-03-03 00:00:00,PNB,87.8,88.7,85.49,87.29,29508306
2025-03-03 00:00:00,SBIN,690.15,697.4,680.0,695.3,10598479
2025-03-03 00:00:00,UNIONBANK,112.1,113.37,107.91,109.07,7583589
2025-03-03 00:00:00,YESBANK,16.75,16.99,16.13,16.31,106603357
2025-03-04 00:00:00,AUBANK,550.05,554.8,546.5,548.35,1313139
2025-03-04 00:00:00,AXISBANK,1001.1,1011.1,998.6,1001.8,5786420
2025-03-04 00:00:00,BANDHANBNK,139.29,147.9,138.17,147.35,17202216
2025-03-04 00:00:00,BANKBARODA,194.01,197.64,190.7,195.92,15521855
2025-03-04 00:00:00,CANBK,80.45,82.99,79.7,81.94,25682844
2025-03-04 00:00:00,FEDERALBNK,178.75,178.75,175.3,176.51,7378836
2025-03-04 00:00:00,HDFCBANK,1698.0,1714.3,1693.25,1710.0,9960479
2025-03-04 00:00:00,ICICIBANK,1207.15,1216.65,1206.25,1210.4,9574490
2025-03-04 00:00:00,IDFCFIRSTB,57.21,57.95,56.36,56.83,23889634
2025-03-04 00:00:00,INDUSINDBK,978.0,1003.6,966.95,987.6,3271190
2025-03-04 00:00:00,KOTAKBANK,1901.15,1916.0,1896.75,1907.8,3172050
2025-03-04 00:00:00,PNB,86.5,88.55,85.46,87.09,19363016
2025-03-04 00:00:00,SBIN,693.0,718.45,692.1,716.05,14386214
2025-03-04 00:00:00,UNIONBANK,108.0,113.9,107.6,112.67,14949162
2025-03-04 00:00:00,YESBANK,16.24,16.78,16.16,16.34,143365309
2025-03-05 00:00:00,AUBANK,548.4,551.45,541.25,546.45,1474686
2025-03-05 00:00:00,AXISBANK,1003.0,1017.4,1002.55,1014.45,5133873
2025-03-05 00:00:00,BANDHANBNK,146.01,148.15,145.59,147.43,7761859
2025-03-05 00:00:00,BANKBARODA,195.9,205.74,195.89,205.22,9984238
2025-03-05 00:00:00,CANBK,82.35,85.15,82.14,85.02,17408359
2025-03-05 00:00:00,FEDERALBNK,176.9,181.85,176.51,181.51,6338076
2025-03-05 00:00:00,HDFCBANK,1701.95,1710.8,1688.25,1690.0,10791936
2025-03-05 00:00:00,ICICIBANK,1217.0,1225.95,1211.3,1215.7,9052846
2025-03-05 00:00:00,IDFCFIRSTB,56.61,58.05,56.61,57.95,22831309
2025-03-05 00:00:00,INDUSINDBK,984.25,995.25,970.65,971.85,3944062
2025-03-05 00:00:00,KOTAKBANK,1903.1,1953.65,1895.4,1933.1,3811688
2025-03-05 00:00:00,PNB,87.0,90.13,87.0,89.74,26622932
2025-03-05 00:00:00,SBIN,717.55,731.3,717.0,730.35,10409805
2025-03-05 00:00:00,UNIONBANK,112.67,116.88,112.46,115.97,11020030
2025-03-05 00:00:00,YESBANK,16.39,16.98,16.38,16.92,88590804
2025-03-06 00:00:00,AUBANK,554.0,557.35,548.6,553.2,1553346
2025-03-06 00:00:00,AXISBANK,1022.6,1039.5,1015.15,1034.1,7861120
2025-03-06 00:00:00,BANDHANBNK,148.85,150.45,147.8,149.3,8626770
2025-03-06 00:00:00,BANKBARODA,207.0,210.38,206.24,207.16,7708374
2025-03-06 00:00:00,CANBK,86.0,86.77,85.11,85.35,19427907
2025-03-06 00:00:00,FEDERALBNK,183.06,183.5,180.71,181.74,7595816
2025-03-06 00:00:00,HDFCBANK,1687.0,1699.9,1672.25,1691.2,16483044
2025-03-06 00:00:00,ICICIBANK,1227.95,1227.95,1209.0,1218.05,11949475
2025-03-06 00:00:00,IDFCFIRSTB,58.36,58.62,57.69,57.77,19385683
2025-03-06 00:00:00,INDUSINDBK,976.0,984.1,962.2,971.7,3928358
2025-03-06 00:00:00,KOTAKBANK,1944.0,1944.95,1909.85,1921.7,5193093
2025-03-06 00:00:00,PNB,90.51,92.0,90.5,90.99,25378584
2025-03-06 00:00:00,SBIN,736.0,736.75,727.0,732.05,10928847
2025-03-06 00:00:00,UNIONBANK,117.91,118.25,116.45,116.9,5960499
2025-03-06 00:00:00,YESBANK,17.19,17.25,16.93,16.98,72203818
2025-03-07 00:00:00,AUBANK,553.5,554.65,540.2,544.3,1916647
2025-03-07 00:00:00,AXISBANK,1033.7,1050.35,1030.7,1037.65,7597321
2025-03-07 00:00:00,BANDHANBNK,149.25,151.14,148.66,149.93,8864396
2025-03-07 00:00:00,BANKBARODA,206.85,208.1,204.52,205.9,6253445
2025-03-07 00:00:00,CANBK,85.5,85.95,84.45,85.02,12988687
2025-03-07 00:00:00,FEDERALBNK,181.34,182.95,179.95,180.51,6040527
2025-03-07 00:00:00,HDFCBANK,1682.0,1701.15,1677.6,1689.25,6686457
2025-03-07 00:00:00,ICICIBANK,1211.1,1217.85,1206.3,1214.55,6620284
2025-03-07 00:00:00,IDFCFIRSTB,57.7,58.17,57.0,57.34,23748724
2025-03-07 00:00:00,INDUSINDBK,971.0,976.6,932.3,936.75,7737031
2025-03-07 00:00:00,KOTAKBANK,1917.0,1940.6,1910.05,1935.4,2780338
2025-03-07 00:00:00,PNB,90.91,91.76,90.5,91.17,16424249
2025-03-07 00:00:00,SBIN,732.05,734.85,728.0,732.75,7246729
2025-03-07 00:00:00,UNIONBANK,116.8,118.0,116.49,117.78,6559818
2025-03-07 00:00:00,YESBANK,16.96,17.07,16.84,16.88,61451832
2025-03-10 00:00:00,AUBANK,543.7,551.5,537.0,538.85,2131103
2025-03-10 00:00:00,AXISBANK,1036.0,1050.5,1032.35,1035.85,5995655
2025-03-10 00:00:00,BANDHANBNK,149.29,152.24,146.91,147.97,6256855
2025-03-10 00:00:00,BANKBARODA,206.0,206.84,203.03,204.03,9737436
2025-03-10 00:00:00,CANBK,85.0,85.43,82.21,82.49,14634696
2025-03-10 00:00:00,FEDERALBNK,180.4,180.95,178.3,179.12,6397181
2025-03-10 00:00:00,HDFCBANK,1689.0,1699.9,1683.05,1687.5,7802025
2025-03-10 00:00:00,ICICIBANK,1208.0,1225.8,1208.0,1214.85,7363437
2025-03-10 00:00:00,IDFCFIRSTB,57.3,57.59,56.0,56.37,23312506
2025-03-10 00:00:00,INDUSINDBK,895.0,913.35,881.1,900.5,16014401
2025-03-10 00:00:00,KOTAKBANK,1932.5,1940.05,1916.35,1921.75,2228534
2025-03-10 00:00:00,PNB,91.0,91.49,88.28,88.6,20754269
2025-03-10 00:00:00,SBIN,732.75,738.5,726.6,728.9,7400109
2025-03-10 00:00:00,UNIONBANK,117.41,118.76,112.85,114.18,7313320
2025-03-10 00:00:00,YESBANK,16.88,17.02,16.48,16.52,68621458
2025-03-11 00:00:00,AUBANK,531.85,531.85,513.65,522.1,2522700
2025-03-11 00:00:00,AXISBANK,1030.4,1036.8,1021.1,1025.65,4771085
2025-03-11 00:00:00,BANDHANBNK,144.8,145.19,138.27,140.11,22651047
2025-03-11 00:00:00,BANKBARODA,203.0,204.8,201.4,202.56,12900521
2025-03-11 00:00:00,CANBK,81.4,83.65,81.4,83.28,21742642
2025-03-11 00:00:00,FEDERALBNK,177.9,180.25,175.5,179.12,5753482
2025-03-11 00:00:00,HDFCBANK,1682.4,1694.0,1670.05,1685.5,9949215
2025-03-11 00:00:00,ICICIBANK,1217.2,1248.0,1217.2,1245.4,10927950
2025-03-11 00:00:00,IDFCFIRSTB,55.79,55.93,54.83,55.36,32260533
2025-03-11 00:00:00,INDUSINDBK,810.45,810.45,649.0,655.95,101075220
2025-03-11 00:00:00,KOTAKBANK,1923.0,1944.0,1904.45,1935.2,3207052
2025-03-11 00:00:00,PNB,87.8,88.89,86.75,88.17,11731107
2025-03-11 00:00:00,SBIN,724.9,734.05,722.7,729.85,5538789
2025-03-11 00:00:00,UNIONBANK,113.17,115.39,112.4,114.85,6465246
2025-03-11 00:00:00,YESBANK,16.39,16.54,16.11,16.37,85457453
2025-03-12 00:00:00,AUBANK,522.85,523.9,499.5,507.2,2676145
2025-03-12 00:00:00,AXISBANK,1025.2,1029.8,999.2,1011.2,7504702
2025-03-12 00:00:00,BANDHANBNK,140.11,142.93,139.1,141.55,5854921
2025-03-12 00:00:00,BANKBARODA,203.56,204.8,201.11,202.4,13928062
2025-03-12 00:00:00,CANBK,83.3,84.1,81.55,82.46,14726763
2025-03-12 00:00:00,FEDERALBNK,180.0,181.15,176.9,178.22,5916404
2025-03-12 00:00:00,HDFCBANK,1691.55,1718.5,1691.55,1711.15,9392053
2025-03-12 00:00:00,ICICIBANK,1246.95,1251.95,1235.3,1243.95,11548372
2025-03-12 00:00:00,IDFCFIRSTB,55.5,55.79,54.12,54.63,36526320
2025-03-12 00:00:00,INDUSINDBK,630.0,697.65,606.0,684.7,108682122
2025-03-12 00:00:00,KOTAKBANK,1940.0,1997.7,1938.0,1982.55,6704494
2025-03-12 00:00:00,PNB,88.54,88.99,85.7,86.9,20128306
2025-03-12 00:00:00,SBIN,730.6,737.0,719.05,723.05,5547762
2025-03-12 00:00:00,UNIONBANK,115.7,115.7,112.61,113.6,6991957
2025-03-12 00:00:00,YESBANK,16.4,16.5,16.02,16.15,79312744
2025-03-13 00:00:00,AUBANK,508.4,514.4,501.0,502.85,2271528
2025-03-13 00:00:00,AXISBANK,1015.0,1016.0,1005.1,1010.2,4004140
2025-03-13 00:00:00,BANDHANBNK,141.92,142.38,139.13,139.84,5118957
2025-03-13 00:00:00,BANKBARODA,203.7,207.95,202.3,205.52,8576303
2025-03-13 00:00:00,CANBK,82.72,83.48,82.16,82.9,25685980
2025-03-13 00:00:00,FEDERALBNK,178.65,179.34,176.25,176.6,3060509
2025-03-13 00:00:00,HDFCBANK,1716.05,1720.8,1700.05,1706.6,7868132
2025-03-13 00:00:00,ICICIBANK,1251.05,1255.6,1245.3,1250.05,8132940
2025-03-13 00:00:00,IDFCFIRSTB,54.68,54.98,53.25,53.48,29067199
2025-03-13 00:00:00,INDUSINDBK,690.0,706.9,667.65,672.35,31592987
2025-03-13 00:00:00,KOTAKBANK,1975.7,1993.35,1969.55,1985.1,4925794
2025-03-13 00:00:00,PNB,87.45,87.85,86.34,87.2,14771127
2025-03-13 00:00:00,SBIN,725.9,731.45,724.5,727.85,5908337
2025-03-13 00:00:00,UNIONBANK,114.0,115.4,112.99,113.7,5896494
2025-03-13 00:00:00,YESBANK,16.2,16.37,16.16,16.19,62477298
2025-03-17 00:00:00,AUBANK,503.7,505.4,489.45,491.8,3628157
2025-03-17 00:00:00,AXISBANK,1011.1,1039.0,1011.1,1034.15,5938668
2025-03-17 00:00:00,BANDHANBNK,140.56,143.48,137.61,138.34,7356893
2025-03-17 00:00:00,BANKBARODA,206.9,206.99,204.3,205.74,6086414
2025-03-17 00:00:00,CANBK,83.3,83.46,82.17,82.49,13115654
2025-03-17 00:00:00,FEDERALBNK,177.48,178.25,175.55,177.34,3411602
2025-03-17 00:00:00,HDFCBANK,1705.0,1724.0,1705.0,1710.4,9475957
2025-03-17 00:00:00,ICICIBANK,1257.05,1273.95,1254.75,1269.0,11164882
2025-03-17 00:00:00,IDFCFIRSTB,53.55,53.85,52.6,52.89,32595330
2025-03-17 00:00:00,INDUSINDBK,705.0,709.9,675.0,677.4,22353235
2025-03-17 00:00:00,KOTAKBANK,1980.1,1998.85,1974.25,1993.1,3170929
2025-03-17 00:00:00,PNB,87.4,87.95,86.62,87.47,15182528
2025-03-17 00:00:00,SBIN,728.9,731.25,722.3,723.15,5149565
2025-03-17 00:00:00,UNIONBANK,114.36,114.7,112.17,112.54,4665777
2025-03-17 00:00:00,YESBANK,16.3,16.38,16.09,16.11,71736032
2025-03-18 00:00:00,AUBANK,495.8,507.4,478.35,504.0,4908953
2025-03-18 00:00:00,AXISBANK,1044.15,1054.25,1033.7,1045.25,7365940
2025-03-18 00:00:00,BANDHANBNK,138.99,140.9,138.76,140.68,5241413
2025-03-18 00:00:00,BANKBARODA,206.55,209.95,205.75,209.34,9116780
2025-03-18 00:00:00,CANBK,82.86,84.1,82.61,83.92,20710941
2025-03-18 00:00:00,FEDERALBNK,178.09,180.58,176.9,180.18,7024086
2025-03-18 00:00:00,HDFCBANK,1728.0,1737.4,1715.05,1732.2,10953589
2025-03-18 00:00:00,ICICIBANK,1285.5,1313.85,1280.65,1309.85,15645427
2025-03-18 00:00:00,IDFCFIRSTB,53.1,54.74,52.93,54.62,29237967
2025-03-18 00:00:00,INDUSINDBK,685.95,686.8,670.6,681.45,12117539
2025-03-18 00:00:00,KOTAKBANK,2000.0,2039.0,1988.6,2034.0,5384288
2025-03-18 00:00:00,PNB,88.0,89.5,87.65,88.95,15997074
2025-03-18 00:00:00,SBIN,726.6,738.45,722.6,736.7,8087710
2025-03-18 00:00:00,UNIONBANK,113.7,118.17,113.22,117.7,8340695
2025-03-18 00:00:00,YESBANK,16.18,16.5,16.16,16.44,82382844
2025-03-19 00:00:00,AUBANK,506.0,530.5,505.5,525.8,2859237
2025-03-19 00:00:00,AXISBANK,1047.8,1058.55,1043.5,1052.05,4822365
2025-03-19 00:00:00,BANDHANBNK,140.65,142.25,140.43,141.27,10076310
2025-03-19 00:00:00,BANKBARODA,210.0,213.99,209.42,213.76,8786037
2025-03-19 00:00:00,CANBK,84.02,85.85,84.02,85.57,22116696
2025-03-19 00:00:00,FEDERALBNK,181.8,186.95,180.56,186.19,11138888
2025-03-19 00:00:00,HDFCBANK,1735.0,1751.0,1732.2,1744.1,7610703
2025-03-19 00:00:00,ICICIBANK,1305.6,1318.3,1302.15,1313.1,11278014
2025-03-19 00:00:00,IDFCFIRSTB,54.7,55.85,54.32,55.42,24804248
2025-03-19 00:00:00,INDUSINDBK,685.0,700.8,682.55,692.7,11120576
2025-03-19 00:00:00,KOTAKBANK,2039.25,2051.0,2017.25,2021.55,5338288
2025-03-19 00:00:00,PNB,89.5,91.33,89.1,91.02,20155513
2025-03-19 00:00:00,SBIN,739.6,749.3,739.1,745.1,7604850
2025-03-19 00:00:00,UNIONBANK,118.0,120.1,117.72,119.68,8683377
2025-03-19 00:00:00,YESBANK,16.52,17.1,16.52,17.03,99766469
2025-03-20 00:00:00,AUBANK,525.05,534.35,510.1,525.25,2151278
2025-03-20 00:00:00,AXISBANK,1056.25,1058.9,1046.9,1054.35,3742644
2025-03-20 00:00:00,BANDHANBNK,141.7,143.73,141.11,141.52,5225373
2025-03-20 00:00:00,BANKBARODA,214.65,217.75,214.65,215.65,8936273
2025-03-20 00:00:00,CANBK,85.99,86.68,85.35,85.84,17359824
2025-03-20 00:00:00,FEDERALBNK,186.8,187.68,185.65,186.54,4488082
2025-03-20 00:00:00,HDFCBANK,1754.0,1774.0,1749.3,1768.75,8916989
2025-03-20 00:00:00,ICICIBANK,1320.0,1324.25,1311.05,1321.7,10886735
2025-03-20 00:00:00,IDFCFIRSTB,55.68,56.2,55.55,55.71,24696227
2025-03-20 00:00:00,INDUSINDBK,697.5,701.0,681.0,684.1,8918567
2025-03-20 00:00:00,KOTAKBANK,2031.0,2038.9,2016.5,2035.65,2683306
2025-03-20 00:00:00,PNB,91.66,92.83,90.91,91.3,16000840
2025-03-20 00:00:00,SBIN,748.0,752.7,744.2,749.55,6963197
2025-03-20 00:00:00,UNIONBANK,120.0,120.88,118.35,119.19,5536428
2025-03-20 00:00:00,YESBANK,17.26,17.32,16.91,16.94,80780475
2025-03-21 00:00:00,AUBANK,527.9,545.6,525.65,542.8,3193144
2025-03-21 00:00:00,AXISBANK,1054.35,1075.55,1050.55,1070.15,6848565
2025-03-21 00:00:00,BANDHANBNK,141.52,145.28,141.0,144.96,8287957
2025-03-21 00:00:00,BANKBARODA,215.6,217.19,214.36,216.7,9614502
2025-03-21 00:00:00,CANBK,86.0,88.25,85.5,87.54,26691971
2025-03-21 00:00:00,FEDERALBNK,187.0,188.31,185.8,187.3,6584799
2025-03-21 00:00:00,HDFCBANK,1755.55,1774.1,1755.55,1770.35,16754132
2025-03-21 00:00:00,ICICIBANK,1316.0,1349.0,1311.6,1343.1,60494318
2025-03-21 00:00:00,IDFCFIRSTB,55.75,56.65,55.71,56.29,29785349
2025-03-21 00:00:00,INDUSINDBK,685.0,693.85,672.3,686.9,14265415
2025-03-21 00:00:00,KOTAKBANK,2040.0,2097.6,2035.0,2079.0,18850808
2025-03-21 00:00:00,PNB,91.3,93.43,91.0,93.14,22838586
2025-03-21 00:00:00,SBIN,749.95,755.6,747.0,753.2,9577327
2025-03-21 00:00:00,UNIONBANK,119.4,123.0,119.26,122.52,14086531
2025-03-21 00:00:00,YESBANK,16.97,17.22,16.9,17.17,101017458
2025-03-24 00:00:00,AUBANK,543.45,555.55,542.15,550.05,2777258
2025-03-24 00:00:00,AXISBANK,1082.0,1104.95,1073.7,1097.85,8284863
2025-03-24 00:00:00,BANDHANBNK,145.21,148.24,145.21,147.37,7046431
2025-03-24 00:00:00,BANKBARODA,218.7,225.14,217.1,224.47,13453091
2025-03-24 00:00:00,CANBK,88.5,91.6,88.2,91.32,36771697
2025-03-24 00:00:00,FEDERALBNK,188.0,196.74,187.3,195.8,9174683
2025-03-24 00:00:00,HDFCBANK,1779.0,1804.4,1773.65,1800.0,8696868
2025-03-24 00:00:00,ICICIBANK,1355.95,1373.0,1345.05,1358.15,9352280
2025-03-24 00:00:00,IDFCFIRSTB,56.6,58.35,56.42,57.89,31577623
2025-03-24 00:00:00,INDUSINDBK,692.0,693.75,665.15,669.45,14649992
2025-03-24 00:00:00,KOTAKBANK,2100.0,2184.25,2090.25,2176.15,8508351
2025-03-24 00:00:00,PNB,94.2,96.29,93.65,95.93,25103209
2025-03-24 00:00:00,SBIN,758.0,782.95,755.1,780.8,12095064
2025-03-24 00:00:00,UNIONBANK,124.0,127.96,123.52,127.46,13638740
2025-03-24 00:00:00,YESBANK,17.36,17.53,17.24,17.43,82460279
2025-03-25 00:00:00,AUBANK,551.9,561.35,550.0,557.9,4004101
2025-03-25 00:00:00,AXISBANK,1109.95,1123.5,1096.35,1118.55,11720528
2025-03-25 00:00:00,BANDHANBNK,150.13,150.76,146.67,147.78,10382565
2025-03-25 00:00:00,BANKBARODA,225.9,225.9,220.7,223.07,9683595
2025-03-25 00:00:00,CANBK,92.2,92.25,88.05,88.46,23478508
2025-03-25 00:00:00,FEDERALBNK,196.74,197.3,193.4,194.85,6813212
2025-03-25 00:00:00,HDFCBANK,1804.9,1843.7,1801.5,1821.45,19550708
2025-03-25 00:00:00,ICICIBANK,1359.0,1363.8,1330.05,1343.7,16419207
2025-03-25 00:00:00,IDFCFIRSTB,58.09,58.12,56.72,57.35,32231248
2025-03-25 00:00:00,INDUSINDBK,670.2,672.85,633.6,637.05,18615476
2025-03-25 00:00:00,KOTAKBANK,2179.9,2202.5,2160.0,2170.0,7342433
2025-03-25 00:00:00,PNB,96.5,96.6,93.51,93.81,20148506
2025-03-25 00:00:00,SBIN,783.9,786.0,769.2,772.85,15190143
2025-03-25 00:00:00,UNIONBANK,128.35,128.59,122.34,123.36,15698193
2025-03-25 00:00:00,YESBANK,17.46,17.53,17.0,17.03,101820390
2025-03-26 00:00:00,AUBANK,565.0,580.35,563.55,573.75,8030660
2025-03-26 00:00:00,AXISBANK,1115.0,1118.85,1089.05,1096.25,7127060
2025-03-26 00:00:00,BANDHANBNK,147.55,152.5,146.96,148.56,11538095
2025-03-26 00:00:00,BANKBARODA,223.0,225.0,219.53,220.34,8824925
2025-03-26 00:00:00,CANBK,88.3,89.32,87.0,87.24,21455219
2025-03-26 00:00:00,FEDERALBNK,194.1,196.5,191.9,192.31,5584885
2025-03-26 00:00:00,HDFCBANK,1825.0,1827.5,1802.0,1806.55,12239221
2025-03-26 00:00:00,ICICIBANK,1344.05,1358.0,1331.5,1335.9,10859639
2025-03-26 00:00:00,IDFCFIRSTB,57.34,57.8,56.9,57.0,24634617
2025-03-26 00:00:00,INDUSINDBK,637.4,662.5,637.4,655.3,23506399
2025-03-26 00:00:00,KOTAKBANK,2175.0,2176.0,2129.9,2144.9,3016916
2025-03-26 00:00:00,PNB,93.86,94.74,92.69,92.86,19904559
2025-03-26 00:00:00,SBIN,772.0,776.05,761.45,764.0,7711852
2025-03-26 00:00:00,UNIONBANK,123.37,124.5,119.85,120.21,9343771
2025-03-26 00:00:00,YESBANK,17.03,17.18,16.92,16.96,98505856
2025-03-27 00:00:00,AUBANK,569.55,573.75,544.2,554.4,10765998
2025-03-27 00:00:00,AXISBANK,1092.0,1108.0,1088.1,1098.35,8508917
2025-03-27 00:00:00,BANDHANBNK,147.0,149.45,146.0,148.02,7578843
2025-03-27 00:00:00,BANKBARODA,219.5,232.0,219.0,230.98,38539990
2025-03-27 00:00:00,CANBK,87.1,90.0,86.8,89.65,58399584
2025-03-27 00:00:00,FEDERALBNK,192.09,200.0,191.56,197.58,25012772
2025-03-27 00:00:00,HDFCBANK,1800.0,1841.0,1798.1,1825.35,20829050
2025-03-27 00:00:00,ICICIBANK,1333.15,1351.5,1333.15,1336.65,15109614
2025-03-27 00:00:00,IDFCFIRSTB,56.84,57.39,56.11,56.94,129936760
2025-03-27 00:00:00,INDUSINDBK,655.3,676.75,640.5,673.55,21589495
2025-03-27 00:00:00,KOTAKBANK,2144.0,2151.4,2111.85,2128.65,9421224
2025-03-27 00:00:00,PNB,92.69,96.76,91.92,96.41,62010832
2025-03-27 00:00:00,SBIN,763.8,775.8,760.5,772.3,15648616
2025-03-27 00:00:00,UNIONBANK,120.3,125.54,119.66,124.21,53997400
2025-03-27 00:00:00,YESBANK,16.93,17.5,16.78,17.26,214871192
2025-03-28 00:00:00,AUBANK,559.0,562.1,530.75,534.6,3118677
2025-03-28 00:00:00,AXISBANK,1098.4,1107.0,1086.5,1102.0,4921190
2025-03-28 00:00:00,BANDHANBNK,148.25,151.44,145.34,146.28,9199096
2025-03-28 00:00:00,BANKBARODA,230.98,233.75,226.86,228.53,12275939
2025-03-28 00:00:00,CANBK,89.65,91.18,88.66,89.0,30188247
2025-03-28 00:00:00,FEDERALBNK,196.99,198.5,191.72,192.73,7248212
2025-03-28 00:00:00,HDFCBANK,1829.0,1836.0,1805.85,1828.2,14386824
2025-03-28 00:00:00,ICICIBANK,1336.0,1357.95,1327.2,1348.35,8266544
2025-03-28 00:00:00,IDFCFIRSTB,56.5,57.85,54.63,54.96,48926649
2025-03-28 00:00:00,INDUSINDBK,672.0,673.95,643.5,649.85,8807815
2025-03-28 00:00:00,KOTAKBANK,2139.3,2179.9,2139.0,2171.2,3672253
2025-03-28 00:00:00,PNB,96.41,97.98,95.5,96.13,21712434
2025-03-28 00:00:00,SBIN,772.1,778.6,767.0,771.5,7628185
2025-03-28 00:00:00,UNIONBANK,124.59,128.15,124.59,126.18,14157702
2025-03-28 00:00:00,YESBANK,17.26,17.5,16.83,16.88,98061236
2025-04-01 00:00:00,AUBANK,532.9,543.5,528.05,529.9,2210272
2025-04-01 00:00:00,AXISBANK,1093.2,1101.25,1070.0,1085.6,6638140
2025-04-01 00:00:00,BANDHANBNK,146.1,150.67,144.6,149.48,5940678
2025-04-01 00:00:00,BANKBARODA,227.92,231.54,226.79,228.58,5686405
2025-04-01 00:00:00,CANBK,88.53,90.68,88.1,90.0,14596862
2025-04-01 00:00:00,FEDERALBNK,191.72,196.0,191.0,192.43,6099041
2025-04-01 00:00:00,HDFCBANK,1802.0,1809.9,1765.35,1767.85,14255503
2025-04-01 00:00:00,ICICIBANK,1340.0,1352.35,1315.4,1318.45,14288024
2025-04-01 00:00:00,IDFCFIRSTB,55.05,57.66,54.96,57.17,74364099
2025-04-01 00:00:00,INDUSINDBK,649.0,689.8,646.85,682.7,14019630
2025-04-01 00:00:00,KOTAKBANK,2174.3,2178.5,2135.9,2145.9,3750939
2025-04-01 00:00:00,PNB,95.0,97.2,94.96,96.24,13402932
2025-04-01 00:00:00,SBIN,766.8,782.75,763.2,771.7,7011125
2025-04-01 00:00:00,UNIONBANK,124.25,125.84,123.15,124.78,13543667
2025-04-01 00:00:00,YESBANK,16.74,17.43,16.63,17.33,90534491
2025-04-02 00:00:00,AUBANK,535.0,540.6,521.65,539.5,1932324
2025-04-02 00:00:00,AXISBANK,1091.7,1095.6,1080.75,1084.45,4065344
2025-04-02 00:00:00,BANDHANBNK,149.25,151.89,146.95,151.53,4921586
2025-04-02 00:00:00,BANKBARODA,230.0,232.67,226.31,231.52,11817603
2025-04-02 00:00:00,CANBK,90.5,91.33,88.5,91.1,18479410
2025-04-02 00:00:00,FEDERALBNK,193.05,193.34,190.7,192.11,2745983
2025-04-02 00:00:00,HDFCBANK,1770.7,1799.2,1770.7,1796.9,5786782
2025-04-02 00:00:00,ICICIBANK,1322.15,1337.95,1322.15,1331.25,8042214
2025-04-02 00:00:00,IDFCFIRSTB,57.97,57.97,56.45,57.19,60058400
2025-04-02 00:00:00,INDUSINDBK,682.7,708.4,675.0,702.45,14993840
2025-04-02 00:00:00,KOTAKBANK,2141.0,2160.65,2139.65,2154.6,2132192
2025-04-02 00:00:00,PNB,96.7,97.6,94.77,97.34,14393929
2025-04-02 00:00:00,SBIN,772.3,777.0,764.3,775.95,5458436
2025-04-02 00:00:00,UNIONBANK,124.84,127.89,122.29,127.31,12062536
2025-04-02 00:00:00,YESBANK,17.2,17.45,17.01,17.4,67818784
2025-04-03 00:00:00,AUBANK,531.0,565.7,531.0,563.45,4674160
2025-04-03 00:00:00,AXISBANK,1078.9,1091.95,1075.3,1089.85,5345660
2025-04-03 00:00:00,BANDHANBNK,150.0,157.6,149.71,156.6,8993065
2025-04-03 00:00:00,BANKBARODA,228.25,238.5,228.25,236.78,10557954
2025-04-03 00:00:00,CANBK,90.0,95.19,89.75,94.38,38514763
2025-04-03 00:00:00,FEDERALBNK,190.42,195.3,188.83,194.14,7697462
2025-04-03 00:00:00,HDFCBANK,1781.1,1804.0,1777.0,1794.85,5625019
2025-04-03 00:00:00,ICICIBANK,1321.95,1333.0,1321.25,1329.55,4591008
2025-04-03 00:00:00,IDFCFIRSTB,57.0,60.9,56.85,60.35,172219370
2025-04-03 00:00:00,INDUSINDBK,694.95,714.7,693.5,709.4,6972769
2025-04-03 00:00:00,KOTAKBANK,2129.0,2151.7,2127.15,2132.6,1694038
2025-04-03 00:00:00,PNB,96.55,99.9,96.36,99.0,25310675
2025-04-03 00:00:00,SBIN,770.0,784.7,769.95,779.2,7956680
2025-04-03 00:00:00,UNIONBANK,126.16,132.89,126.0,131.29,24054870
2025-04-03 00:00:00,YESBANK,17.11,18.04,17.11,17.95,94350870
2025-04-04 00:00:00,AUBANK,559.85,559.85,544.7,552.1,2024869
2025-04-04 00:00:00,AXISBANK,1081.5,1101.9,1075.45,1091.3,6059991
2025-04-04 00:00:00,BANDHANBNK,157.5,157.89,151.51,153.05,10702221
2025-04-04 00:00:00,BANKBARODA,238.9,242.34,232.83,234.32,13578143
2025-04-04 00:00:00,CANBK,94.41,94.8,89.7,90.39,33552098
2025-04-04 00:00:00,FEDERALBNK,195.7,196.95,192.51,195.0,10170845
2025-04-04 00:00:00,HDFCBANK,1813.0,1841.95,1811.1,1817.3,16770227
2025-04-04 00:00:00,ICICIBANK,1329.55,1338.55,1322.1,1335.3,8648542
2025-04-04 00:00:00,IDFCFIRSTB,60.5,60.53,57.45,57.81,55966017
2025-04-04 00:00:00,INDUSINDBK,701.0,704.9,675.65,682.0,9627949
2025-04-04 00:00:00,KOTAKBANK,2130.9,2146.3,2118.15,2131.95,3788403
2025-04-04 00:00:00,PNB,99.09,99.34,96.03,96.61,21189363
2025-04-04 00:00:00,SBIN,779.1,782.9,765.0,767.45,8231194
2025-04-04 00:00:00,UNIONBANK,131.5,132.72,120.65,122.11,29824780
2025-04-04 00:00:00,YESBANK,17.94,17.96,17.11,17.19,111241105
2025-04-07 00:00:00,AUBANK,515.0,552.95,513.5,541.7,1814337
2025-04-07 00:00:00,AXISBANK,1035.0,1069.0,1032.35,1047.95,9720457
2025-04-07 00:00:00,BANDHANBNK,145.01,146.88,141.5,144.96,8015769
2025-04-07 00:00:00,BANKBARODA,220.0,230.34,219.0,229.36,13391046
2025-04-07 00:00:00,CANBK,83.7,87.92,83.7,87.1,29326338
2025-04-07 00:00:00,FEDERALBNK,188.3,193.32,186.51,190.81,12697165
2025-04-07 00:00:00,HDFCBANK,1762.8,1779.85,1738.2,1757.7,18997725
2025-04-07 00:00:00,ICICIBANK,1295.25,1325.0,1265.0,1287.55,19185012
2025-04-07 00:00:00,IDFCFIRSTB,53.25,56.94,52.46,56.49,71727745
2025-04-07 00:00:00,INDUSINDBK,637.0,678.65,637.0,675.9,9382614
2025-04-07 00:00:00,KOTAKBANK,2018.7,2083.6,2000.8,2037.85,7139049
2025-04-07 00:00:00,PNB,90.98,95.29,90.08,94.92,28484870
2025-04-07 00:00:00,SBIN,730.0,753.7,730.0,746.9,14923235
2025-04-07 00:00:00,UNIONBANK,113.8,119.28,112.52,117.93,13443609
2025-04-07 00:00:00,YESBANK,16.21,16.93,16.16,16.85,122495456
2025-04-08 00:00:00,AUBANK,550.0,552.5,543.05,545.6,1450103
2025-04-08 00:00:00,AXISBANK,1061.0,1084.95,1060.3,1077.85,8723357
2025-04-08 00:00:00,BANDHANBNK,148.0,150.99,148.0,150.0,5022455
2025-04-08 00:00:00,BANKBARODA,232.0,236.6,231.13,235.84,9329948
2025-04-08 00:00:00,CANBK,89.0,89.84,87.6,89.43,21516232
2025-04-08 00:00:00,FEDERALBNK,193.94,194.64,189.7,190.53,8769895
2025-04-08 00:00:00,HDFCBANK,1765.0,1782.0,1750.3,1769.15,17781936
2025-04-08 00:00:00,ICICIBANK,1299.85,1310.05,1287.35,1299.9,13085762
2025-04-08 00:00:00,IDFCFIRSTB,57.65,58.37,56.56,57.9,36894087
2025-04-08 00:00:00,INDUSINDBK,684.9,695.9,673.0,679.65,5639989
2025-04-08 00:00:00,KOTAKBANK,2062.45,2079.9,2038.0,2055.15,4094339
2025-04-08 00:00:00,PNB,96.5,97.57,94.96,96.91,22062343
2025-04-08 00:00:00,SBIN,760.0,774.0,758.15,768.6,12911288
2025-04-08 00:00:00,UNIONBANK,122.49,122.56,117.96,120.84,12048353
2025-04-08 00:00:00,YESBANK,17.05,17.35,16.9,17.17,81632731
2025-04-09 00:00:00,AUBANK,548.0,557.85,540.0,554.3,1862435
2025-04-09 00:00:00,AXISBANK,1073.1,1081.85,1058.0,1061.65,6690201
2025-04-09 00:00:00,BANDHANBNK,153.5,153.5,143.28,146.86,8752215
2025-04-09 00:00:00,BANKBARODA,235.0,235.88,229.05,230.21,9003748
2025-04-09 00:00:00,CANBK,89.66,90.2,87.15,88.42,21829542
2025-04-09 00:00:00,FEDERALBNK,190.5,191.95,186.92,189.96,6819642
2025-04-09 00:00:00,HDFCBANK,1765.0,1775.0,1753.5,1765.0,11227304
2025-04-09 00:00:00,ICICIBANK,1304.95,1305.1,1284.5,1300.8,13005622
2025-04-09 00:00:00,IDFCFIRSTB,57.56,59.54,57.32,59.25,34043306
2025-04-09 00:00:00,INDUSINDBK,679.65,683.3,670.25,678.55,4243562
2025-04-09 00:00:00,KOTAKBANK,2054.0,2065.0,2042.1,2052.7,3919578
2025-04-09 00:00:00,PNB,96.7,97.07,94.55,95.76,17823534
2025-04-09 00:00:00,SBIN,767.0,767.95,741.0,742.2,11319387
2025-04-09 00:00:00,UNIONBANK,120.75,121.44,115.5,116.75,10608142
2025-04-09 00:00:00,YESBANK,17.14,17.3,16.9,17.16,69547580
2025-04-11 00:00:00,AUBANK,560.0,564.85,550.85,557.1,2454627
2025-04-11 00:00:00,AXISBANK,1063.3,1072.7,1057.55,1068.95,8144072
2025-04-11 00:00:00,BANDHANBNK,150.0,150.6,148.01,149.68,4225688
2025-04-11 00:00:00,BANKBARODA,232.52,234.56,230.56,232.5,7672071
2025-04-11 00:00:00,CANBK,89.95,91.4,88.86,90.54,22091340
2025-04-11 00:00:00,FEDERALBNK,192.31,192.95,189.62,190.44,8325890
2025-04-11 00:00:00,HDFCBANK,1774.75,1819.4,1774.75,1806.75,16387883
2025-04-11 00:00:00,ICICIBANK,1305.1,1325.0,1305.1,1311.65,13064247
2025-04-11 00:00:00,IDFCFIRSTB,60.42,60.42,59.33,59.92,30463455
2025-04-11 00:00:00,INDUSINDBK,684.95,694.0,675.5,689.5,5019467
2025-04-11 00:00:00,KOTAKBANK,2065.0,2139.5,2058.5,2111.2,5594689
2025-04-11 00:00:00,PNB,97.4,97.4,95.9,96.08,11396866
2025-04-11 00:00:00,SBIN,759.0,759.7,746.0,753.85,9360327
2025-04-11 00:00:00,UNIONBANK,118.6,120.55,117.35,117.83,9947989
2025-04-11 00:00:00,YESBANK,17.5,17.5,17.11,17.15,52543433
2025-04-15 00:00:00,AUBANK,565.0,579.1,553.25,576.0,3321684
2025-04-15 00:00:00,AXISBANK,1090.0,1117.0,1083.0,1112.8,9320299
2025-04-15 00:00:00,BANDHANBNK,152.0,154.54,150.55,154.07,4280618
2025-04-15 00:00:00,BANKBARODA,236.0,236.09,231.8,234.95,11313564
2025-04-15 00:00:00,CANBK,92.83,92.94,91.28,92.69,31990152
2025-04-15 00:00:00,FEDERALBNK,193.0,193.0,189.0,191.9,7869328
2025-04-15 00:00:00,HDFCBANK,1865.0,1876.8,1855.0,1864.9,24649172
2025-04-15 00:00:00,ICICIBANK,1351.0,1354.3,1336.2,1350.2,15202603
2025-04-15 00:00:00,IDFCFIRSTB,61.01,62.32,60.0,61.93,50904668
2025-04-15 00:00:00,INDUSINDBK,705.0,741.0,693.05,735.9,12452925
2025-04-15 00:00:00,KOTAKBANK,2145.0,2147.0,2099.6,2120.2,5635664
2025-04-15 00:00:00,PNB,98.4,98.4,96.18,96.59,23242204
2025-04-15 00:00:00,SBIN,770.0,770.7,757.1,763.5,7859090
2025-04-15 00:00:00,UNIONBANK,120.12,122.68,119.5,122.4,8748156
2025-04-15 00:00:00,YESBANK,17.49,17.59,17.31,17.52,61294441
2025-04-16 00:00:00,AUBANK,575.95,583.5,566.0,582.35,2741238
2025-04-16 00:00:00,AXISBANK,1122.7,1163.5,1112.6,1161.3,12836428
2025-04-16 00:00:00,BANDHANBNK,154.6,159.29,154.07,158.41,13568380
2025-04-16 00:00:00,BANKBARODA,234.95,241.3,233.38,240.79,10650464
2025-04-16 00:00:00,CANBK,92.97,94.94,92.5,94.7,27215945
2025-04-16 00:00:00,FEDERALBNK,192.69,196.1,191.9,194.92,8520549
2025-04-16 00:00:00,HDFCBANK,1883.8,1883.8,1860.5,1878.0,9568410
2025-04-16 00:00:00,ICICIBANK,1357.0,1359.7,1342.9,1356.4,14039073
2025-04-16 00:00:00,IDFCFIRSTB,62.3,63.48,61.62,63.32,38895887
2025-04-16 00:00:00,INDUSINDBK,747.0,794.4,733.0,788.25,31252589
2025-04-16 00:00:00,KOTAKBANK,2120.0,2151.6,2113.3,2123.4,2899779
2025-04-16 00:00:00,PNB,96.9,99.1,96.41,98.83,29347045
2025-04-16 00:00:00,SBIN,763.5,774.75,760.5,771.75,12536694
2025-04-16 00:00:00,UNIONBANK,122.6,127.65,122.25,127.26,13803591
2025-04-16 00:00:00,YESBANK,17.6,18.05,17.55,17.87,85730443
2025-04-17 00:00:00,AUBANK,582.35,591.3,576.4,586.55,2759263
2025-04-17 00:00:00,AXISBANK,1155.6,1199.2,1153.6,1190.8,13446336
2025-04-17 00:00:00,BANDHANBNK,158.41,159.95,157.51,158.79,6713315
2025-04-17 00:00:00,BANKBARODA,241.05,244.67,241.05,242.81,10250305
2025-04-17 00:00:00,CANBK,94.98,96.6,94.6,96.02,31763625
2025-04-17 00:00:00,FEDERALBNK,194.01,196.2,193.25,194.85,9504482
2025-04-17 00:00:00,HDFCBANK,1882.0,1919.7,1876.7,1906.7,17851542
2025-04-17 00:00:00,ICICIBANK,1362.0,1408.9,1360.1,1406.7,17490424
2025-04-17 00:00:00,IDFCFIRSTB,63.0,64.05,60.66,63.0,120605006
2025-04-17 00:00:00,INDUSINDBK,788.25,801.0,777.3,794.7,13986710
2025-04-17 00:00:00,KOTAKBANK,2115.0,2193.9,2097.7,2188.1,5388632
2025-04-17 00:00:00,PNB,98.78,100.1,98.45,99.5,24865290
2025-04-17 00:00:00,SBIN,772.0,801.0,767.15,797.45,27034818
2025-04-17 00:00:00,UNIONBANK,127.1,127.85,125.15,126.59,8986202
2025-04-17 00:00:00,YESBANK,17.84,18.15,17.72,18.09,99208246
2025-04-21 00:00:00,AUBANK,592.8,641.75,592.0,623.6,9059537
2025-04-21 00:00:00,AXISBANK,1202.0,1238.7,1198.1,1223.0,15166580
2025-04-21 00:00:00,BANDHANBNK,159.35,168.68,159.09,167.94,19552485
2025-04-21 00:00:00,BANKBARODA,243.0,250.65,243.0,249.42,13025589
2025-04-21 00:00:00,CANBK,96.8,99.49,96.5,99.0,27799862
2025-04-21 00:00:00,FEDERALBNK,196.0,202.85,195.1,202.04,16250402
2025-04-21 00:00:00,HDFCBANK,1924.0,1950.7,1910.0,1927.1,17123649
2025-04-21 00:00:00,ICICIBANK,1436.0,1436.0,1404.7,1409.8,16882426
2025-04-21 00:00:00,IDFCFIRSTB,63.85,66.84,63.6,66.64,86917754
2025-04-21 00:00:00,INDUSINDBK,802.0,841.9,798.35,828.2,15639685
2025-04-21 00:00:00,KOTAKBANK,2195.0,2261.2,2175.4,2241.4,4886498
2025-04-21 00:00:00,PNB,100.1,102.89,99.91,102.3,28222350
2025-04-21 00:00:00,SBIN,803.0,824.35,801.4,816.7,16398507
2025-04-21 00:00:00,UNIONBANK,126.59,129.9,126.4,128.64,11910446
2025-04-21 00:00:00,YESBANK,19.14,19.35,18.78,18.82,212102753
2025-04-22 00:00:00,AUBANK,623.8,626.8,610.5,613.8,4335283
2025-04-22 00:00:00,AXISBANK,1230.4,1235.0,1212.1,1216.8,8461710
2025-04-22 00:00:00,BANDHANBNK,167.94,171.5,165.75,168.54,12272511
2025-04-22 00:00:00,BANKBARODA,251.01,257.28,249.79,252.45,15802728
2025-04-22 00:00:00,CANBK,100.11,102.63,99.3,100.66,49276193
2025-04-22 00:00:00,FEDERALBNK,202.7,205.5,200.65,201.64,15722852
2025-04-22 00:00:00,HDFCBANK,1935.0,1970.6,1935.0,1961.7,22980875
2025-04-22 00:00:00,ICICIBANK,1412.8,1418.8,1398.9,1416.5,16135274
2025-04-22 00:00:00,IDFCFIRSTB,67.01,68.11,66.13,67.2,54806476
2025-04-22 00:00:00,INDUSINDBK,790.0,808.0,775.4,787.5,25698945
2025-04-22 00:00:00,KOTAKBANK,2249.0,2301.9,2245.4,2268.8,6732983
2025-04-22 00:00:00,PNB,102.85,104.75,102.66,103.38,31808177
2025-04-22 00:00:00,SBIN,821.15,835.5,814.0,822.4,25117557
2025-04-22 00:00:00,UNIONBANK,130.1,130.8,126.85,127.93,23475105
2025-04-22 00:00:00,YESBANK,18.94,18.99,18.64,18.69,76060910
2025-04-23 00:00:00,AUBANK,620.0,669.9,620.0,665.45,20564151
2025-04-23 00:00:00,AXISBANK,1225.3,1230.0,1194.9,1206.9,9433911
2025-04-23 00:00:00,BANDHANBNK,169.1,171.7,166.25,170.59,11183261
2025-04-23 00:00:00,BANKBARODA,253.8,253.8,247.56,251.47,12117005
2025-04-23 00:00:00,CANBK,101.15,101.3,97.54,99.45,41477808
2025-04-23 00:00:00,FEDERALBNK,202.99,202.99,197.92,199.77,8092835
2025-04-23 00:00:00,HDFCBANK,1978.9,1978.9,1920.5,1923.9,15285321
2025-04-23 00:00:00,ICICIBANK,1429.0,1429.9,1411.3,1424.4,13990764
2025-04-23 00:00:00,IDFCFIRSTB,67.99,69.08,67.01,68.45,63973196
2025-04-23 00:00:00,INDUSINDBK,797.45,805.0,782.0,794.2,10657940
2025-04-23 00:00:00,KOTAKBANK,2285.0,2290.0,2220.0,2227.0,3523879
2025-04-23 00:00:00,PNB,104.2,104.44,101.42,103.01,34299231
2025-04-23 00:00:00,SBIN,826.0,831.0,810.1,813.45,12104382
2025-04-23 00:00:00,UNIONBANK,128.51,129.5,125.1,129.3,22310801
2025-04-23 00:00:00,YESBANK,18.81,18.82,18.16,18.42,89519210
2025-04-24 00:00:00,AUBANK,658.5,694.8,655.6,681.05,11937594
2025-04-24 00:00:00,AXISBANK,1199.1,1220.0,1199.1,1207.1,9078137
2025-04-24 00:00:00,BANDHANBNK,169.98,172.1,169.05,170.73,6493362
2025-04-24 00:00:00,BANKBARODA,250.5,255.79,250.5,252.01,10518406
2025-04-24 00:00:00,CANBK,99.5,100.3,99.0,99.39,27747894
2025-04-24 00:00:00,FEDERALBNK,199.75,204.38,199.29,201.9,16720717
2025-04-24 00:00:00,HDFCBANK,1910.0,1923.9,1905.1,1916.8,12965877
2025-04-24 00:00:00,ICICIBANK,1416.3,1421.2,1398.8,1402.7,15678099
2025-04-24 00:00:00,IDFCFIRSTB,68.4,68.9,67.5,67.65,63643793
2025-04-24 00:00:00,INDUSINDBK,795.0,837.5,793.3,819.75,22577201
2025-04-24 00:00:00,KOTAKBANK,2218.0,2237.9,2213.7,2223.0,4168537
2025-04-24 00:00:00,PNB,102.9,103.92,102.45,102.7,25468633
2025-04-24 00:00:00,SBIN,812.75,819.0,811.15,813.4,12713521
2025-04-24 00:00:00,UNIONBANK,129.29,130.19,127.6,128.52,9411382
2025-04-24 00:00:00,YESBANK,18.4,18.66,18.33,18.43,65182036
2025-04-25 00:00:00,AUBANK,681.0,681.0,662.4,675.15,4093320
2025-04-25 00:00:00,AXISBANK,1177.0,1179.9,1146.0,1166.3,17243807
2025-04-25 00:00:00,BANDHANBNK,170.73,171.76,163.52,165.45,7861418
2025-04-25 00:00:00,BANKBARODA,251.55,253.76,245.01,246.79,12840481
2025-04-25 00:00:00,CANBK,99.4,99.71,96.02,96.53,41413435
2025-04-25 00:00:00,FEDERALBNK,201.8,202.87,195.0,196.49,7977095
2025-04-25 00:00:00,HDFCBANK,1924.8,1933.0,1891.8,1911.2,9250439
2025-04-25 00:00:00,ICICIBANK,1410.0,1414.8,1388.4,1404.8,11705093
2025-04-25 00:00:00,IDFCFIRSTB,67.7,68.0,65.7,66.08,47589266
2025-04-25 00:00:00,INDUSINDBK,822.0,829.0,807.35,822.35,11724192
2025-04-25 00:00:00,KOTAKBANK,2220.0,2233.4,2178.2,2204.4,2136003
2025-04-25 00:00:00,PNB,103.39,103.39,98.53,99.29,31662135
2025-04-25 00:00:00,SBIN,815.0,819.0,787.0,798.65,13131038
2025-04-25 00:00:00,UNIONBANK,128.52,129.45,122.78,124.94,13496266
2025-04-25 00:00:00,YESBANK,18.45,18.54,17.62,17.77,109327218
2025-04-28 00:00:00,AUBANK,673.0,690.0,665.05,688.4,3906817
2025-04-28 00:00:00,AXISBANK,1166.3,1196.0,1164.3,1192.8,5523502
2025-04-28 00:00:00,BANDHANBNK,164.86,166.86,161.76,164.26,10358436
2025-04-28 00:00:00,BANKBARODA,246.79,253.45,246.6,252.55,5675324
2025-04-28 00:00:00,CANBK,96.26,99.0,95.87,98.45,28301422
2025-04-28 00:00:00,FEDERALBNK,197.74,201.0,196.51,199.83,7788146
2025-04-28 00:00:00,HDFCBANK,1911.2,1929.7,1908.4,1920.2,6960246
2025-04-28 00:00:00,ICICIBANK,1405.6,1435.0,1403.8,1428.8,10948561
2025-04-28 00:00:00,IDFCFIRSTB,63.52,66.67,63.11,66.5,64646428
2025-04-28 00:00:00,INDUSINDBK,828.0,841.8,821.05,830.55,6929801
2025-04-28 00:00:00,KOTAKBANK,2197.0,2231.8,2189.4,2225.6,2438178
2025-04-28 00:00:00,PNB,99.29,102.95,99.23,102.17,24194152
2025-04-28 00:00:00,SBIN,798.65,822.8,797.4,817.35,11317611
2025-04-28 00:00:00,UNIONBANK,125.12,129.45,124.56,128.55,8705644
2025-04-28 00:00:00,YESBANK,17.78,18.16,17.71,18.09,73449583
2025-04-29 00:00:00,AUBANK,690.0,713.0,690.0,706.05,5340417
2025-04-29 00:00:00,AXISBANK,1194.0,1210.0,1184.4,1187.3,6074520
2025-04-29 00:00:00,BANDHANBNK,165.5,171.84,165.5,167.9,15769341
2025-04-29 00:00:00,BANKBARODA,254.0,259.44,251.73,253.22,13432236
2025-04-29 00:00:00,CANBK,99.25,101.39,98.8,99.33,47026479
2025-04-29 00:00:00,FEDERALBNK,200.75,205.4,198.85,203.42,11997673
2025-04-29 00:00:00,HDFCBANK,1918.8,1928.8,1900.2,1908.8,9459154
2025-04-29 00:00:00,ICICIBANK,1428.8,1438.3,1422.6,1429.8,10786910
2025-04-29 00:00:00,IDFCFIRSTB,66.5,67.55,65.8,66.93,43968174
2025-04-29 00:00:00,INDUSINDBK,841.95,852.0,828.55,836.95,8769289
2025-04-29 00:00:00,KOTAKBANK,2225.6,2247.0,2198.8,2205.0,3058265
2025-04-29 00:00:00,PNB,103.31,104.95,102.2,102.63,22707240
2025-04-29 00:00:00,SBIN,820.0,829.0,809.0,812.55,11283059
2025-04-29 00:00:00,UNIONBANK,129.75,131.5,127.43,128.37,12465070
2025-04-29 00:00:00,YESBANK,18.25,18.39,17.93,17.99,59829539
2025-04-30 00:00:00,AUBANK,707.0,707.0,675.85,678.6,3436267
2025-04-30 00:00:00,AXISBANK,1185.1,1193.9,1175.0,1185.0,6288257
2025-04-30 00:00:00,BANDHANBNK,167.5,167.84,163.53,165.62,8904205
2025-04-30 00:00:00,BANKBARODA,252.0,252.69,249.05,249.93,8286634
2025-04-30 00:00:00,CANBK,99.0,99.0,96.95,97.45,23757351
2025-04-30 00:00:00,FEDERALBNK,203.6,203.75,196.0,196.68,11619893
2025-04-30 00:00:00,HDFCBANK,1913.0,1936.9,1910.3,1925.0,15968435
2025-04-30 00:00:00,ICICIBANK,1433.0,1433.7,1400.0,1427.0,14192027
2025-04-30 00:00:00,IDFCFIRSTB,66.3,66.34,64.67,64.89,44736979
2025-04-30 00:00:00,INDUSINDBK,820.0,843.1,810.05,838.4,20241775
2025-04-30 00:00:00,KOTAKBANK,2213.9,2231.0,2188.2,2208.1,4622917
2025-04-30 00:00:00,PNB,102.33,102.33,99.55,100.21,14741011
2025-04-30 00:00:00,SBIN,811.5,811.5,784.5,788.65,25635764
2025-04-30 00:00:00,UNIONBANK,128.1,128.1,125.11,125.78,8664857
2025-04-30 00:00:00,YESBANK,17.98,18.03,17.64,17.72,54958582
2025-05-02 00:00:00,AUBANK,680.0,688.45,674.25,676.4,4553653
2025-05-02 00:00:00,AXISBANK,1182.1,1210.5,1180.1,1182.2,6567678
2025-05-02 00:00:00,BANDHANBNK,168.6,173.43,161.15,161.74,25789799
2025-05-02 00:00:00,BANKBARODA,249.5,252.09,246.32,248.61,5637699
2025-05-02 00:00:00,CANBK,97.5,98.97,96.45,96.85,15228120
2025-05-02 00:00:00,FEDERALBNK,195.93,195.93,187.85,189.68,21275247
2025-05-02 00:00:00,HDFCBANK,1929.8,1941.9,1920.0,1925.0,11406024
2025-05-02 00:00:00,ICICIBANK,1426.9,1446.6,1424.6,1432.4,10763492
2025-05-02 00:00:00,IDFCFIRSTB,65.0,66.64,64.95,66.08,33867602
2025-05-02 00:00:00,INDUSINDBK,835.0,863.5,833.1,853.0,9074101
2025-05-02 00:00:00,KOTAKBANK,2204.0,2223.6,2171.2,2185.2,2679156
2025-05-02 00:00:00,PNB,100.21,101.66,99.1,99.72,15935188
2025-05-02 00:00:00,SBIN,790.35,803.4,789.0,800.0,17199386
2025-05-02 00:00:00,UNIONBANK,125.78,127.8,125.1,126.22,5482068
2025-05-02 00:00:00,YESBANK,17.72,17.99,17.63,17.7,55835375
2025-05-05 00:00:00,AUBANK,666.0,683.45,655.5,678.6,11773963
2025-05-05 00:00:00,AXISBANK,1190.0,1190.0,1164.3,1173.2,7236056
2025-05-05 00:00:00,BANDHANBNK,162.01,165.9,161.31,164.4,8016634
2025-05-05 00:00:00,BANKBARODA,248.6,250.79,247.51,249.13,5921479
2025-05-05 00:00:00,CANBK,97.0,97.74,96.65,97.16,13789187
2025-05-05 00:00:00,FEDERALBNK,190.9,192.67,189.92,191.51,6580183
2025-05-05 00:00:00,HDFCBANK,1939.0,1952.0,1932.3,1936.8,7534012
2025-05-05 00:00:00,ICICIBANK,1440.0,1446.8,1426.0,1429.4,4565705
2025-05-05 00:00:00,IDFCFIRSTB,66.39,67.74,66.25,67.02,29460326
2025-05-05 00:00:00,INDUSINDBK,855.0,862.0,840.55,846.75,7875811
2025-05-05 00:00:00,KOTAKBANK,2105.1,2133.8,2058.0,2084.9,8821617
2025-05-05 00:00:00,PNB,99.4,100.57,99.2,99.4,11864456
2025-05-05 00:00:00,SBIN,782.0,799.0,782.0,790.0,23986447
2025-05-05 00:00:00,UNIONBANK,125.05,126.99,125.01,126.21,4539265
2025-05-05 00:00:00,YESBANK,17.7,17.84,17.51,17.73,49326496
2025-05-06 00:00:00,AUBANK,679.5,688.0,668.6,671.75,2322138
2025-05-06 00:00:00,AXISBANK,1178.0,1178.8,1157.7,1161.4,5348267
2025-05-06 00:00:00,BANDHANBNK,164.1,166.0,157.05,157.45,8251307
2025-05-06 00:00:00,BANKBARODA,250.0,251.6,221.6,223.91,53589794
2025-05-06 00:00:00,CANBK,97.5,97.94,91.89,92.38,27373024
2025-05-06 00:00:00,FEDERALBNK,192.1,192.52,186.61,187.29,5927722
2025-05-06 00:00:00,HDFCBANK,1930.0,1940.1,1924.3,1931.7,8745078
2025-05-06 00:00:00,ICICIBANK,1429.0,1433.7,1420.4,1431.6,6301690
2025-05-06 00:00:00,IDFCFIRSTB,66.46,67.35,65.25,65.52,29766355
2025-05-06 00:00:00,INDUSINDBK,846.75,851.25,821.9,831.8,10040705
2025-05-06 00:00:00,KOTAKBANK,2086.0,2091.4,2065.0,2074.0,3405097
2025-05-06 00:00:00,PNB,99.97,100.22,94.01,94.47,27001134
2025-05-06 00:00:00,SBIN,793.95,799.15,771.1,774.1,18869468
2025-05-06 00:00:00,UNIONBANK,126.06,126.24,117.7,118.22,12230597
2025-05-06 00:00:00,YESBANK,19.24,19.44,17.88,17.93,480714088
2025-05-07 00:00:00,AUBANK,665.05,688.5,663.45,687.6,2398908
2025-05-07 00:00:00,AXISBANK,1159.0,1168.6,1152.9,1161.3,4263817
2025-05-07 00:00:00,BANDHANBNK,155.0,159.97,155.0,159.56,6481234
2025-05-07 00:00:00,BANKBARODA,223.91,227.44,221.26,224.5,29513047
2025-05-07 00:00:00,CANBK,91.0,94.33,90.95,93.67,25192657
2025-05-07 00:00:00,FEDERALBNK,183.15,191.66,183.15,191.17,9698741
2025-05-07 00:00:00,HDFCBANK,1934.0,1948.7,1922.4,1945.6,10710389
2025-05-07 00:00:00,ICICIBANK,1425.0,1442.0,1421.0,1435.4,10480453
2025-05-07 00:00:00,IDFCFIRSTB,64.05,67.3,63.95,66.96,58300609
2025-05-07 00:00:00,INDUSINDBK,827.0,842.0,816.1,833.8,9432595
2025-05-07 00:00:00,KOTAKBANK,2063.7,2101.8,2054.5,2094.9,3739456
2025-05-07 00:00:00,PNB,94.2,96.89,92.81,94.25,89567019
2025-05-07 00:00:00,SBIN,765.3,782.4,764.55,776.1,15586266
2025-05-07 00:00:00,UNIONBANK,117.0,122.0,116.85,118.47,12872742
2025-05-07 00:00:00,YESBANK,17.87,18.38,17.73,18.27,140782313
2025-05-08 00:00:00,AUBANK,688.0,711.0,685.9,689.0,3156954
2025-05-08 00:00:00,AXISBANK,1170.0,1179.0,1165.6,1172.2,9912347
2025-05-08 00:00:00,BANDHANBNK,159.66,162.83,156.05,157.19,4495588
2025-05-08 00:00:00,BANKBARODA,225.0,226.64,216.0,217.27,18639419
2025-05-08 00:00:00,CANBK,94.39,98.17,92.93,95.37,78481304
2025-05-08 00:00:00,FEDERALBNK,191.21,192.5,185.85,186.73,5655491
2025-05-08 00:00:00,HDFCBANK,1954.8,1954.8,1919.1,1928.5,17401715
2025-05-08 00:00:00,ICICIBANK,1438.6,1448.9,1426.1,1435.5,15306490
2025-05-08 00:00:00,IDFCFIRSTB,66.61,69.0,66.07,66.42,52980809
2025-05-08 00:00:00,INDUSINDBK,835.0,844.25,816.0,826.8,13290700
2025-05-08 00:00:00,KOTAKBANK,2099.0,2138.7,2094.9,2112.6,6924871
2025-05-08 00:00:00,PNB,95.5,95.8,90.9,91.36,65955601
2025-05-08 00:00:00,SBIN,779.0,786.5,764.0,769.0,14491673
2025-05-08 00:00:00,UNIONBANK,120.0,120.3,114.5,115.58,14324015
2025-05-08 00:00:00,YESBANK,18.35,18.81,18.15,18.23,157515725
2025-05-09 00:00:00,AUBANK,675.0,690.85,671.6,687.0,3087519
2025-05-09 00:00:00,AXISBANK,1160.0,1172.2,1148.5,1151.1,5379571
2025-05-09 00:00:00,BANDHANBNK,154.0,157.95,153.43,156.26,10881017
2025-05-09 00:00:00,BANKBARODA,212.99,220.5,212.55,220.09,14465684
2025-05-09 00:00:00,CANBK,94.01,98.44,93.87,97.64,41029403
2025-05-09 00:00:00,FEDERALBNK,183.6,187.89,183.6,187.38,4820032
2025-05-09 00:00:00,HDFCBANK,1910.1,1919.0,1886.8,1889.7,8594398
2025-05-09 00:00:00,ICICIBANK,1415.2,1419.9,1387.0,1388.9,13491197
2025-05-09 00:00:00,IDFCFIRSTB,65.0,66.96,65.0,66.21,29317280
2025-05-09 00:00:00,INDUSINDBK,805.5,826.45,805.5,818.2,5074137
2025-05-09 00:00:00,KOTAKBANK,2075.0,2120.0,2075.0,2103.1,4654300
2025-05-09 00:00:00,PNB,90.0,92.35,89.45,91.97,35798578
2025-05-09 00:00:00,SBIN,756.5,781.7,755.5,779.25,13578216
2025-05-09 00:00:00,UNIONBANK,115.0,123.48,114.51,122.9,62927788
2025-05-09 00:00:00,YESBANK,17.8,20.37,17.77,20.02,728005767
2025-05-12 00:00:00,AUBANK,705.0,707.65,696.65,703.4,3381357
2025-05-12 00:00:00,AXISBANK,1185.0,1209.0,1175.2,1203.0,7616208
2025-05-12 00:00:00,BANDHANBNK,162.2,165.74,161.7,163.57,7893504
2025-05-12 00:00:00,BANKBARODA,227.0,229.0,224.5,226.85,13866067
2025-05-12 00:00:00,CANBK,100.5,101.45,99.85,100.86,49391352
2025-05-12 00:00:00,FEDERALBNK,191.0,194.9,190.13,194.45,6284131
2025-05-12 00:00:00,HDFCBANK,1917.6,1959.9,1912.3,1957.2,9309486
2025-05-12 00:00:00,ICICIBANK,1409.4,1453.0,1404.0,1448.5,9925445
2025-05-12 00:00:00,IDFCFIRSTB,68.75,69.59,68.02,69.08,35272346
2025-05-12 00:00:00,INDUSINDBK,835.0,838.0,786.0,788.5,14573162
2025-05-12 00:00:00,KOTAKBANK,2134.0,2163.6,2126.1,2145.0,3021874
2025-05-12 00:00:00,PNB,95.5,95.95,94.55,95.78,31855906
2025-05-12 00:00:00,SBIN,799.0,803.9,793.0,801.65,15096824
2025-05-12 00:00:00,UNIONBANK,126.0,128.6,125.9,128.11,19027370
2025-05-12 00:00:00,YESBANK,21.7,21.7,20.3,20.41,527532441
2025-05-13 00:00:00,AUBANK,703.4,706.1,695.9,699.75,1496327
2025-05-13 00:00:00,AXISBANK,1205.2,1214.8,1190.0,1193.6,5569926
2025-05-13 00:00:00,BANDHANBNK,164.05,165.68,162.02,162.38,3972042
2025-05-13 00:00:00,BANKBARODA,226.5,234.18,226.4,232.75,13441966
2025-05-13 00:00:00,CANBK,101.2,105.57,100.82,104.78,59518073
2025-05-13 00:00:00,FEDERALBNK,194.8,198.99,194.01,198.09,6888878
2025-05-13 00:00:00,HDFCBANK,1950.0,1961.7,1920.0,1922.6,12121051
2025-05-13 00:00:00,ICICIBANK,1440.1,1447.9,1427.4,1430.6,12475424
2025-05-13 00:00:00,IDFCFIRSTB,69.0,69.7,68.75,69.0,23069930
2025-05-13 00:00:00,INDUSINDBK,794.0,804.0,769.05,770.1,10848937
2025-05-13 00:00:00,KOTAKBANK,2135.0,2146.1,2101.1,2115.6,4307824
2025-05-13 00:00:00,PNB,95.78,98.31,95.4,97.68,26387953
2025-05-13 00:00:00,SBIN,798.6,807.65,797.2,801.75,13909596
2025-05-13 00:00:00,UNIONBANK,128.11,131.85,127.36,130.77,25555763
2025-05-13 00:00:00,YESBANK,20.5,21.39,20.26,20.87,285354139
2025-05-14 00:00:00,AUBANK,700.0,700.75,688.25,690.5,1922009
2025-05-14 00:00:00,AXISBANK,1195.9,1199.4,1185.9,1195.5,4084921
2025-05-14 00:00:00,BANDHANBNK,163.2,167.8,161.75,167.03,10475557
2025-05-14 00:00:00,BANKBARODA,233.94,235.29,230.35,233.57,7853997
2025-05-14 00:00:00,CANBK,105.6,106.57,104.54,105.67,46744208
2025-05-14 00:00:00,FEDERALBNK,199.0,200.01,196.61,198.23,6176362
2025-05-14 00:00:00,HDFCBANK,1922.1,1930.2,1903.0,1910.6,7722654
2025-05-14 00:00:00,ICICIBANK,1429.9,1440.7,1417.3,1426.2,8026837
2025-05-14 00:00:00,IDFCFIRSTB,69.1,69.59,68.55,69.47,24426755
2025-05-14 00:00:00,INDUSINDBK,775.0,786.4,764.55,781.35,9164606
2025-05-14 00:00:00,KOTAKBANK,2111.0,2119.9,2084.0,2092.4,2137594
2025-05-14 00:00:00,PNB,98.35,98.45,97.2,97.88,17627909
2025-05-14 00:00:00,SBIN,805.75,807.5,796.3,800.7,9281719
2025-05-14 00:00:00,UNIONBANK,131.11,135.16,131.11,134.93,23675242
2025-05-14 00:00:00,YESBANK,21.29,21.29,20.69,20.96,201882995
2025-05-15 00:00:00,AUBANK,691.0,697.2,688.0,690.1,1452358
2025-05-15 00:00:00,AXISBANK,1197.0,1217.0,1185.0,1209.1,6705748
2025-05-15 00:00:00,BANDHANBNK,168.2,169.3,166.53,168.99,7825261
2025-05-15 00:00:00,BANKBARODA,234.5,235.85,232.9,234.38,6356741
2025-05-15 00:00:00,CANBK,106.1,106.25,104.42,105.16,22577353
2025-05-15 00:00:00,FEDERALBNK,199.0,199.74,197.44,198.84,3449592
2025-05-15 00:00:00,HDFCBANK,1913.5,1944.8,1897.0,1933.8,16120729
2025-05-15 00:00:00,ICICIBANK,1425.9,1456.5,1415.5,1450.8,18209264
2025-05-15 00:00:00,IDFCFIRSTB,69.47,69.99,68.88,69.48,19898533
2025-05-15 00:00:00,INDUSINDBK,778.0,782.65,757.85,780.5,7350633
2025-05-15 00:00:00,KOTAKBANK,2085.1,2112.0,2065.4,2106.4,4262359
2025-05-15 00:00:00,PNB,98.35,98.47,97.75,98.32,14979089
2025-05-15 00:00:00,SBIN,804.45,809.45,794.5,807.75,17058854
2025-05-15 00:00:00,UNIONBANK,134.8,134.8,131.78,132.17,14066035
2025-05-15 00:00:00,YESBANK,21.1,21.7,20.96,21.51,264756782
2025-05-16 00:00:00,AUBANK,692.7,693.6,683.05,684.85,723860
2025-05-16 00:00:00,AXISBANK,1206.0,1213.3,1203.2,1208.8,4016269
2025-05-16 00:00:00,BANDHANBNK,168.9,170.89,168.25,170.09,4096530
2025-05-16 00:00:00,BANKBARODA,234.9,238.0,234.82,236.92,5559444
2025-05-16 00:00:00,CANBK,105.5,108.59,105.5,107.76,33164805
2025-05-16 00:00:00,FEDERALBNK,199.5,201.55,198.12,199.03,3753649
2025-05-16 00:00:00,HDFCBANK,1933.8,1943.8,1928.4,1934.7,7934005
2025-05-16 00:00:00,ICICIBANK,1453.3,1458.7,1447.0,1454.0,6439208
2025-05-16 00:00:00,IDFCFIRSTB,69.45,70.17,69.06,69.26,15263099
2025-05-16 00:00:00,INDUSINDBK,750.0,785.5,750.0,780.2,27168178
2025-05-16 00:00:00,KOTAKBANK,2099.9,2114.9,2090.1,2108.2,2057908
2025-05-16 00:00:00,PNB,98.7,99.55,98.55,98.91,15230863
2025-05-16 00:00:00,SBIN,804.0,804.0,791.0,792.1,14733924
2025-05-16 00:00:00,UNIONBANK,132.9,134.08,132.12,133.02,7500019
2025-05-16 00:00:00,YESBANK,21.5,21.95,21.25,21.55,193427371
2025-05-19 00:00:00,AUBANK,688.0,690.5,683.65,686.65,770078
2025-05-19 00:00:00,AXISBANK,1208.0,1219.0,1201.1,1202.8,4550022
2025-05-19 00:00:00,BANDHANBNK,170.09,173.2,169.34,170.55,5815769
2025-05-19 00:00:00,BANKBARODA,237.0,242.8,236.2,239.98,10070720
2025-05-19 00:00:00,CANBK,108.7,109.5,107.76,107.96,26144154
2025-05-19 00:00:00,FEDERALBNK,201.05,203.25,198.94,201.9,8969305
2025-05-19 00:00:00,HDFCBANK,1937.0,1945.0,1931.0,1938.7,5101482
2025-05-19 00:00:00,ICICIBANK,1446.5,1459.7,1443.8,1449.0,6005334
2025-05-19 00:00:00,IDFCFIRSTB,69.2,69.48,68.51,68.66,17398028
2025-05-19 00:00:00,INDUSINDBK,779.9,791.95,770.3,784.05,7193105
2025-05-19 00:00:00,KOTAKBANK,2102.0,2124.0,2100.4,2111.2,1505704
2025-05-19 00:00:00,PNB,99.05,102.9,99.0,100.91,39689793
2025-05-19 00:00:00,SBIN,792.1,801.4,792.1,795.0,10666184
2025-05-19 00:00:00,UNIONBANK,134.35,139.3,132.4,136.97,23666872
2025-05-19 00:00:00,YESBANK,21.56,21.68,21.15,21.2,146527941
2025-05-20 00:00:00,AUBANK,689.9,695.1,684.0,687.5,1676816
2025-05-20 00:00:00,AXISBANK,1208.0,1210.7,1192.9,1195.8,4724482
2025-05-20 00:00:00,BANDHANBNK,171.0,171.58,164.31,164.9,5860707
2025-05-20 00:00:00,BANKBARODA,241.98,242.7,235.72,236.43,11889209
2025-05-20 00:00:00,CANBK,108.88,109.05,106.57,107.04,24579486
2025-05-20 00:00:00,FEDERALBNK,202.1,202.89,197.78,198.16,8802803
2025-05-20 00:00:00,HDFCBANK,1928.1,1934.6,1913.0,1914.9,11939545
2025-05-20 00:00:00,ICICIBANK,1450.2,1459.0,1435.5,1438.2,11352383
2025-05-20 00:00:00,IDFCFIRSTB,68.55,68.85,66.91,67.18,16246677
2025-05-20 00:00:00,INDUSINDBK,785.0,799.7,780.05,782.25,6637953
2025-05-20 00:00:00,KOTAKBANK,2114.8,2117.9,2084.7,2090.1,3909098
2025-05-20 00:00:00,PNB,101.9,102.25,100.2,100.49,30343187
2025-05-20 00:00:00,SBIN,798.15,799.4,783.8,785.65,11324667
2025-05-20 00:00:00,UNIONBANK,138.29,140.0,137.53,138.44,27060156
2025-05-20 00:00:00,YESBANK,21.24,21.4,20.78,20.82,116009986
2025-05-21 00:00:00,AUBANK,691.5,693.75,680.7,692.9,1572397
2025-05-21 00:00:00,AXISBANK,1197.1,1204.9,1182.7,1197.8,3712472
2025-05-21 00:00:00,BANDHANBNK,165.99,168.6,163.3,168.22,8270110
2025-05-21 00:00:00,BANKBARODA,237.0,241.7,235.13,241.3,13019580
2025-05-21 00:00:00,CANBK,107.0,108.0,106.01,107.84,20965817
2025-05-21 00:00:00,FEDERALBNK,198.6,201.8,197.3,200.82,8080241
2025-05-21 00:00:00,HDFCBANK,1927.0,1946.9,1921.1,1926.8,7566020
2025-05-21 00:00:00,ICICIBANK,1442.9,1451.3,1438.5,1444.7,5510460
2025-05-21 00:00:00,IDFCFIRSTB,67.1,67.2,65.75,66.67,21212180
2025-05-21 00:00:00,INDUSINDBK,783.0,786.7,761.0,769.95,8134620
2025-05-21 00:00:00,KOTAKBANK,2095.0,2096.3,2060.0,2071.3,2141740
2025-05-21 00:00:00,PNB,100.52,102.13,100.01,101.9,19338345
2025-05-21 00:00:00,SBIN,787.0,791.0,779.1,787.1,8206040
2025-05-21 00:00:00,UNIONBANK,138.3,140.65,137.34,139.46,14748770
2025-05-21 00:00:00,YESBANK,20.83,21.1,20.63,20.98,103111472
2025-05-22 00:00:00,AUBANK,689.6,693.4,682.55,689.15,713271
2025-05-22 00:00:00,AXISBANK,1196.7,1196.7,1177.5,1188.5,4795583
2025-05-22 00:00:00,BANDHANBNK,167.06,167.99,164.35,165.6,7183714
2025-05-22 00:00:00,BANKBARODA,239.89,242.29,238.05,241.23,9266003
2025-05-22 00:00:00,CANBK,107.5,108.48,105.82,106.84,18266891
2025-05-22 00:00:00,FEDERALBNK,201.01,203.37,200.26,201.17,10212588
2025-05-22 00:00:00,HDFCBANK,1915.2,1924.2,1905.2,1919.9,10653335
2025-05-22 00:00:00,ICICIBANK,1441.1,1445.3,1427.8,1442.1,7245933
2025-05-22 00:00:00,IDFCFIRSTB,66.65,67.13,66.21,66.87,14134213
2025-05-22 00:00:00,INDUSINDBK,750.0,796.7,725.8,785.0,43477564
2025-05-22 00:00:00,KOTAKBANK,2074.0,2077.6,2050.7,2065.8,3289328
2025-05-22 00:00:00,PNB,101.79,102.23,99.28,100.37,18817135
2025-05-22 00:00:00,SBIN,788.0,788.2,780.3,785.25,7355826
2025-05-22 00:00:00,UNIONBANK,137.5,140.5,137.5,139.94,11038050
2025-05-22 00:00:00,YESBANK,20.99,21.24,20.78,20.97,84194525
2025-05-23 00:00:00,AUBANK,689.15,699.4,687.0,696.2,1098715
2025-05-23 00:00:00,AXISBANK,1188.5,1213.1,1188.1,1210.1,3676469
2025-05-23 00:00:00,BANDHANBNK,166.4,166.45,164.43,165.46,3239902
2025-05-23 00:00:00,BANKBARODA,241.23,243.9,240.78,243.04,5933979
2025-05-23 00:00:00,CANBK,107.15,107.99,106.41,107.21,16155459
2025-05-23 00:00:00,FEDERALBNK,201.25,204.55,199.87,203.43,8097368
2025-05-23 00:00:00,HDFCBANK,1920.1,1937.0,1914.5,1933.6,4783036
2025-05-23 00:00:00,ICICIBANK,1442.2,1451.8,1434.4,1449.8,5203706
2025-05-23 00:00:00,IDFCFIRSTB,66.87,67.4,66.56,67.09,12682631
2025-05-23 00:00:00,INDUSINDBK,781.1,799.2,777.3,793.4,9260373
2025-05-23 00:00:00,KOTAKBANK,2065.8,2109.3,2065.8,2100.8,1650953
2025-05-23 00:00:00,PNB,100.78,100.86,99.55,100.38,14814597
2025-05-23 00:00:00,SBIN,787.9,794.95,786.2,790.5,5534158
2025-05-23 00:00:00,UNIONBANK,139.5,141.6,139.5,140.43,13812756
2025-05-23 00:00:00,YESBANK,20.98,21.23,20.87,21.15,84046831
2025-05-26 00:00:00,AUBANK,699.0,708.55,692.45,698.9,1125692
2025-05-26 00:00:00,AXISBANK,1216.2,1224.2,1208.7,1215.2,3607612
2025-05-26 00:00:00,BANDHANBNK,165.65,166.68,164.4,165.62,3139994
2025-05-26 00:00:00,BANKBARODA,244.25,245.21,240.8,241.52,5619161
2025-05-26 00:00:00,CANBK,107.4,108.19,106.61,107.48,17383646
2025-05-26 00:00:00,FEDERALBNK,204.2,204.59,200.51,201.9,8540130
2025-05-26 00:00:00,HDFCBANK,1935.0,1949.9,1926.9,1940.2,5401430
2025-05-26 00:00:00,ICICIBANK,1458.0,1471.6,1455.0,1460.6,5608725
2025-05-26 00:00:00,IDFCFIRSTB,67.09,67.5,66.39,66.62,18156503
2025-05-26 00:00:00,INDUSINDBK,793.35,802.0,790.75,800.1,5381797
2025-05-26 00:00:00,KOTAKBANK,2090.1,2112.0,2085.1,2089.3,2040285
2025-05-26 00:00:00,PNB,101.0,101.49,100.2,100.96,13008222
2025-05-26 00:00:00,SBIN,792.0,797.55,789.2,794.4,4965466
2025-05-26 00:00:00,UNIONBANK,140.5,141.55,139.25,140.41,9018108
2025-05-26 00:00:00,YESBANK,21.21,21.22,20.95,20.99,59611150
2025-05-27 00:00:00,AUBANK,710.0,715.0,694.3,701.2,2969182
2025-05-27 00:00:00,AXISBANK,1215.2,1216.7,1190.4,1195.6,7249163
2025-05-27 00:00:00,BANDHANBNK,166.1,170.75,166.1,168.95,10601018
2025-05-27 00:00:00,BANKBARODA,242.29,242.51,237.61,241.51,7621172
2025-05-27 00:00:00,CANBK,107.38,108.59,106.6,108.43,19199151
2025-05-27 00:00:00,FEDERALBNK,202.25,203.4,201.3,202.48,10595637
2025-05-27 00:00:00,HDFCBANK,1931.6,1948.0,1916.3,1926.3,13081074
2025-05-27 00:00:00,ICICIBANK,1452.5,1463.0,1435.7,1446.4,14842959
2025-05-27 00:00:00,IDFCFIRSTB,66.6,68.37,65.95,68.12,22780571
2025-05-27 00:00:00,INDUSINDBK,798.6,827.6,798.0,820.7,10346628
2025-05-27 00:00:00,KOTAKBANK,2090.0,2099.0,2061.2,2077.4,3459940
2025-05-27 00:00:00,PNB,101.2,102.66,100.11,102.02,21239984
2025-05-27 00:00:00,SBIN,794.4,801.35,790.05,793.7,11995043
2025-05-27 00:00:00,UNIONBANK,140.0,141.3,138.9,141.09,8673950
2025-05-27 00:00:00,YESBANK,20.99,21.2,20.87,21.13,79024752
2025-05-28 00:00:00,AUBANK,701.2,709.5,698.2,706.45,2873400
2025-05-28 00:00:00,AXISBANK,1195.6,1202.2,1191.7,1194.7,3525421
2025-05-28 00:00:00,BANDHANBNK,169.0,171.2,168.58,169.21,4767092
2025-05-28 00:00:00,BANKBARODA,242.0,243.5,240.84,243.03,4536627
2025-05-28 00:00:00,CANBK,108.52,111.48,108.48,110.94,29822557
2025-05-28 00:00:00,FEDERALBNK,202.0,202.54,199.8,201.62,13661005
2025-05-28 00:00:00,HDFCBANK,1920.2,1934.5,1917.7,1923.5,9078797
2025-05-28 00:00:00,ICICIBANK,1447.6,1458.0,1442.5,1453.8,8618343
2025-05-28 00:00:00,IDFCFIRSTB,68.49,68.7,67.66,67.99,29126509
2025-05-28 00:00:00,INDUSINDBK,820.5,820.7,802.9,805.15,5308859
2025-05-28 00:00:00,KOTAKBANK,2075.0,2080.4,2063.4,2074.3,1634636
2025-05-28 00:00:00,PNB,102.3,102.6,101.71,102.29,13261838
2025-05-28 00:00:00,SBIN,794.5,798.9,792.65,796.55,6873519
2025-05-28 00:00:00,UNIONBANK,140.11,143.39,140.11,143.02,11359310
2025-05-28 00:00:00,YESBANK,21.13,21.43,21.07,21.11,76178634
2025-05-29 00:00:00,AUBANK,707.0,708.85,695.3,698.25,2742561
2025-05-29 00:00:00,AXISBANK,1200.0,1209.0,1189.0,1201.7,7788068
2025-05-29 00:00:00,BANDHANBNK,170.04,171.9,168.58,170.93,5050916
2025-05-29 00:00:00,BANKBARODA,245.0,245.0,241.2,243.24,9793256
2025-05-29 00:00:00,CANBK,111.9,112.01,109.92,110.73,29174369
2025-05-29 00:00:00,FEDERALBNK,202.5,203.69,199.6,201.09,15221151
2025-05-29 00:00:00,HDFCBANK,1928.0,1940.8,1907.3,1927.5,14458897
2025-05-29 00:00:00,ICICIBANK,1456.6,1462.9,1445.0,1456.5,15545514
2025-05-29 00:00:00,IDFCFIRSTB,68.16,68.45,67.25,67.9,42338882
2025-05-29 00:00:00,INDUSINDBK,805.15,827.0,803.05,824.15,8791159
2025-05-29 00:00:00,KOTAKBANK,2077.3,2096.0,2055.0,2081.6,4987382
2025-05-29 00:00:00,PNB,102.8,103.19,101.51,102.31,20854888
2025-05-29 00:00:00,SBIN,799.0,800.4,791.35,797.35,14034127
2025-05-29 00:00:00,UNIONBANK,143.9,143.99,140.15,141.11,5582187
2025-05-29 00:00:00,YESBANK,21.21,21.36,21.09,21.31,76589813
2025-05-30 00:00:00,AUBANK,698.3,703.95,690.3,693.05,4271143
2025-05-30 00:00:00,AXISBANK,1201.4,1208.8,1189.6,1192.2,9998488
2025-05-30 00:00:00,BANDHANBNK,170.93,171.92,167.1,170.19,6012565
2025-05-30 00:00:00,BANKBARODA,242.71,251.53,242.16,249.55,18896253
2025-05-30 00:00:00,CANBK,111.12,115.32,109.3,114.76,70759040
2025-05-30 00:00:00,FEDERALBNK,201.09,203.2,200.23,202.06,7261954
2025-05-30 00:00:00,HDFCBANK,1931.9,1948.8,1925.4,1944.9,14374039
2025-05-30 00:00:00,ICICIBANK,1459.9,1460.9,1444.3,1445.8,11803975
2025-05-30 00:00:00,IDFCFIRSTB,67.9,68.59,67.4,67.97,45498615
2025-05-30 00:00:00,INDUSINDBK,821.1,823.85,811.0,816.95,5630146
2025-05-30 00:00:00,KOTAKBANK,2081.6,2090.2,2065.5,2074.7,9807728
2025-05-30 00:00:00,PNB,102.71,106.25,101.1,105.82,60718136
2025-05-30 00:00:00,SBIN,798.0,814.5,792.6,812.3,22037314
2025-05-30 00:00:00,UNIONBANK,141.25,147.9,140.47,146.79,31496993
2025-05-30 00:00:00,YESBANK,21.34,21.65,21.02,21.48,156224502
2025-06-02 00:00:00,AUBANK,695.0,721.0,691.9,718.65,6542677
2025-06-02 00:00:00,AXISBANK,1189.8,1200.9,1179.2,1194.4,3761853
2025-06-02 00:00:00,BANDHANBNK,170.54,175.21,169.53,172.75,8629680
2025-06-02 00:00:00,BANKBARODA,251.5,256.25,250.2,254.77,15650468
2025-06-02 00:00:00,CANBK,114.76,117.4,114.3,116.84,47869167
2025-06-02 00:00:00,FEDERALBNK,202.2,207.15,201.71,206.25,12785341
2025-06-02 00:00:00,HDFCBANK,1930.1,1936.0,1908.0,1932.1,7334411
2025-06-02 00:00:00,ICICIBANK,1442.0,1460.0,1432.8,1450.5,9458990
2025-06-02 00:00:00,IDFCFIRSTB,67.97,69.15,67.84,68.69,16427405
2025-06-02 00:00:00,INDUSINDBK,815.0,824.8,809.55,812.7,4094000
2025-06-02 00:00:00,KOTAKBANK,2067.0,2075.8,2051.2,2063.6,2701140
2025-06-02 00:00:00,PNB,106.5,109.2,106.0,108.46,57785074
2025-06-02 00:00:00,SBIN,812.85,822.55,809.2,813.65,26891575
2025-06-02 00:00:00,UNIONBANK,149.0,154.39,148.0,153.17,36376375
2025-06-02 00:00:00,YESBANK,21.4,23.39,21.35,23.28,556213846
2025-06-03 00:00:00,AUBANK,725.0,731.0,716.1,728.3,3563158
2025-06-03 00:00:00,AXISBANK,1195.0,1198.9,1174.9,1181.5,8155665
2025-06-03 00:00:00,BANDHANBNK,173.75,173.95,169.5,170.02,3690601
2025-06-03 00:00:00,BANKBARODA,256.8,257.9,250.7,253.66,17004787
2025-06-03 00:00:00,CANBK,117.99,117.99,114.93,115.91,29821086
2025-06-03 00:00:00,FEDERALBNK,207.11,213.44,207.04,211.3,21745811
2025-06-03 00:00:00,HDFCBANK,1938.0,1952.0,1920.0,1924.6,12188792
2025-06-03 00:00:00,ICICIBANK,1454.9,1455.0,1432.0,1437.9,11167345
2025-06-03 00:00:00,IDFCFIRSTB,68.7,69.02,66.64,66.98,37173312
2025-06-03 00:00:00,INDUSINDBK,818.45,818.45,798.15,800.85,3241313
2025-06-03 00:00:00,KOTAKBANK,2070.0,2075.8,2034.2,2044.5,6463818
2025-06-03 00:00:00,PNB,109.2,109.99,108.0,109.44,48035394
2025-06-03 00:00:00,SBIN,816.2,818.4,805.15,809.8,14247597
2025-06-03 00:00:00,UNIONBANK,153.5,158.65,151.0,151.64,38496702
2025-06-03 00:00:00,YESBANK,22.93,22.93,20.71,20.86,1425654994
2025-06-04 00:00:00,AUBANK,728.0,738.0,720.0,725.2,2257807
2025-06-04 00:00:00,AXISBANK,1181.8,1191.3,1168.6,1171.0,4306355
2025-06-04 00:00:00,BANDHANBNK,169.9,169.95,166.31,169.02,4872596
2025-06-04 00:00:00,BANKBARODA,254.95,256.14,251.81,254.61,8495549
2025-06-04 00:00:00,CANBK,116.25,117.74,114.83,117.32,20540175
2025-06-04 00:00:00,FEDERALBNK,211.3,212.45,207.34,210.97,13731212
2025-06-04 00:00:00,HDFCBANK,1921.0,1943.3,1920.9,1941.2,6480771
2025-06-04 00:00:00,ICICIBANK,1437.4,1440.1,1426.4,1431.0,8025388
2025-06-04 00:00:00,IDFCFIRSTB,67.08,67.55,66.44,67.49,25137565
2025-06-04 00:00:00,INDUSINDBK,807.8,815.45,803.0,814.35,3877545
2025-06-04 00:00:00,KOTAKBANK,2047.1,2058.5,2040.8,2046.3,2331114
2025-06-04 00:00:00,PNB,109.51,111.25,108.65,109.54,46696794
2025-06-04 00:00:00,SBIN,817.0,817.0,805.25,806.5,9607927
2025-06-04 00:00:00,UNIONBANK,152.0,154.12,149.12,153.15,17580356
2025-06-04 00:00:00,YESBANK,21.1,21.36,20.74,21.14,246958946
2025-06-05 00:00:00,AUBANK,730.0,730.0,713.2,720.05,2082775
2025-06-05 00:00:00,AXISBANK,1172.5,1175.5,1157.0,1159.0,10481600
2025-06-05 00:00:00,BANDHANBNK,169.8,170.65,166.52,166.86,6421997
2025-06-05 00:00:00,BANKBARODA,255.0,256.0,248.6,250.64,20759942
2025-06-05 00:00:00,CANBK,117.0,117.65,116.05,116.38,13566631
2025-06-05 00:00:00,FEDERALBNK,211.86,211.86,206.33,207.07,6847718
2025-06-05 00:00:00,HDFCBANK,1948.0,1958.9,1940.2,1949.6,11127709
2025-06-05 00:00:00,ICICIBANK,1430.9,1459.0,1427.3,1454.8,11385668
2025-06-05 00:00:00,IDFCFIRSTB,67.75,67.76,66.49,66.8,25068333
2025-06-05 00:00:00,INDUSINDBK,817.0,818.5,800.3,803.2,3366237
2025-06-05 00:00:00,KOTAKBANK,2054.8,2056.4,2034.2,2039.9,3725332
2025-06-05 00:00:00,PNB,110.12,110.3,108.5,109.02,19273632
2025-06-05 00:00:00,SBIN,808.7,811.7,802.85,806.0,13595507
2025-06-05 00:00:00,UNIONBANK,153.78,154.35,151.38,152.55,8518868
2025-06-05 00:00:00,YESBANK,21.29,21.29,20.89,20.93,117110247
2025-06-06 00:00:00,AUBANK,720.0,755.5,712.3,749.55,4971098
2025-06-06 00:00:00,AXISBANK,1158.9,1201.2,1151.2,1194.6,14715421
2025-06-06 00:00:00,BANDHANBNK,167.05,174.23,166.41,173.55,15836205
2025-06-06 00:00:00,BANKBARODA,243.5,248.85,241.05,246.18,27877160
2025-06-06 00:00:00,CANBK,116.88,118.1,114.05,115.71,49884802
2025-06-06 00:00:00,FEDERALBNK,207.07,212.51,203.69,207.78,17931531
2025-06-06 00:00:00,HDFCBANK,1944.0,1996.3,1942.7,1978.7,15063504
2025-06-06 00:00:00,ICICIBANK,1448.6,1461.4,1442.1,1459.7,11580994
2025-06-06 00:00:00,IDFCFIRSTB,66.81,72.27,66.59,71.55,121734090
2025-06-06 00:00:00,INDUSINDBK,807.0,845.85,805.0,822.85,10916786
2025-06-06 00:00:00,KOTAKBANK,2043.9,2084.9,2033.8,2073.4,4424324
2025-06-06 00:00:00,PNB,109.39,111.8,108.3,110.18,50759755
2025-06-06 00:00:00,SBIN,806.65,816.45,803.1,813.05,17163935
2025-06-06 00:00:00,UNIONBANK,153.7,155.39,149.48,153.28,22446550
2025-06-06 00:00:00,YESBANK,20.95,21.08,20.78,20.85,112153888
2025-06-09 00:00:00,AUBANK,755.0,782.6,750.25,772.0,7511827
2025-06-09 00:00:00,AXISBANK,1212.5,1224.5,1206.2,1219.9,9138108
2025-06-09 00:00:00,BANDHANBNK,175.3,187.46,174.98,186.24,46611797
2025-06-09 00:00:00,BANKBARODA,248.0,250.18,246.62,248.02,11809052
2025-06-09 00:00:00,CANBK,116.9,119.3,116.55,117.69,34703106
2025-06-09 00:00:00,FEDERALBNK,208.99,213.75,208.01,212.7,9749033
2025-06-09 00:00:00,HDFCBANK,1995.0,1995.0,1975.9,1978.9,6601294
2025-06-09 00:00:00,ICICIBANK,1465.0,1466.8,1433.4,1434.8,11022031
2025-06-09 00:00:00,IDFCFIRSTB,72.5,73.09,71.93,72.31,60883517
2025-06-09 00:00:00,INDUSINDBK,831.25,840.0,821.5,836.65,6894267
2025-06-09 00:00:00,KOTAKBANK,2111.0,2142.4,2090.0,2138.2,5779088
2025-06-09 00:00:00,PNB,111.21,112.89,110.76,112.2,30600259
2025-06-09 00:00:00,SBIN,817.4,824.5,815.7,820.05,12793040
2025-06-09 00:00:00,UNIONBANK,153.94,158.07,153.55,155.39,11992732
2025-06-09 00:00:00,YESBANK,20.97,21.12,20.95,21.02,79444934
2025-06-10 00:00:00,AUBANK,772.5,779.3,760.15,765.4,4063938
2025-06-10 00:00:00,AXISBANK,1224.4,1235.9,1218.4,1232.8,7747558
2025-06-10 00:00:00,BANDHANBNK,186.1,186.1,180.61,181.09,8751699
2025-06-10 00:00:00,BANKBARODA,249.39,249.39,246.02,246.93,6397250
2025-06-10 00:00:00,CANBK,118.4,118.45,117.15,117.76,32755500
2025-06-10 00:00:00,FEDERALBNK,213.1,214.45,210.42,211.01,11160547
2025-06-10 00:00:00,HDFCBANK,1982.8,1982.8,1961.1,1965.3,7766563
2025-06-10 00:00:00,ICICIBANK,1439.0,1441.7,1416.5,1422.9,12905272
2025-06-10 00:00:00,IDFCFIRSTB,72.49,72.65,71.28,71.42,18642346
2025-06-10 00:00:00,INDUSINDBK,838.0,857.35,836.0,845.05,10162134
2025-06-10 00:00:00,KOTAKBANK,2146.7,2172.9,2138.2,2151.1,4915742
2025-06-10 00:00:00,PNB,112.75,112.75,111.2,111.77,22892516
2025-06-10 00:00:00,SBIN,821.0,822.05,814.6,817.05,6560513
2025-06-10 00:00:00,UNIONBANK,155.44,155.87,153.0,154.31,7508565
2025-06-10 00:00:00,YESBANK,21.09,21.09,20.81,20.83,83741142
2025-06-11 00:00:00,AUBANK,766.0,781.75,766.0,773.95,3419378
2025-06-11 00:00:00,AXISBANK,1232.6,1241.8,1228.1,1231.4,4135775
2025-06-11 00:00:00,BANDHANBNK,181.23,182.88,179.25,182.47,11857062
2025-06-11 00:00:00,BANKBARODA,246.0,246.8,242.13,242.59,16318275
2025-06-11 00:00:00,CANBK,119.0,119.0,115.8,117.09,41718080
2025-06-11 00:00:00,FEDERALBNK,211.2,211.49,207.7,208.12,8873836
2025-06-11 00:00:00,HDFCBANK,1967.6,1967.6,1947.0,1950.4,5548197
2025-06-11 00:00:00,ICICIBANK,1421.8,1434.5,1418.6,1431.0,7136877
2025-06-11 00:00:00,IDFCFIRSTB,71.2,72.23,70.91,71.3,13605618
2025-06-11 00:00:00,INDUSINDBK,845.25,851.4,834.45,836.3,2359273
2025-06-11 00:00:00,KOTAKBANK,2149.0,2160.7,2133.0,2145.3,1782061
2025-06-11 00:00:00,PNB,111.77,111.88,109.72,110.3,23164768
2025-06-11 00:00:00,SBIN,817.0,820.6,813.05,815.05,7197825
2025-06-11 00:00:00,UNIONBANK,155.0,155.1,151.4,152.82,8389032
2025-06-11 00:00:00,YESBANK,20.85,21.08,20.68,20.71,87551682
2025-06-12 00:00:00,AUBANK,775.0,785.0,772.2,778.7,2960859
2025-06-12 00:00:00,AXISBANK,1231.0,1237.1,1210.8,1212.9,3461744
2025-06-12 00:00:00,BANDHANBNK,182.47,183.6,176.87,177.68,5124659
2025-06-12 00:00:00,BANKBARODA,243.2,244.2,239.17,240.66,9393665
2025-06-12 00:00:00,CANBK,117.7,117.79,115.1,115.64,33242141
2025-06-12 00:00:00,FEDERALBNK,208.6,208.6,205.87,206.46,4136067
2025-06-12 00:00:00,HDFCBANK,1950.0,1961.0,1935.3,1943.4,8174565
2025-06-12 00:00:00,ICICIBANK,1430.5,1436.5,1420.0,1425.2,7953247
2025-06-12 00:00:00,IDFCFIRSTB,71.3,71.43,70.45,70.85,20500928
2025-06-12 00:00:00,INDUSINDBK,837.0,843.15,826.0,829.9,2742462
2025-06-12 00:00:00,KOTAKBANK,2145.3,2148.8,2122.2,2126.8,2978172
2025-06-12 00:00:00,PNB,110.5,110.85,107.6,108.02,26281617
2025-06-12 00:00:00,SBIN,816.0,816.5,801.2,805.95,13448521
2025-06-12 00:00:00,UNIONBANK,153.47,153.5,150.0,150.5,8903203
2025-06-12 00:00:00,YESBANK,20.71,20.76,20.36,20.42,75498210
2025-06-13 00:00:00,AUBANK,769.95,772.75,757.0,768.6,1774265
2025-06-13 00:00:00,AXISBANK,1198.0,1211.7,1195.6,1205.8,3906868
2025-06-13 00:00:00,BANDHANBNK,172.5,176.89,172.5,175.19,9236889
2025-06-13 00:00:00,BANKBARODA,235.0,240.24,234.81,239.22,7993912
2025-06-13 00:00:00,CANBK,108.49,111.77,107.52,111.46,32522564
2025-06-13 00:00:00,FEDERALBNK,203.5,206.0,203.13,205.3,3620233
2025-06-13 00:00:00,HDFCBANK,1920.0,1933.0,1913.0,1917.6,6058881
2025-06-13 00:00:00,ICICIBANK,1403.6,1421.5,1403.6,1416.1,7573103
2025-06-13 00:00:00,IDFCFIRSTB,69.1,71.0,69.1,70.44,43468185
2025-06-13 00:00:00,INDUSINDBK,819.0,826.8,813.05,816.85,3164561
2025-06-13 00:00:00,KOTAKBANK,2072.0,2122.0,2072.0,2107.4,4467274
2025-06-13 00:00:00,PNB,105.2,107.4,105.2,106.61,16086387
2025-06-13 00:00:00,SBIN,786.25,796.3,786.25,792.35,11377117
2025-06-13 00:00:00,UNIONBANK,145.0,148.61,145.0,146.24,8319533
2025-06-13 00:00:00,YESBANK,20.0,20.29,19.92,20.16,86716463
2025-06-16 00:00:00,AUBANK,768.5,783.5,758.8,781.45,1525817
2025-06-16 00:00:00,AXISBANK,1206.1,1218.0,1196.0,1215.4,5697424
2025-06-16 00:00:00,BANDHANBNK,175.15,178.81,172.0,178.46,7843085
2025-06-16 00:00:00,BANKBARODA,238.5,244.95,236.3,240.62,7304944
2025-06-16 00:00:00,CANBK,110.45,111.75,109.5,111.24,24551800
2025-06-16 00:00:00,FEDERALBNK,205.3,206.0,202.34,205.61,3650155
2025-06-16 00:00:00,HDFCBANK,1924.0,1938.9,1920.1,1935.4,8256873
2025-06-16 00:00:00,ICICIBANK,1416.6,1429.0,1414.2,1426.9,5451137
2025-06-16 00:00:00,IDFCFIRSTB,70.0,71.05,69.22,70.9,18132074
2025-06-16 00:00:00,INDUSINDBK,817.05,824.8,810.25,821.25,2286257
2025-06-16 00:00:00,KOTAKBANK,2107.9,2144.7,2088.8,2139.0,2941596
2025-06-16 00:00:00,PNB,106.5,107.0,104.81,106.79,19801768
2025-06-16 00:00:00,SBIN,792.5,795.4,786.15,792.5,8085001
2025-06-16 00:00:00,UNIONBANK,146.24,147.21,143.32,146.97,7916581
2025-06-16 00:00:00,YESBANK,20.2,20.42,19.87,20.24,127118891
2025-06-17 00:00:00,AUBANK,781.45,783.95,771.3,773.15,1306248
2025-06-17 00:00:00,AXISBANK,1215.4,1227.0,1211.3,1215.1,4492946
2025-06-17 00:00:00,BANDHANBNK,178.32,179.9,174.25,175.01,3903084
2025-06-17 00:00:00,BANKBARODA,240.9,242.78,237.5,238.04,7272466
2025-06-17 00:00:00,CANBK,111.3,112.1,109.0,109.23,14822292
2025-06-17 00:00:00,FEDERALBNK,205.89,207.0,204.13,204.77,9087952
2025-06-17 00:00:00,HDFCBANK,1937.0,1941.6,1919.1,1929.6,8489368
2025-06-17 00:00:00,ICICIBANK,1426.9,1429.8,1417.8,1423.2,6970098
2025-06-17 00:00:00,IDFCFIRSTB,70.89,71.6,69.71,70.15,24435026
2025-06-17 00:00:00,INDUSINDBK,820.0,820.95,806.05,809.15,2343961
2025-06-17 00:00:00,KOTAKBANK,2139.0,2155.8,2130.2,2136.8,3108300
2025-06-17 00:00:00,PNB,107.25,108.42,105.7,105.88,16226787
2025-06-17 00:00:00,SBIN,794.0,798.85,790.55,792.3,7753156
2025-06-17 00:00:00,UNIONBANK,147.11,148.42,144.5,144.96,6045765
2025-06-17 00:00:00,YESBANK,20.24,20.34,19.81,19.94,106940351
2025-06-18 00:00:00,AUBANK,773.15,798.5,765.0,794.5,3708945
2025-06-18 00:00:00,AXISBANK,1209.8,1223.3,1203.9,1221.0,3135662
2025-06-18 00:00:00,BANDHANBNK,175.99,181.67,175.57,180.75,17600866
2025-06-18 00:00:00,BANKBARODA,238.04,239.63,235.59,236.51,6655986
2025-06-18 00:00:00,CANBK,109.23,109.85,107.94,108.22,11798762
2025-06-18 00:00:00,FEDERALBNK,204.77,208.4,204.6,207.08,7999769
2025-06-18 00:00:00,HDFCBANK,1917.0,1936.3,1917.0,1933.9,9216908
2025-06-18 00:00:00,ICICIBANK,1417.0,1432.0,1410.2,1412.6,6751745
2025-06-18 00:00:00,IDFCFIRSTB,70.58,71.48,69.7,70.78,21216968
2025-06-18 00:00:00,INDUSINDBK,818.05,855.5,815.55,850.5,20826809
2025-06-18 00:00:00,KOTAKBANK,2125.0,2137.4,2108.7,2132.4,3900651
2025-06-18 00:00:00,PNB,105.88,106.49,105.0,105.48,15465092
2025-06-18 00:00:00,SBIN,792.5,795.5,788.35,791.9,5710169
2025-06-18 00:00:00,UNIONBANK,144.96,145.95,143.33,144.12,6855826
2025-06-18 00:00:00,YESBANK,19.94,20.13,19.74,19.89,70942059
2025-06-19 00:00:00,AUBANK,798.5,808.0,787.75,790.1,4235907
2025-06-19 00:00:00,AXISBANK,1218.0,1227.8,1213.8,1217.5,4243763
2025-06-19 00:00:00,BANDHANBNK,180.67,180.77,177.0,178.25,8791149
2025-06-19 00:00:00,BANKBARODA,236.51,236.99,230.52,231.66,12080316
2025-06-19 00:00:00,CANBK,108.2,108.5,104.6,104.89,25631663
2025-06-19 00:00:00,FEDERALBNK,207.3,209.53,203.26,203.92,10671945
2025-06-19 00:00:00,HDFCBANK,1933.9,1946.8,1925.6,1935.3,8438110
2025-06-19 00:00:00,ICICIBANK,1408.0,1414.7,1404.7,1411.3,8849883
2025-06-19 00:00:00,IDFCFIRSTB,70.77,70.85,69.3,69.71,15558407
2025-06-19 00:00:00,INDUSINDBK,847.0,849.6,835.45,837.5,4363823
2025-06-19 00:00:00,KOTAKBANK,2139.5,2154.7,2133.1,2146.4,3405199
2025-06-19 00:00:00,PNB,105.08,105.88,102.55,102.98,22033703
2025-06-19 00:00:00,SBIN,792.35,793.25,781.7,785.1,11824333
2025-06-19 00:00:00,UNIONBANK,143.2,143.89,138.32,139.68,11149993
2025-06-19 00:00:00,YESBANK,19.89,19.95,19.32,19.41,121108336
2025-06-20 00:00:00,AUBANK,790.1,798.85,784.6,795.35,2109976
2025-06-20 00:00:00,AXISBANK,1217.5,1226.0,1214.2,1220.7,4652390
2025-06-20 00:00:00,BANDHANBNK,177.5,181.2,177.5,180.05,3887013
2025-06-20 00:00:00,BANKBARODA,231.3,236.95,231.3,234.15,8178646
2025-06-20 00:00:00,CANBK,104.89,108.19,104.85,107.22,23310134
2025-06-20 00:00:00,FEDERALBNK,204.75,208.0,203.55,207.51,9350809
2025-06-20 00:00:00,HDFCBANK,1931.6,1969.9,1931.6,1964.7,16450204
2025-06-20 00:00:00,ICICIBANK,1411.3,1433.3,1410.2,1427.1,12408178
2025-06-20 00:00:00,IDFCFIRSTB,69.5,70.4,69.45,70.19,21742816
2025-06-20 00:00:00,INDUSINDBK,835.5,847.75,829.0,840.25,20961217
2025-06-20 00:00:00,KOTAKBANK,2145.0,2176.0,2131.3,2169.8,3372636
2025-06-20 00:00:00,PNB,101.0,104.15,100.52,103.04,27593358
2025-06-20 00:00:00,SBIN,787.5,799.45,786.1,796.15,11367669
2025-06-20 00:00:00,UNIONBANK,139.55,145.3,139.55,143.48,14071542
2025-06-20 00:00:00,YESBANK,19.41,19.82,19.4,19.73,137535775
2025-06-23 00:00:00,AUBANK,797.7,802.0,789.35,796.55,2615512
2025-06-23 00:00:00,AXISBANK,1212.6,1222.9,1205.6,1214.1,2312469
2025-06-23 00:00:00,BANDHANBNK,178.0,180.85,177.44,180.21,6433296
2025-06-23 00:00:00,BANKBARODA,231.99,235.79,231.89,233.85,5706955
2025-06-23 00:00:00,CANBK,106.0,108.33,105.98,107.82,13114898
2025-06-23 00:00:00,FEDERALBNK,205.33,208.4,205.33,206.95,3500913
2025-06-23 00:00:00,HDFCBANK,1948.4,1957.9,1941.8,1948.4,5869759
2025-06-23 00:00:00,ICICIBANK,1417.0,1423.2,1411.9,1420.1,5514384
2025-06-23 00:00:00,IDFCFIRSTB,69.3,71.25,69.3,71.01,23768809
2025-06-23 00:00:00,INDUSINDBK,835.2,845.0,826.5,839.9,3191499
2025-06-23 00:00:00,KOTAKBANK,2158.1,2189.7,2151.2,2184.1,1720614
2025-06-23 00:00:00,PNB,102.09,104.3,102.09,103.91,13950918
2025-06-23 00:00:00,SBIN,790.0,794.95,788.5,790.2,5549253
2025-06-23 00:00:00,UNIONBANK,141.5,144.36,141.5,142.84,5731153
2025-06-23 00:00:00,YESBANK,19.72,19.96,19.62,19.88,84683129
2025-06-24 00:00:00,AUBANK,802.0,805.85,790.65,800.7,1329371
2025-06-24 00:00:00,AXISBANK,1222.9,1238.4,1215.6,1221.2,6745788
2025-06-24 00:00:00,BANDHANBNK,181.51,183.0,179.47,180.22,5708164
2025-06-24 00:00:00,BANKBARODA,236.0,240.6,236.0,237.82,6407993
2025-06-24 00:00:00,CANBK,109.6,111.44,109.31,110.61,25341633
2025-06-24 00:00:00,FEDERALBNK,208.49,209.95,207.4,209.22,4740437
2025-06-24 00:00:00,HDFCBANK,1965.0,1979.0,1955.6,1960.9,11312661
2025-06-24 00:00:00,ICICIBANK,1427.7,1435.9,1416.5,1424.1,11188438
2025-06-24 00:00:00,IDFCFIRSTB,71.5,72.45,71.2,72.02,26953380
2025-06-24 00:00:00,INDUSINDBK,851.0,852.0,823.8,831.95,5482589
2025-06-24 00:00:00,KOTAKBANK,2208.0,2233.6,2191.4,2223.6,5604520
2025-06-24 00:00:00,PNB,105.08,106.62,105.0,105.22,16440497
2025-06-24 00:00:00,SBIN,799.0,806.65,793.65,795.4,11402190
2025-06-24 00:00:00,UNIONBANK,145.0,148.78,144.94,147.09,13483665
2025-06-24 00:00:00,YESBANK,20.06,20.17,19.94,19.97,111385760
2025-06-25 00:00:00,AUBANK,802.0,810.9,794.25,807.05,2237498
2025-06-25 00:00:00,AXISBANK,1226.3,1226.3,1211.0,1213.3,4229259
2025-06-25 00:00:00,BANDHANBNK,179.9,183.1,179.85,181.99,6630845
2025-06-25 00:00:00,BANKBARODA,238.9,240.98,238.0,239.06,4912539
2025-06-25 00:00:00,CANBK,110.85,111.5,110.35,110.71,19878446
2025-06-25 00:00:00,FEDERALBNK,210.0,211.6,209.26,210.4,8025612
2025-06-25 00:00:00,HDFCBANK,1966.0,1982.0,1963.9,1980.2,9202966
2025-06-25 00:00:00,ICICIBANK,1422.0,1428.9,1415.3,1425.8,7527388
2025-06-25 00:00:00,IDFCFIRSTB,72.25,72.5,71.57,72.1,15436515
2025-06-25 00:00:00,INDUSINDBK,834.0,838.8,828.0,829.8,4946637
2025-06-25 00:00:00,KOTAKBANK,2223.0,2223.6,2191.0,2198.3,3575429
2025-06-25 00:00:00,PNB,105.62,106.25,105.14,105.94,12173043
2025-06-25 00:00:00,SBIN,799.5,803.8,796.1,800.05,6528324
2025-06-25 00:00:00,UNIONBANK,146.5,147.3,143.92,144.3,10013520
2025-06-25 00:00:00,YESBANK,19.97,20.28,19.97,20.23,102424811
2025-06-26 00:00:00,AUBANK,811.0,824.0,806.15,819.7,5819183
2025-06-26 00:00:00,AXISBANK,1215.2,1239.0,1211.2,1233.5,8678448
2025-06-26 00:00:00,BANDHANBNK,182.0,185.72,181.51,185.06,9133245
2025-06-26 00:00:00,BANKBARODA,239.55,240.0,235.11,239.34,8947066
2025-06-26 00:00:00,CANBK,110.95,111.45,108.7,111.07,21835265
2025-06-26 00:00:00,FEDERALBNK,211.68,211.68,205.76,210.02,12688408
2025-06-26 00:00:00,HDFCBANK,1981.4,2027.1,1980.0,2021.8,25042415
2025-06-26 00:00:00,ICICIBANK,1424.8,1447.5,1421.7,1439.1,13617435
2025-06-26 00:00:00,IDFCFIRSTB,72.15,72.34,71.4,71.9,29699772
2025-06-26 00:00:00,INDUSINDBK,834.9,840.5,824.5,836.1,4451922
2025-06-26 00:00:00,KOTAKBANK,2202.4,2210.0,2180.0,2203.9,5670127
2025-06-26 00:00:00,PNB,106.0,106.54,104.9,106.25,15388837
2025-06-26 00:00:00,SBIN,802.0,803.35,791.4,797.05,24704402
2025-06-26 00:00:00,UNIONBANK,145.8,148.5,144.26,148.12,10113786
2025-06-26 00:00:00,YESBANK,20.26,20.31,20.02,20.08,89018955
2025-06-27 00:00:00,AUBANK,821.0,821.0,803.65,809.0,4459909
2025-06-27 00:00:00,AXISBANK,1236.9,1247.0,1220.4,1225.1,6068274
2025-06-27 00:00:00,BANDHANBNK,185.02,187.29,183.6,185.61,10460222
2025-06-27 00:00:00,BANKBARODA,239.0,245.09,239.0,241.33,16042284
2025-06-27 00:00:00,CANBK,111.49,113.0,110.67,110.98,34489264
2025-06-27 00:00:00,FEDERALBNK,210.98,210.98,207.28,208.39,31963885
2025-06-27 00:00:00,HDFCBANK,2013.0,2019.8,1993.4,2014.9,14106692
2025-06-27 00:00:00,ICICIBANK,1438.9,1466.0,1437.1,1462.2,22532899
2025-06-27 00:00:00,IDFCFIRSTB,72.0,73.16,71.68,72.36,32534083
2025-06-27 00:00:00,INDUSINDBK,836.0,881.0,831.5,857.7,12647856
2025-06-27 00:00:00,KOTAKBANK,2210.0,2217.3,2182.6,2207.9,9649439
2025-06-27 00:00:00,PNB,107.0,108.49,106.13,106.34,34112048
2025-06-27 00:00:00,SBIN,805.0,809.45,802.65,805.4,19375990
2025-06-27 00:00:00,UNIONBANK,148.5,151.9,147.64,149.06,14926048
2025-06-27 00:00:00,YESBANK,20.1,20.49,20.1,20.18,105112009
2025-06-30 00:00:00,AUBANK,813.8,822.25,808.8,817.5,2397545
2025-06-30 00:00:00,AXISBANK,1228.9,1236.0,1193.1,1199.2,6559872
2025-06-30 00:00:00,BANDHANBNK,186.01,192.48,185.31,189.64,11427314
2025-06-30 00:00:00,BANKBARODA,242.45,249.68,242.31,248.78,19051358
2025-06-30 00:00:00,CANBK,111.56,114.61,111.47,114.2,34766391
2025-06-30 00:00:00,FEDERALBNK,211.5,214.4,210.01,213.12,13990271
2025-06-30 00:00:00,HDFCBANK,2011.5,2013.8,1995.5,2001.5,6824510
2025-06-30 00:00:00,ICICIBANK,1461.8,1461.9,1442.3,1445.8,6325073
2025-06-30 00:00:00,IDFCFIRSTB,72.38,73.35,72.21,72.84,18465058
2025-06-30 00:00:00,INDUSINDBK,864.75,875.75,857.7,872.1,4353159
2025-06-30 00:00:00,KOTAKBANK,2207.9,2209.0,2154.5,2163.5,3727657
2025-06-30 00:00:00,PNB,107.07,110.65,106.7,110.5,46860515
2025-06-30 00:00:00,SBIN,809.0,821.0,807.05,820.35,19652607
2025-06-30 00:00:00,UNIONBANK,149.94,155.0,149.51,153.6,21423582
2025-06-30 00:00:00,YESBANK,20.22,20.6,20.21,20.34,96513607
2025-07-01 00:00:00,AUBANK,820.0,840.0,820.0,838.35,3760593
2025-07-01 00:00:00,AXISBANK,1202.0,1202.0,1167.0,1173.3,8702198
2025-07-01 00:00:00,BANDHANBNK,190.03,190.51,185.68,187.19,8174988
2025-07-01 00:00:00,BANKBARODA,248.79,249.39,243.52,247.54,12791194
2025-07-01 00:00:00,CANBK,114.45,116.0,112.62,115.42,30511659
2025-07-01 00:00:00,FEDERALBNK,214.35,219.45,211.6,218.72,16637063
2025-07-01 00:00:00,HDFCBANK,2005.0,2016.0,2004.0,2012.1,7194693
2025-07-01 00:00:00,ICICIBANK,1445.7,1447.6,1429.6,1432.0,7761449
2025-07-01 00:00:00,IDFCFIRSTB,73.25,77.39,73.25,77.24,129486596
2025-07-01 00:00:00,INDUSINDBK,870.1,892.8,866.05,879.1,5729474
2025-07-01 00:00:00,KOTAKBANK,2163.5,2186.5,2159.3,2183.6,4025754
2025-07-01 00:00:00,PNB,110.65,113.49,109.31,113.07,45219119
2025-07-01 00:00:00,SBIN,820.0,824.9,813.25,820.3,11456405
2025-07-01 00:00:00,UNIONBANK,153.41,155.4,150.65,154.64,16061426
2025-07-01 00:00:00,YESBANK,20.4,20.48,20.15,20.43,79199190
2025-07-02 00:00:00,AUBANK,840.0,841.0,816.0,818.25,2504958
2025-07-02 00:00:00,AXISBANK,1180.0,1181.9,1172.0,1175.3,5471100
2025-07-02 00:00:00,BANDHANBNK,190.25,190.9,187.09,187.88,11547245
2025-07-02 00:00:00,BANKBARODA,247.78,247.78,242.0,243.05,16461168
2025-07-02 00:00:00,CANBK,114.7,115.86,113.42,114.23,20734163
2025-07-02 00:00:00,FEDERALBNK,220.0,220.0,216.17,217.75,11463228
2025-07-02 00:00:00,HDFCBANK,2019.9,2019.9,1977.9,1986.0,9439125
2025-07-02 00:00:00,ICICIBANK,1432.2,1451.0,1422.6,1427.8,13372280
2025-07-02 00:00:00,IDFCFIRSTB,77.25,77.55,76.82,77.25,37592039
2025-07-02 00:00:00,INDUSINDBK,875.5,875.5,847.7,857.65,10183147
2025-07-02 00:00:00,KOTAKBANK,2185.0,2197.2,2161.0,2169.1,1876511
2025-07-02 00:00:00,PNB,113.1,114.17,112.4,113.85,33831963
2025-07-02 00:00:00,SBIN,821.0,824.05,809.0,812.9,6661200
2025-07-02 00:00:00,UNIONBANK,154.64,155.9,152.05,153.39,8256586
2025-07-02 00:00:00,YESBANK,20.5,20.5,20.18,20.28,57391538
2025-07-03 00:00:00,AUBANK,820.0,822.1,809.55,811.85,3218187
2025-07-03 00:00:00,AXISBANK,1178.0,1181.0,1168.0,1171.1,6237185
2025-07-03 00:00:00,BANDHANBNK,187.6,188.33,183.04,183.93,7741469
2025-07-03 00:00:00,BANKBARODA,243.9,244.7,241.23,242.32,6572424
2025-07-03 00:00:00,CANBK,114.8,115.0,113.65,114.16,13257229
2025-07-03 00:00:00,FEDERALBNK,217.75,217.95,216.06,216.99,4618576
2025-07-03 00:00:00,HDFCBANK,1994.9,2008.0,1984.3,1987.1,8430253
2025-07-03 00:00:00,ICICIBANK,1432.1,1446.1,1423.7,1425.9,10177738
2025-07-03 00:00:00,IDFCFIRSTB,77.4,77.84,76.95,77.66,33916039
2025-07-03 00:00:00,INDUSINDBK,849.0,866.0,845.55,862.4,3855070
2025-07-03 00:00:00,KOTAKBANK,2139.1,2151.9,2121.9,2126.6,4667399
2025-07-03 00:00:00,PNB,113.01,114.06,109.91,110.23,47921007
2025-07-03 00:00:00,SBIN,813.5,814.5,805.8,807.1,7020403
2025-07-03 00:00:00,UNIONBANK,153.4,154.4,150.36,151.59,7183438
2025-07-03 00:00:00,YESBANK,20.3,20.33,20.12,20.15,55964363
2025-07-04 00:00:00,AUBANK,814.9,820.9,807.0,819.5,880959
2025-07-04 00:00:00,AXISBANK,1174.0,1179.5,1162.0,1177.6,3926186
2025-07-04 00:00:00,BANDHANBNK,180.5,182.44,176.63,179.98,13448770
2025-07-04 00:00:00,BANKBARODA,243.24,243.54,239.25,240.78,11400183
2025-07-04 00:00:00,CANBK,113.56,115.1,113.56,114.37,10569354
2025-07-04 00:00:00,FEDERALBNK,216.99,218.25,214.05,215.32,5120183
2025-07-04 00:00:00,HDFCBANK,1987.1,2003.5,1980.0,1989.3,3931972
2025-07-04 00:00:00,ICICIBANK,1427.0,1444.4,1421.1,1442.8,5066503
2025-07-04 00:00:00,IDFCFIRSTB,78.15,78.45,77.16,77.88,30198806
2025-07-04 00:00:00,INDUSINDBK,857.1,863.9,849.4,856.25,2658812
2025-07-04 00:00:00,KOTAKBANK,2124.0,2137.3,2111.0,2129.8,1686215
2025-07-04 00:00:00,PNB,110.4,111.1,109.86,110.85,14099494
2025-07-04 00:00:00,SBIN,808.75,813.85,804.1,811.85,4319538
2025-07-04 00:00:00,UNIONBANK,151.97,153.7,151.36,153.09,9090399
2025-07-04 00:00:00,YESBANK,20.15,20.2,19.98,20.05,59748051
2025-07-07 00:00:00,AUBANK,819.55,824.45,810.0,813.85,1752800
2025-07-07 00:00:00,AXISBANK,1177.6,1177.6,1167.6,1175.1,5783402
2025-07-07 00:00:00,BANDHANBNK,179.5,180.45,177.01,177.49,3902222
2025-07-07 00:00:00,BANKBARODA,240.9,245.0,240.11,241.09,8397404
2025-07-07 00:00:00,CANBK,114.37,115.8,114.1,114.31,15821152
2025-07-07 00:00:00,FEDERALBNK,215.51,217.2,214.78,215.05,4643396
2025-07-07 00:00:00,HDFCBANK,1989.0,1998.4,1983.8,1987.4,5674713
2025-07-07 00:00:00,ICICIBANK,1437.0,1440.9,1429.6,1435.7,5177477
2025-07-07 00:00:00,IDFCFIRSTB,77.5,78.3,77.22,77.71,26165428
2025-07-07 00:00:00,INDUSINDBK,847.0,866.95,845.2,854.45,3295065
2025-07-07 00:00:00,KOTAKBANK,2130.0,2156.8,2121.8,2149.8,2170585
2025-07-07 00:00:00,PNB,110.85,112.75,110.63,112.51,19932784
2025-07-07 00:00:00,SBIN,811.2,812.65,805.15,806.85,4461783
2025-07-07 00:00:00,UNIONBANK,152.53,154.59,151.45,152.17,7350311
2025-07-07 00:00:00,YESBANK,20.05,20.19,19.98,20.0,49824401
2025-07-08 00:00:00,AUBANK,813.85,821.2,802.0,819.85,2002070
2025-07-08 00:00:00,AXISBANK,1180.0,1180.0,1161.9,1165.4,9973619
2025-07-08 00:00:00,BANDHANBNK,177.55,178.25,173.8,174.7,6386907
2025-07-08 00:00:00,BANKBARODA,242.0,242.27,238.4,239.76,5872650
2025-07-08 00:00:00,CANBK,114.31,114.5,112.89,113.74,12740671
2025-07-08 00:00:00,FEDERALBNK,215.5,215.6,213.03,213.5,5404402
2025-07-08 00:00:00,HDFCBANK,1977.0,2005.0,1977.0,2001.4,7612158
2025-07-08 00:00:00,ICICIBANK,1432.0,1445.0,1430.0,1442.0,5315847
2025-07-08 00:00:00,IDFCFIRSTB,77.71,78.02,77.25,77.86,25588562
2025-07-08 00:00:00,INDUSINDBK,855.0,862.9,848.45,850.3,2344400
2025-07-08 00:00:00,KOTAKBANK,2185.0,2241.5,2176.2,2224.5,7526291
2025-07-08 00:00:00,PNB,112.39,112.85,111.38,112.01,15179741
2025-07-08 00:00:00,SBIN,807.9,813.55,805.35,812.65,5935770
2025-07-08 00:00:00,UNIONBANK,151.65,153.43,148.91,150.25,9262309
2025-07-08 00:00:00,YESBANK,20.03,20.09,19.9,20.0,39857418
2025-07-09 00:00:00,AUBANK,822.5,827.45,817.0,825.75,1513929
2025-07-09 00:00:00,AXISBANK,1160.0,1171.0,1158.6,1164.7,8674795
2025-07-09 00:00:00,BANDHANBNK,175.4,178.5,175.0,178.02,6343187
2025-07-09 00:00:00,BANKBARODA,240.0,242.1,239.39,241.13,5927854
2025-07-09 00:00:00,CANBK,113.6,114.45,113.4,113.96,13519733
2025-07-09 00:00:00,FEDERALBNK,213.61,214.58,212.72,213.89,4586061
2025-07-09 00:00:00,HDFCBANK,2007.0,2013.8,1998.1,2011.2,6930714
2025-07-09 00:00:00,ICICIBANK,1436.2,1438.7,1426.6,1431.9,8827347
2025-07-09 00:00:00,IDFCFIRSTB,78.0,78.0,77.15,77.45,19300752
2025-07-09 00:00:00,INDUSINDBK,851.75,854.9,839.55,840.75,2406142
2025-07-09 00:00:00,KOTAKBANK,2217.0,2234.1,2214.0,2229.3,2020902
2025-07-09 00:00:00,PNB,111.8,112.7,110.8,111.0,13299578
2025-07-09 00:00:00,SBIN,810.0,812.45,809.0,810.95,4099112
2025-07-09 00:00:00,UNIONBANK,147.85,147.85,141.54,144.59,30348078
2025-07-09 00:00:00,YESBANK,20.01,20.11,19.86,19.91,44640150
2025-07-10 00:00:00,AUBANK,825.8,829.55,821.0,828.2,988688
2025-07-10 00:00:00,AXISBANK,1170.1,1176.6,1163.0,1164.3,4339755
2025-07-10 00:00:00,BANDHANBNK,178.05,179.17,177.07,178.26,5182308
2025-07-10 00:00:00,BANKBARODA,241.0,241.9,238.3,238.84,4169988
2025-07-10 00:00:00,CANBK,113.95,114.5,111.7,112.39,16076230
2025-07-10 00:00:00,FEDERALBNK,213.15,214.68,210.2,210.98,3952305
2025-07-10 00:00:00,HDFCBANK,2016.0,2017.0,2000.0,2006.2,8515155
2025-07-10 00:00:00,ICICIBANK,1436.8,1439.0,1422.1,1424.1,7795964
2025-07-10 00:00:00,IDFCFIRSTB,77.8,78.04,76.3,76.63,25762507
2025-07-10 00:00:00,INDUSINDBK,845.0,855.7,840.95,852.85,2560806
2025-07-10 00:00:00,KOTAKBANK,2229.1,2242.7,2186.9,2203.8,5721813
2025-07-10 00:00:00,PNB,111.3,111.5,109.25,109.76,9936541
2025-07-10 00:00:00,SBIN,811.3,815.5,806.9,808.0,12178137
2025-07-10 00:00:00,UNIONBANK,145.0,145.59,143.28,143.86,7844092
2025-07-10 00:00:00,YESBANK,19.95,19.99,19.76,19.81,43768292
2025-07-11 00:00:00,AUBANK,828.3,832.75,817.05,821.0,1767939
2025-07-11 00:00:00,AXISBANK,1162.0,1175.9,1160.6,1173.8,4468654
2025-07-11 00:00:00,BANDHANBNK,178.24,179.7,174.85,175.59,3536016
2025-07-11 00:00:00,BANKBARODA,238.0,240.47,236.01,237.44,6155645
2025-07-11 00:00:00,CANBK,112.38,113.49,111.21,111.92,13374647
2025-07-11 00:00:00,FEDERALBNK,210.98,211.8,206.76,207.38,4009049
2025-07-11 00:00:00,HDFCBANK,1998.0,2004.8,1980.9,1983.7,6258461
2025-07-11 00:00:00,ICICIBANK,1422.0,1428.0,1414.6,1421.9,7158015
2025-07-11 00:00:00,IDFCFIRSTB,76.59,76.69,74.75,75.23,16515100
2025-07-11 00:00:00,INDUSINDBK,852.0,867.7,849.6,858.85,3849544
2025-07-11 00:00:00,KOTAKBANK,2201.8,2225.0,2198.6,2220.6,2679166
2025-07-11 00:00:00,PNB,109.74,111.1,108.65,110.21,23104885
2025-07-11 00:00:00,SBIN,807.55,812.55,804.55,808.65,6202372
2025-07-11 00:00:00,UNIONBANK,143.86,145.86,142.9,143.74,9203997
2025-07-11 00:00:00,YESBANK,19.81,19.95,19.61,19.66,43213838
2025-07-14 00:00:00,AUBANK,805.3,814.75,797.15,804.95,2464428
2025-07-14 00:00:00,AXISBANK,1179.0,1179.9,1163.0,1172.7,4772502
2025-07-14 00:00:00,BANDHANBNK,175.0,177.14,174.38,175.14,2551186
2025-07-14 00:00:00,BANKBARODA,237.44,241.8,236.44,240.92,5818162
2025-07-14 00:00:00,CANBK,111.99,115.3,111.9,113.67,27221603
2025-07-14 00:00:00,FEDERALBNK,207.0,211.4,206.39,210.57,5690671
2025-07-14 00:00:00,HDFCBANK,1983.0,1988.7,1970.6,1983.0,6544425
2025-07-14 00:00:00,ICICIBANK,1424.9,1424.9,1416.1,1423.0,5846154
2025-07-14 00:00:00,IDFCFIRSTB,75.2,76.35,72.6,74.27,33762394
2025-07-14 00:00:00,INDUSINDBK,858.8,873.5,857.45,867.6,3605770
2025-07-14 00:00:00,KOTAKBANK,2223.9,2227.0,2197.3,2203.8,2395337
2025-07-14 00:00:00,PNB,110.42,112.45,110.15,110.72,17983635
2025-07-14 00:00:00,SBIN,809.8,815.5,808.0,808.85,6938635
2025-07-14 00:00:00,UNIONBANK,143.82,147.43,143.82,147.01,16965783
2025-07-14 00:00:00,YESBANK,19.66,20.06,19.55,19.99,81039620
2025-07-15 00:00:00,AUBANK,804.0,820.8,801.1,810.05,2159391
2025-07-15 00:00:00,AXISBANK,1174.0,1179.0,1162.3,1165.9,4776756
2025-07-15 00:00:00,BANDHANBNK,175.26,182.0,175.26,180.15,15063755
2025-07-15 00:00:00,BANKBARODA,241.1,245.29,240.74,244.32,7854584
2025-07-15 00:00:00,CANBK,113.79,115.8,113.63,114.87,25377145
2025-07-15 00:00:00,FEDERALBNK,211.0,212.78,210.2,211.67,5149486
2025-07-15 00:00:00,HDFCBANK,1973.0,2003.6,1973.0,1995.5,7249084
2025-07-15 00:00:00,ICICIBANK,1421.1,1433.8,1419.0,1430.8,6041457
2025-07-15 00:00:00,IDFCFIRSTB,74.15,74.76,72.7,72.93,29258552
2025-07-15 00:00:00,INDUSINDBK,871.0,886.75,869.65,881.0,3532750
2025-07-15 00:00:00,KOTAKBANK,2210.0,2233.6,2181.9,2188.1,2974143
2025-07-15 00:00:00,PNB,110.83,113.13,110.75,112.24,20906645
2025-07-15 00:00:00,SBIN,811.0,821.0,810.5,816.45,9297645
2025-07-15 00:00:00,UNIONBANK,147.01,147.98,145.72,146.23,9051503
2025-07-15 00:00:00,YESBANK,20.09,20.65,19.98,20.46,155046810
2025-07-16 00:00:00,AUBANK,812.05,814.55,795.2,797.75,1599610
2025-07-16 00:00:00,AXISBANK,1164.9,1174.0,1157.1,1168.4,4388279
2025-07-16 00:00:00,BANDHANBNK,179.5,184.25,179.06,183.68,14744475
2025-07-16 00:00:00,BANKBARODA,243.1,250.5,243.1,249.08,13157847
2025-07-16 00:00:00,CANBK,114.85,117.35,114.61,117.03,40471492
2025-07-16 00:00:00,FEDERALBNK,211.67,215.4,211.67,214.69,8125748
2025-07-16 00:00:00,HDFCBANK,2018.0,2022.7,1992.6,1996.3,8997306
2025-07-16 00:00:00,ICICIBANK,1426.0,1429.2,1419.1,1426.4,5649093
2025-07-16 00:00:00,IDFCFIRSTB,73.0,74.48,73.0,73.86,18913170
2025-07-16 00:00:00,INDUSINDBK,876.0,888.95,876.0,879.75,2863446
2025-07-16 00:00:00,KOTAKBANK,2184.1,2190.0,2156.0,2179.4,2287703
2025-07-16 00:00:00,PNB,112.37,115.71,111.86,114.97,38340707
2025-07-16 00:00:00,SBIN,816.0,834.2,815.3,831.7,16458920
2025-07-16 00:00:00,UNIONBANK,146.95,149.6,146.12,148.34,13996500
2025-07-16 00:00:00,YESBANK,20.53,20.56,20.16,20.24,80436508
2025-07-17 00:00:00,AUBANK,797.75,802.5,788.35,796.95,1772879
2025-07-17 00:00:00,AXISBANK,1170.0,1172.9,1154.8,1159.8,5694428
2025-07-17 00:00:00,BANDHANBNK,183.68,185.9,182.4,185.19,6528616
2025-07-17 00:00:00,BANKBARODA,250.05,250.57,245.5,246.52,6291020
2025-07-17 00:00:00,CANBK,117.5,117.5,114.91,115.53,15765452
2025-07-17 00:00:00,FEDERALBNK,214.67,216.8,211.97,212.59,5632702
2025-07-17 00:00:00,HDFCBANK,2004.0,2004.8,1982.7,1986.9,11264579
2025-07-17 00:00:00,ICICIBANK,1421.0,1423.2,1409.5,1418.7,12927394
2025-07-17 00:00:00,IDFCFIRSTB,74.0,74.16,73.32,73.48,18737669
2025-07-17 00:00:00,INDUSINDBK,879.75,890.9,862.75,865.1,4185118
2025-07-17 00:00:00,KOTAKBANK,2175.0,2191.7,2166.7,2170.8,2179561
2025-07-17 00:00:00,PNB,115.1,115.6,113.1,113.79,22239170
2025-07-17 00:00:00,SBIN,838.4,842.5,826.35,829.0,23073718
2025-07-17 00:00:00,UNIONBANK,148.7,148.89,144.85,146.31,15581196
2025-07-17 00:00:00,YESBANK,20.26,20.33,20.12,20.14,49121789
2025-07-18 00:00:00,AUBANK,796.95,801.0,786.05,794.9,1502394
2025-07-18 00:00:00,AXISBANK,1090.0,1115.9,1086.0,1099.3,38053695
2025-07-18 00:00:00,BANDHANBNK,184.64,188.15,183.88,187.02,12486141
2025-07-18 00:00:00,BANKBARODA,245.02,247.5,244.0,244.71,5337640
2025-07-18 00:00:00,CANBK,115.5,116.1,114.25,114.45,18085327
2025-07-18 00:00:00,FEDERALBNK,212.58,213.32,211.1,212.47,6478635
2025-07-18 00:00:00,HDFCBANK,1986.9,1997.0,1953.0,1957.4,8064723
2025-07-18 00:00:00,ICICIBANK,1415.8,1429.0,1408.5,1425.8,11297246
2025-07-18 00:00:00,IDFCFIRSTB,73.46,73.72,72.75,73.09,15997903
2025-07-18 00:00:00,INDUSINDBK,866.0,876.45,861.25,870.05,2622714
2025-07-18 00:00:00,KOTAKBANK,2167.6,2168.0,2131.0,2140.5,2566543
2025-07-18 00:00:00,PNB,113.99,114.81,113.1,113.35,15854726
2025-07-18 00:00:00,SBIN,832.0,832.65,820.25,823.35,15387801
2025-07-18 00:00:00,UNIONBANK,146.8,148.6,145.32,146.46,12337028
2025-07-18 00:00:00,YESBANK,20.2,20.25,20.05,20.17,55784919
2025-07-21 00:00:00,AUBANK,770.0,770.0,735.2,752.9,11588986
2025-07-21 00:00:00,AXISBANK,1086.0,1101.5,1071.9,1099.6,15905500
2025-07-21 00:00:00,BANDHANBNK,180.9,184.23,178.7,182.25,16865012
2025-07-21 00:00:00,BANKBARODA,244.21,245.48,240.77,243.39,4973875
2025-07-21 00:00:00,CANBK,114.67,114.7,111.4,112.03,23975731
2025-07-21 00:00:00,FEDERALBNK,212.45,213.5,209.84,212.78,4607473
2025-07-21 00:00:00,HDFCBANK,1978.2,2002.0,1976.5,2000.5,11154539
2025-07-21 00:00:00,ICICIBANK,1448.0,1467.7,1437.0,1465.8,13867136
2025-07-21 00:00:00,IDFCFIRSTB,73.0,74.35,72.41,73.99,18939003
2025-07-21 00:00:00,INDUSINDBK,870.05,870.05,830.6,858.8,6765856
2025-07-21 00:00:00,KOTAKBANK,2138.1,2167.6,2130.2,2165.2,1827099
2025-07-21 00:00:00,PNB,113.5,113.8,111.67,112.6,11198845
2025-07-21 00:00:00,SBIN,823.0,827.35,817.95,824.2,8852594
2025-07-21 00:00:00,UNIONBANK,145.5,145.73,141.0,142.64,21670211
2025-07-21 00:00:00,YESBANK,20.48,20.48,20.1,20.16,126790484
2025-07-22 00:00:00,AUBANK,752.95,753.8,724.25,725.8,4668078
2025-07-22 00:00:00,AXISBANK,1102.0,1110.6,1095.0,1098.0,9999957
2025-07-22 00:00:00,BANDHANBNK,182.3,183.0,178.5,180.94,6625459
2025-07-22 00:00:00,BANKBARODA,243.41,244.22,238.84,239.48,7142245
2025-07-22 00:00:00,CANBK,112.69,112.7,107.71,108.05,42331690
2025-07-22 00:00:00,FEDERALBNK,213.25,214.0,211.61,212.4,5385123
2025-07-22 00:00:00,HDFCBANK,2013.1,2018.0,2003.0,2007.1,7418407
2025-07-22 00:00:00,ICICIBANK,1474.1,1482.0,1469.7,1473.6,8930165
2025-07-22 00:00:00,IDFCFIRSTB,74.0,74.1,72.25,72.44,11850067
2025-07-22 00:00:00,INDUSINDBK,880.0,884.65,841.1,843.2,7686762
2025-07-22 00:00:00,KOTAKBANK,2172.0,2175.0,2145.0,2160.2,1564562
2025-07-22 00:00:00,PNB,113.1,113.1,109.12,109.33,17927369
2025-07-22 00:00:00,SBIN,827.5,828.05,814.0,815.0,7851163
2025-07-22 00:00:00,UNIONBANK,144.45,145.45,142.6,142.93,12875505
2025-07-22 00:00:00,YESBANK,20.24,20.28,19.95,19.99,56424796
2025-07-23 00:00:00,AUBANK,726.2,738.9,721.4,736.75,3208507
2025-07-23 00:00:00,AXISBANK,1099.5,1110.5,1098.1,1104.8,6633979
2025-07-23 00:00:00,BANDHANBNK,181.3,181.79,179.65,181.43,2988640
2025-07-23 00:00:00,BANKBARODA,239.48,243.5,238.44,243.07,4865685
2025-07-23 00:00:00,CANBK,108.05,108.33,106.3,107.8,38208234
2025-07-23 00:00:00,FEDERALBNK,212.49,213.5,211.7,212.81,5401894
2025-07-23 00:00:00,HDFCBANK,2011.0,2029.8,2003.0,2024.3,6817458
2025-07-23 00:00:00,ICICIBANK,1482.9,1490.0,1472.6,1488.6,11974174
2025-07-23 00:00:00,IDFCFIRSTB,72.59,73.2,71.83,72.7,16255180
2025-07-23 00:00:00,INDUSINDBK,849.0,854.0,841.8,851.15,2623940
2025-07-23 00:00:00,KOTAKBANK,2171.0,2179.8,2156.2,2170.4,2790541
2025-07-23 00:00:00,PNB,109.6,110.25,108.18,109.92,15531241
2025-07-23 00:00:00,SBIN,812.5,825.2,811.5,820.65,15470390
2025-07-23 00:00:00,UNIONBANK,143.65,144.1,141.6,143.38,10270092
2025-07-23 00:00:00,YESBANK,20.0,20.05,19.81,19.9,48443347
2025-07-24 00:00:00,AUBANK,736.75,746.55,732.3,745.45,2296317
2025-07-24 00:00:00,AXISBANK,1104.0,1105.0,1089.4,1095.1,9901209
2025-07-24 00:00:00,BANDHANBNK,182.0,184.63,181.2,184.15,6995100
2025-07-24 00:00:00,BANKBARODA,243.07,247.25,239.3,246.86,11426887
2025-07-24 00:00:00,CANBK,108.5,113.99,107.2,113.51,86127146
2025-07-24 00:00:00,FEDERALBNK,212.97,215.18,212.22,212.7,6465529
2025-07-24 00:00:00,HDFCBANK,2037.7,2037.7,2008.4,2014.2,9553588
2025-07-24 00:00:00,ICICIBANK,1487.7,1488.7,1478.1,1483.4,6700578
2025-07-24 00:00:00,IDFCFIRSTB,72.69,73.04,72.33,72.89,14860639
2025-07-24 00:00:00,INDUSINDBK,855.25,860.8,845.0,847.9,2006984
2025-07-24 00:00:00,KOTAKBANK,2165.4,2171.8,2140.0,2142.1,2058400
2025-07-24 00:00:00,PNB,110.34,111.05,108.25,110.67,18292039
2025-07-24 00:00:00,SBIN,820.0,821.95,810.65,815.7,10118309
2025-07-24 00:00:00,UNIONBANK,144.75,145.45,142.63,144.97,12270864
2025-07-24 00:00:00,YESBANK,19.99,20.08,19.43,20.01,94999548
2025-07-25 00:00:00,AUBANK,743.1,747.8,727.45,733.4,1485353
2025-07-25 00:00:00,AXISBANK,1086.1,1101.0,1076.2,1086.1,11779887
2025-07-25 00:00:00,BANDHANBNK,183.0,183.84,176.7,178.19,14316713
2025-07-25 00:00:00,BANKBARODA,246.25,249.0,242.41,243.45,8703652
2025-07-25 00:00:00,CANBK,113.86,115.7,110.5,110.76,41767665
2025-07-25 00:00:00,FEDERALBNK,212.25,213.09,207.25,208.14,6563450
2025-07-25 00:00:00,HDFCBANK,2015.0,2015.0,1999.0,2004.6,4653299
2025-07-25 00:00:00,ICICIBANK,1500.0,1500.0,1473.6,1477.1,8696077
2025-07-25 00:00:00,IDFCFIRSTB,72.59,72.59,70.51,70.7,16659670
2025-07-25 00:00:00,INDUSINDBK,846.4,848.4,821.4,823.7,2805230
2025-07-25 00:00:00,KOTAKBANK,2139.1,2149.9,2118.3,2124.6,1745475
2025-07-25 00:00:00,PNB,110.6,111.35,108.05,108.41,13476837
2025-07-25 00:00:00,SBIN,815.0,819.2,805.5,806.55,6734439
2025-07-25 00:00:00,UNIONBANK,139.8,141.85,135.95,136.22,15840295
2025-07-25 00:00:00,YESBANK,19.95,19.99,19.58,19.6,76975220
2025-07-28 00:00:00,AUBANK,728.5,737.9,725.0,727.35,1906629
2025-07-28 00:00:00,AXISBANK,1080.9,1092.2,1067.4,1073.6,9029557
2025-07-28 00:00:00,BANDHANBNK,178.18,178.97,174.31,175.03,7153824
2025-07-28 00:00:00,BANKBARODA,239.15,247.25,237.78,240.34,11840807
2025-07-28 00:00:00,CANBK,110.7,112.84,109.89,110.41,23234791
2025-07-28 00:00:00,FEDERALBNK,207.9,210.43,205.7,206.0,8456565
2025-07-28 00:00:00,HDFCBANK,2003.0,2021.4,2000.5,2008.5,6029790
2025-07-28 00:00:00,ICICIBANK,1477.1,1493.8,1477.1,1488.4,7507479
2025-07-28 00:00:00,IDFCFIRSTB,69.89,71.55,69.23,70.72,36297662
2025-07-28 00:00:00,INDUSINDBK,825.0,828.75,798.0,802.05,5922408
2025-07-28 00:00:00,KOTAKBANK,2025.3,2055.3,1960.0,1966.6,13824699
2025-07-28 00:00:00,PNB,108.36,109.38,106.53,106.79,13900856
2025-07-28 00:00:00,SBIN,806.55,808.95,796.0,797.15,7734158
2025-07-28 00:00:00,UNIONBANK,136.0,137.05,133.1,133.44,13546810
2025-07-28 00:00:00,YESBANK,19.64,19.81,19.28,19.33,61286631
2025-07-29 00:00:00,AUBANK,727.9,741.8,727.0,739.95,2061754
2025-07-29 00:00:00,AXISBANK,1070.9,1078.7,1055.4,1064.2,15599773
2025-07-29 00:00:00,BANDHANBNK,175.0,176.75,172.3,173.44,6143547
2025-07-29 00:00:00,BANKBARODA,239.2,243.38,239.02,242.26,5783053
2025-07-29 00:00:00,CANBK,110.01,111.39,109.53,110.09,32038885
2025-07-29 00:00:00,FEDERALBNK,205.67,207.1,203.63,205.21,10354388
2025-07-29 00:00:00,HDFCBANK,1999.9,2026.5,1996.3,2021.6,9947848
2025-07-29 00:00:00,ICICIBANK,1479.9,1489.8,1475.4,1486.2,9776027
2025-07-29 00:00:00,IDFCFIRSTB,70.46,71.49,70.21,70.31,16716062
2025-07-29 00:00:00,INDUSINDBK,800.0,818.85,790.0,808.2,16766666
2025-07-29 00:00:00,KOTAKBANK,1967.0,1979.7,1953.0,1972.7,5043934
2025-07-29 00:00:00,PNB,106.25,109.5,106.25,109.29,13189443
2025-07-29 00:00:00,SBIN,796.2,800.0,793.1,799.2,7833759
2025-07-29 00:00:00,UNIONBANK,132.34,133.69,130.93,132.73,15736006
2025-07-29 00:00:00,YESBANK,19.34,19.54,19.31,19.4,56102137
2025-07-30 00:00:00,AUBANK,739.5,754.1,735.0,746.3,3045837
2025-07-30 00:00:00,AXISBANK,1070.5,1080.6,1062.0,1073.3,8247433
2025-07-30 00:00:00,BANDHANBNK,174.23,174.23,167.85,168.27,5407714
2025-07-30 00:00:00,BANKBARODA,242.04,243.9,238.97,239.67,3131598
2025-07-30 00:00:00,CANBK,110.46,110.54,108.1,108.2,23534777
2025-07-30 00:00:00,FEDERALBNK,205.21,205.76,202.76,204.68,5616031
2025-07-30 00:00:00,HDFCBANK,2028.0,2032.6,2017.0,2025.8,7577018
2025-07-30 00:00:00,ICICIBANK,1487.7,1488.5,1477.3,1482.4,7238625
2025-07-30 00:00:00,IDFCFIRSTB,70.31,70.31,69.02,69.24,16071445
2025-07-30 00:00:00,INDUSINDBK,811.0,814.8,795.55,801.9,3218643
2025-07-30 00:00:00,KOTAKBANK,1966.1,1980.9,1957.0,1959.7,3589991
2025-07-30 00:00:00,PNB,109.55,111.15,107.61,108.1,49635403
2025-07-30 00:00:00,SBIN,798.95,803.4,796.2,801.65,8743723
2025-07-30 00:00:00,UNIONBANK,132.82,133.89,130.55,130.76,10561917
2025-07-30 00:00:00,YESBANK,19.44,19.49,19.18,19.22,53521061
2025-07-31 00:00:00,AUBANK,742.75,749.75,736.75,741.5,3573228
2025-07-31 00:00:00,AXISBANK,1066.0,1081.3,1063.9,1068.4,7634413
2025-07-31 00:00:00,BANDHANBNK,167.2,169.71,166.42,168.08,7725352
2025-07-31 00:00:00,BANKBARODA,237.5,240.95,236.5,237.87,5770571
2025-07-31 00:00:00,CANBK,107.05,108.36,106.1,107.25,48203474
2025-07-31 00:00:00,FEDERALBNK,203.0,204.73,201.14,202.43,8617317
2025-07-31 00:00:00,HDFCBANK,2014.6,2031.4,2008.0,2018.2,11091516
2025-07-31 00:00:00,ICICIBANK,1469.9,1494.5,1464.0,1481.4,12406146
2025-07-31 00:00:00,IDFCFIRSTB,68.5,69.62,68.23,68.76,22673335
2025-07-31 00:00:00,INDUSINDBK,795.6,806.0,789.1,798.9,4480429
2025-07-31 00:00:00,KOTAKBANK,1941.2,1998.6,1935.0,1978.6,4303918
2025-07-31 00:00:00,PNB,107.2,107.44,103.92,105.38,42679661
2025-07-31 00:00:00,SBIN,795.1,803.8,792.55,796.55,11359112
2025-07-31 00:00:00,UNIONBANK,129.0,132.6,128.0,130.96,13135375
2025-07-31 00:00:00,YESBANK,19.1,19.12,18.84,18.92,93683521
2025-08-01 00:00:00,AUBANK,741.5,751.45,739.05,741.05,2251668
2025-08-01 00:00:00,AXISBANK,1065.0,1070.9,1060.0,1062.4,5545447
2025-08-01 00:00:00,BANDHANBNK,168.0,168.58,163.0,163.42,3579216
2025-08-01 00:00:00,BANKBARODA,237.74,238.61,234.55,235.13,4770791
2025-08-01 00:00:00,CANBK,107.25,107.4,105.75,105.89,13286442
2025-08-01 00:00:00,FEDERALBNK,202.68,202.92,194.41,196.06,10948324
2025-08-01 00:00:00,HDFCBANK,2014.0,2028.3,2009.3,2012.2,5658629
2025-08-01 00:00:00,ICICIBANK,1480.4,1485.1,1469.8,1471.6,4416771
2025-08-01 00:00:00,IDFCFIRSTB,68.9,68.95,67.46,67.58,13817940
2025-08-01 00:00:00,INDUSINDBK,792.5,798.65,779.7,783.7,4739250
2025-08-01 00:00:00,KOTAKBANK,1983.0,2007.0,1972.1,1992.4,2672373
2025-08-01 00:00:00,PNB,105.3,105.38,103.0,103.18,15311997
2025-08-01 00:00:00,SBIN,795.7,801.0,792.0,794.0,15468391
2025-08-01 00:00:00,UNIONBANK,130.96,131.45,127.8,128.1,9784214
2025-08-01 00:00:00,YESBANK,18.92,18.99,18.55,18.6,58206240
2025-08-04 00:00:00,AUBANK,741.05,755.85,740.0,752.25,2681209
2025-08-04 00:00:00,AXISBANK,1064.4,1070.0,1059.0,1068.6,4465845
2025-08-04 00:00:00,BANDHANBNK,164.06,168.65,163.1,168.03,5156068
2025-08-04 00:00:00,BANKBARODA,235.16,241.9,235.16,241.17,5286235
2025-08-04 00:00:00,CANBK,106.0,107.94,106.0,107.75,21300202
2025-08-04 00:00:00,FEDERALBNK,185.8,197.04,185.11,196.46,39513112
2025-08-04 00:00:00,HDFCBANK,2010.1,2018.5,1988.1,1992.0,6966973
2025-08-04 00:00:00,ICICIBANK,1476.8,1478.8,1461.3,1463.2,6140054
2025-08-04 00:00:00,IDFCFIRSTB,67.58,69.46,67.3,69.33,16448393
2025-08-04 00:00:00,INDUSINDBK,783.0,805.6,781.0,804.05,2980888
2025-08-04 00:00:00,KOTAKBANK,1987.0,2007.0,1982.1,1997.0,1543261
2025-08-04 00:00:00,PNB,103.12,104.95,103.0,104.66,14966403
2025-08-04 00:00:00,SBIN,794.5,797.2,786.55,795.7,8820724
2025-08-04 00:00:00,UNIONBANK,128.62,129.43,127.14,129.04,12083279
2025-08-04 00:00:00,YESBANK,18.61,19.07,18.33,18.89,73368669
2025-08-05 00:00:00,AUBANK,754.0,755.85,739.5,742.65,1593070
2025-08-05 00:00:00,AXISBANK,1068.0,1079.9,1062.5,1070.8,5318081
2025-08-05 00:00:00,BANDHANBNK,168.03,168.89,164.78,165.89,3028618
2025-08-05 00:00:00,BANKBARODA,240.0,242.27,239.5,240.65,2784149
2025-08-05 00:00:00,CANBK,107.75,108.3,106.9,107.46,11549473
2025-08-05 00:00:00,FEDERALBNK,195.48,196.9,194.08,196.04,5819712
2025-08-05 00:00:00,HDFCBANK,1986.5,1994.4,1965.5,1977.6,11989029
2025-08-05 00:00:00,ICICIBANK,1453.0,1461.5,1441.0,1444.4,14799343
2025-08-05 00:00:00,IDFCFIRSTB,69.63,69.71,68.92,69.33,10949883
2025-08-05 00:00:00,INDUSINDBK,820.0,848.7,810.05,819.15,18982770
2025-08-05 00:00:00,KOTAKBANK,2008.0,2008.0,1994.8,2003.0,2421332
2025-08-05 00:00:00,PNB,104.9,105.14,103.32,103.66,12126864
2025-08-05 00:00:00,SBIN,798.0,804.05,796.3,800.6,7381537
2025-08-05 00:00:00,UNIONBANK,128.9,129.87,127.18,127.98,14449850
2025-08-05 00:00:00,YESBANK,18.8,18.99,18.76,18.86,39066603
2025-08-06 00:00:00,AUBANK,744.9,745.0,722.7,735.2,1556317
2025-08-06 00:00:00,AXISBANK,1074.0,1077.7,1065.6,1071.0,4216651
2025-08-06 00:00:00,BANDHANBNK,166.75,166.8,163.91,164.54,4382033
2025-08-06 00:00:00,BANKBARODA,240.65,243.45,239.35,241.75,5567926
2025-08-06 00:00:00,CANBK,107.99,110.0,106.11,108.77,40662042
2025-08-06 00:00:00,FEDERALBNK,196.48,197.76,194.6,197.37,7011622
2025-08-06 00:00:00,HDFCBANK,1971.1,1988.0,1970.0,1985.3,7040102
2025-08-06 00:00:00,ICICIBANK,1442.3,1454.0,1441.6,1443.6,7805252
2025-08-06 00:00:00,IDFCFIRSTB,69.49,69.64,68.22,68.74,12903967
2025-08-06 00:00:00,INDUSINDBK,822.0,822.0,795.4,803.35,5249912
2025-08-06 00:00:00,KOTAKBANK,2003.0,2025.6,1992.7,2002.4,2662279
2025-08-06 00:00:00,PNB,103.8,104.8,102.85,103.83,15512043
2025-08-06 00:00:00,SBIN,800.95,810.2,799.0,805.15,7409396
2025-08-06 00:00:00,UNIONBANK,128.15,131.63,127.81,131.02,11985730
2025-08-06 00:00:00,YESBANK,18.86,18.91,18.67,18.73,41705259
2025-08-07 00:00:00,AUBANK,735.0,746.0,724.5,743.25,1110408
2025-08-07 00:00:00,AXISBANK,1067.8,1079.7,1064.5,1076.2,5321131
2025-08-07 00:00:00,BANDHANBNK,163.5,166.74,162.25,166.13,4101164
2025-08-07 00:00:00,BANKBARODA,241.0,242.5,237.3,242.05,5526019
2025-08-07 00:00:00,CANBK,108.5,109.19,106.75,108.8,12014876
2025-08-07 00:00:00,FEDERALBNK,195.61,199.27,195.0,198.63,6357907
2025-08-07 00:00:00,HDFCBANK,1980.1,2001.6,1976.8,1995.4,6540593
2025-08-07 00:00:00,ICICIBANK,1441.1,1447.9,1429.1,1440.3,7432535
2025-08-07 00:00:00,IDFCFIRSTB,68.3,69.49,67.62,69.23,13467202
2025-08-07 00:00:00,INDUSINDBK,801.85,810.0,789.1,807.35,2553303
2025-08-07 00:00:00,KOTAKBANK,1981.0,1995.5,1965.0,1992.1,14552199
2025-08-07 00:00:00,PNB,103.5,104.94,102.59,104.69,13506257
2025-08-07 00:00:00,SBIN,801.1,806.65,793.4,805.15,7091392
2025-08-07 00:00:00,UNIONBANK,130.0,132.8,129.64,132.45,12184697
2025-08-07 00:00:00,YESBANK,18.63,18.83,18.4,18.77,56249685
2025-08-08 00:00:00,AUBANK,800.0,800.0,736.0,739.0,12715309
2025-08-08 00:00:00,AXISBANK,1073.0,1080.4,1054.2,1058.1,5084903
2025-08-08 00:00:00,BANDHANBNK,166.15,168.98,164.7,165.19,3904095
2025-08-08 00:00:00,BANKBARODA,241.0,242.55,238.51,239.22,4393052
2025-08-08 00:00:00,CANBK,108.8,109.02,107.54,107.89,14136544
2025-08-08 00:00:00,FEDERALBNK,198.6,199.73,195.76,196.35,7038453
2025-08-08 00:00:00,HDFCBANK,1987.1,1992.8,1970.0,1973.9,6947632
2025-08-08 00:00:00,ICICIBANK,1445.9,1447.6,1432.0,1435.9,5415511
2025-08-08 00:00:00,IDFCFIRSTB,69.23,70.37,68.82,69.11,12792924
2025-08-08 00:00:00,INDUSINDBK,806.6,808.5,779.0,782.45,2490574
2025-08-08 00:00:00,KOTAKBANK,1993.9,1999.5,1948.2,1952.7,2185729
2025-08-08 00:00:00,PNB,104.69,104.88,103.5,103.95,8369676
2025-08-08 00:00:00,SBIN,805.0,807.8,790.0,804.3,15708181
2025-08-08 00:00:00,UNIONBANK,132.0,132.55,130.5,130.98,6249295
2025-08-08 00:00:00,YESBANK,18.8,18.85,18.5,18.54,35941372
2025-08-11 00:00:00,AUBANK,742.05,743.0,726.3,734.25,2891298
2025-08-11 00:00:00,AXISBANK,1058.1,1075.4,1052.6,1073.3,5452775
2025-08-11 00:00:00,BANDHANBNK,165.24,166.69,163.9,166.06,2123286
2025-08-11 00:00:00,BANKBARODA,239.22,244.94,239.22,243.97,8071890
2025-08-11 00:00:00,CANBK,107.8,109.89,107.3,109.48,16773203
2025-08-11 00:00:00,FEDERALBNK,196.35,198.0,195.65,196.69,8062362
2025-08-11 00:00:00,HDFCBANK,1975.9,1997.6,1973.1,1995.6,4552927
2025-08-11 00:00:00,ICICIBANK,1427.9,1438.4,1420.4,1436.6,8492484
2025-08-11 00:00:00,IDFCFIRSTB,69.11,70.17,69.11,69.68,12840750
2025-08-11 00:00:00,INDUSINDBK,784.5,790.1,777.85,783.25,1629229
2025-08-11 00:00:00,KOTAKBANK,1964.0,2024.0,1956.4,1975.9,2202513
2025-08-11 00:00:00,PNB,103.99,106.75,103.84,106.54,18974904
2025-08-11 00:00:00,SBIN,808.0,825.0,808.0,823.45,15236297
2025-08-11 00:00:00,UNIONBANK,131.0,134.96,130.98,134.78,10231895
2025-08-11 00:00:00,YESBANK,18.54,18.81,18.45,18.77,37440382
2025-08-12 00:00:00,AUBANK,735.95,741.15,721.8,724.8,2828419
2025-08-12 00:00:00,AXISBANK,1071.1,1076.6,1066.3,1070.0,4573025
2025-08-12 00:00:00,BANDHANBNK,166.06,167.9,165.61,166.7,2346697
2025-08-12 00:00:00,BANKBARODA,243.6,245.33,242.64,243.08,5778309
2025-08-12 00:00:00,CANBK,109.69,110.25,109.04,109.55,10606131
2025-08-12 00:00:00,FEDERALBNK,197.0,197.25,195.57,195.98,5218014
2025-08-12 00:00:00,HDFCBANK,1991.9,1996.0,1967.5,1969.9,6468901
2025-08-12 00:00:00,ICICIBANK,1431.0,1433.8,1420.1,1422.0,5913947
2025-08-12 00:00:00,IDFCFIRSTB,69.9,70.2,69.0,69.06,10167500
2025-08-12 00:00:00,INDUSINDBK,784.05,791.35,780.8,783.05,1462522
2025-08-12 00:00:00,KOTAKBANK,1975.0,1985.9,1956.4,1959.0,1577824
2025-08-12 00:00:00,PNB,106.86,107.25,106.07,106.65,12072884
2025-08-12 00:00:00,SBIN,824.95,825.5,820.0,820.6,7986728
2025-08-12 00:00:00,UNIONBANK,135.45,137.0,134.96,135.54,8579446
2025-08-12 00:00:00,YESBANK,18.82,18.88,18.69,18.72,31306357
2025-08-13 00:00:00,AUBANK,730.0,742.5,728.95,738.0,1328439
2025-08-13 00:00:00,AXISBANK,1071.1,1072.8,1063.2,1066.0,4966778
2025-08-13 00:00:00,BANDHANBNK,166.95,168.39,164.84,165.7,2358385
2025-08-13 00:00:00,BANKBARODA,243.08,244.88,241.25,241.81,4734249
2025-08-13 00:00:00,CANBK,109.8,110.49,108.55,108.99,12096926
2025-08-13 00:00:00,FEDERALBNK,197.0,197.9,195.44,196.19,6992167
2025-08-13 00:00:00,HDFCBANK,1994.0,1994.0,1969.1,1980.3,6788698
2025-08-13 00:00:00,ICICIBANK,1424.6,1427.7,1415.2,1420.8,9009465
2025-08-13 00:00:00,IDFCFIRSTB,69.13,70.34,69.13,69.9,13878553
2025-08-13 00:00:00,INDUSINDBK,787.0,787.8,766.7,773.45,4114205
2025-08-13 00:00:00,KOTAKBANK,1968.0,1996.3,1962.2,1987.7,2746733
2025-08-13 00:00:00,PNB,107.0,107.38,106.16,106.64,8965266
2025-08-13 00:00:00,SBIN,822.65,824.95,820.65,821.85,4447508
2025-08-13 00:00:00,UNIONBANK,136.0,136.94,134.81,135.69,6376913
2025-08-13 00:00:00,YESBANK,18.77,18.87,18.65,18.83,37754923
2025-08-14 00:00:00,AUBANK,744.0,752.55,740.55,750.6,2621099
2025-08-14 00:00:00,AXISBANK,1067.0,1072.4,1062.0,1068.2,6761305
2025-08-14 00:00:00,BANDHANBNK,165.8,165.8,163.01,163.38,2018807
2025-08-14 00:00:00,BANKBARODA,241.99,243.8,241.4,242.77,5398813
2025-08-14 00:00:00,CANBK,109.5,109.88,108.63,109.26,10879799
2025-08-14 00:00:00,FEDERALBNK,196.39,196.68,194.99,195.86,2679922
2025-08-14 00:00:00,HDFCBANK,1978.0,1996.0,1971.2,1991.1,8755858
2025-08-14 00:00:00,ICICIBANK,1412.0,1431.1,1412.0,1427.3,7577793
2025-08-14 00:00:00,IDFCFIRSTB,69.9,70.0,68.56,68.77,12414379
2025-08-14 00:00:00,INDUSINDBK,773.45,779.8,765.7,769.75,1859573
2025-08-14 00:00:00,KOTAKBANK,1988.0,1993.5,1975.5,1978.2,1984593
2025-08-14 00:00:00,PNB,106.65,107.15,105.88,106.28,6165564
2025-08-14 00:00:00,SBIN,822.0,828.0,819.1,826.55,7087573
2025-08-14 00:00:00,UNIONBANK,136.0,136.48,134.12,134.84,5981897
2025-08-14 00:00:00,YESBANK,18.83,18.88,18.72,18.78,31042904
2025-08-18 00:00:00,AUBANK,755.0,773.35,753.0,761.55,1873223
2025-08-18 00:00:00,AXISBANK,1080.0,1090.0,1079.4,1082.6,7964987
2025-08-18 00:00:00,BANDHANBNK,165.0,169.35,164.91,167.15,4424594
2025-08-18 00:00:00,BANKBARODA,244.0,245.73,241.56,242.77,6339208
2025-08-18 00:00:00,CANBK,110.0,110.42,108.9,109.34,15704185
2025-08-18 00:00:00,FEDERALBNK,197.4,197.65,194.84,195.79,6237845
2025-08-18 00:00:00,HDFCBANK,2010.0,2026.6,1995.6,2003.6,9642398
2025-08-18 00:00:00,ICICIBANK,1450.0,1452.4,1431.0,1434.6,6908844
2025-08-18 00:00:00,IDFCFIRSTB,68.84,70.4,68.83,69.9,24069098
2025-08-18 00:00:00,INDUSINDBK,777.5,795.9,777.5,788.65,3029689
2025-08-18 00:00:00,KOTAKBANK,1997.9,2026.0,1997.1,2001.4,4303944
2025-08-18 00:00:00,PNB,107.0,107.57,106.59,106.77,9504227
2025-08-18 00:00:00,SBIN,836.0,838.0,825.15,827.65,6138124
2025-08-18 00:00:00,UNIONBANK,136.86,137.63,134.9,135.79,10435748
2025-08-18 00:00:00,YESBANK,18.91,19.18,18.88,19.09,48199185
2025-08-19 00:00:00,AUBANK,760.0,765.0,754.15,758.5,826929
2025-08-19 00:00:00,AXISBANK,1078.0,1095.0,1075.8,1083.2,5661531
2025-08-19 00:00:00,BANDHANBNK,167.32,174.42,165.54,174.01,7951208
2025-08-19 00:00:00,BANKBARODA,242.7,247.3,241.63,247.05,5767582
2025-08-19 00:00:00,CANBK,109.5,111.9,109.05,111.67,20003557
2025-08-19 00:00:00,FEDERALBNK,196.69,200.55,195.3,200.05,5129740
2025-08-19 00:00:00,HDFCBANK,1998.3,2006.1,1986.7,1991.1,6176219
2025-08-19 00:00:00,ICICIBANK,1431.1,1438.5,1426.3,1436.3,6709554
2025-08-19 00:00:00,IDFCFIRSTB,69.76,71.6,69.65,71.29,19496992
2025-08-19 00:00:00,INDUSINDBK,787.25,790.7,780.85,785.5,2807872
2025-08-19 00:00:00,KOTAKBANK,1994.0,2032.5,1992.5,2029.9,3111769
2025-08-19 00:00:00,PNB,106.87,108.06,106.29,107.9,8566550
2025-08-19 00:00:00,SBIN,827.5,831.0,825.8,830.4,5076681
2025-08-19 00:00:00,UNIONBANK,135.8,137.75,133.71,137.53,8218045
2025-08-19 00:00:00,YESBANK,19.12,19.39,19.03,19.35,46074068
2025-08-20 00:00:00,AUBANK,758.5,761.0,745.3,759.15,1188698
2025-08-20 00:00:00,AXISBANK,1081.0,1083.7,1077.8,1080.2,3034728
2025-08-20 00:00:00,BANDHANBNK,173.1,175.74,172.29,174.28,5351150
2025-08-20 00:00:00,BANKBARODA,247.1,248.5,244.55,244.88,7335347
2025-08-20 00:00:00,CANBK,112.0,112.71,111.7,112.28,14596666
2025-08-20 00:00:00,FEDERALBNK,200.5,201.24,199.22,199.71,5498900
2025-08-20 00:00:00,HDFCBANK,1987.0,1992.0,1979.0,1988.2,4975114
2025-08-20 00:00:00,ICICIBANK,1432.6,1435.9,1423.0,1430.6,5817858
2025-08-20 00:00:00,IDFCFIRSTB,70.91,71.7,70.91,71.25,8584487
2025-08-20 00:00:00,INDUSINDBK,786.45,790.2,777.0,778.2,2332155
2025-08-20 00:00:00,KOTAKBANK,2020.5,2024.2,2005.5,2017.5,2626941
2025-08-20 00:00:00,PNB,107.5,108.05,107.0,107.11,8595474
2025-08-20 00:00:00,SBIN,828.7,831.9,827.4,828.95,4493888
2025-08-20 00:00:00,UNIONBANK,137.02,138.29,136.41,136.91,7029534
2025-08-20 00:00:00,YESBANK,19.34,19.43,19.32,19.36,40828150
2025-08-21 00:00:00,AUBANK,759.6,760.65,751.15,752.2,542497
2025-08-21 00:00:00,AXISBANK,1090.0,1090.0,1076.4,1078.9,6459262
2025-08-21 00:00:00,BANDHANBNK,174.28,177.39,173.8,176.82,5021944
2025-08-21 00:00:00,BANKBARODA,245.09,247.34,243.15,243.36,4378842
2025-08-21 00:00:00,CANBK,112.7,113.0,110.98,111.07,13162672
2025-08-21 00:00:00,FEDERALBNK,199.5,201.0,199.0,199.43,6033820
2025-08-21 00:00:00,HDFCBANK,1997.5,1997.5,1983.2,1991.2,6219925
2025-08-21 00:00:00,ICICIBANK,1440.1,1447.8,1436.4,1446.0,6238645
2025-08-21 00:00:00,IDFCFIRSTB,71.21,71.25,69.9,70.08,10786733
2025-08-21 00:00:00,INDUSINDBK,781.0,781.85,766.5,767.45,3324022
2025-08-21 00:00:00,KOTAKBANK,2039.0,2039.0,2012.9,2017.8,2898787
2025-08-21 00:00:00,PNB,107.5,108.0,107.05,107.16,5887988
2025-08-21 00:00:00,SBIN,828.95,833.25,824.05,825.7,4402511
2025-08-21 00:00:00,UNIONBANK,137.0,138.55,136.3,136.53,6917659
2025-08-21 00:00:00,YESBANK,19.38,19.7,19.33,19.43,49389309
2025-08-22 00:00:00,AUBANK,751.2,760.0,739.55,742.05,980129
2025-08-22 00:00:00,AXISBANK,1076.0,1078.5,1069.5,1070.9,3853718
2025-08-22 00:00:00,BANDHANBNK,175.89,176.69,172.85,173.23,2286737
2025-08-22 00:00:00,BANKBARODA,243.2,244.57,240.0,240.23,5946024
2025-08-22 00:00:00,CANBK,111.06,111.78,109.8,109.93,12854408
2025-08-22 00:00:00,FEDERALBNK,198.99,199.42,196.0,196.34,2466153
2025-08-22 00:00:00,HDFCBANK,1989.9,1996.0,1957.1,1964.6,9916751
2025-08-22 00:00:00,ICICIBANK,1444.3,1446.0,1429.4,1436.4,6657207
2025-08-22 00:00:00,IDFCFIRSTB,69.6,70.45,69.47,69.68,15433275
2025-08-22 00:00:00,INDUSINDBK,767.45,772.7,758.75,760.1,2483587
2025-08-22 00:00:00,KOTAKBANK,2010.2,2018.6,1980.2,1986.6,1791693
2025-08-22 00:00:00,PNB,107.1,107.69,105.11,105.29,9660703
2025-08-22 00:00:00,SBIN,824.0,826.0,815.7,816.25,5097647
2025-08-22 00:00:00,UNIONBANK,136.58,138.22,134.6,134.76,7284576
2025-08-22 00:00:00,YESBANK,19.43,19.46,19.25,19.28,38048028
2025-08-25 00:00:00,AUBANK,738.0,753.25,738.0,749.6,1711315
2025-08-25 00:00:00,AXISBANK,1073.0,1074.5,1068.2,1070.0,2711278
2025-08-25 00:00:00,BANDHANBNK,173.23,174.29,171.14,171.45,3915337
2025-08-25 00:00:00,BANKBARODA,241.5,242.94,240.49,241.08,6139415
2025-08-25 00:00:00,CANBK,110.0,110.98,108.51,108.82,16134641
2025-08-25 00:00:00,FEDERALBNK,196.34,197.9,194.57,195.01,6443184
2025-08-25 00:00:00,HDFCBANK,1960.2,1977.4,1957.0,1964.1,8759022
2025-08-25 00:00:00,ICICIBANK,1435.9,1435.9,1424.0,1433.2,6738427
2025-08-25 00:00:00,IDFCFIRSTB,69.6,70.45,69.53,70.28,14729478
2025-08-25 00:00:00,INDUSINDBK,767.95,775.0,761.5,770.85,2790762
2025-08-25 00:00:00,KOTAKBANK,1987.0,1998.8,1976.7,1983.3,2369815
2025-08-25 00:00:00,PNB,105.59,106.38,105.1,105.22,5672554
2025-08-25 00:00:00,SBIN,817.45,820.5,814.2,816.45,5672898
2025-08-25 00:00:00,UNIONBANK,134.77,136.0,132.83,133.04,6493537
2025-08-25 00:00:00,YESBANK,20.2,20.2,19.5,19.55,254721161
2025-08-26 00:00:00,AUBANK,750.0,750.9,740.25,745.25,2429502
2025-08-26 00:00:00,AXISBANK,1068.0,1069.8,1048.0,1050.1,7197666
2025-08-26 00:00:00,BANDHANBNK,170.8,171.44,165.0,165.86,4460308
2025-08-26 00:00:00,BANKBARODA,240.01,241.08,234.42,235.14,9059590
2025-08-26 00:00:00,CANBK,108.82,109.06,105.83,106.01,27014374
2025-08-26 00:00:00,FEDERALBNK,194.79,195.99,191.91,192.46,6681812
2025-08-26 00:00:00,HDFCBANK,979.5,985.7,968.0,973.4,16917731
2025-08-26 00:00:00,ICICIBANK,1427.9,1427.9,1413.1,1416.6,8720155
2025-08-26 00:00:00,IDFCFIRSTB,69.97,70.23,68.55,68.76,16470005
2025-08-26 00:00:00,INDUSINDBK,770.85,773.0,754.15,756.4,3306397
2025-08-26 00:00:00,KOTAKBANK,1978.0,1983.9,1961.2,1965.7,3710138
2025-08-26 00:00:00,PNB,105.18,105.39,102.49,102.77,15307243
2025-08-26 00:00:00,SBIN,814.85,815.85,806.75,807.85,6997817
2025-08-26 00:00:00,UNIONBANK,133.0,133.0,128.94,129.67,13481767
2025-08-26 00:00:00,YESBANK,19.49,19.5,18.9,18.95,148661489
2025-08-28 00:00:00,AUBANK,745.3,751.95,728.0,729.25,1467576
2025-08-28 00:00:00,AXISBANK,1057.0,1059.5,1047.0,1051.9,8564803
2025-08-28 00:00:00,BANDHANBNK,165.85,165.85,162.5,162.93,2513794
2025-08-28 00:00:00,BANKBARODA,235.52,236.61,231.71,233.24,7496201
2025-08-28 00:00:00,CANBK,106.05,106.49,104.5,104.63,14184569
2025-08-28 00:00:00,FEDERALBNK,191.5,192.68,190.5,191.76,7746254
2025-08-28 00:00:00,HDFCBANK,967.0,972.2,955.0,957.8,25438255
2025-08-28 00:00:00,ICICIBANK,1408.0,1411.8,1396.3,1399.1,12990789
2025-08-28 00:00:00,IDFCFIRSTB,68.76,69.27,67.9,68.05,28319230
2025-08-28 00:00:00,INDUSINDBK,756.4,762.4,744.85,746.6,3085661
2025-08-28 00:00:00,KOTAKBANK,1955.0,1968.0,1941.1,1944.7,3597940
2025-08-28 00:00:00,PNB,102.77,103.28,101.11,101.45,13540127
2025-08-28 00:00:00,SBIN,807.25,811.0,800.65,801.95,7898436
2025-08-28 00:00:00,UNIONBANK,129.58,129.58,126.8,127.08,7294298
2025-08-28 00:00:00,YESBANK,19.0,19.03,18.65,18.68,68889791
2025-08-29 00:00:00,AUBANK,726.0,731.9,716.3,718.05,3090760
2025-08-29 00:00:00,AXISBANK,1052.1,1063.0,1042.5,1045.2,4718016
2025-08-29 00:00:00,BANDHANBNK,163.0,165.69,161.27,161.8,3480939
2025-08-29 00:00:00,BANKBARODA,232.5,234.47,230.81,232.83,5698267
2025-08-29 00:00:00,CANBK,104.44,105.18,103.55,103.83,13999620
2025-08-29 00:00:00,FEDERALBNK,191.3,193.86,191.12,191.71,4184028
2025-08-29 00:00:00,HDFCBANK,954.0,963.3,950.1,951.6,14823813
2025-08-29 00:00:00,ICICIBANK,1392.1,1405.0,1392.1,1397.8,8519507
2025-08-29 00:00:00,IDFCFIRSTB,68.0,69.3,67.8,67.99,20587732
2025-08-29 00:00:00,INDUSINDBK,743.0,750.35,738.0,739.5,2538543
2025-08-29 00:00:00,KOTAKBANK,1950.2,1984.9,1950.2,1960.3,3074358
2025-08-29 00:00:00,PNB,101.01,102.42,100.6,100.88,15792366
2025-08-29 00:00:00,SBIN,800.7,806.7,798.5,802.5,6861440
2025-08-29 00:00:00,UNIONBANK,127.45,128.2,124.64,124.82,13165024
2025-08-29 00:00:00,YESBANK,18.88,19.55,18.71,19.1,191492999
2025-09-01 00:00:00,AUBANK,721.1,727.35,716.5,721.55,1187277
2025-09-01 00:00:00,AXISBANK,1047.6,1064.0,1047.6,1061.5,3190426
2025-09-01 00:00:00,BANDHANBNK,162.0,163.45,159.53,161.34,6313785
2025-09-01 00:00:00,BANKBARODA,233.0,235.3,233.0,234.42,5022461
2025-09-01 00:00:00,CANBK,104.0,105.26,104.0,105.14,9174103
2025-09-01 00:00:00,FEDERALBNK,191.71,194.1,191.71,193.58,4546443
2025-09-01 00:00:00,HDFCBANK,949.6,957.45,946.35,950.6,20178344
2025-09-01 00:00:00,ICICIBANK,1398.1,1412.4,1398.1,1411.0,4927348
2025-09-01 00:00:00,IDFCFIRSTB,68.0,69.09,67.57,68.94,14918938
2025-09-01 00:00:00,INDUSINDBK,742.4,754.0,741.5,752.85,1436082
2025-09-01 00:00:00,KOTAKBANK,1960.3,1972.8,1955.2,1968.6,1578322
2025-09-01 00:00:00,PNB,101.0,102.45,100.95,102.29,6263914
2025-09-01 00:00:00,SBIN,803.1,808.3,802.65,806.05,5619805
2025-09-01 00:00:00,UNIONBANK,125.5,128.4,125.5,128.16,5838935
2025-09-01 00:00:00,YESBANK,19.2,19.64,19.07,19.55,78438721
2025-09-02 00:00:00,AUBANK,722.05,724.5,704.2,708.3,3178457
2025-09-02 00:00:00,AXISBANK,1061.5,1064.9,1049.0,1056.2,4933541
2025-09-02 00:00:00,BANDHANBNK,162.3,163.45,160.2,162.04,3464110
2025-09-02 00:00:00,BANKBARODA,234.0,238.5,233.43,236.67,3798598
2025-09-02 00:00:00,CANBK,105.4,107.0,104.75,106.16,9179806
2025-09-02 00:00:00,FEDERALBNK,193.58,195.41,193.04,193.56,3069260
2025-09-02 00:00:00,HDFCBANK,951.0,954.8,944.0,944.5,14196320
2025-09-02 00:00:00,ICICIBANK,1413.9,1413.9,1390.0,1394.2,7163073
2025-09-02 00:00:00,IDFCFIRSTB,68.94,70.3,68.76,69.49,15182005
2025-09-02 00:00:00,INDUSINDBK,753.0,758.75,747.5,751.2,1330606
2025-09-02 00:00:00,KOTAKBANK,1966.0,1975.2,1940.4,1942.5,2583419
2025-09-02 00:00:00,PNB,102.51,103.95,101.92,102.86,7852890
2025-09-02 00:00:00,SBIN,806.3,810.5,802.65,803.9,5075460
2025-09-02 00:00:00,UNIONBANK,128.51,129.41,127.23,127.66,4004275
2025-09-02 00:00:00,YESBANK,19.55,19.8,19.37,19.55,71824126
2025-09-03 00:00:00,AUBANK,710.0,716.2,709.05,713.95,997652
2025-09-03 00:00:00,AXISBANK,1056.2,1064.9,1045.0,1054.7,8303296
2025-09-03 00:00:00,BANDHANBNK,162.05,165.47,162.05,164.73,2636678
2025-09-03 00:00:00,BANKBARODA,237.67,239.07,237.0,238.42,5983296
2025-09-03 00:00:00,CANBK,106.45,108.48,106.11,108.33,12012180
2025-09-03 00:00:00,FEDERALBNK,193.5,194.67,192.76,193.23,8091723
2025-09-03 00:00:00,HDFCBANK,945.0,956.3,940.0,954.45,16083481
2025-09-03 00:00:00,ICICIBANK,1389.0,1400.0,1384.2,1397.0,9813382
2025-09-03 00:00:00,IDFCFIRSTB,69.44,70.72,69.38,70.59,20534660
2025-09-03 00:00:00,INDUSINDBK,750.0,769.0,749.2,768.1,1933362
2025-09-03 00:00:00,KOTAKBANK,1944.0,1963.8,1931.1,1960.2,4007454
2025-09-03 00:00:00,PNB,102.75,104.5,102.61,104.3,8068130
2025-09-03 00:00:00,SBIN,804.3,813.3,803.0,812.15,4261589
2025-09-03 00:00:00,UNIONBANK,128.0,128.9,127.58,128.46,6926587
2025-09-03 00:00:00,YESBANK,19.74,20.38,19.7,20.35,220584457
2025-09-04 00:00:00,AUBANK,716.0,718.8,692.8,696.25,5466938
2025-09-04 00:00:00,AXISBANK,1058.2,1062.2,1047.3,1050.4,8088417
2025-09-04 00:00:00,BANDHANBNK,165.88,166.14,162.01,162.48,2266789
2025-09-04 00:00:00,BANKBARODA,239.75,240.78,233.57,233.94,4012532
2025-09-04 00:00:00,CANBK,108.9,109.2,105.94,106.08,12953562
2025-09-04 00:00:00,FEDERALBNK,194.47,194.67,188.4,189.9,7767020
2025-09-04 00:00:00,HDFCBANK,960.2,965.7,956.25,961.25,17597657
2025-09-04 00:00:00,ICICIBANK,1409.9,1415.1,1401.9,1405.5,10564859
2025-09-04 00:00:00,IDFCFIRSTB,71.08,72.36,70.37,72.23,39607790
2025-09-04 00:00:00,INDUSINDBK,771.8,773.4,752.85,754.85,1401421
2025-09-04 00:00:00,KOTAKBANK,1961.0,1971.7,1946.5,1949.7,1891459
2025-09-04 00:00:00,PNB,104.8,105.19,103.18,103.42,6207983
2025-09-04 00:00:00,SBIN,814.65,816.75,808.0,809.4,4471950
2025-09-04 00:00:00,UNIONBANK,129.75,130.59,126.63,126.83,7510587
2025-09-04 00:00:00,YESBANK,20.49,20.54,20.25,20.29,99808514
2025-09-05 00:00:00,AUBANK,700.0,700.0,682.15,694.3,2961695
2025-09-05 00:00:00,AXISBANK,1056.6,1058.0,1047.8,1055.9,2849589
2025-09-05 00:00:00,BANDHANBNK,162.8,164.34,161.4,163.34,2708705
2025-09-05 00:00:00,BANKBARODA,235.0,235.56,231.72,234.26,3555014
2025-09-05 00:00:00,CANBK,106.3,107.63,105.61,107.14,8009273
2025-09-05 00:00:00,FEDERALBNK,191.0,191.09,189.11,190.52,4068142
2025-09-05 00:00:00,HDFCBANK,967.5,967.5,954.05,963.4,11602111
2025-09-05 00:00:00,ICICIBANK,1411.0,1411.5,1387.7,1402.8,6621077
2025-09-05 00:00:00,IDFCFIRSTB,72.54,73.24,72.1,72.6,22699792
2025-09-05 00:00:00,INDUSINDBK,756.35,759.5,750.0,757.05,2873689
2025-09-05 00:00:00,KOTAKBANK,1949.7,1957.3,1937.1,1945.5,1981252
2025-09-05 00:00:00,PNB,103.42,104.16,102.62,103.75,7493048
2025-09-05 00:00:00,SBIN,811.5,812.5,803.65,806.6,5194842
2025-09-05 00:00:00,UNIONBANK,126.98,128.16,125.45,127.34,8063176
2025-09-05 00:00:00,YESBANK,20.31,20.61,20.03,20.44,91388363
2025-09-08 00:00:00,AUBANK,696.55,703.8,694.3,699.75,1949781
2025-09-08 00:00:00,AXISBANK,1055.9,1063.0,1054.0,1055.5,2260147
2025-09-08 00:00:00,BANDHANBNK,164.5,165.5,163.37,164.54,1895260
2025-09-08 00:00:00,BANKBARODA,234.8,236.8,234.2,234.64,4845778
2025-09-08 00:00:00,CANBK,107.49,108.65,107.12,108.11,8138600
2025-09-08 00:00:00,FEDERALBNK,190.0,191.97,189.28,190.62,9815612
2025-09-08 00:00:00,HDFCBANK,969.0,973.15,960.45,966.0,11711307
2025-09-08 00:00:00,ICICIBANK,1402.2,1410.6,1397.6,1402.7,5880943
2025-09-08 00:00:00,IDFCFIRSTB,72.6,73.15,72.07,72.27,14592689
2025-09-08 00:00:00,INDUSINDBK,759.5,760.5,746.5,750.75,2330647
2025-09-08 00:00:00,KOTAKBANK,1942.5,1961.5,1931.5,1950.1,2505558
2025-09-08 00:00:00,PNB,103.8,104.9,103.8,104.21,7612044
2025-09-08 00:00:00,SBIN,808.0,813.85,806.8,808.8,4614227
2025-09-08 00:00:00,UNIONBANK,127.74,129.05,127.1,128.05,2609891
2025-09-08 00:00:00,YESBANK,20.51,20.53,20.14,20.18,50735550
2025-09-09 00:00:00,AUBANK,698.0,699.75,694.85,697.45,898505
2025-09-09 00:00:00,AXISBANK,1057.5,1059.0,1048.7,1052.2,4310419
2025-09-09 00:00:00,BANDHANBNK,164.7,165.12,163.05,163.46,1152491
2025-09-09 00:00:00,BANKBARODA,234.64,235.71,233.46,234.49,8815989
2025-09-09 00:00:00,CANBK,108.11,108.8,107.36,108.04,7104394
2025-09-09 00:00:00,FEDERALBNK,190.99,192.05,189.91,191.63,3712535
2025-09-09 00:00:00,HDFCBANK,974.0,974.4,962.7,965.15,13985539
2025-09-09 00:00:00,ICICIBANK,1399.0,1407.5,1395.2,1403.7,6470679
2025-09-09 00:00:00,IDFCFIRSTB,72.4,73.65,72.2,73.53,33394868
2025-09-09 00:00:00,INDUSINDBK,753.65,755.1,745.1,746.15,1347461
2025-09-09 00:00:00,KOTAKBANK,1956.0,1965.9,1939.8,1960.4,3174784
2025-09-09 00:00:00,PNB,104.29,104.78,103.8,104.28,5973767
2025-09-09 00:00:00,SBIN,812.0,812.35,805.6,808.85,4567272
2025-09-09 00:00:00,UNIONBANK,128.09,128.49,126.61,127.24,6435657
2025-09-09 00:00:00,YESBANK,20.21,20.48,20.2,20.34,58152362
2025-09-10 00:00:00,AUBANK,702.0,715.0,695.65,713.8,3846563
2025-09-10 00:00:00,AXISBANK,1058.0,1074.1,1055.1,1070.1,5241075
2025-09-10 00:00:00,BANDHANBNK,165.0,168.19,164.1,166.8,3209866
2025-09-10 00:00:00,BANKBARODA,235.7,240.25,235.35,238.01,12351617
2025-09-10 00:00:00,CANBK,108.25,111.25,108.25,110.64,18306308
2025-09-10 00:00:00,FEDERALBNK,192.0,196.9,191.72,196.08,5427537
2025-09-10 00:00:00,HDFCBANK,973.9,973.9,961.7,965.9,18091100
2025-09-10 00:00:00,ICICIBANK,1410.0,1413.7,1402.1,1403.9,7452347
2025-09-10 00:00:00,IDFCFIRSTB,73.53,73.99,72.56,72.69,15940386
2025-09-10 00:00:00,INDUSINDBK,750.2,755.85,746.1,751.25,1350420
2025-09-10 00:00:00,KOTAKBANK,1984.9,1988.9,1965.8,1973.3,8520902
2025-09-10 00:00:00,PNB,104.6,106.88,104.6,106.26,13116266
2025-09-10 00:00:00,SBIN,812.0,824.6,810.4,818.2,7285853
2025-09-10 00:00:00,UNIONBANK,127.9,132.9,127.87,132.51,17944307
2025-09-10 00:00:00,YESBANK,20.46,20.93,20.42,20.77,131894977
2025-09-11 00:00:00,AUBANK,714.4,714.4,709.0,710.95,1045318
2025-09-11 00:00:00,AXISBANK,1069.0,1093.0,1069.0,1087.4,5227539
2025-09-11 00:00:00,BANDHANBNK,166.7,168.75,166.14,166.59,1725062
2025-09-11 00:00:00,BANKBARODA,239.0,241.6,237.65,238.27,8641633
2025-09-11 00:00:00,CANBK,111.07,113.4,110.64,112.07,18795548
2025-09-11 00:00:00,FEDERALBNK,196.08,198.2,195.2,196.65,4449153
2025-09-11 00:00:00,HDFCBANK,960.3,969.25,959.9,967.8,15113633
2025-09-11 00:00:00,ICICIBANK,1398.0,1408.0,1396.0,1401.6,10192026
2025-09-11 00:00:00,IDFCFIRSTB,72.69,73.04,72.3,72.44,7368243
2025-09-11 00:00:00,INDUSINDBK,751.5,754.3,747.5,748.6,975314
2025-09-11 00:00:00,KOTAKBANK,1977.0,1985.0,1963.3,1972.3,2363267
2025-09-11 00:00:00,PNB,106.5,108.69,106.25,107.76,15257427
2025-09-11 00:00:00,SBIN,819.1,825.7,819.0,823.65,7425055
2025-09-11 00:00:00,UNIONBANK,132.95,136.48,132.55,133.72,10910360
2025-09-11 00:00:00,YESBANK,20.88,21.14,20.75,20.98,113340991
2025-09-12 00:00:00,AUBANK,710.95,718.2,705.75,706.65,1740388
2025-09-12 00:00:00,AXISBANK,1088.4,1108.7,1088.4,1105.3,6014850
2025-09-12 00:00:00,BANDHANBNK,166.59,167.23,164.24,164.87,2180973
2025-09-12 00:00:00,BANKBARODA,238.5,239.26,235.51,237.48,7047846
2025-09-12 00:00:00,CANBK,112.88,112.89,110.79,110.96,10893570
2025-09-12 00:00:00,FEDERALBNK,196.65,196.96,193.88,194.36,4795808
2025-09-12 00:00:00,HDFCBANK,969.9,970.75,962.25,967.3,14363519
2025-09-12 00:00:00,ICICIBANK,1405.1,1419.7,1400.1,1417.7,7770038
2025-09-12 00:00:00,IDFCFIRSTB,72.8,72.81,71.95,72.04,8897944
2025-09-12 00:00:00,INDUSINDBK,753.0,754.35,739.25,740.5,1853165
2025-09-12 00:00:00,KOTAKBANK,1973.2,1985.0,1966.0,1972.3,3615457
2025-09-12 00:00:00,PNB,108.0,108.23,107.05,107.31,8049228
2025-09-12 00:00:00,SBIN,824.1,825.8,819.8,823.55,5078018
2025-09-12 00:00:00,UNIONBANK,134.3,134.3,132.82,133.88,5580149
2025-09-12 00:00:00,YESBANK,21.05,21.08,20.75,20.86,70693606
2025-09-15 00:00:00,AUBANK,708.0,715.0,699.2,713.4,2009111
2025-09-15 00:00:00,AXISBANK,1105.0,1110.0,1100.0,1104.4,3881807
2025-09-15 00:00:00,BANDHANBNK,166.0,166.17,161.8,162.14,5750385
2025-09-15 00:00:00,BANKBARODA,237.0,240.0,237.0,239.05,7165608
2025-09-15 00:00:00,CANBK,111.49,113.0,111.21,112.51,9013604
2025-09-15 00:00:00,FEDERALBNK,194.25,196.88,194.2,196.27,2036783
2025-09-15 00:00:00,HDFCBANK,969.6,972.35,965.0,967.05,14486377
2025-09-15 00:00:00,ICICIBANK,1422.0,1426.8,1416.3,1419.4,5845637
2025-09-15 00:00:00,IDFCFIRSTB,72.0,72.43,71.47,71.62,9123219
2025-09-15 00:00:00,INDUSINDBK,741.0,744.4,738.1,739.9,1499071
2025-09-15 00:00:00,KOTAKBANK,1968.0,1981.6,1964.9,1970.8,2619626
2025-09-15 00:00:00,PNB,107.31,109.21,107.31,108.51,10490843
2025-09-15 00:00:00,SBIN,823.55,827.8,821.1,824.75,3852494
2025-09-15 00:00:00,UNIONBANK,133.88,135.11,132.5,134.64,8200837
2025-09-15 00:00:00,YESBANK,20.87,21.28,20.87,21.01,74452689
2025-09-16 00:00:00,AUBANK,716.5,720.5,709.2,711.2,2510810
2025-09-16 00:00:00,AXISBANK,1105.7,1127.1,1104.0,1121.2,7965606
2025-09-16 00:00:00,BANDHANBNK,162.5,163.69,159.81,162.67,6584222
2025-09-16 00:00:00,BANKBARODA,239.05,240.85,237.8,240.58,7020684
2025-09-16 00:00:00,CANBK,113.45,113.86,112.51,113.23,15104682
2025-09-16 00:00:00,FEDERALBNK,196.0,197.27,195.55,196.41,3513785
2025-09-16 00:00:00,HDFCBANK,961.2,969.35,961.2,966.85,18661794
2025-09-16 00:00:00,ICICIBANK,1414.0,1424.9,1413.7,1421.6,8213151
2025-09-16 00:00:00,IDFCFIRSTB,71.59,71.8,70.95,71.55,12164809
2025-09-16 00:00:00,INDUSINDBK,740.7,748.95,734.6,742.25,2892657
2025-09-16 00:00:00,KOTAKBANK,1976.4,2030.5,1973.2,2021.7,4016877
2025-09-16 00:00:00,PNB,108.68,109.2,108.09,108.44,7126933
2025-09-16 00:00:00,SBIN,825.1,833.0,821.65,831.55,9467531
2025-09-16 00:00:00,UNIONBANK,134.95,135.07,133.0,134.29,6948055
2025-09-16 00:00:00,YESBANK,21.01,21.09,20.84,21.01,58912746
2025-09-17 00:00:00,AUBANK,710.0,712.2,698.3,708.75,3506666
2025-09-17 00:00:00,AXISBANK,1121.3,1128.5,1116.1,1126.0,5590739
2025-09-17 00:00:00,BANDHANBNK,163.5,164.54,162.55,164.28,4619945
2025-09-17 00:00:00,BANKBARODA,240.68,247.0,239.79,245.89,13825961
2025-09-17 00:00:00,CANBK,113.44,116.39,113.01,116.25,34943043
2025-09-17 00:00:00,FEDERALBNK,197.0,199.5,196.92,198.97,5372024
2025-09-17 00:00:00,HDFCBANK,965.15,974.4,964.35,966.5,17361476
2025-09-17 00:00:00,ICICIBANK,1420.1,1426.1,1416.4,1419.2,7484283
2025-09-17 00:00:00,IDFCFIRSTB,71.75,72.11,71.5,71.84,9443177
2025-09-17 00:00:00,INDUSINDBK,745.0,745.9,737.05,739.05,2280605
2025-09-17 00:00:00,KOTAKBANK,2029.0,2052.7,2020.3,2050.3,4783438
2025-09-17 00:00:00,PNB,108.6,112.16,108.06,111.97,33492032
2025-09-17 00:00:00,SBIN,834.3,858.15,831.0,857.15,17243938
2025-09-17 00:00:00,UNIONBANK,134.5,138.45,134.0,137.03,15301909
2025-09-17 00:00:00,YESBANK,21.04,21.24,20.87,21.15,77272829
2025-09-18 00:00:00,AUBANK,713.05,722.3,708.1,719.65,2453800
2025-09-18 00:00:00,AXISBANK,1129.0,1134.4,1121.2,1133.0,5713032
2025-09-18 00:00:00,BANDHANBNK,165.35,168.88,165.17,166.91,9198376
2025-09-18 00:00:00,BANKBARODA,246.61,252.25,246.01,248.95,19663095
2025-09-18 00:00:00,CANBK,116.9,117.7,114.7,115.41,26965142
2025-09-18 00:00:00,FEDERALBNK,200.0,200.47,197.81,198.43,6394641
2025-09-18 00:00:00,HDFCBANK,973.3,979.65,969.25,976.9,17791598
2025-09-18 00:00:00,ICICIBANK,1431.1,1432.8,1415.3,1421.7,8130537
2025-09-18 00:00:00,IDFCFIRSTB,72.17,72.56,71.65,71.95,15331745
2025-09-18 00:00:00,INDUSINDBK,742.45,743.0,732.5,735.45,2280312
2025-09-18 00:00:00,KOTAKBANK,2050.0,2061.3,2042.2,2054.6,3484116
2025-09-18 00:00:00,PNB,112.5,113.21,111.13,111.86,15714147
2025-09-18 00:00:00,SBIN,858.65,860.8,851.1,854.35,10400847
2025-09-18 00:00:00,UNIONBANK,137.41,138.36,135.3,136.59,12767032
2025-09-18 00:00:00,YESBANK,21.3,21.31,20.94,21.07,78623637
2025-09-19 00:00:00,AUBANK,719.65,724.0,711.25,718.7,3207374
2025-09-19 00:00:00,AXISBANK,1133.0,1144.1,1126.6,1135.9,8910732
2025-09-19 00:00:00,BANDHANBNK,167.0,168.25,165.05,167.08,4457698
2025-09-19 00:00:00,BANKBARODA,249.5,254.4,249.0,252.08,16173486
2025-09-19 00:00:00,CANBK,115.7,118.4,115.55,117.76,46393129
2025-09-19 00:00:00,FEDERALBNK,198.43,199.5,197.62,197.92,2693450
2025-09-19 00:00:00,HDFCBANK,974.9,976.7,962.1,966.9,31243267
2025-09-19 00:00:00,ICICIBANK,1416.1,1418.0,1400.2,1402.2,13457344
2025-09-19 00:00:00,IDFCFIRSTB,72.0,72.52,71.62,71.75,12449129
2025-09-19 00:00:00,INDUSINDBK,738.0,746.95,736.15,744.4,8190278
2025-09-19 00:00:00,KOTAKBANK,2054.6,2054.6,2027.4,2031.0,4486225
2025-09-19 00:00:00,PNB,112.5,114.3,111.86,113.3,27593935
2025-09-19 00:00:00,SBIN,852.0,864.45,849.3,862.35,15206426
2025-09-19 00:00:00,UNIONBANK,136.8,141.23,136.52,140.3,23479611
2025-09-19 00:00:00,YESBANK,21.07,21.39,21.0,21.17,116051178
2025-09-22 00:00:00,AUBANK,719.9,719.9,703.85,706.05,1519343
2025-09-22 00:00:00,AXISBANK,1136.0,1147.6,1131.2,1144.4,7689900
2025-09-22 00:00:00,BANDHANBNK,166.21,167.9,162.8,163.19,6341146
2025-09-22 00:00:00,BANKBARODA,252.0,254.69,250.01,251.14,8447174
2025-09-22 00:00:00,CANBK,117.64,119.72,117.3,118.87,31509156
2025-09-22 00:00:00,FEDERALBNK,197.99,198.56,194.55,195.0,5221899
2025-09-22 00:00:00,HDFCBANK,964.0,971.2,961.95,964.2,10854415
2025-09-22 00:00:00,ICICIBANK,1403.9,1409.9,1397.2,1401.5,8847948
2025-09-22 00:00:00,IDFCFIRSTB,71.7,72.13,70.8,70.92,16594479
2025-09-22 00:00:00,INDUSINDBK,744.4,748.3,733.4,734.3,1884250
2025-09-22 00:00:00,KOTAKBANK,2032.0,2039.6,2017.4,2021.7,2645982
2025-09-22 00:00:00,PNB,113.29,115.0,112.7,113.04,16831733
2025-09-22 00:00:00,SBIN,862.0,868.2,854.0,855.25,6594034
2025-09-22 00:00:00,UNIONBANK,140.35,141.56,138.33,138.81,7478022
2025-09-22 00:00:00,YESBANK,21.24,21.63,21.18,21.21,111736439
2025-09-23 00:00:00,AUBANK,710.0,734.05,708.9,731.65,5080969
2025-09-23 00:00:00,AXISBANK,1146.0,1172.8,1141.9,1170.8,16079093
2025-09-23 00:00:00,BANDHANBNK,163.5,164.0,158.5,162.09,10403417
2025-09-23 00:00:00,BANKBARODA,251.14,254.45,249.14,253.23,10937835
2025-09-23 00:00:00,CANBK,118.77,122.09,116.93,121.9,44544453
2025-09-23 00:00:00,FEDERALBNK,196.0,196.0,193.88,195.13,3435579
2025-09-23 00:00:00,HDFCBANK,967.0,968.2,955.5,957.2,21022298
2025-09-23 00:00:00,ICICIBANK,1391.0,1403.3,1391.0,1394.3,12827524
2025-09-23 00:00:00,IDFCFIRSTB,70.92,71.49,70.45,70.51,20655395
2025-09-23 00:00:00,INDUSINDBK,735.0,757.0,729.05,755.25,4501893
2025-09-23 00:00:00,KOTAKBANK,2023.0,2053.1,2008.4,2047.7,5085648
2025-09-23 00:00:00,PNB,113.09,114.09,112.43,113.43,12673502
2025-09-23 00:00:00,SBIN,854.6,874.25,851.2,870.6,14357863
2025-09-23 00:00:00,UNIONBANK,138.81,141.34,137.11,140.2,7618679
2025-09-23 00:00:00,YESBANK,21.2,21.45,21.1,21.38,82429015
2025-09-24 00:00:00,AUBANK,730.0,743.4,727.4,736.15,3424417
2025-09-24 00:00:00,AXISBANK,1168.0,1172.8,1154.0,1158.9,12812055
2025-09-24 00:00:00,BANDHANBNK,162.09,163.67,158.0,158.47,5184943
2025-09-24 00:00:00,BANKBARODA,254.5,258.5,253.61,254.37,19015206
2025-09-24 00:00:00,CANBK,122.7,124.55,122.25,122.91,55162500
2025-09-24 00:00:00,FEDERALBNK,195.2,196.82,193.3,193.58,2934434
2025-09-24 00:00:00,HDFCBANK,952.2,956.45,943.0,951.05,15117220
2025-09-24 00:00:00,ICICIBANK,1386.4,1390.9,1376.5,1382.7,9735678
2025-09-24 00:00:00,IDFCFIRSTB,70.6,71.31,69.89,70.04,17448652
2025-09-24 00:00:00,INDUSINDBK,755.25,758.95,738.9,740.75,2993982
2025-09-24 00:00:00,KOTAKBANK,2042.0,2048.1,2029.0,2031.3,3678877
2025-09-24 00:00:00,PNB,114.2,114.49,110.61,111.01,16817280
2025-09-24 00:00:00,SBIN,876.0,880.5,864.45,866.2,12840160
2025-09-24 00:00:00,UNIONBANK,140.6,141.63,138.77,139.17,9872466
2025-09-24 00:00:00,YESBANK,21.34,21.55,21.15,21.19,76509671
2025-09-25 00:00:00,AUBANK,733.25,747.55,730.2,741.6,1527974
2025-09-25 00:00:00,AXISBANK,1154.7,1171.8,1153.4,1166.6,11188302
2025-09-25 00:00:00,BANDHANBNK,158.0,159.34,156.79,157.27,6446897
2025-09-25 00:00:00,BANKBARODA,254.37,256.34,252.0,252.82,10254514
2025-09-25 00:00:00,CANBK,122.9,123.33,121.21,121.44,30764727
2025-09-25 00:00:00,FEDERALBNK,193.6,195.32,192.57,193.33,5665259
2025-09-25 00:00:00,HDFCBANK,952.5,958.0,947.4,949.85,31413279
2025-09-25 00:00:00,ICICIBANK,1377.0,1391.5,1371.8,1375.8,21613389
2025-09-25 00:00:00,IDFCFIRSTB,69.7,70.35,69.65,69.93,15686056
2025-09-25 00:00:00,INDUSINDBK,740.95,745.6,735.4,740.75,3037406
2025-09-25 00:00:00,KOTAKBANK,2032.3,2037.5,2010.0,2013.5,4007855
2025-09-25 00:00:00,PNB,111.02,112.25,110.42,111.4,14583301
2025-09-25 00:00:00,SBIN,866.55,870.15,859.95,861.15,8678821
2025-09-25 00:00:00,UNIONBANK,139.19,140.2,137.82,138.77,6552575
2025-09-25 00:00:00,YESBANK,21.19,21.57,21.16,21.35,117158717
2025-09-26 00:00:00,AUBANK,749.5,759.75,741.5,743.2,4071836
2025-09-26 00:00:00,AXISBANK,1161.6,1169.7,1148.0,1154.0,5618932
2025-09-26 00:00:00,BANDHANBNK,157.27,157.86,154.53,155.02,6103913
2025-09-26 00:00:00,BANKBARODA,252.82,252.98,247.17,248.45,7652782
2025-09-26 00:00:00,CANBK,121.35,121.55,117.5,118.08,25531804
2025-09-26 00:00:00,FEDERALBNK,192.6,194.14,190.28,191.82,3860755
2025-09-26 00:00:00,HDFCBANK,945.1,951.45,941.3,945.05,14874656
2025-09-26 00:00:00,ICICIBANK,1368.0,1372.7,1357.0,1359.6,18342280
2025-09-26 00:00:00,IDFCFIRSTB,69.65,69.84,68.42,68.59,14698569
2025-09-26 00:00:00,INDUSINDBK,742.0,742.65,710.6,712.75,5779485
2025-09-26 00:00:00,KOTAKBANK,2009.0,2019.2,1989.1,1994.8,1919165
2025-09-26 00:00:00,PNB,111.11,111.34,107.3,107.79,18377053
2025-09-26 00:00:00,SBIN,862.0,864.35,853.0,856.95,6959545
2025-09-26 00:00:00,UNIONBANK,138.55,138.7,133.9,134.08,8038715
2025-09-26 00:00:00,YESBANK,21.35,21.4,20.9,20.97,85479445
2025-09-29 00:00:00,AUBANK,744.1,755.0,729.45,738.4,3008287
2025-09-29 00:00:00,AXISBANK,1155.4,1158.3,1126.7,1132.2,9693881
2025-09-29 00:00:00,BANDHANBNK,155.78,162.75,155.78,162.18,18008398
2025-09-29 00:00:00,BANKBARODA,248.5,255.39,248.31,253.99,11711402
2025-09-29 00:00:00,CANBK,118.58,121.4,118.26,120.48,28333195
2025-09-29 00:00:00,FEDERALBNK,193.0,193.13,189.05,190.08,8268524
2025-09-29 00:00:00,HDFCBANK,946.05,956.8,939.1,950.3,32398179
2025-09-29 00:00:00,ICICIBANK,1359.6,1366.5,1346.2,1348.1,20563163
2025-09-29 00:00:00,IDFCFIRSTB,68.89,70.15,68.66,69.5,19074934
2025-09-29 00:00:00,INDUSINDBK,717.75,734.85,712.55,723.4,41100690
2025-09-29 00:00:00,KOTAKBANK,1995.9,2003.7,1970.3,1991.6,5306102
2025-09-29 00:00:00,PNB,107.9,110.23,107.9,109.51,16244160
2025-09-29 00:00:00,SBIN,858.05,873.5,856.0,870.75,22641712
2025-09-29 00:00:00,UNIONBANK,134.29,136.83,134.26,135.4,8531659
2025-09-29 00:00:00,YESBANK,21.02,21.34,21.01,21.04,69388119
2025-09-30 00:00:00,AUBANK,738.0,740.2,728.8,731.4,3387971
2025-09-30 00:00:00,AXISBANK,1130.0,1137.0,1125.4,1131.6,8165203
2025-09-30 00:00:00,BANDHANBNK,162.0,162.95,160.6,162.21,6070683
2025-09-30 00:00:00,BANKBARODA,254.0,260.1,253.76,258.54,16041674
2025-09-30 00:00:00,CANBK,121.25,124.45,120.92,123.71,47473634
2025-09-30 00:00:00,FEDERALBNK,190.8,194.0,190.56,192.93,7294473
2025-09-30 00:00:00,HDFCBANK,958.05,960.0,946.3,951.0,28296687
2025-09-30 00:00:00,ICICIBANK,1353.7,1356.6,1342.6,1348.0,20166871
2025-09-30 00:00:00,IDFCFIRSTB,69.89,70.25,69.3,69.77,16303775
2025-09-30 00:00:00,INDUSINDBK,730.0,737.7,722.55,735.55,3965781
2025-09-30 00:00:00,KOTAKBANK,2004.0,2015.0,1986.1,1992.7,5861937
2025-09-30 00:00:00,PNB,110.04,113.7,109.85,112.83,37086442
2025-09-30 00:00:00,SBIN,869.95,877.6,867.6,872.45,12831593
2025-09-30 00:00:00,UNIONBANK,135.89,139.15,135.68,138.51,9260926
2025-09-30 00:00:00,YESBANK,21.07,21.47,21.07,21.25,92547790
2025-10-01 00:00:00,AUBANK,728.0,741.4,719.05,724.55,3802747
2025-10-01 00:00:00,AXISBANK,1132.5,1164.8,1131.0,1159.5,9655009
2025-10-01 00:00:00,BANDHANBNK,163.0,165.15,160.28,163.54,8546404
2025-10-01 00:00:00,BANKBARODA,259.8,261.05,255.3,259.6,10553753
2025-10-01 00:00:00,CANBK,124.3,124.5,121.17,123.76,38045288
2025-10-01 00:00:00,FEDERALBNK,193.0,194.69,191.6,193.76,5901005
2025-10-01 00:00:00,HDFCBANK,952.7,969.6,946.0,965.25,25350832
2025-10-01 00:00:00,ICICIBANK,1348.0,1379.4,1347.1,1372.0,20952632
2025-10-01 00:00:00,IDFCFIRSTB,69.94,70.56,68.37,69.02,18087902
2025-10-01 00:00:00,INDUSINDBK,732.2,745.45,726.0,743.15,4127017
2025-10-01 00:00:00,KOTAKBANK,1986.0,2072.0,1986.0,2063.3,6115951
2025-10-01 00:00:00,PNB,112.7,113.56,111.2,112.55,19565179
2025-10-01 00:00:00,SBIN,872.3,876.45,862.8,864.1,10832384
2025-10-01 00:00:00,UNIONBANK,139.19,140.1,136.4,138.75,8641300
2025-10-01 00:00:00,YESBANK,21.28,21.82,21.16,21.76,157063539
2025-10-03 00:00:00,AUBANK,722.05,743.7,720.7,741.9,1744199
2025-10-03 00:00:00,AXISBANK,1171.0,1188.0,1169.5,1181.0,11095015
2025-10-03 00:00:00,BANDHANBNK,163.54,166.41,163.0,165.96,8038222
2025-10-03 00:00:00,BANKBARODA,260.1,265.35,257.8,263.95,12224432
2025-10-03 00:00:00,CANBK,123.77,126.42,123.32,125.9,34668909
2025-10-03 00:00:00,FEDERALBNK,193.61,195.5,192.21,192.37,6145378
2025-10-03 00:00:00,HDFCBANK,952.0,966.75,952.0,965.15,26658296
2025-10-03 00:00:00,ICICIBANK,1371.9,1371.9,1361.3,1365.2,12163695
2025-10-03 00:00:00,IDFCFIRSTB,68.99,69.77,68.77,69.04,11411405
2025-10-03 00:00:00,INDUSINDBK,743.2,758.95,741.75,747.4,4112610
2025-10-03 00:00:00,KOTAKBANK,2063.3,2108.0,2062.0,2100.5,4735930
2025-10-03 00:00:00,PNB,112.65,114.85,112.44,114.37,23883726
2025-10-03 00:00:00,SBIN,865.15,873.0,863.8,867.3,8019442
2025-10-03 00:00:00,UNIONBANK,138.78,140.45,135.29,137.71,11964819
2025-10-03 00:00:00,YESBANK,21.76,21.97,21.68,21.85,108054972
2025-10-06 00:00:00,AUBANK,748.05,764.4,745.0,762.95,2447302
2025-10-06 00:00:00,AXISBANK,1185.0,1215.2,1182.1,1212.8,20128505
2025-10-06 00:00:00,BANDHANBNK,166.52,167.33,164.36,164.79,6240755
2025-10-06 00:00:00,BANKBARODA,266.75,272.05,265.4,266.6,13935656
2025-10-06 00:00:00,CANBK,126.0,127.95,125.87,126.76,27335116
2025-10-06 00:00:00,FEDERALBNK,192.21,194.11,191.8,193.66,5036576
2025-10-06 00:00:00,HDFCBANK,971.9,977.4,962.0,973.45,18542683
2025-10-06 00:00:00,ICICIBANK,1371.0,1372.6,1359.1,1363.4,14314283
2025-10-06 00:00:00,IDFCFIRSTB,69.06,71.48,69.06,71.09,24736298
2025-10-06 00:00:00,INDUSINDBK,742.0,755.6,734.1,739.3,5118797
2025-10-06 00:00:00,KOTAKBANK,2114.0,2154.6,2093.0,2146.0,5152836
2025-10-06 00:00:00,PNB,114.8,115.6,113.63,114.54,18071031
2025-10-06 00:00:00,SBIN,868.0,875.3,862.8,874.05,7820352
2025-10-06 00:00:00,UNIONBANK,137.7,138.25,135.3,136.68,10215425
2025-10-06 00:00:00,YESBANK,21.9,22.19,21.78,21.93,103492711
2025-10-07 00:00:00,AUBANK,765.5,766.6,756.55,764.0,2437438
2025-10-07 00:00:00,AXISBANK,1212.0,1212.0,1184.0,1186.8,8620156
2025-10-07 00:00:00,BANDHANBNK,164.79,167.17,164.25,164.47,11012796
2025-10-07 00:00:00,BANKBARODA,266.05,267.3,261.6,261.85,8742344
2025-10-07 00:00:00,CANBK,126.86,128.5,125.75,128.06,30539720
2025-10-07 00:00:00,FEDERALBNK,194.1,199.92,194.1,199.17,12430510
2025-10-07 00:00:00,HDFCBANK,974.0,989.85,971.0,982.5,25535736
2025-10-07 00:00:00,ICICIBANK,1363.6,1383.1,1363.6,1375.9,16126464
2025-10-07 00:00:00,IDFCFIRSTB,71.44,72.15,71.06,71.99,21582240
2025-10-07 00:00:00,INDUSINDBK,742.95,752.4,740.45,749.0,4348518
2025-10-07 00:00:00,KOTAKBANK,2142.0,2153.1,2121.7,2126.9,2472939
2025-10-07 00:00:00,PNB,114.54,115.1,113.75,114.17,11663822
2025-10-07 00:00:00,SBIN,874.15,877.0,863.0,864.7,9242580
2025-10-07 00:00:00,UNIONBANK,137.0,139.15,136.75,138.54,8128536
2025-10-07 00:00:00,YESBANK,21.95,22.36,21.94,22.22,120108122
2025-10-08 00:00:00,AUBANK,765.0,772.4,751.65,767.7,3344639
2025-10-08 00:00:00,AXISBANK,1180.1,1194.8,1174.1,1180.6,5160430
2025-10-08 00:00:00,BANDHANBNK,165.0,165.0,160.41,160.74,6821084
2025-10-08 00:00:00,BANKBARODA,262.5,263.2,258.5,261.9,6051759
2025-10-08 00:00:00,CANBK,128.5,128.55,124.7,126.04,38012061
2025-10-08 00:00:00,FEDERALBNK,200.5,203.5,199.35,202.61,9371594
2025-10-08 00:00:00,HDFCBANK,976.0,985.9,974.55,978.7,15939710
2025-10-08 00:00:00,ICICIBANK,1372.3,1381.6,1364.3,1370.3,8100832
2025-10-08 00:00:00,IDFCFIRSTB,71.98,72.65,71.23,71.99,20547425
2025-10-08 00:00:00,INDUSINDBK,747.05,754.1,739.15,740.95,4238626
2025-10-08 00:00:00,KOTAKBANK,2126.5,2132.5,2112.2,2117.8,880495
2025-10-08 00:00:00,PNB,114.18,114.48,112.02,113.14,14787767
2025-10-08 00:00:00,SBIN,866.8,867.8,857.25,858.25,7156112
2025-10-08 00:00:00,UNIONBANK,139.25,139.25,135.72,136.02,7718941
2025-10-08 00:00:00,YESBANK,22.25,22.29,21.9,22.04,96892054
2025-10-09 00:00:00,AUBANK,770.0,771.0,756.1,760.0,1723753
2025-10-09 00:00:00,AXISBANK,1178.0,1187.3,1163.1,1167.4,7194651
2025-10-09 00:00:00,BANDHANBNK,161.1,163.63,160.51,163.3,4759207
2025-10-09 00:00:00,BANKBARODA,262.0,265.8,260.6,264.15,5413923
2025-10-09 00:00:00,CANBK,126.49,126.99,125.51,126.17,16981691
2025-10-09 00:00:00,FEDERALBNK,203.5,207.91,202.15,207.34,13012847
2025-10-09 00:00:00,HDFCBANK,974.5,979.0,970.15,977.1,15370950
2025-10-09 00:00:00,ICICIBANK,1369.8,1378.7,1365.1,1376.2,7909575
2025-10-09 00:00:00,IDFCFIRSTB,72.0,73.73,72.0,73.45,24141745
2025-10-09 00:00:00,INDUSINDBK,744.0,753.3,743.0,749.15,3506978
2025-10-09 00:00:00,KOTAKBANK,2118.0,2152.0,2101.3,2144.6,3165497
2025-10-09 00:00:00,PNB,113.14,114.8,113.05,114.3,12587389
2025-10-09 00:00:00,SBIN,861.6,865.8,858.1,862.1,7020501
2025-10-09 00:00:00,UNIONBANK,136.65,139.35,136.15,137.83,7305339
2025-10-09 00:00:00,YESBANK,22.05,22.47,22.01,22.42,113280531
2025-10-10 00:00:00,AUBANK,757.7,765.65,755.15,763.25,949662
2025-10-10 00:00:00,AXISBANK,1168.0,1191.7,1165.2,1180.4,6933035
2025-10-10 00:00:00,BANDHANBNK,163.3,170.09,163.07,169.32,10328003
2025-10-10 00:00:00,BANKBARODA,264.5,268.9,264.05,266.95,9459957
2025-10-10 00:00:00,CANBK,126.5,128.6,126.35,127.39,23836453
2025-10-10 00:00:00,FEDERALBNK,206.91,210.19,206.53,208.3,5126420
2025-10-10 00:00:00,HDFCBANK,979.0,986.2,978.1,980.9,13757080
2025-10-10 00:00:00,ICICIBANK,1370.3,1385.0,1370.3,1380.3,7673816
2025-10-10 00:00:00,IDFCFIRSTB,73.4,74.57,73.16,74.43,33334050
2025-10-10 00:00:00,INDUSINDBK,749.6,766.75,747.75,763.35,5386722
2025-10-10 00:00:00,KOTAKBANK,2145.0,2157.8,2136.6,2150.1,1936242
2025-10-10 00:00:00,PNB,114.5,117.85,114.16,117.24,40846119
2025-10-10 00:00:00,SBIN,862.1,883.75,861.3,880.65,13713015
2025-10-10 00:00:00,UNIONBANK,137.9,140.18,137.52,139.27,7959876
2025-10-10 00:00:00,YESBANK,22.45,24.3,22.42,24.0,551294320
2025-10-13 00:00:00,AUBANK,771.15,776.7,760.75,767.1,2154436
2025-10-13 00:00:00,AXISBANK,1171.0,1193.6,1167.5,1189.6,4138448
2025-10-13 00:00:00,BANDHANBNK,168.0,169.75,167.12,168.48,5337566
2025-10-13 00:00:00,BANKBARODA,266.4,269.2,264.65,268.1,5443095
2025-10-13 00:00:00,CANBK,127.3,128.39,126.36,127.64,21132831
2025-10-13 00:00:00,FEDERALBNK,208.1,213.5,207.32,213.02,15174980
2025-10-13 00:00:00,HDFCBANK,974.3,981.0,972.0,977.0,18634254
2025-10-13 00:00:00,ICICIBANK,1373.1,1386.4,1373.1,1379.4,8923018
2025-10-13 00:00:00,IDFCFIRSTB,74.35,74.65,73.5,73.71,19126198
2025-10-13 00:00:00,INDUSINDBK,758.0,767.95,757.05,759.9,2906803
2025-10-13 00:00:00,KOTAKBANK,2136.0,2156.0,2133.8,2152.1,2120004
2025-10-13 00:00:00,PNB,116.87,117.6,116.1,116.95,11809783
2025-10-13 00:00:00,SBIN,879.0,888.1,876.0,882.95,11923143
2025-10-13 00:00:00,UNIONBANK,139.27,141.0,136.91,139.9,8108286
2025-10-13 00:00:00,YESBANK,24.2,24.29,23.82,24.03,251979906
2025-10-14 00:00:00,AUBANK,767.1,776.5,762.35,772.65,2260560
2025-10-14 00:00:00,AXISBANK,1191.8,1191.8,1166.6,1176.8,5742538
2025-10-14 00:00:00,BANDHANBNK,169.2,169.3,161.56,162.59,10676188
2025-10-14 00:00:00,BANKBARODA,268.0,268.7,263.55,263.95,4141172
2025-10-14 00:00:00,CANBK,127.35,127.8,124.6,125.22,19638720
2025-10-14 00:00:00,FEDERALBNK,212.94,216.0,212.0,215.44,13286463
2025-10-14 00:00:00,HDFCBANK,970.0,980.45,967.0,977.15,22934382
2025-10-14 00:00:00,ICICIBANK,1389.0,1389.0,1375.1,1384.1,10610855
2025-10-14 00:00:00,IDFCFIRSTB,73.73,74.32,72.58,72.8,29228270
2025-10-14 00:00:00,INDUSINDBK,758.0,763.05,743.3,750.4,1833516
2025-10-14 00:00:00,KOTAKBANK,2149.0,2165.0,2141.6,2151.8,1604563
2025-10-14 00:00:00,PNB,116.96,117.34,114.91,115.27,10882007
2025-10-14 00:00:00,SBIN,883.0,884.15,872.1,876.95,7681973
2025-10-14 00:00:00,UNIONBANK,140.1,140.34,136.74,137.0,6987798
2025-10-14 00:00:00,YESBANK,24.08,24.14,23.23,23.32,154381162
2025-10-15 00:00:00,AUBANK,776.5,807.0,776.1,802.1,3804314
2025-10-15 00:00:00,AXISBANK,1180.0,1181.7,1164.0,1169.6,6328142
2025-10-15 00:00:00,BANDHANBNK,163.5,164.5,162.6,163.2,5380906
2025-10-15 00:00:00,BANKBARODA,263.3,270.4,263.3,268.4,8534350
2025-10-15 00:00:00,CANBK,125.8,128.8,125.6,128.41,22108228
2025-10-15 00:00:00,FEDERALBNK,215.1,217.18,214.1,216.33,7102306
2025-10-15 00:00:00,HDFCBANK,975.0,984.9,973.35,978.25,23310447
2025-10-15 00:00:00,ICICIBANK,1386.5,1400.4,1385.5,1398.4,8988550
2025-10-15 00:00:00,IDFCFIRSTB,72.85,74.0,72.83,72.97,20015593
2025-10-15 00:00:00,INDUSINDBK,752.35,753.0,733.2,740.1,2333738
2025-10-15 00:00:00,KOTAKBANK,2155.0,2165.9,2141.2,2149.6,2308107
2025-10-15 00:00:00,PNB,115.5,117.17,115.4,116.4,10598247
2025-10-15 00:00:00,SBIN,878.1,887.5,877.05,886.1,8269225
2025-10-15 00:00:00,UNIONBANK,137.24,140.4,137.14,139.44,6780170
2025-10-15 00:00:00,YESBANK,23.35,23.47,23.21,23.32,91990161
2025-10-16 00:00:00,AUBANK,801.25,814.0,795.0,798.5,1864887
2025-10-16 00:00:00,AXISBANK,1216.4,1216.9,1185.3,1196.3,17747171
2025-10-16 00:00:00,BANDHANBNK,163.5,164.65,160.85,161.56,5939654
2025-10-16 00:00:00,BANKBARODA,268.4,269.3,265.5,266.15,6996551
2025-10-16 00:00:00,CANBK,128.99,130.14,127.19,127.37,20085575
2025-10-16 00:00:00,FEDERALBNK,216.5,216.77,214.06,214.5,5674145
2025-10-16 00:00:00,HDFCBANK,982.65,996.6,981.5,994.35,22936566
2025-10-16 00:00:00,ICICIBANK,1401.0,1418.9,1399.4,1417.3,12185032
2025-10-16 00:00:00,IDFCFIRSTB,73.26,73.44,71.71,71.79,27633985
2025-10-16 00:00:00,INDUSINDBK,742.9,744.85,735.0,739.5,3056360
2025-10-16 00:00:00,KOTAKBANK,2152.9,2214.6,2152.2,2205.4,6738420
2025-10-16 00:00:00,PNB,116.65,117.84,115.97,116.11,15188935
2025-10-16 00:00:00,SBIN,888.3,891.85,882.45,886.95,8493686
2025-10-16 00:00:00,UNIONBANK,140.0,140.75,138.0,138.81,5116871
2025-10-16 00:00:00,YESBANK,23.47,23.47,23.08,23.12,80935243
2025-10-17 00:00:00,AUBANK,796.95,802.45,785.05,792.45,4814241
2025-10-17 00:00:00,AXISBANK,1196.3,1212.9,1191.6,1200.2,6404414
2025-10-17 00:00:00,BANDHANBNK,161.56,163.25,159.41,160.98,8147603
2025-10-17 00:00:00,BANKBARODA,266.15,267.5,262.6,264.5,6919725
2025-10-17 00:00:00,CANBK,127.37,127.55,124.6,125.49,20351565
2025-10-17 00:00:00,FEDERALBNK,214.59,215.27,211.52,212.38,9465410
2025-10-17 00:00:00,HDFCBANK,993.95,1009.0,986.0,1002.55,25210511
2025-10-17 00:00:00,ICICIBANK,1412.0,1439.6,1410.9,1436.6,17037215
2025-10-17 00:00:00,IDFCFIRSTB,71.81,72.8,71.71,71.88,23591016
2025-10-17 00:00:00,INDUSINDBK,740.0,761.0,734.5,751.0,4770012
2025-10-17 00:00:00,KOTAKBANK,2203.9,2209.9,2190.4,2205.8,3341302
2025-10-17 00:00:00,PNB,116.15,116.73,112.75,113.7,16744153
2025-10-17 00:00:00,SBIN,887.5,894.75,883.0,889.15,8511854
2025-10-17 00:00:00,UNIONBANK,138.81,139.08,135.8,136.69,7584213
2025-10-17 00:00:00,YESBANK,23.13,23.24,22.05,22.25,199136558
2025-10-20 00:00:00,AUBANK,818.0,871.65,818.0,865.2,20074420
2025-10-20 00:00:00,AXISBANK,1207.9,1231.7,1207.0,1226.0,7418616
2025-10-20 00:00:00,BANDHANBNK,162.5,168.57,162.21,166.99,11102986
2025-10-20 00:00:00,BANKBARODA,265.8,273.1,265.05,271.45,17154442
2025-10-20 00:00:00,CANBK,126.2,129.45,126.11,127.59,27681896
2025-10-20 00:00:00,FEDERALBNK,216.5,229.9,216.02,227.08,55614063
2025-10-20 00:00:00,HDFCBANK,997.0,1020.0,997.0,1002.95,22195202
2025-10-20 00:00:00,ICICIBANK,1442.0,1445.0,1389.2,1390.3,23330227
2025-10-20 00:00:00,IDFCFIRSTB,72.75,77.1,72.61,76.93,103343278
2025-10-20 00:00:00,INDUSINDBK,743.0,770.65,726.3,759.75,9184006
2025-10-20 00:00:00,KOTAKBANK,2214.0,2266.0,2200.2,2213.8,3041417
2025-10-20 00:00:00,PNB,114.3,119.16,114.25,118.1,39131377
2025-10-20 00:00:00,SBIN,894.6,913.65,891.05,907.5,13546463
2025-10-20 00:00:00,UNIONBANK,137.69,142.8,137.49,141.33,18095188
2025-10-20 00:00:00,YESBANK,22.5,22.96,22.14,22.64,174176913
2025-10-21 00:00:00,AUBANK,866.0,871.7,858.45,861.35,483216
2025-10-21 00:00:00,AXISBANK,1225.8,1238.8,1222.0,1237.3,1940248
2025-10-21 00:00:00,BANDHANBNK,168.0,168.55,165.5,165.99,1155259
2025-10-21 00:00:00,BANKBARODA,271.5,272.7,269.1,270.2,1137999
2025-10-21 00:00:00,CANBK,128.24,128.8,126.45,127.12,7993166
2025-10-21 00:00:00,FEDERALBNK,228.39,229.3,227.0,227.44,2950169
2025-10-21 00:00:00,HDFCBANK,1006.0,1010.0,1004.0,1007.7,3471600
2025-10-21 00:00:00,ICICIBANK,1384.5,1387.6,1375.9,1382.0,3415560
2025-10-21 00:00:00,IDFCFIRSTB,77.25,77.35,76.5,76.77,10454110
2025-10-21 00:00:00,INDUSINDBK,761.95,762.9,756.0,758.45,350896
2025-10-21 00:00:00,KOTAKBANK,2213.8,2219.8,2186.9,2197.0,226804
2025-10-21 00:00:00,PNB,118.25,118.9,117.3,117.67,4760898
2025-10-21 00:00:00,SBIN,908.0,910.0,906.4,907.85,1783576
2025-10-21 00:00:00,UNIONBANK,142.0,142.52,141.1,141.66,2539060
2025-10-21 00:00:00,YESBANK,22.79,22.9,22.68,22.75,25743458
2025-10-23 00:00:00,AUBANK,861.05,884.0,861.05,870.7,4807671
2025-10-23 00:00:00,AXISBANK,1246.0,1276.1,1241.3,1258.8,14611221
2025-10-23 00:00:00,BANDHANBNK,167.52,172.84,166.65,171.31,13932402
2025-10-23 00:00:00,BANKBARODA,270.0,271.7,266.25,266.9,7342137
2025-10-23 00:00:00,CANBK,127.6,127.88,125.82,126.24,34824359
2025-10-23 00:00:00,FEDERALBNK,227.44,231.25,226.5,227.86,16833570
2025-10-23 00:00:00,HDFCBANK,1016.0,1020.5,1006.0,1008.8,43526526
2025-10-23 00:00:00,ICICIBANK,1385.0,1389.8,1360.1,1363.7,21124942
2025-10-23 00:00:00,IDFCFIRSTB,76.8,80.1,76.3,78.96,94119990
2025-10-23 00:00:00,INDUSINDBK,759.0,766.0,751.8,759.6,5363491
2025-10-23 00:00:00,KOTAKBANK,2225.0,2244.4,2211.0,2225.6,4299221
2025-10-23 00:00:00,PNB,118.2,120.2,117.71,118.22,31320313
2025-10-23 00:00:00,SBIN,912.0,918.0,904.8,911.55,13382769
2025-10-23 00:00:00,UNIONBANK,142.0,145.0,142.0,142.85,12272542
2025-10-23 00:00:00,YESBANK,22.78,23.2,22.65,22.72,130607745
2025-10-24 00:00:00,AUBANK,872.0,875.05,858.25,860.35,1778097
2025-10-24 00:00:00,AXISBANK,1254.2,1256.0,1240.1,1241.9,4882046
2025-10-24 00:00:00,BANDHANBNK,171.5,173.73,169.72,170.0,8783938
2025-10-24 00:00:00,BANKBARODA,266.9,268.6,264.3,266.2,6541279
2025-10-24 00:00:00,CANBK,126.5,126.93,124.73,125.7,17014666
2025-10-24 00:00:00,FEDERALBNK,228.0,232.2,226.89,227.4,25955732
2025-10-24 00:00:00,HDFCBANK,1011.0,1011.95,991.3,994.75,17707768
2025-10-24 00:00:00,ICICIBANK,1368.1,1381.6,1368.1,1377.7,10570263
2025-10-24 00:00:00,IDFCFIRSTB,78.96,79.49,77.95,78.2,23937221
2025-10-24 00:00:00,INDUSINDBK,759.95,759.95,750.85,755.05,2001556
2025-10-24 00:00:00,KOTAKBANK,2238.0,2238.0,2168.2,2187.0,3258737
2025-10-24 00:00:00,PNB,118.22,118.69,116.27,116.94,13120416
2025-10-24 00:00:00,SBIN,910.95,914.1,900.95,904.5,5313227
2025-10-24 00:00:00,UNIONBANK,142.71,144.0,140.8,141.77,5680097
2025-10-24 00:00:00,YESBANK,22.75,22.88,22.47,22.67,90033037
2025-10-27 00:00:00,AUBANK,860.0,869.65,855.3,864.2,1499331
2025-10-27 00:00:00,AXISBANK,1243.4,1258.5,1242.6,1254.1,6185072
2025-10-27 00:00:00,BANDHANBNK,171.0,173.64,170.0,172.04,6864109
2025-10-27 00:00:00,BANKBARODA,267.0,279.9,266.3,273.65,11187429
2025-10-27 00:00:00,CANBK,126.25,129.98,125.73,129.13,30460506
2025-10-27 00:00:00,FEDERALBNK,229.9,235.2,228.02,234.04,21764115
2025-10-27 00:00:00,HDFCBANK,996.5,1009.05,996.2,1002.95,15700796
2025-10-27 00:00:00,ICICIBANK,1382.1,1386.8,1374.0,1377.6,11499836
2025-10-27 00:00:00,IDFCFIRSTB,78.2,79.0,77.67,78.03,20561033
2025-10-27 00:00:00,INDUSINDBK,755.7,772.0,753.15,770.05,3590863
2025-10-27 00:00:00,KOTAKBANK,2172.2,2186.0,2122.0,2148.6,3719940
2025-10-27 00:00:00,PNB,117.45,120.4,116.99,119.63,17707337
2025-10-27 00:00:00,SBIN,906.95,928.0,906.0,922.75,9150761
2025-10-27 00:00:00,UNIONBANK,142.48,146.2,141.65,144.96,10145527
2025-10-27 00:00:00,YESBANK,22.72,22.94,22.66,22.77,81275519
2025-10-28 00:00:00,AUBANK,864.2,881.4,864.2,879.9,2737346
2025-10-28 00:00:00,AXISBANK,1249.0,1258.9,1236.6,1246.3,8146777
2025-10-28 00:00:00,BANDHANBNK,172.71,175.95,171.94,175.62,7622416
2025-10-28 00:00:00,BANKBARODA,274.4,277.5,273.35,276.95,10922577
2025-10-28 00:00:00,CANBK,130.39,131.77,127.75,129.98,44849817
2025-10-28 00:00:00,FEDERALBNK,234.0,236.63,232.35,235.78,15860246
2025-10-28 00:00:00,HDFCBANK,997.65,1008.0,995.0,1003.55,33904289
2025-10-28 00:00:00,ICICIBANK,1373.0,1375.8,1356.2,1363.1,26477914
2025-10-28 00:00:00,IDFCFIRSTB,78.17,80.13,78.0,79.2,40381121
2025-10-28 00:00:00,INDUSINDBK,773.9,801.95,772.45,799.75,8948361
2025-10-28 00:00:00,KOTAKBANK,2142.0,2168.1,2142.0,2160.8,4660869
2025-10-28 00:00:00,PNB,120.08,121.5,119.2,121.13,37123841
2025-10-28 00:00:00,SBIN,927.1,935.85,917.7,930.25,22066289
2025-10-28 00:00:00,UNIONBANK,145.9,147.73,144.7,147.07,15194370
2025-10-28 00:00:00,YESBANK,22.75,22.96,22.54,22.73,90650700
2025-10-29 00:00:00,AUBANK,886.0,886.45,874.4,882.45,2921775
2025-10-29 00:00:00,AXISBANK,1246.9,1251.0,1239.2,1248.8,4578825
2025-10-29 00:00:00,BANDHANBNK,175.93,175.93,171.69,172.23,5931417
2025-10-29 00:00:00,BANKBARODA,276.55,277.9,274.05,274.6,6127929
2025-10-29 00:00:00,CANBK,129.88,130.4,128.3,128.77,37842782
2025-10-29 00:00:00,FEDERALBNK,236.2,236.42,233.3,234.91,7589866
2025-10-29 00:00:00,HDFCBANK,1004.9,1012.5,1000.0,1007.85,17769445
2025-10-29 00:00:00,ICICIBANK,1364.6,1371.7,1358.4,1370.4,16129382
2025-10-29 00:00:00,IDFCFIRSTB,79.2,79.5,78.12,79.35,22727574
2025-10-29 00:00:00,INDUSINDBK,804.0,810.05,793.8,807.45,4077629
2025-10-29 00:00:00,KOTAKBANK,2170.0,2174.3,2146.9,2150.5,1417783
2025-10-29 00:00:00,PNB,120.9,122.35,120.7,121.1,18350031
2025-10-29 00:00:00,SBIN,933.9,942.05,930.25,939.75,12314222
2025-10-29 00:00:00,UNIONBANK,148.0,148.23,145.37,146.12,7276992
2025-10-29 00:00:00,YESBANK,22.76,22.94,22.66,22.69,56148847
2025-10-30 00:00:00,AUBANK,883.0,885.5,874.8,878.3,1730444
2025-10-30 00:00:00,AXISBANK,1243.0,1248.0,1235.0,1238.6,4017532
2025-10-30 00:00:00,BANDHANBNK,172.64,173.5,168.7,170.58,7269887
2025-10-30 00:00:00,BANKBARODA,274.6,276.6,271.35,272.75,13926080
2025-10-30 00:00:00,CANBK,129.0,134.25,127.8,132.89,93428789
2025-10-30 00:00:00,FEDERALBNK,235.01,237.44,234.4,234.81,11944357
2025-10-30 00:00:00,HDFCBANK,1000.0,1009.5,997.1,998.15,19962917
2025-10-30 00:00:00,ICICIBANK,1362.4,1370.2,1361.3,1362.4,9324401
2025-10-30 00:00:00,IDFCFIRSTB,79.3,79.92,78.34,78.93,25915170
2025-10-30 00:00:00,INDUSINDBK,807.0,810.0,797.25,800.95,4103276
2025-10-30 00:00:00,KOTAKBANK,2150.0,2153.0,2126.4,2137.2,2487693
2025-10-30 00:00:00,PNB,121.05,121.89,119.7,120.09,23108567
2025-10-30 00:00:00,SBIN,939.45,944.9,933.05,934.35,13044473
2025-10-30 00:00:00,UNIONBANK,146.4,150.8,140.8,142.32,37275551
2025-10-30 00:00:00,YESBANK,22.75,22.75,22.2,22.23,80860184
2025-10-31 00:00:00,AUBANK,878.25,882.75,872.7,877.85,710153
2025-10-31 00:00:00,AXISBANK,1243.0,1245.4,1231.0,1232.8,4106607
2025-10-31 00:00:00,BANDHANBNK,164.1,164.9,156.01,156.56,61847492
2025-10-31 00:00:00,BANKBARODA,273.8,280.65,272.05,278.4,23120256
2025-10-31 00:00:00,CANBK,131.39,138.6,131.2,136.99,80524287
2025-10-31 00:00:00,FEDERALBNK,234.7,237.5,233.85,236.61,7758968
2025-10-31 00:00:00,HDFCBANK,994.0,1004.45,981.15,987.3,23221330
2025-10-31 00:00:00,ICICIBANK,1357.0,1362.0,1343.3,1345.3,15926798
2025-10-31 00:00:00,IDFCFIRSTB,78.73,82.65,78.67,81.77,95666531
2025-10-31 00:00:00,INDUSINDBK,800.95,806.5,792.0,794.8,3511425
2025-10-31 00:00:00,KOTAKBANK,2146.9,2146.9,2100.0,2102.2,3786254
2025-10-31 00:00:00,PNB,120.4,124.05,120.08,122.89,37511394
2025-10-31 00:00:00,SBIN,934.9,946.7,930.25,937.0,12078252
2025-10-31 00:00:00,UNIONBANK,143.27,152.0,142.86,148.67,63642549
2025-10-31 00:00:00,YESBANK,22.27,23.22,22.27,22.74,210892173
2025-11-03 00:00:00,AUBANK,877.0,885.65,864.75,866.95,1245468
2025-11-03 00:00:00,AXISBANK,1226.0,1241.0,1222.3,1233.7,6118907
2025-11-03 00:00:00,BANDHANBNK,156.6,158.9,155.2,157.6,9593425
2025-11-03 00:00:00,BANKBARODA,284.5,293.25,283.0,291.2,38572616
2025-11-03 00:00:00,CANBK,137.67,141.45,137.3,139.6,57720656
2025-11-03 00:00:00,FEDERALBNK,236.62,238.89,236.27,237.89,7840791
2025-11-03 00:00:00,HDFCBANK,985.0,994.55,983.3,992.65,16607180
2025-11-03 00:00:00,ICICIBANK,1340.5,1351.6,1337.9,1346.4,11071450
2025-11-03 00:00:00,IDFCFIRSTB,82.0,82.7,81.48,81.99,30069092
2025-11-03 00:00:00,INDUSINDBK,794.8,803.7,791.15,796.9,2640561
2025-11-03 00:00:00,KOTAKBANK,2102.2,2119.2,2087.9,2113.5,1531453
2025-11-03 00:00:00,PNB,123.1,124.48,122.69,123.52,19502448
2025-11-03 00:00:00,SBIN,938.75,953.4,937.5,949.7,11744735
2025-11-03 00:00:00,UNIONBANK,149.0,152.75,148.95,150.88,23971441
2025-11-03 00:00:00,YESBANK,22.75,23.15,22.53,22.97,107152375
2025-11-04 00:00:00,AUBANK,866.95,881.0,863.75,880.3,2981577
2025-11-04 00:00:00,AXISBANK,1230.1,1235.9,1222.8,1226.6,3299345
2025-11-04 00:00:00,BANDHANBNK,158.2,158.28,154.87,156.16,16071978
2025-11-04 00:00:00,BANKBARODA,290.95,292.3,286.0,288.1,11837387
2025-11-04 00:00:00,CANBK,139.7,140.69,138.55,139.6,34484844
2025-11-04 00:00:00,FEDERALBNK,237.84,238.99,234.82,237.85,6499891
2025-11-04 00:00:00,HDFCBANK,987.0,997.0,983.7,985.25,20024544
2025-11-04 00:00:00,ICICIBANK,1342.6,1349.8,1333.2,1336.9,15211183
2025-11-04 00:00:00,IDFCFIRSTB,82.0,82.0,80.21,81.13,35458709
2025-11-04 00:00:00,INDUSINDBK,797.05,799.25,785.1,790.2,3505823
2025-11-04 00:00:00,KOTAKBANK,2116.7,2121.1,2093.0,2096.6,1916377
2025-11-04 00:00:00,PNB,123.15,123.79,122.22,123.25,14185419
2025-11-04 00:00:00,SBIN,951.0,959.3,941.5,957.6,19154518
2025-11-04 00:00:00,UNIONBANK,151.9,152.65,150.25,151.54,14622442
2025-11-04 00:00:00,YESBANK,22.97,23.47,22.8,23.02,139505986
2025-11-06 00:00:00,AUBANK,880.9,892.65,875.4,881.0,3539271
2025-11-06 00:00:00,AXISBANK,1225.0,1239.6,1225.0,1228.5,3733721
2025-11-06 00:00:00,BANDHANBNK,156.89,156.89,151.36,152.93,12978521
2025-11-06 00:00:00,BANKBARODA,289.5,290.5,284.75,286.35,7681719
2025-11-06 00:00:00,CANBK,140.25,140.75,138.84,139.24,22293737
2025-11-06 00:00:00,FEDERALBNK,237.98,238.34,235.05,235.83,4895857
2025-11-06 00:00:00,HDFCBANK,981.0,991.05,974.0,984.65,22279516
2025-11-06 00:00:00,ICICIBANK,1330.0,1342.2,1317.4,1320.4,24221853
2025-11-06 00:00:00,IDFCFIRSTB,80.74,81.42,79.69,80.37,34775868
2025-11-06 00:00:00,INDUSINDBK,791.0,797.5,777.35,786.2,2640541
2025-11-06 00:00:00,KOTAKBANK,2073.0,2103.8,2072.1,2083.2,2380569
2025-11-06 00:00:00,PNB,123.99,123.99,120.16,120.46,18897936
2025-11-06 00:00:00,SBIN,969.65,971.4,955.3,960.75,23088096
2025-11-06 00:00:00,UNIONBANK,152.58,152.58,149.6,150.15,10296779
2025-11-06 00:00:00,YESBANK,23.02,23.1,22.61,22.63,78361962
2025-11-07 00:00:00,AUBANK,876.05,909.75,870.85,908.7,3232246
2025-11-07 00:00:00,AXISBANK,1227.0,1228.8,1217.0,1222.8,3461466
2025-11-07 00:00:00,BANDHANBNK,152.93,155.18,151.76,153.71,16575533
2025-11-07 00:00:00,BANKBARODA,284.0,290.7,283.1,289.05,6951797
2025-11-07 00:00:00,CANBK,138.7,141.41,136.57,140.67,27498022
2025-11-07 00:00:00,FEDERALBNK,235.0,238.0,232.42,237.26,7026019
2025-11-07 00:00:00,HDFCBANK,980.0,984.9,974.75,982.3,15004568
2025-11-07 00:00:00,ICICIBANK,1320.4,1344.3,1318.6,1343.0,7719245
2025-11-07 00:00:00,IDFCFIRSTB,80.0,81.75,78.72,81.47,37744566
2025-11-07 00:00:00,INDUSINDBK,782.15,801.95,779.1,797.25,2079256
2025-11-07 00:00:00,KOTAKBANK,2078.7,2099.3,2059.2,2088.3,1400189
2025-11-07 00:00:00,PNB,120.4,122.98,118.86,122.38,16935021
2025-11-07 00:00:00,SBIN,958.75,964.85,944.0,955.85,13371323
2025-11-07 00:00:00,UNIONBANK,149.1,153.66,147.8,153.3,14462530
2025-11-07 00:00:00,YESBANK,22.5,22.94,22.3,22.85,84025519
2025-11-10 00:00:00,AUBANK,907.15,922.9,905.7,914.6,2958937
2025-11-10 00:00:00,AXISBANK,1222.0,1232.8,1215.5,1217.0,4140568
2025-11-10 00:00:00,BANDHANBNK,154.39,155.27,152.25,152.5,7260687
2025-11-10 00:00:00,BANKBARODA,289.05,291.85,285.65,287.7,7071136
2025-11-10 00:00:00,CANBK,141.25,142.6,139.9,141.04,28309612
2025-11-10 00:00:00,FEDERALBNK,237.25,238.89,236.56,238.46,7513078
2025-11-10 00:00:00,HDFCBANK,982.3,990.95,980.2,984.5,15988262
2025-11-10 00:00:00,ICICIBANK,1342.9,1349.6,1341.0,1348.0,8542340
2025-11-10 00:00:00,IDFCFIRSTB,81.48,82.24,80.83,81.21,26774744
2025-11-10 00:00:00,INDUSINDBK,791.0,807.8,791.0,799.35,1894738
2025-11-10 00:00:00,KOTAKBANK,2081.0,2104.8,2081.0,2092.7,2173296
2025-11-10 00:00:00,PNB,122.5,123.24,121.56,122.34,10675833
2025-11-10 00:00:00,SBIN,956.0,963.2,949.1,951.15,7343249
2025-11-10 00:00:00,UNIONBANK,153.98,155.42,152.3,154.24,13758440
2025-11-10 00:00:00,YESBANK,22.9,23.05,22.7,22.74,48716934
2025-11-11 00:00:00,AUBANK,915.0,916.9,886.6,889.4,1570525
2025-11-11 00:00:00,AXISBANK,1218.1,1225.0,1209.4,1222.5,5615453
2025-11-11 00:00:00,BANDHANBNK,152.8,153.5,149.32,150.94,6636127
2025-11-11 00:00:00,BANKBARODA,287.45,288.9,280.95,285.85,9114319
2025-11-11 00:00:00,CANBK,140.6,141.39,137.95,140.87,21813910
2025-11-11 00:00:00,FEDERALBNK,238.44,238.58,235.09,235.89,7025378
2025-11-11 00:00:00,HDFCBANK,983.5,993.5,978.0,991.7,10200530
2025-11-11 00:00:00,ICICIBANK,1349.0,1360.4,1346.2,1358.3,8305184
2025-11-11 00:00:00,IDFCFIRSTB,81.2,81.44,79.73,80.69,24238594
2025-11-11 00:00:00,INDUSINDBK,799.7,828.2,792.8,826.1,7150449
2025-11-11 00:00:00,KOTAKBANK,2100.0,2103.0,2074.9,2086.9,2162842
2025-11-11 00:00:00,PNB,122.36,122.62,120.07,122.02,13743470
2025-11-11 00:00:00,SBIN,953.6,954.95,945.05,953.3,8648917
2025-11-11 00:00:00,UNIONBANK,154.24,154.62,150.32,152.62,11291018
2025-11-11 00:00:00,YESBANK,22.74,22.75,22.39,22.63,53666213
2025-11-12 00:00:00,AUBANK,897.45,897.45,879.65,882.05,1230211
2025-11-12 00:00:00,AXISBANK,1227.9,1232.7,1216.5,1221.6,6782513
2025-11-12 00:00:00,BANDHANBNK,151.09,156.3,151.09,155.85,8535481
2025-11-12 00:00:00,BANKBARODA,286.9,289.95,283.8,285.0,11257140
2025-11-12 00:00:00,CANBK,141.7,144.54,141.37,143.57,39711769
2025-11-12 00:00:00,FEDERALBNK,236.0,239.91,233.48,238.94,8593960
2025-11-12 00:00:00,HDFCBANK,998.8,999.0,987.7,989.5,13137263
2025-11-12 00:00:00,ICICIBANK,1370.0,1370.0,1355.4,1358.9,9736761
2025-11-12 00:00:00,IDFCFIRSTB,80.94,82.11,80.55,81.58,27920019
2025-11-12 00:00:00,INDUSINDBK,830.05,873.0,827.0,864.4,11714519
2025-11-12 00:00:00,KOTAKBANK,2100.1,2100.1,2080.0,2084.5,1807085
2025-11-12 00:00:00,PNB,122.5,123.3,122.0,122.45,10330951
2025-11-12 00:00:00,SBIN,957.7,961.55,951.4,957.15,7043323
2025-11-12 00:00:00,UNIONBANK,153.26,156.75,152.51,156.29,12015875
2025-11-12 00:00:00,YESBANK,22.71,22.9,22.67,22.75,62838364
2025-11-13 00:00:00,AUBANK,881.5,891.85,878.8,886.7,1162548
2025-11-13 00:00:00,AXISBANK,1219.0,1234.8,1213.2,1225.2,3345231
2025-11-13 00:00:00,BANDHANBNK,155.5,156.07,154.0,154.13,3841132
2025-11-13 00:00:00,BANKBARODA,284.8,287.2,282.25,283.25,6205108
2025-11-13 00:00:00,CANBK,143.5,145.0,143.0,143.45,27528003
2025-11-13 00:00:00,FEDERALBNK,238.53,238.66,235.01,235.79,3764303
2025-11-13 00:00:00,HDFCBANK,984.0,990.1,982.6,986.65,14124839
2025-11-13 00:00:00,ICICIBANK,1358.9,1390.4,1358.5,1385.9,18296626
2025-11-13 00:00:00,IDFCFIRSTB,81.58,81.69,79.76,80.0,15615815
2025-11-13 00:00:00,INDUSINDBK,862.0,892.35,859.05,863.45,9325204
2025-11-13 00:00:00,KOTAKBANK,2089.5,2089.5,2064.6,2075.2,2142306
2025-11-13 00:00:00,PNB,122.61,123.5,120.8,121.07,10840343
2025-11-13 00:00:00,SBIN,954.25,963.95,952.45,954.0,8894441
2025-11-13 00:00:00,UNIONBANK,157.05,157.4,151.41,151.9,19743581
2025-11-13 00:00:00,YESBANK,22.75,22.84,22.45,22.48,59377342
2025-11-14 00:00:00,AUBANK,886.0,894.55,882.5,890.6,1668762
2025-11-14 00:00:00,AXISBANK,1224.0,1246.0,1222.0,1241.6,5197740
2025-11-14 00:00:00,BANDHANBNK,154.3,155.26,153.4,154.59,4141559
2025-11-14 00:00:00,BANKBARODA,281.3,287.45,281.3,286.75,5767810
2025-11-14 00:00:00,CANBK,143.88,146.38,143.36,146.07,26463777
2025-11-14 00:00:00,FEDERALBNK,235.4,237.19,235.08,236.26,3078306
2025-11-14 00:00:00,HDFCBANK,976.05,991.65,976.05,989.6,21386965
2025-11-14 00:00:00,ICICIBANK,1374.0,1381.2,1363.2,1373.0,9694498
2025-11-14 00:00:00,IDFCFIRSTB,80.0,81.0,79.75,80.43,16081514
2025-11-14 00:00:00,INDUSINDBK,864.0,872.0,845.85,848.25,4460991
2025-11-14 00:00:00,KOTAKBANK,2066.0,2085.5,2063.0,2079.7,2440551
2025-11-14 00:00:00,PNB,121.4,122.58,121.35,122.21,7534146
2025-11-14 00:00:00,SBIN,952.95,969.05,952.0,967.85,11032927
2025-11-14 00:00:00,UNIONBANK,151.76,153.74,151.53,152.76,8855570
2025-11-14 00:00:00,YESBANK,22.48,22.6,22.36,22.5,50842831
2025-11-17 00:00:00,AUBANK,895.0,919.4,892.15,912.7,2325495
2025-11-17 00:00:00,AXISBANK,1243.9,1261.0,1240.4,1249.6,4088026
2025-11-17 00:00:00,BANDHANBNK,154.99,157.75,154.55,154.78,5810479
2025-11-17 00:00:00,BANKBARODA,289.0,292.4,287.65,287.95,9325390
2025-11-17 00:00:00,CANBK,146.6,150.32,146.27,149.12,44625403
2025-11-17 00:00:00,FEDERALBNK,237.11,239.99,235.27,239.06,6245112
2025-11-17 00:00:00,HDFCBANK,991.25,997.95,985.6,996.55,18396408
2025-11-17 00:00:00,ICICIBANK,1375.1,1382.5,1373.6,1379.0,7660717
2025-11-17 00:00:00,IDFCFIRSTB,81.01,82.55,80.82,81.01,30289861
2025-11-17 00:00:00,INDUSINDBK,852.0,861.75,838.5,854.05,4019335
2025-11-17 00:00:00,KOTAKBANK,2095.0,2119.9,2092.4,2102.9,5030328
2025-11-17 00:00:00,PNB,122.7,124.85,122.31,123.0,18039214
2025-11-17 00:00:00,SBIN,971.0,976.0,968.5,973.35,7415026
2025-11-17 00:00:00,UNIONBANK,153.75,156.06,153.4,154.08,9495126
2025-11-17 00:00:00,YESBANK,22.58,23.33,22.58,23.16,156830924
2025-11-18 00:00:00,AUBANK,912.65,929.9,909.9,920.15,3097067
2025-11-18 00:00:00,AXISBANK,1250.0,1273.5,1247.6,1265.4,10175969
2025-11-18 00:00:00,BANDHANBNK,155.1,155.52,152.9,153.16,3409847
2025-11-18 00:00:00,BANKBARODA,287.75,289.85,285.0,288.45,6702634
2025-11-18 00:00:00,CANBK,149.48,150.69,148.41,149.0,29594222
2025-11-18 00:00:00,FEDERALBNK,239.44,246.75,239.0,244.51,24152192
2025-11-18 00:00:00,HDFCBANK,997.65,999.0,990.0,992.45,20002640
2025-11-18 00:00:00,ICICIBANK,1380.2,1382.8,1369.1,1373.4,9529560
2025-11-18 00:00:00,IDFCFIRSTB,80.99,81.31,79.86,80.11,21603623
2025-11-18 00:00:00,INDUSINDBK,854.05,858.5,845.05,847.95,1958051
2025-11-18 00:00:00,KOTAKBANK,2090.6,2107.0,2080.0,2093.1,2060068
2025-11-18 00:00:00,PNB,123.64,123.78,122.17,122.38,10071535
2025-11-18 00:00:00,SBIN,975.6,976.7,968.85,972.45,6594686
2025-11-18 00:00:00,UNIONBANK,154.07,154.74,152.4,153.11,5855016
2025-11-18 00:00:00,YESBANK,23.19,23.25,22.95,22.99,74216797
2025-11-19 00:00:00,AUBANK,924.75,928.0,910.8,925.65,3061415
2025-11-19 00:00:00,AXISBANK,1268.0,1273.0,1257.8,1270.4,4101288
2025-11-19 00:00:00,BANDHANBNK,153.9,153.9,152.1,152.88,3087236
2025-11-19 00:00:00,BANKBARODA,287.85,293.8,287.0,293.3,11205111
2025-11-19 00:00:00,CANBK,149.2,150.88,147.71,150.38,26500324
2025-11-19 00:00:00,FEDERALBNK,245.3,248.5,244.82,246.02,15310593
2025-11-19 00:00:00,HDFCBANK,990.0,996.55,984.0,994.6,19813847
2025-11-19 00:00:00,ICICIBANK,1373.5,1384.0,1371.6,1383.1,10393918
2025-11-19 00:00:00,IDFCFIRSTB,80.0,80.19,78.8,79.61,24234217
2025-11-19 00:00:00,INDUSINDBK,850.0,850.3,836.3,839.6,2317710
2025-11-19 00:00:00,KOTAKBANK,2099.5,2110.0,2089.5,2105.9,2492900
2025-11-19 00:00:00,PNB,122.75,125.45,121.65,125.06,22108922
2025-11-19 00:00:00,SBIN,972.45,984.45,968.8,982.75,8291226
2025-11-19 00:00:00,UNIONBANK,153.3,154.99,152.01,154.48,9710597
2025-11-19 00:00:00,YESBANK,22.99,23.06,22.76,22.93,60590652
2025-11-20 00:00:00,AUBANK,925.65,929.0,916.25,919.3,599130
2025-11-20 00:00:00,AXISBANK,1275.0,1287.3,1262.6,1285.2,4617594
2025-11-20 00:00:00,BANDHANBNK,153.0,153.59,151.03,151.22,3386488
2025-11-20 00:00:00,BANKBARODA,294.95,294.95,287.7,288.25,7321372
2025-11-20 00:00:00,CANBK,151.59,151.8,147.71,147.94,19144061
2025-11-20 00:00:00,FEDERALBNK,246.51,246.88,243.85,244.93,4639649
2025-11-20 00:00:00,HDFCBANK,995.3,1011.6,992.45,1008.85,19850865
2025-11-20 00:00:00,ICICIBANK,1380.1,1388.3,1375.4,1383.0,10131863
2025-11-20 00:00:00,IDFCFIRSTB,79.61,80.1,78.76,78.93,17097170
2025-11-20 00:00:00,INDUSINDBK,844.0,844.0,827.5,829.4,5136903
2025-11-20 00:00:00,KOTAKBANK,2114.8,2114.8,2093.2,2098.7,7340569
2025-11-20 00:00:00,PNB,125.92,126.16,123.41,123.86,17701274
2025-11-20 00:00:00,SBIN,986.0,986.6,979.35,981.55,6440857
2025-11-20 00:00:00,UNIONBANK,155.1,156.6,152.7,153.19,6033517
2025-11-20 00:00:00,YESBANK,23.02,23.05,22.58,22.63,64244668
2025-11-21 00:00:00,AUBANK,918.0,924.9,908.6,915.35,1756372
2025-11-21 00:00:00,AXISBANK,1284.0,1284.5,1273.0,1275.8,6363593
2025-11-21 00:00:00,BANDHANBNK,151.17,151.25,148.52,149.11,7161555
2025-11-21 00:00:00,BANKBARODA,287.0,287.95,283.3,284.15,7072694
2025-11-21 00:00:00,CANBK,147.31,148.15,144.96,145.77,22283701
2025-11-21 00:00:00,FEDERALBNK,244.19,247.6,244.0,245.06,7135057
2025-11-21 00:00:00,HDFCBANK,1003.1,1008.3,996.55,998.05,17499897
2025-11-21 00:00:00,ICICIBANK,1373.0,1376.0,1364.6,1369.5,11483595
2025-11-21 00:00:00,IDFCFIRSTB,78.93,79.22,78.05,78.33,14859148
2025-11-21 00:00:00,INDUSINDBK,832.2,856.8,830.55,846.55,7304707
2025-11-21 00:00:00,KOTAKBANK,2100.0,2111.5,2078.5,2087.8,7838842
2025-11-21 00:00:00,PNB,123.26,123.83,121.99,122.37,12407897
2025-11-21 00:00:00,SBIN,979.7,980.6,971.05,972.6,5377241
2025-11-21 00:00:00,UNIONBANK,153.0,153.02,149.61,150.89,8113297
2025-11-21 00:00:00,YESBANK,22.63,22.66,22.32,22.43,67259036
2025-11-24 00:00:00,AUBANK,915.35,935.6,913.35,925.1,3235422
2025-11-24 00:00:00,AXISBANK,1279.2,1290.9,1266.6,1269.0,10491953
2025-11-24 00:00:00,BANDHANBNK,149.1,150.9,148.1,149.91,7482792
2025-11-24 00:00:00,BANKBARODA,284.15,285.85,281.0,281.9,8839228
2025-11-24 00:00:00,CANBK,146.0,148.59,145.84,146.67,35398447
2025-11-24 00:00:00,FEDERALBNK,245.08,251.22,244.46,248.17,16439268
2025-11-24 00:00:00,HDFCBANK,1000.0,1011.45,993.6,999.15,32204053
2025-11-24 00:00:00,ICICIBANK,1373.3,1377.0,1361.5,1368.4,15896003
2025-11-24 00:00:00,IDFCFIRSTB,78.33,78.75,77.5,77.97,30982266
2025-11-24 00:00:00,INDUSINDBK,847.1,857.5,832.55,836.05,5082933
2025-11-24 00:00:00,KOTAKBANK,2095.0,2104.0,2077.4,2087.3,4984569
2025-11-24 00:00:00,PNB,122.9,123.43,121.1,121.75,16932622
2025-11-24 00:00:00,SBIN,975.55,977.7,968.05,970.6,9901946
2025-11-24 00:00:00,UNIONBANK,150.95,152.6,150.51,150.99,10621635
2025-11-24 00:00:00,YESBANK,22.43,22.48,22.16,22.2,139013154
2025-11-25 00:00:00,AUBANK,925.0,946.25,925.0,944.05,2689417
2025-11-25 00:00:00,AXISBANK,1269.1,1276.7,1263.7,1266.3,5290156
2025-11-25 00:00:00,BANDHANBNK,150.0,150.31,148.57,149.63,4401144
2025-11-25 00:00:00,BANKBARODA,281.75,287.9,280.7,287.25,7981354
2025-11-25 00:00:00,CANBK,146.66,149.38,145.3,148.69,24048863
2025-11-25 00:00:00,FEDERALBNK,248.4,256.9,247.5,255.99,15576893
2025-11-25 00:00:00,HDFCBANK,1004.0,1006.1,988.4,989.8,24989383
2025-11-25 00:00:00,ICICIBANK,1365.0,1376.9,1354.3,1357.8,12235000
2025-11-25 00:00:00,IDFCFIRSTB,77.9,79.6,77.74,79.35,17823182
2025-11-25 00:00:00,INDUSINDBK,836.05,844.9,829.05,839.9,3021941
2025-11-25 00:00:00,KOTAKBANK,2094.3,2094.3,2066.7,2069.9,3032979
2025-11-25 00:00:00,PNB,121.7,123.45,121.37,123.05,11550766
2025-11-25 00:00:00,SBIN,975.55,988.95,971.35,983.6,9140201
2025-11-25 00:00:00,UNIONBANK,151.0,153.21,151.0,152.85,5133754
2025-11-25 00:00:00,YESBANK,22.38,22.82,22.3,22.7,111959200
2025-11-26 00:00:00,AUBANK,943.0,962.65,941.0,953.75,2849853
2025-11-26 00:00:00,AXISBANK,1271.9,1292.8,1269.3,1290.2,4842021
2025-11-26 00:00:00,BANDHANBNK,150.0,152.5,149.72,151.18,4999472
2025-11-26 00:00:00,BANKBARODA,287.0,293.0,286.95,288.4,5874557
2025-11-26 00:00:00,CANBK,149.69,152.5,148.92,150.16,30511761
2025-11-26 00:00:00,FEDERALBNK,255.5,258.8,253.74,256.37,10148728
2025-11-26 00:00:00,HDFCBANK,981.3,1006.95,981.3,1003.9,19494356
2025-11-26 00:00:00,ICICIBANK,1360.0,1377.0,1359.9,1375.0,9659004
2025-11-26 00:00:00,IDFCFIRSTB,79.51,80.76,79.5,80.37,17479553
2025-11-26 00:00:00,INDUSINDBK,844.9,858.7,841.0,850.7,2939823
2025-11-26 00:00:00,KOTAKBANK,2075.0,2110.0,2074.1,2103.8,2979343
2025-11-26 00:00:00,PNB,123.64,126.06,123.35,124.99,19458499
2025-11-26 00:00:00,SBIN,986.6,999.0,982.15,983.9,13943490
2025-11-26 00:00:00,UNIONBANK,153.85,157.51,153.4,155.4,16804200
2025-11-26 00:00:00,YESBANK,22.75,23.0,22.61,22.93,72030859
2025-11-27 00:00:00,AUBANK,953.75,955.0,938.8,947.15,1254643
2025-11-27 00:00:00,AXISBANK,1297.0,1304.0,1281.0,1287.3,5924706
2025-11-27 00:00:00,BANDHANBNK,152.0,152.22,149.25,149.64,4904968
2025-11-27 00:00:00,BANKBARODA,289.25,289.9,286.1,287.9,5143734
2025-11-27 00:00:00,CANBK,150.9,152.0,149.85,151.76,20130369
2025-11-27 00:00:00,FEDERALBNK,256.0,256.9,253.3,254.87,4560033
2025-11-27 00:00:00,HDFCBANK,1002.1,1016.8,1001.0,1009.5,25536848
2025-11-27 00:00:00,ICICIBANK,1379.0,1394.0,1375.7,1392.2,15158741
2025-11-27 00:00:00,IDFCFIRSTB,80.38,81.3,79.82,80.5,31427073
2025-11-27 00:00:00,INDUSINDBK,853.0,863.75,846.55,857.45,3016014
2025-11-27 00:00:00,KOTAKBANK,2104.0,2130.5,2091.4,2110.2,4029795
2025-11-27 00:00:00,PNB,125.4,126.24,123.95,124.93,9718546
2025-11-27 00:00:00,SBIN,986.7,988.55,968.9,972.85,11909168
2025-11-27 00:00:00,UNIONBANK,155.89,155.89,153.1,154.28,6095060
2025-11-27 00:00:00,YESBANK,22.93,23.19,22.64,22.84,65580085
2025-11-28 00:00:00,AUBANK,949.0,956.3,943.6,955.25,1439552
2025-11-28 00:00:00,AXISBANK,1287.3,1289.0,1275.0,1279.7,3093636
2025-11-28 00:00:00,BANDHANBNK,150.8,152.21,149.81,150.36,4578914
2025-11-28 00:00:00,BANKBARODA,287.0,292.45,287.0,289.8,7906532
2025-11-28 00:00:00,CANBK,151.99,152.34,150.83,151.58,19414509
2025-11-28 00:00:00,FEDERALBNK,255.35,258.24,253.86,257.92,5507931
2025-11-28 00:00:00,HDFCBANK,1007.0,1012.05,1004.2,1007.6,15988807
2025-11-28 00:00:00,ICICIBANK,1392.0,1398.5,1385.6,1388.8,7683986
2025-11-28 00:00:00,IDFCFIRSTB,80.75,80.77,79.9,80.13,14855394
2025-11-28 00:00:00,INDUSINDBK,859.65,863.0,851.5,858.55,2901007
2025-11-28 00:00:00,KOTAKBANK,2119.0,2141.8,2102.2,2124.4,3168157
2025-11-28 00:00:00,PNB,125.3,125.3,124.11,124.5,9945691
2025-11-28 00:00:00,SBIN,976.8,983.0,973.05,979.0,8117842
2025-11-28 00:00:00,UNIONBANK,154.0,154.75,152.21,153.27,7664117
2025-11-28 00:00:00,YESBANK,22.84,23.05,22.73,22.93,72031509
2025-12-01 00:00:00,AUBANK,955.4,962.7,947.8,950.5,1215469
2025-12-01 00:00:00,AXISBANK,1288.0,1289.0,1268.5,1275.7,4098016
2025-12-01 00:00:00,BANDHANBNK,151.11,151.2,149.38,150.05,6906158
2025-12-01 00:00:00,BANKBARODA,290.0,297.75,290.0,295.55,13719693
2025-12-01 00:00:00,CANBK,152.0,153.68,149.6,150.5,17845829
2025-12-01 00:00:00,FEDERALBNK,259.7,259.7,255.8,256.6,5687469
2025-12-01 00:00:00,HDFCBANK,1017.5,1017.5,999.3,1002.1,16746566
2025-12-01 00:00:00,ICICIBANK,1394.0,1400.0,1385.4,1390.1,8867593
2025-12-01 00:00:00,IDFCFIRSTB,80.49,81.04,79.96,80.71,21543164
2025-12-01 00:00:00,INDUSINDBK,860.0,862.4,842.65,847.15,3019328
2025-12-01 00:00:00,KOTAKBANK,2134.0,2163.0,2128.1,2147.6,3262032
2025-12-01 00:00:00,PNB,124.99,126.38,124.75,125.3,17513004
2025-12-01 00:00:00,SBIN,985.45,991.2,969.85,973.1,8808306
2025-12-01 00:00:00,UNIONBANK,154.0,156.0,153.16,154.19,8974727
2025-12-01 00:00:00,YESBANK,22.94,23.1,22.38,22.45,79108039
2025-12-02 00:00:00,AUBANK,949.95,966.9,948.55,953.05,1845042
2025-12-02 00:00:00,AXISBANK,1270.7,1281.0,1255.1,1258.0,8115347
2025-12-02 00:00:00,BANDHANBNK,150.01,152.4,149.21,149.78,16272094
2025-12-02 00:00:00,BANKBARODA,297.0,303.95,295.8,296.9,20755587
2025-12-02 00:00:00,CANBK,150.88,154.21,150.6,152.03,42353933
2025-12-02 00:00:00,FEDERALBNK,256.6,262.0,256.6,258.45,8694935
2025-12-02 00:00:00,HDFCBANK,988.0,994.4,985.0,989.8,27316662
2025-12-02 00:00:00,ICICIBANK,1381.8,1381.8,1370.6,1373.0,12126396
2025-12-02 00:00:00,IDFCFIRSTB,80.55,82.29,80.55,81.98,39182438
2025-12-02 00:00:00,INDUSINDBK,847.15,860.5,845.4,850.3,2674933
2025-12-02 00:00:00,KOTAKBANK,2140.0,2160.0,2139.4,2142.4,3658833
2025-12-02 00:00:00,PNB,125.3,127.8,124.73,125.35,26941925
2025-12-02 00:00:00,SBIN,976.0,980.45,964.9,967.3,13444314
2025-12-02 00:00:00,UNIONBANK,155.01,160.15,154.44,155.77,41382653
2025-12-02 00:00:00,YESBANK,22.59,22.93,22.42,22.71,140633299
2025-12-03 00:00:00,AUBANK,951.8,952.4,938.4,948.7,2138096
2025-12-03 00:00:00,AXISBANK,1255.0,1272.9,1255.0,1270.7,3582794
2025-12-03 00:00:00,BANDHANBNK,150.0,150.19,145.83,146.78,6115298
2025-12-03 00:00:00,BANKBARODA,296.0,297.65,285.2,287.0,13931844
2025-12-03 00:00:00,CANBK,152.8,152.95,145.03,146.08,43621493
2025-12-03 00:00:00,FEDERALBNK,259.0,259.85,255.85,258.25,5218904
2025-12-03 00:00:00,HDFCBANK,986.0,1002.3,986.0,1000.5,15448777
2025-12-03 00:00:00,ICICIBANK,1367.0,1394.2,1367.0,1391.5,7955933
2025-12-03 00:00:00,IDFCFIRSTB,81.98,82.35,79.85,80.58,23829154
2025-12-03 00:00:00,INDUSINDBK,854.0,856.3,841.35,846.9,2063761
2025-12-03 00:00:00,KOTAKBANK,2135.1,2151.7,2119.1,2146.1,2806203
2025-12-03 00:00:00,PNB,125.75,125.75,119.0,119.8,31754551
2025-12-03 00:00:00,SBIN,970.45,972.55,947.55,951.05,14051968
2025-12-03 00:00:00,UNIONBANK,157.34,157.7,150.3,151.38,25417554
2025-12-03 00:00:00,YESBANK,22.85,22.87,22.32,22.4,102870973
2025-12-04 00:00:00,AUBANK,949.0,954.0,943.65,948.75,651215
2025-12-04 00:00:00,AXISBANK,1270.7,1282.8,1269.4,1280.0,3216108
2025-12-04 00:00:00,BANDHANBNK,146.78,147.75,145.68,146.12,3582527
2025-12-04 00:00:00,BANKBARODA,286.0,289.85,285.5,288.2,8269764
2025-12-04 00:00:00,CANBK,146.08,148.79,145.81,147.39,23552476
2025-12-04 00:00:00,FEDERALBNK,259.0,261.2,257.05,258.65,5356973
2025-12-04 00:00:00,HDFCBANK,1000.0,1004.7,993.0,997.2,14528169
2025-12-04 00:00:00,ICICIBANK,1387.0,1391.6,1379.9,1386.7,7373909
2025-12-04 00:00:00,IDFCFIRSTB,80.27,80.9,79.72,79.88,11925167
2025-12-04 00:00:00,INDUSINDBK,846.0,873.0,842.9,863.0,4259999
2025-12-04 00:00:00,KOTAKBANK,2146.1,2146.8,2121.5,2135.4,2574328
2025-12-04 00:00:00,PNB,119.8,120.78,118.79,119.53,14258192
2025-12-04 00:00:00,SBIN,951.05,952.55,944.45,948.1,13622724
2025-12-04 00:00:00,UNIONBANK,150.8,153.27,150.15,152.43,11671955
2025-12-04 00:00:00,YESBANK,22.49,22.97,22.33,22.76,135564479
2025-12-05 00:00:00,AUBANK,948.9,965.0,946.1,960.7,1640399
2025-12-05 00:00:00,AXISBANK,1275.2,1285.0,1267.3,1282.5,2728214
2025-12-05 00:00:00,BANDHANBNK,146.5,146.64,139.5,140.08,14523533
2025-12-05 00:00:00,BANKBARODA,287.1,294.0,286.55,292.6,7376690
2025-12-05 00:00:00,CANBK,147.69,149.45,146.69,148.64,23212483
2025-12-05 00:00:00,FEDERALBNK,259.0,260.25,256.95,259.2,5002265
2025-12-05 00:00:00,HDFCBANK,992.0,1008.0,990.2,1003.3,12843366
2025-12-05 00:00:00,ICICIBANK,1381.0,1395.3,1381.0,1392.5,4942638
2025-12-05 00:00:00,IDFCFIRSTB,79.88,81.36,79.62,80.87,16411050
2025-12-05 00:00:00,INDUSINDBK,863.65,874.4,856.1,870.1,3377823
2025-12-05 00:00:00,KOTAKBANK,2135.0,2166.0,2132.0,2154.9,1931695
2025-12-05 00:00:00,PNB,119.69,121.9,119.15,121.71,22667150
2025-12-05 00:00:00,SBIN,948.85,973.3,946.7,971.5,17347847
2025-12-05 00:00:00,UNIONBANK,152.43,153.69,150.8,153.3,11066679
2025-12-05 00:00:00,YESBANK,22.79,22.79,22.47,22.6,81360183
2025-12-08 00:00:00,AUBANK,962.85,963.3,947.15,952.55,1172294
2025-12-08 00:00:00,AXISBANK,1284.0,1288.8,1265.1,1273.8,2969478
2025-12-08 00:00:00,BANDHANBNK,140.23,141.78,134.9,135.47,7995242
2025-12-08 00:00:00,BANKBARODA,291.1,293.3,282.95,285.2,6379707
2025-12-08 00:00:00,CANBK,148.5,148.9,141.97,142.84,27695937
2025-12-08 00:00:00,FEDERALBNK,259.2,259.9,255.35,257.45,5397988
2025-12-08 00:00:00,HDFCBANK,1000.0,1006.5,997.5,1003.1,12901022
2025-12-08 00:00:00,ICICIBANK,1387.0,1394.9,1383.3,1389.6,7826227
2025-12-08 00:00:00,IDFCFIRSTB,80.84,81.65,78.57,79.12,22402560
2025-12-08 00:00:00,INDUSINDBK,870.1,873.6,834.5,841.4,2015558
2025-12-08 00:00:00,KOTAKBANK,2158.7,2158.9,2126.0,2131.6,2992047
2025-12-08 00:00:00,PNB,121.65,121.68,115.25,116.0,24064367
2025-12-08 00:00:00,SBIN,970.85,972.5,951.7,956.4,15386438
2025-12-08 00:00:00,UNIONBANK,153.3,153.57,146.5,148.36,13307850
2025-12-08 00:00:00,YESBANK,22.63,22.69,21.8,21.9,92735902
2025-12-09 00:00:00,AUBANK,950.05,973.7,948.2,972.05,1880632
2025-12-09 00:00:00,AXISBANK,1272.0,1281.4,1263.2,1275.9,4239279
2025-12-09 00:00:00,BANDHANBNK,135.71,141.4,134.25,141.0,9961299
2025-12-09 00:00:00,BANKBARODA,282.85,290.35,281.35,289.85,7821588
2025-12-09 00:00:00,CANBK,142.55,146.49,141.11,146.19,30373958
2025-12-09 00:00:00,FEDERALBNK,256.45,263.2,255.6,260.85,11474245
2025-12-09 00:00:00,HDFCBANK,994.9,1002.8,994.0,997.1,15294322
2025-12-09 00:00:00,ICICIBANK,1379.9,1384.3,1373.4,1375.2,10492030
2025-12-09 00:00:00,IDFCFIRSTB,78.9,81.15,78.34,80.91,24746063
2025-12-09 00:00:00,INDUSINDBK,841.45,848.7,832.15,844.35,3015385
2025-12-09 00:00:00,KOTAKBANK,2120.0,2133.4,2108.9,2127.7,3207510
2025-12-09 00:00:00,PNB,115.47,118.1,115.13,117.83,15676171
2025-12-09 00:00:00,SBIN,954.8,964.0,950.45,959.35,9580294
2025-12-09 00:00:00,UNIONBANK,147.45,150.75,145.87,150.43,13392204
2025-12-09 00:00:00,YESBANK,21.79,22.18,21.58,22.02,75695676
2025-12-10 00:00:00,AUBANK,981.0,1007.25,981.0,993.7,7019615
2025-12-10 00:00:00,AXISBANK,1273.0,1284.0,1268.3,1278.6,2928746
2025-12-10 00:00:00,BANDHANBNK,141.0,143.24,140.18,141.34,5203854
2025-12-10 00:00:00,BANKBARODA,288.95,290.85,285.0,286.1,5900048
2025-12-10 00:00:00,CANBK,146.7,147.79,144.4,145.56,24139924
2025-12-10 00:00:00,FEDERALBNK,260.8,262.0,258.35,259.6,8102670
2025-12-10 00:00:00,HDFCBANK,997.5,998.5,985.3,989.8,15322830
2025-12-10 00:00:00,ICICIBANK,1377.9,1379.4,1357.9,1363.6,8725381
2025-12-10 00:00:00,IDFCFIRSTB,80.8,81.24,80.13,80.32,8956085
2025-12-10 00:00:00,INDUSINDBK,847.8,851.6,828.15,833.85,2623610
2025-12-10 00:00:00,KOTAKBANK,2130.0,2155.5,2123.7,2129.5,2188267
2025-12-10 00:00:00,PNB,118.24,119.2,116.6,117.16,12269041
2025-12-10 00:00:00,SBIN,960.1,963.95,955.25,959.75,6989178
2025-12-10 00:00:00,UNIONBANK,150.5,151.2,147.02,148.06,8715752
2025-12-10 00:00:00,YESBANK,22.03,22.19,21.67,21.72,59340201
2025-12-11 00:00:00,AUBANK,981.0,990.7,970.35,973.0,1656397
2025-12-11 00:00:00,AXISBANK,1277.4,1282.0,1271.0,1272.7,2017404
2025-12-11 00:00:00,BANDHANBNK,141.5,145.6,140.51,145.29,6392124
2025-12-11 00:00:00,BANKBARODA,287.9,288.65,283.5,285.0,8448904
2025-12-11 00:00:00,CANBK,145.7,147.99,145.25,146.8,19389862
2025-12-11 00:00:00,FEDERALBNK,259.65,262.35,258.7,260.9,4776310
2025-12-11 00:00:00,HDFCBANK,990.0,1002.7,988.5,1000.3,11844809
2025-12-11 00:00:00,ICICIBANK,1363.7,1366.6,1352.8,1360.0,6734750
2025-12-11 00:00:00,IDFCFIRSTB,80.32,81.66,80.16,80.61,13884073
2025-12-11 00:00:00,INDUSINDBK,834.45,842.8,827.5,835.55,2810755
2025-12-11 00:00:00,KOTAKBANK,2129.5,2205.0,2119.1,2180.2,4995720
2025-12-11 00:00:00,PNB,117.42,118.12,116.2,117.57,14403309
2025-12-11 00:00:00,SBIN,962.1,966.5,958.45,963.25,5979035
2025-12-11 00:00:00,UNIONBANK,148.06,151.28,147.75,150.53,6920751
2025-12-11 00:00:00,YESBANK,21.78,22.0,21.6,21.94,49809860
2025-12-12 00:00:00,AUBANK,974.1,977.6,963.4,968.05,1932538
2025-12-12 00:00:00,AXISBANK,1278.0,1291.0,1277.9,1286.1,2281078
2025-12-12 00:00:00,BANDHANBNK,145.25,150.35,145.25,149.57,12007352
2025-12-12 00:00:00,BANKBARODA,285.3,286.45,282.55,284.45,7963115
2025-12-12 00:00:00,CANBK,147.01,147.79,145.71,146.63,14181844
2025-12-12 00:00:00,FEDERALBNK,261.5,263.6,259.95,261.35,8484790
2025-12-12 00:00:00,HDFCBANK,1003.0,1004.7,998.2,1001.5,11988618
2025-12-12 00:00:00,ICICIBANK,1368.0,1370.7,1363.3,1366.0,3890885
2025-12-12 00:00:00,IDFCFIRSTB,80.62,82.82,80.62,82.29,35682799
2025-12-12 00:00:00,INDUSINDBK,840.05,851.2,839.0,846.15,3492109
2025-12-12 00:00:00,KOTAKBANK,2181.7,2201.0,2174.7,2176.6,2862549
2025-12-12 00:00:00,PNB,117.86,118.14,116.83,117.81,9266231
2025-12-12 00:00:00,SBIN,966.0,967.0,958.0,963.15,5681930
2025-12-12 00:00:00,UNIONBANK,150.6,153.06,149.83,152.74,9061839
2025-12-12 00:00:00,YESBANK,21.94,22.09,21.84,21.92,65886403
2025-12-15 00:00:00,AUBANK,965.0,983.35,957.4,979.05,1702377
2025-12-15 00:00:00,AXISBANK,1285.0,1290.4,1280.0,1284.8,1634472
2025-12-15 00:00:00,BANDHANBNK,149.1,152.2,148.01,151.79,9612799
2025-12-15 00:00:00,BANKBARODA,283.7,286.75,282.4,285.1,6089175
2025-12-15 00:00:00,CANBK,146.11,148.9,146.0,148.29,16431186
2025-12-15 00:00:00,FEDERALBNK,262.0,266.3,260.9,265.25,9935972
2025-12-15 00:00:00,HDFCBANK,992.0,1001.8,992.0,996.1,9790060
2025-12-15 00:00:00,ICICIBANK,1356.1,1370.0,1356.1,1365.2,5342530
2025-12-15 00:00:00,IDFCFIRSTB,82.19,84.43,81.74,83.87,45772681
2025-12-15 00:00:00,INDUSINDBK,845.95,853.5,835.4,851.25,2458486
2025-12-15 00:00:00,KOTAKBANK,2167.1,2185.6,2156.5,2181.3,2755980
2025-12-15 00:00:00,PNB,117.3,119.35,116.66,118.74,18895803
2025-12-15 00:00:00,SBIN,957.25,968.85,957.25,967.25,4416952
2025-12-15 00:00:00,UNIONBANK,152.74,154.13,151.1,153.65,7971639
2025-12-15 00:00:00,YESBANK,21.87,21.95,21.7,21.76,42862660
2025-12-16 00:00:00,AUBANK,976.0,984.0,973.3,980.6,1350309
2025-12-16 00:00:00,AXISBANK,1277.1,1277.6,1216.9,1219.6,11542048
2025-12-16 00:00:00,BANDHANBNK,151.0,151.9,148.5,149.49,4429209
2025-12-16 00:00:00,BANKBARODA,284.8,284.85,280.5,282.85,5839387
2025-12-16 00:00:00,CANBK,148.3,148.9,146.49,147.17,14586929
2025-12-16 00:00:00,FEDERALBNK,265.4,265.75,261.05,262.2,6068364
2025-12-16 00:00:00,HDFCBANK,990.1,998.7,990.1,994.3,20049088
2025-12-16 00:00:00,ICICIBANK,1364.0,1368.7,1355.5,1366.0,12359741
2025-12-16 00:00:00,IDFCFIRSTB,83.34,84.09,83.12,83.46,30568784
2025-12-16 00:00:00,INDUSINDBK,854.0,856.8,841.85,845.05,2811166
2025-12-16 00:00:00,KOTAKBANK,2178.0,2194.0,2171.5,2182.4,1708919
2025-12-16 00:00:00,PNB,118.49,118.89,116.64,117.03,11689949
2025-12-16 00:00:00,SBIN,966.05,969.0,958.05,961.15,4764786
2025-12-16 00:00:00,UNIONBANK,153.35,154.25,152.41,153.2,7230799
2025-12-16 00:00:00,YESBANK,21.7,21.8,21.33,21.5,58377894
2025-12-17 00:00:00,AUBANK,981.0,998.2,979.4,990.3,3583750
2025-12-17 00:00:00,AXISBANK,1220.6,1236.0,1220.3,1224.7,5147181
2025-12-17 00:00:00,BANDHANBNK,150.05,150.38,147.05,147.84,4610967
2025-12-17 00:00:00,BANKBARODA,282.2,288.4,282.1,287.6,13792834
2025-12-17 00:00:00,CANBK,147.0,150.78,146.91,150.21,26335842
2025-12-17 00:00:00,FEDERALBNK,262.4,264.5,261.15,263.6,3437773
2025-12-17 00:00:00,HDFCBANK,996.0,996.0,980.8,984.0,19080922
2025-12-17 00:00:00,ICICIBANK,1365.0,1365.0,1343.1,1352.4,9440391
2025-12-17 00:00:00,IDFCFIRSTB,83.31,84.14,83.26,83.95,23931653
2025-12-17 00:00:00,INDUSINDBK,838.2,846.1,827.8,833.85,3107473
2025-12-17 00:00:00,KOTAKBANK,2188.0,2193.2,2163.5,2173.2,1612144
2025-12-17 00:00:00,PNB,117.03,119.6,116.92,119.33,15220726
2025-12-17 00:00:00,SBIN,965.55,978.5,964.3,975.85,8013382
2025-12-17 00:00:00,UNIONBANK,152.95,154.38,152.5,153.04,9900117
2025-12-17 00:00:00,YESBANK,21.51,21.68,21.46,21.56,52042505
2025-12-18 00:00:00,AUBANK,991.0,993.05,982.15,987.65,1561587
2025-12-18 00:00:00,AXISBANK,1226.1,1238.5,1220.2,1229.8,3441592
2025-12-18 00:00:00,BANDHANBNK,148.0,148.5,145.05,145.33,5703173
2025-12-18 00:00:00,BANKBARODA,288.0,290.5,285.8,288.1,5853204
2025-12-18 00:00:00,CANBK,150.9,151.72,148.32,149.83,16158407
2025-12-18 00:00:00,FEDERALBNK,264.0,266.75,263.05,265.4,7848032
2025-12-18 00:00:00,HDFCBANK,973.3,987.4,973.3,979.7,14912404
2025-12-18 00:00:00,ICICIBANK,1346.3,1369.5,1345.5,1356.8,7314573
2025-12-18 00:00:00,IDFCFIRSTB,83.89,84.45,82.79,83.79,23184124
2025-12-18 00:00:00,INDUSINDBK,830.8,842.5,826.0,834.9,1537403
2025-12-18 00:00:00,KOTAKBANK,2173.2,2178.9,2159.9,2164.6,1126680
2025-12-18 00:00:00,PNB,119.06,119.77,117.72,118.9,9535544
2025-12-18 00:00:00,SBIN,977.9,981.45,973.5,977.55,4926879
2025-12-18 00:00:00,UNIONBANK,153.15,155.15,152.01,154.15,8321466
2025-12-18 00:00:00,YESBANK,21.56,21.59,21.3,21.44,37324141
2025-12-19 00:00:00,AUBANK,977.1,989.2,972.7,985.15,2775343
2025-12-19 00:00:00,AXISBANK,1236.7,1241.5,1229.1,1230.6,5055047
2025-12-19 00:00:00,BANDHANBNK,146.6,150.5,144.95,150.09,10953964
2025-12-19 00:00:00,BANKBARODA,289.9,292.65,288.35,292.05,7073187
2025-12-19 00:00:00,CANBK,150.1,150.98,147.27,148.58,26225514
2025-12-19 00:00:00,FEDERALBNK,265.4,268.25,265.1,267.85,7746013
2025-12-19 00:00:00,HDFCBANK,987.0,988.0,978.7,985.5,25952384
2025-12-19 00:00:00,ICICIBANK,1354.0,1360.4,1350.8,1354.1,14318512
2025-12-19 00:00:00,IDFCFIRSTB,83.8,85.0,83.65,84.68,65501093
2025-12-19 00:00:00,INDUSINDBK,834.9,847.9,831.0,844.7,7000947
2025-12-19 00:00:00,KOTAKBANK,2168.5,2177.5,2156.3,2159.5,2300934
2025-12-19 00:00:00,PNB,118.55,119.97,118.55,119.82,9725283
2025-12-19 00:00:00,SBIN,979.95,982.0,977.05,980.3,5376584
2025-12-19 00:00:00,UNIONBANK,154.8,155.48,153.1,154.03,7568724
2025-12-19 00:00:00,YESBANK,21.45,21.76,21.45,21.7,86903781
2025-12-22 00:00:00,AUBANK,985.0,987.7,973.25,984.45,1798327
2025-12-22 00:00:00,AXISBANK,1235.0,1236.9,1226.8,1233.2,2405809
2025-12-22 00:00:00,BANDHANBNK,150.0,151.7,148.4,148.97,4041037
2025-12-22 00:00:00,BANKBARODA,292.5,295.75,292.25,294.0,5388164
2025-12-22 00:00:00,CANBK,149.3,150.5,148.86,150.3,15647315
2025-12-22 00:00:00,FEDERALBNK,267.85,271.1,267.85,269.15,7215889
2025-12-22 00:00:00,HDFCBANK,988.0,992.9,983.9,987.7,13540411
2025-12-22 00:00:00,ICICIBANK,1358.0,1371.3,1354.8,1368.5,9375294
2025-12-22 00:00:00,IDFCFIRSTB,85.0,85.95,84.27,85.35,30004464
2025-12-22 00:00:00,INDUSINDBK,845.0,862.8,840.9,856.4,2387606
2025-12-22 00:00:00,KOTAKBANK,2170.0,2176.0,2147.1,2149.7,1808226
2025-12-22 00:00:00,PNB,120.45,121.84,120.2,121.31,19289471
2025-12-22 00:00:00,SBIN,981.1,983.0,972.55,974.3,5959037
2025-12-22 00:00:00,UNIONBANK,155.05,155.2,152.38,152.8,6272156
2025-12-22 00:00:00,YESBANK,21.78,21.86,21.7,21.78,40151576
2025-12-23 00:00:00,AUBANK,975.0,986.1,975.0,980.35,1402838
2025-12-23 00:00:00,AXISBANK,1239.0,1239.0,1223.5,1225.0,2920318
2025-12-23 00:00:00,BANDHANBNK,149.5,150.5,148.45,149.34,2568295
2025-12-23 00:00:00,BANKBARODA,295.0,295.0,291.05,292.5,3676651
2025-12-23 00:00:00,CANBK,150.85,151.25,149.61,150.22,16025851
2025-12-23 00:00:00,FEDERALBNK,270.3,270.45,264.95,265.45,5290581
2025-12-23 00:00:00,HDFCBANK,990.5,998.9,987.7,996.6,17927849
2025-12-23 00:00:00,ICICIBANK,1361.1,1365.0,1357.0,1363.0,9105467
2025-12-23 00:00:00,IDFCFIRSTB,85.71,85.74,84.8,85.0,16676828
2025-12-23 00:00:00,INDUSINDBK,856.4,859.7,846.2,849.9,1628642
2025-12-23 00:00:00,KOTAKBANK,2152.5,2170.9,2149.7,2162.7,1614163
2025-12-23 00:00:00,PNB,121.5,122.63,120.66,120.9,10383838
2025-12-23 00:00:00,SBIN,976.3,977.55,970.7,971.9,5123287
2025-12-23 00:00:00,UNIONBANK,153.9,153.9,151.85,152.36,4846187
2025-12-23 00:00:00,YESBANK,21.78,21.87,21.65,21.74,41573838
2025-12-24 00:00:00,AUBANK,985.0,987.8,972.55,974.05,1552265
2025-12-24 00:00:00,AXISBANK,1230.0,1235.4,1224.7,1226.3,3155506
2025-12-24 00:00:00,BANDHANBNK,149.9,149.9,146.13,146.33,3955280
2025-12-24 00:00:00,BANKBARODA,293.6,293.8,289.9,290.55,3727361
2025-12-24 00:00:00,CANBK,150.77,151.17,149.43,149.67,16461725
2025-12-24 00:00:00,FEDERALBNK,267.0,267.25,261.2,261.75,5763276
2025-12-24 00:00:00,HDFCBANK,993.0,999.4,993.0,997.2,13699996
2025-12-24 00:00:00,ICICIBANK,1363.8,1368.2,1357.6,1359.8,8955140
2025-12-24 00:00:00,IDFCFIRSTB,84.76,85.3,84.06,84.24,10955983
2025-12-24 00:00:00,INDUSINDBK,850.0,858.85,844.2,848.05,1947886
2025-12-24 00:00:00,KOTAKBANK,2168.0,2178.2,2161.1,2163.7,1558358
2025-12-24 00:00:00,PNB,121.0,121.55,120.71,120.93,10647989
2025-12-24 00:00:00,SBIN,973.2,977.3,967.5,968.95,4105643
2025-12-24 00:00:00,UNIONBANK,153.0,153.0,150.39,150.76,5737536
2025-12-24 00:00:00,YESBANK,21.73,21.95,21.66,21.69,45436981
2025-12-26 00:00:00,AUBANK,974.05,982.0,970.0,974.95,1470189
2025-12-26 00:00:00,AXISBANK,1225.0,1229.9,1222.0,1228.2,1665983
2025-12-26 00:00:00,BANDHANBNK,146.51,146.62,144.49,144.88,3776615
2025-12-26 00:00:00,BANKBARODA,289.2,291.75,287.5,288.2,3481149
2025-12-26 00:00:00,CANBK,149.8,150.85,148.96,150.07,12422858
2025-12-26 00:00:00,FEDERALBNK,261.7,263.2,260.1,262.0,3931332
2025-12-26 00:00:00,HDFCBANK,996.0,997.2,987.7,992.1,9360853
2025-12-26 00:00:00,ICICIBANK,1356.5,1362.0,1348.5,1350.4,2812144
2025-12-26 00:00:00,IDFCFIRSTB,84.12,85.3,84.05,85.12,21144747
2025-12-26 00:00:00,INDUSINDBK,841.05,858.9,837.1,849.85,4257972
2025-12-26 00:00:00,KOTAKBANK,2162.0,2173.6,2152.9,2164.2,738349
2025-12-26 00:00:00,PNB,120.77,120.98,119.45,120.37,8339634
2025-12-26 00:00:00,SBIN,968.95,971.0,964.75,966.3,3286321
2025-12-26 00:00:00,UNIONBANK,150.79,151.47,150.0,150.22,2656436
2025-12-26 00:00:00,YESBANK,21.67,21.73,21.47,21.52,37356486
2025-12-29 00:00:00,AUBANK,972.5,988.5,967.0,986.65,997808
2025-12-29 00:00:00,AXISBANK,1228.2,1233.9,1219.0,1232.0,2209655
2025-12-29 00:00:00,BANDHANBNK,145.5,146.55,143.48,146.05,3804621
2025-12-29 00:00:00,BANKBARODA,288.0,290.15,287.15,287.6,7261978
2025-12-29 00:00:00,CANBK,150.06,152.1,149.77,150.92,19512200
2025-12-29 00:00:00,FEDERALBNK,261.55,264.0,260.25,262.9,4625001
2025-12-29 00:00:00,HDFCBANK,993.1,997.4,987.2,991.7,13545749
2025-12-29 00:00:00,ICICIBANK,1352.1,1355.7,1341.5,1343.3,6057201
2025-12-29 00:00:00,IDFCFIRSTB,85.11,85.7,84.35,84.54,19542116
2025-12-29 00:00:00,INDUSINDBK,849.8,854.55,836.6,839.6,1907670
2025-12-29 00:00:00,KOTAKBANK,2170.6,2181.8,2155.4,2158.6,971796
2025-12-29 00:00:00,PNB,116.6,120.98,116.6,120.54,25017997
2025-12-29 00:00:00,SBIN,966.9,968.9,961.45,965.05,5267233
2025-12-29 00:00:00,UNIONBANK,150.19,150.7,148.67,149.15,6332111
2025-12-29 00:00:00,YESBANK,21.52,21.59,21.31,21.36,50264490
2025-12-30 00:00:00,AUBANK,985.0,1000.0,980.5,996.45,10250412
2025-12-30 00:00:00,AXISBANK,1233.0,1252.1,1232.0,1246.0,5673233
2025-12-30 00:00:00,BANDHANBNK,146.15,146.6,144.73,145.82,5408553
2025-12-30 00:00:00,BANKBARODA,286.25,293.8,285.5,293.0,11505161
2025-12-30 00:00:00,CANBK,150.5,154.5,149.12,154.03,76140412
2025-12-30 00:00:00,FEDERALBNK,263.45,269.4,262.0,267.6,37037734
2025-12-30 00:00:00,HDFCBANK,990.2,995.0,982.2,990.9,33155849
2025-12-30 00:00:00,ICICIBANK,1343.3,1347.1,1338.1,1342.5,18621277
2025-12-30 00:00:00,IDFCFIRSTB,84.51,85.38,83.55,84.83,53362514
2025-12-30 00:00:00,INDUSINDBK,839.6,844.1,833.25,841.5,4409838
2025-12-30 00:00:00,KOTAKBANK,2159.7,2165.0,2138.9,2152.7,5672138
2025-12-30 00:00:00,PNB,120.22,122.77,119.49,122.38,24856697
2025-12-30 00:00:00,SBIN,963.0,976.2,959.5,973.45,15030644
2025-12-30 00:00:00,UNIONBANK,149.51,152.84,148.12,151.65,34376366
2025-12-30 00:00:00,YESBANK,21.4,21.48,21.15,21.37,267083134
2025-12-31 00:00:00,AUBANK,996.05,1006.1,989.65,994.5,1523909
2025-12-31 00:00:00,AXISBANK,1246.0,1271.5,1245.0,1269.4,3711090
2025-12-31 00:00:00,BANDHANBNK,146.0,147.25,144.81,145.82,3603961
2025-12-31 00:00:00,BANKBARODA,292.7,298.7,292.1,295.9,7666538
2025-12-31 00:00:00,CANBK,154.03,158.0,153.0,154.91,35538921
2025-12-31 00:00:00,FEDERALBNK,267.5,269.1,264.15,267.1,6154254
2025-12-31 00:00:00,HDFCBANK,991.0,997.6,987.6,991.2,10963454
2025-12-31 00:00:00,ICICIBANK,1342.8,1350.0,1339.5,1342.9,6150634
2025-12-31 00:00:00,IDFCFIRSTB,84.72,86.0,84.28,85.61,19922297
2025-12-31 00:00:00,INDUSINDBK,841.5,869.6,836.55,864.2,2887744
2025-12-31 00:00:00,KOTAKBANK,2158.0,2205.4,2155.7,2201.1,2856889
2025-12-31 00:00:00,PNB,122.3,125.35,121.54,123.58,19366405
2025-12-31 00:00:00,SBIN,975.25,985.65,973.5,982.2,5807630
2025-12-31 00:00:00,UNIONBANK,152.45,155.3,151.38,153.76,11421983
2025-12-31 00:00:00,YESBANK,21.4,21.78,21.39,21.6,64801196
2026-01-01 00:00:00,AUBANK,994.5,1003.15,991.1,999.45,685959
2026-01-01 00:00:00,AXISBANK,1270.0,1279.2,1263.8,1274.4,2022412
2026-01-01 00:00:00,BANDHANBNK,146.04,146.43,143.8,144.18,4298978
2026-01-01 00:00:00,BANKBARODA,296.5,302.9,295.65,300.75,8464712
2026-01-01 00:00:00,CANBK,155.0,156.28,153.55,154.24,18111681
2026-01-01 00:00:00,FEDERALBNK,267.65,267.65,264.55,266.25,2846254
2026-01-01 00:00:00,HDFCBANK,993.5,997.55,989.5,991.15,7132074
2026-01-01 00:00:00,ICICIBANK,1343.9,1348.4,1336.0,1338.0,4179311
2026-01-01 00:00:00,IDFCFIRSTB,85.62,85.84,84.86,85.61,10741268
2026-01-01 00:00:00,INDUSINDBK,865.45,891.6,863.5,890.2,4244931
2026-01-01 00:00:00,KOTAKBANK,2210.0,2220.9,2189.0,2217.8,1346975
2026-01-01 00:00:00,PNB,123.7,124.7,123.16,123.94,7729355
2026-01-01 00:00:00,SBIN,983.2,987.65,980.35,984.75,4328348
2026-01-01 00:00:00,UNIONBANK,154.2,154.99,152.7,153.58,5815300
2026-01-01 00:00:00,YESBANK,21.66,21.7,21.44,21.49,32482816
2026-01-02 00:00:00,AUBANK,1002.9,1011.0,997.05,999.4,1014538
2026-01-02 00:00:00,AXISBANK,1273.9,1281.8,1264.3,1266.9,5860547
2026-01-02 00:00:00,BANDHANBNK,144.5,145.9,142.65,144.46,8134028
2026-01-02 00:00:00,BANKBARODA,301.0,305.95,301.0,305.05,10317519
2026-01-02 00:00:00,CANBK,154.9,155.67,152.8,154.87,29236511
2026-01-02 00:00:00,FEDERALBNK,267.5,268.75,265.85,266.95,3353300
2026-01-02 00:00:00,HDFCBANK,991.15,1003.2,988.8,1001.6,11751459
2026-01-02 00:00:00,ICICIBANK,1338.0,1356.9,1336.3,1355.4,8226205
2026-01-02 00:00:00,IDFCFIRSTB,85.75,87.0,85.47,85.92,25101820
2026-01-02 00:00:00,INDUSINDBK,896.0,909.75,890.25,902.45,6250730
2026-01-02 00:00:00,KOTAKBANK,2217.8,2227.9,2180.5,2195.1,2447694
2026-01-02 00:00:00,PNB,123.94,125.8,123.8,125.35,13205239
2026-01-02 00:00:00,SBIN,984.5,1009.5,983.95,998.95,7357435
2026-01-02 00:00:00,UNIONBANK,153.99,157.1,153.92,156.7,11427490
2026-01-02 00:00:00,YESBANK,21.5,22.34,21.48,22.29,114890325
2026-01-05 00:00:00,AUBANK,1023.0,1026.8,1005.1,1014.95,2090372
2026-01-05 00:00:00,AXISBANK,1274.2,1289.7,1270.0,1285.8,6177100
2026-01-05 00:00:00,BANDHANBNK,147.0,150.19,145.95,147.19,12619074
2026-01-05 00:00:00,BANKBARODA,308.8,311.8,304.65,306.85,16328380
2026-01-05 00:00:00,CANBK,155.5,157.6,153.52,154.23,19385780
2026-01-05 00:00:00,FEDERALBNK,266.95,267.1,261.35,263.75,6650072
2026-01-05 00:00:00,HDFCBANK,1005.75,1006.4,976.3,977.5,27647379
2026-01-05 00:00:00,ICICIBANK,1354.2,1375.5,1352.6,1371.5,6920565
2026-01-05 00:00:00,IDFCFIRSTB,86.27,86.27,84.46,84.93,14827115
2026-01-05 00:00:00,INDUSINDBK,905.0,910.0,892.5,899.95,2521435
2026-01-05 00:00:00,KOTAKBANK,2196.9,2206.7,2182.0,2190.9,2182849
2026-01-05 00:00:00,PNB,126.0,128.24,124.38,125.08,19053073
2026-01-05 00:00:00,SBIN,1000.0,1015.5,1000.0,1005.55,11259060
2026-01-05 00:00:00,UNIONBANK,158.0,162.99,157.51,162.36,30448320
2026-01-05 00:00:00,YESBANK,22.35,22.91,22.18,22.83,153037809
2026-01-06 00:00:00,AUBANK,1016.0,1018.8,1000.9,1008.75,694271
2026-01-06 00:00:00,AXISBANK,1304.6,1304.6,1285.4,1293.8,6751769
2026-01-06 00:00:00,BANDHANBNK,148.0,148.95,146.58,147.67,4109307
2026-01-06 00:00:00,BANKBARODA,307.5,308.4,302.4,305.05,9161270
2026-01-06 00:00:00,CANBK,154.5,156.12,152.6,153.88,17196220
2026-01-06 00:00:00,FEDERALBNK,264.0,265.0,254.8,256.7,10683533
2026-01-06 00:00:00,HDFCBANK,962.7,966.7,956.0,962.2,31988783
2026-01-06 00:00:00,ICICIBANK,1372.0,1413.6,1366.0,1411.2,17260416
2026-01-06 00:00:00,IDFCFIRSTB,84.92,86.1,84.3,84.73,18960198
2026-01-06 00:00:00,INDUSINDBK,898.0,924.0,886.5,914.25,8308942
2026-01-06 00:00:00,KOTAKBANK,2202.1,2228.0,2135.0,2146.4,5308207
2026-01-06 00:00:00,PNB,124.95,126.08,124.56,125.47,10801122
2026-01-06 00:00:00,SBIN,1007.95,1024.0,1004.95,1018.9,9575742
2026-01-06 00:00:00,UNIONBANK,163.6,167.3,162.61,165.74,27407244
2026-01-06 00:00:00,YESBANK,22.8,23.2,22.67,22.81,121289455
2026-01-07 00:00:00,AUBANK,1008.0,1017.1,999.0,1004.55,1646106
2026-01-07 00:00:00,AXISBANK,1293.0,1299.0,1284.0,1295.5,5440002
2026-01-07 00:00:00,BANDHANBNK,147.6,148.35,146.1,147.64,4564682
2026-01-07 00:00:00,BANKBARODA,304.5,309.5,304.25,308.25,6706773
2026-01-07 00:00:00,CANBK,154.1,156.39,151.71,152.96,22810626
2026-01-07 00:00:00,FEDERALBNK,256.7,259.15,253.2,258.55,6991588
2026-01-07 00:00:00,HDFCBANK,956.0,956.45,946.0,949.05,52884712
2026-01-07 00:00:00,ICICIBANK,1408.0,1429.9,1404.2,1427.7,15813795
2026-01-07 00:00:00,IDFCFIRSTB,85.65,86.3,84.2,84.4,42923311
2026-01-07 00:00:00,INDUSINDBK,914.5,924.7,892.85,897.85,2952528
2026-01-07 00:00:00,KOTAKBANK,2146.4,2150.5,2109.2,2144.0,2112263
2026-01-07 00:00:00,PNB,125.45,126.89,124.96,125.68,10185442
2026-01-07 00:00:00,SBIN,1022.7,1022.7,1004.0,1007.15,7896720
2026-01-07 00:00:00,UNIONBANK,166.5,166.63,164.13,166.33,9352445
2026-01-07 00:00:00,YESBANK,22.89,23.57,22.72,23.5,188593277
2026-01-08 00:00:00,AUBANK,1002.95,1006.7,988.85,992.1,1103298
2026-01-08 00:00:00,AXISBANK,1291.1,1303.2,1283.8,1286.8,3949654
2026-01-08 00:00:00,BANDHANBNK,147.64,147.82,143.71,144.98,5855201
2026-01-08 00:00:00,BANKBARODA,307.0,309.3,298.7,299.55,8064971
2026-01-08 00:00:00,CANBK,153.15,153.8,149.64,150.46,17324688
2026-01-08 00:00:00,FEDERALBNK,258.5,259.15,253.8,255.75,8212373
2026-01-08 00:00:00,HDFCBANK,944.7,953.0,941.4,946.7,21928849
2026-01-08 00:00:00,ICICIBANK,1429.0,1442.2,1423.3,1435.0,14861699
2026-01-08 00:00:00,IDFCFIRSTB,84.39,86.45,83.38,86.07,62702609
2026-01-08 00:00:00,INDUSINDBK,897.0,902.75,876.1,883.45,3567518
2026-01-08 00:00:00,KOTAKBANK,2140.1,2143.0,2118.6,2133.0,2296942
2026-01-08 00:00:00,PNB,125.8,125.83,122.36,122.81,11531254
2026-01-08 00:00:00,SBIN,1006.6,1011.6,995.85,998.0,6854268
2026-01-08 00:00:00,UNIONBANK,166.28,166.92,160.25,161.46,13384492
2026-01-08 00:00:00,YESBANK,23.49,23.5,22.62,22.72,137071427
2026-01-09 00:00:00,AUBANK,993.0,1006.05,990.1,999.2,1197452
2026-01-09 00:00:00,AXISBANK,1286.8,1295.3,1270.1,1272.0,5531427
2026-01-09 00:00:00,BANDHANBNK,145.3,146.25,143.29,144.03,3963220
2026-01-09 00:00:00,BANKBARODA,299.55,305.5,297.3,300.65,10210825
2026-01-09 00:00:00,CANBK,150.4,152.9,149.21,150.54,18132919
2026-01-09 00:00:00,FEDERALBNK,255.55,258.45,254.5,255.3,4731961
2026-01-09 00:00:00,HDFCBANK,945.0,950.6,933.3,939.0,38183839
2026-01-09 00:00:00,ICICIBANK,1427.1,1429.5,1401.5,1404.3,12555636
2026-01-09 00:00:00,IDFCFIRSTB,85.9,86.79,85.07,86.0,31030611
2026-01-09 00:00:00,INDUSINDBK,878.05,892.0,878.05,882.25,2515780
2026-01-09 00:00:00,KOTAKBANK,2133.0,2133.0,2116.0,2126.8,2063923
2026-01-09 00:00:00,PNB,123.0,124.84,122.24,122.9,13021675
2026-01-09 00:00:00,SBIN,996.0,1008.0,994.0,1000.5,7809460
2026-01-09 00:00:00,UNIONBANK,160.9,166.0,160.53,162.26,15759095
2026-01-09 00:00:00,YESBANK,22.62,23.23,22.55,22.84,109751170
2026-01-12 00:00:00,AUBANK,996.0,1009.8,991.7,1007.8,1409487
2026-01-12 00:00:00,AXISBANK,1274.7,1279.6,1266.5,1274.2,6489750
2026-01-12 00:00:00,BANDHANBNK,143.0,144.39,141.21,143.74,5300196
2026-01-12 00:00:00,BANKBARODA,301.05,304.0,295.7,302.2,5639635
2026-01-12 00:00:00,CANBK,150.55,151.36,146.96,150.02,25793554
2026-01-12 00:00:00,FEDERALBNK,254.1,256.4,250.45,252.9,7290684
2026-01-12 00:00:00,HDFCBANK,937.5,942.0,929.6,936.95,21071666
2026-01-12 00:00:00,ICICIBANK,1399.9,1424.3,1391.7,1413.1,10923811
2026-01-12 00:00:00,IDFCFIRSTB,85.6,86.19,83.61,84.77,29814342
2026-01-12 00:00:00,INDUSINDBK,880.2,907.95,879.1,905.45,4015935
2026-01-12 00:00:00,KOTAKBANK,2126.8,2139.4,2106.0,2133.3,2544087
2026-01-12 00:00:00,PNB,122.9,123.49,121.11,123.16,14550075
2026-01-12 00:00:00,SBIN,1008.0,1017.25,996.0,1015.15,7617922
2026-01-12 00:00:00,UNIONBANK,163.5,164.4,160.3,163.98,11523264
2026-01-12 00:00:00,YESBANK,22.8,23.04,22.46,22.96,113760125
2026-01-13 00:00:00,AUBANK,1010.0,1011.0,959.65,971.95,4628293
2026-01-13 00:00:00,AXISBANK,1274.0,1284.0,1258.7,1262.0,5163166
2026-01-13 00:00:00,BANDHANBNK,144.25,144.75,141.05,143.37,5933750
2026-01-13 00:00:00,BANKBARODA,303.1,303.7,298.65,301.85,5669755
2026-01-13 00:00:00,CANBK,150.99,151.59,149.24,150.86,13262673
2026-01-13 00:00:00,FEDERALBNK,253.15,255.0,246.85,249.3,12045490
2026-01-13 00:00:00,HDFCBANK,947.7,947.7,932.6,937.35,32042827
2026-01-13 00:00:00,ICICIBANK,1420.0,1441.8,1411.1,1437.0,14295581
2026-01-13 00:00:00,IDFCFIRSTB,85.4,85.4,82.27,82.96,24378849
2026-01-13 00:00:00,INDUSINDBK,909.0,913.7,897.5,910.55,3958844
2026-01-13 00:00:00,KOTAKBANK,2126.9,2144.4,2120.0,2132.6,2543530
2026-01-13 00:00:00,PNB,123.8,124.66,122.58,124.52,14480669
2026-01-13 00:00:00,SBIN,1022.8,1029.5,1016.0,1028.45,11016895
2026-01-13 00:00:00,UNIONBANK,164.99,166.78,163.57,166.19,15008272
2026-01-13 00:00:00,YESBANK,23.06,23.12,22.6,22.79,65671077
2026-01-14 00:00:00,AUBANK,964.0,980.8,963.5,976.35,2737259
2026-01-14 00:00:00,AXISBANK,1255.0,1308.0,1253.5,1298.8,7776704
2026-01-14 00:00:00,BANDHANBNK,142.6,146.0,142.52,145.32,3933831
2026-01-14 00:00:00,BANKBARODA,302.55,308.4,299.35,307.7,11134333
2026-01-14 00:00:00,CANBK,151.3,154.55,150.4,153.89,21735599
2026-01-14 00:00:00,FEDERALBNK,248.5,248.5,242.3,246.85,11287769
2026-01-14 00:00:00,HDFCBANK,930.0,940.05,920.2,925.45,36688248
2026-01-14 00:00:00,ICICIBANK,1425.6,1443.9,1414.9,1418.4,13832255
2026-01-14 00:00:00,IDFCFIRSTB,82.96,83.41,82.3,83.07,13353054
2026-01-14 00:00:00,INDUSINDBK,913.0,948.9,905.0,944.5,11559313
2026-01-14 00:00:00,KOTAKBANK,426.0,427.6,418.8,421.0,10818517
2026-01-14 00:00:00,PNB,124.55,129.0,124.52,128.68,34920863
2026-01-14 00:00:00,SBIN,1030.0,1030.4,1020.5,1028.35,7370514
2026-01-14 00:00:00,UNIONBANK,166.2,180.69,164.8,179.27,88500243
2026-01-14 00:00:00,YESBANK,22.8,23.06,22.67,22.95,69741380
2026-01-16 00:00:00,AUBANK,975.5,1029.95,968.55,1025.4,7202895
2026-01-16 00:00:00,AXISBANK,1298.8,1309.0,1286.5,1294.2,5175495
2026-01-16 00:00:00,BANDHANBNK,144.6,145.9,143.23,144.84,8110476
2026-01-16 00:00:00,BANKBARODA,307.7,313.35,306.1,308.25,16690141
2026-01-16 00:00:00,CANBK,154.0,157.72,153.85,157.13,35174000
2026-01-16 00:00:00,FEDERALBNK,247.5,278.4,247.45,270.25,66836048
2026-01-16 00:00:00,HDFCBANK,922.0,935.95,919.2,931.1,37780235
2026-01-16 00:00:00,ICICIBANK,1417.9,1429.0,1400.2,1410.8,12530886
2026-01-16 00:00:00,IDFCFIRSTB,83.06,84.15,82.98,83.79,16347138
2026-01-16 00:00:00,INDUSINDBK,945.0,960.2,938.05,953.85,10345071
2026-01-16 00:00:00,KOTAKBANK,424.0,427.6,417.1,418.2,17993251
2026-01-16 00:00:00,PNB,128.68,132.79,128.65,132.36,34696416
2026-01-16 00:00:00,SBIN,1032.0,1047.45,1028.4,1042.3,11051580
2026-01-16 00:00:00,UNIONBANK,179.25,182.9,174.84,176.15,35089123
2026-01-16 00:00:00,YESBANK,23.0,23.67,23.0,23.46,171164616
2026-01-19 00:00:00,AUBANK,1025.0,1026.2,1010.75,1020.95,1984489
2026-01-19 00:00:00,AXISBANK,1307.0,1327.0,1297.1,1307.5,8833223
2026-01-19 00:00:00,BANDHANBNK,144.5,145.24,142.06,142.64,6442060
2026-01-19 00:00:00,BANKBARODA,307.75,309.2,304.1,307.15,9436591
2026-01-19 00:00:00,CANBK,157.45,159.1,156.05,156.86,24657963
2026-01-19 00:00:00,FEDERALBNK,271.45,280.25,270.25,279.7,31846487
2026-01-19 00:00:00,HDFCBANK,935.9,936.15,919.5,927.9,38191942
2026-01-19 00:00:00,ICICIBANK,1399.9,1400.0,1360.0,1380.6,23302883
2026-01-19 00:00:00,IDFCFIRSTB,83.5,84.23,82.41,83.12,13485105
2026-01-19 00:00:00,INDUSINDBK,947.95,961.9,941.45,949.8,5455304
2026-01-19 00:00:00,KOTAKBANK,419.0,430.4,415.0,426.9,22228439
2026-01-19 00:00:00,PNB,132.3,135.15,125.25,128.05,86346948
2026-01-19 00:00:00,SBIN,1035.0,1043.6,1034.0,1038.4,5460164
2026-01-19 00:00:00,UNIONBANK,175.84,178.13,174.55,177.43,26114974
2026-01-19 00:00:00,YESBANK,23.99,23.99,22.66,22.76,195595177
2026-01-20 00:00:00,AUBANK,1021.0,1021.6,992.35,1001.25,2014610
2026-01-20 00:00:00,AXISBANK,1306.1,1310.9,1290.0,1293.5,6268527
2026-01-20 00:00:00,BANDHANBNK,142.6,142.75,138.9,139.39,8318034
2026-01-20 00:00:00,BANKBARODA,306.95,310.15,300.2,302.05,8244610
2026-01-20 00:00:00,CANBK,157.5,159.09,153.06,153.68,35087078
2026-01-20 00:00:00,FEDERALBNK,278.0,279.8,269.65,273.25,13733716
2026-01-20 00:00:00,HDFCBANK,929.3,934.5,919.6,931.2,36022727
2026-01-20 00:00:00,ICICIBANK,1374.7,1387.8,1371.5,1375.8,15012785
2026-01-20 00:00:00,IDFCFIRSTB,83.12,83.48,81.74,82.09,18694090
2026-01-20 00:00:00,INDUSINDBK,946.0,948.0,899.05,905.15,6701234
2026-01-20 00:00:00,KOTAKBANK,428.0,431.0,422.5,423.8,18805991
2026-01-20 00:00:00,PNB,127.9,130.35,125.1,125.77,46607190
2026-01-20 00:00:00,SBIN,1039.75,1052.0,1033.05,1036.4,8905718
2026-01-20 00:00:00,UNIONBANK,177.43,180.75,175.0,175.73,14538592
2026-01-20 00:00:00,YESBANK,22.65,22.69,21.61,21.7,165413896
2026-01-21 00:00:00,AUBANK,1009.0,1027.45,968.3,994.9,5487389
2026-01-21 00:00:00,AXISBANK,1290.0,1297.7,1267.4,1284.9,3854702
2026-01-21 00:00:00,BANDHANBNK,139.0,141.69,136.9,137.98,13633132
2026-01-21 00:00:00,BANKBARODA,301.4,305.55,297.35,299.05,7777440
2026-01-21 00:00:00,CANBK,152.8,155.49,149.81,150.76,24315864
2026-01-21 00:00:00,FEDERALBNK,271.1,276.6,268.95,276.1,12133282
2026-01-21 00:00:00,HDFCBANK,925.0,932.15,915.5,920.35,32766854
2026-01-21 00:00:00,ICICIBANK,1367.5,1371.5,1339.5,1349.0,21766068
2026-01-21 00:00:00,IDFCFIRSTB,81.71,82.42,79.62,81.51,29658105
2026-01-21 00:00:00,INDUSINDBK,908.0,919.15,891.45,907.15,3567143
2026-01-21 00:00:00,KOTAKBANK,422.1,425.5,416.4,421.6,16386060
2026-01-21 00:00:00,PNB,125.3,126.69,122.79,123.99,17178415
2026-01-21 00:00:00,SBIN,1032.0,1040.6,1022.0,1028.65,7408949
2026-01-21 00:00:00,UNIONBANK,174.76,178.3,170.76,172.47,15653209
2026-01-21 00:00:00,YESBANK,21.68,22.02,21.51,21.66,133777591
2026-01-22 00:00:00,AUBANK,1003.25,1016.75,982.15,1000.55,1668127
2026-01-22 00:00:00,AXISBANK,1290.0,1298.9,1281.4,1294.8,5949677
2026-01-22 00:00:00,BANDHANBNK,139.0,144.0,138.03,142.46,12348702
2026-01-22 00:00:00,BANKBARODA,301.95,308.0,301.15,305.3,7472657
2026-01-22 00:00:00,CANBK,152.0,155.59,152.0,154.68,18824351
2026-01-22 00:00:00,FEDERALBNK,280.05,287.2,278.2,282.2,16816171
2026-01-22 00:00:00,HDFCBANK,928.0,928.3,913.2,918.7,44444755
2026-01-22 00:00:00,ICICIBANK,1355.1,1358.0,1338.0,1345.5,17179765
2026-01-22 00:00:00,IDFCFIRSTB,82.0,84.48,81.9,84.2,39287653
2026-01-22 00:00:00,INDUSINDBK,911.0,916.2,892.9,902.45,2338485
2026-01-22 00:00:00,KOTAKBANK,423.8,429.8,420.3,426.0,10087657
2026-01-22 00:00:00,PNB,124.74,126.53,124.5,125.16,13651752
2026-01-22 00:00:00,SBIN,1035.0,1055.5,1034.05,1048.35,12001641
2026-01-22 00:00:00,UNIONBANK,174.65,177.66,174.0,174.78,17020104
2026-01-22 00:00:00,YESBANK,21.89,22.05,21.55,21.63,93938702
2026-01-23 00:00:00,AUBANK,1005.0,1006.9,961.3,966.1,2752861
2026-01-23 00:00:00,AXISBANK,1297.0,1299.0,1248.0,1258.0,8885549
2026-01-23 00:00:00,BANDHANBNK,150.2,152.15,145.1,149.33,66066666
2026-01-23 00:00:00,BANKBARODA,306.45,306.45,294.6,296.15,7810191
2026-01-23 00:00:00,CANBK,155.7,156.78,150.92,151.81,26875350
2026-01-23 00:00:00,FEDERALBNK,283.2,284.85,277.55,278.55,12120387
2026-01-23 00:00:00,HDFCBANK,920.0,926.1,909.25,916.1,30985247
2026-01-23 00:00:00,ICICIBANK,1340.5,1355.2,1335.7,1343.4,14056524
2026-01-23 00:00:00,IDFCFIRSTB,84.34,85.13,82.33,82.99,30120355
2026-01-23 00:00:00,INDUSINDBK,900.05,914.6,888.25,892.45,5907525
2026-01-23 00:00:00,KOTAKBANK,429.0,429.8,420.4,422.8,10548118
2026-01-23 00:00:00,PNB,126.5,126.51,119.55,120.15,17868644
2026-01-23 00:00:00,SBIN,1051.9,1053.0,1025.6,1029.5,10917698
2026-01-23 00:00:00,UNIONBANK,176.0,178.99,172.0,172.77,24039471
2026-01-23 00:00:00,YESBANK,21.73,21.76,20.8,20.92,120490912
2026-01-27 00:00:00,AUBANK,970.6,977.85,944.1,963.55,1801986
2026-01-27 00:00:00,AXISBANK,1288.8,1333.2,1278.4,1315.8,22715357
2026-01-27 00:00:00,BANDHANBNK,149.15,150.82,147.68,149.02,12688395
2026-01-27 00:00:00,BANKBARODA,297.0,303.6,296.0,302.0,11451625
2026-01-27 00:00:00,CANBK,152.9,155.45,152.1,154.72,23086886
2026-01-27 00:00:00,FEDERALBNK,279.0,285.7,279.0,284.95,12030692
2026-01-27 00:00:00,HDFCBANK,906.0,931.2,905.0,926.4,44753093
2026-01-27 00:00:00,ICICIBANK,1340.0,1369.1,1328.6,1361.4,25263634
2026-01-27 00:00:00,IDFCFIRSTB,82.99,83.97,81.6,83.5,31871803
2026-01-27 00:00:00,INDUSINDBK,875.0,897.0,851.15,894.75,8419598
2026-01-27 00:00:00,KOTAKBANK,415.0,415.0,400.5,408.7,47613963
2026-01-27 00:00:00,PNB,121.27,123.49,120.0,122.95,16104995
2026-01-27 00:00:00,SBIN,1034.1,1055.0,1030.25,1053.15,14420630
2026-01-27 00:00:00,UNIONBANK,174.5,176.67,171.74,175.21,17366121
2026-01-27 00:00:00,YESBANK,21.0,21.18,20.68,21.02,111906765
2026-01-28 00:00:00,AUBANK,965.0,970.95,955.15,962.35,1238957
2026-01-28 00:00:00,AXISBANK,1348.0,1369.4,1310.2,1319.8,15426403
2026-01-28 00:00:00,BANDHANBNK,149.0,154.41,148.99,153.35,13731892
2026-01-28 00:00:00,BANKBARODA,303.5,306.55,300.45,306.2,10161294
2026-01-28 00:00:00,CANBK,155.49,158.25,152.31,157.74,28198960
2026-01-28 00:00:00,FEDERALBNK,286.45,286.45,282.2,284.45,10075884
2026-01-28 00:00:00,HDFCBANK,932.5,941.45,928.4,932.7,35347138
2026-01-28 00:00:00,ICICIBANK,1362.6,1380.4,1362.6,1367.7,13242696
2026-01-28 00:00:00,IDFCFIRSTB,83.94,83.94,81.73,82.93,20226999
2026-01-28 00:00:00,INDUSINDBK,898.75,903.0,877.65,901.7,2982683
2026-01-28 00:00:00,KOTAKBANK,409.3,414.2,406.3,412.4,14823671
2026-01-28 00:00:00,PNB,124.0,124.65,121.75,124.5,14507424
2026-01-28 00:00:00,SBIN,1059.4,1065.6,1044.15,1063.5,12171257
2026-01-28 00:00:00,UNIONBANK,176.8,182.46,175.25,181.93,23047432
2026-01-28 00:00:00,YESBANK,21.2,21.55,21.18,21.48,87803981
2026-01-29 00:00:00,AUBANK,962.35,992.8,960.0,987.9,4789658
2026-01-29 00:00:00,AXISBANK,1318.0,1367.0,1306.0,1363.7,16107684
2026-01-29 00:00:00,BANDHANBNK,153.4,154.4,150.37,151.99,7047526
2026-01-29 00:00:00,BANKBARODA,307.0,309.25,301.1,302.45,16319863
2026-01-29 00:00:00,CANBK,158.0,160.79,149.0,150.32,88706121
2026-01-29 00:00:00,FEDERALBNK,284.45,289.6,284.0,287.6,15848490
2026-01-29 00:00:00,HDFCBANK,930.1,939.3,924.35,935.5,37175628
2026-01-29 00:00:00,ICICIBANK,1359.0,1387.7,1354.4,1383.6,23118234
2026-01-29 00:00:00,IDFCFIRSTB,82.97,83.75,82.45,83.47,33904223
2026-01-29 00:00:00,INDUSINDBK,899.9,904.5,890.7,898.4,4382116
2026-01-29 00:00:00,KOTAKBANK,407.0,414.6,407.0,412.4,26085514
2026-01-29 00:00:00,PNB,124.8,126.24,124.34,125.25,32910164
2026-01-29 00:00:00,SBIN,1063.0,1075.0,1060.3,1066.2,14800724
2026-01-29 00:00:00,UNIONBANK,183.0,183.34,178.25,179.44,40375155
2026-01-29 00:00:00,YESBANK,21.48,21.55,21.02,21.31,262833336
2026-01-30 00:00:00,AUBANK,968.25,995.65,965.0,982.35,2978565
2026-01-30 00:00:00,AXISBANK,1352.0,1378.7,1352.0,1370.4,14758482
2026-01-30 00:00:00,BANDHANBNK,151.99,155.49,150.32,154.65,10411870
2026-01-30 00:00:00,BANKBARODA,302.4,304.0,297.5,299.4,11708481
2026-01-30 00:00:00,CANBK,150.7,150.7,146.62,147.42,43411151
2026-01-30 00:00:00,FEDERALBNK,286.65,288.65,282.5,287.75,4286394
2026-01-30 00:00:00,HDFCBANK,930.0,938.9,927.75,929.25,29691233
2026-01-30 00:00:00,ICICIBANK,1368.2,1381.9,1353.2,1355.0,24013717
2026-01-30 00:00:00,IDFCFIRSTB,82.52,84.5,82.52,83.58,42058731
2026-01-30 00:00:00,INDUSINDBK,892.1,902.75,888.2,896.1,2867342
2026-01-30 00:00:00,KOTAKBANK,410.0,412.5,405.4,408.0,20681886
2026-01-30 00:00:00,PNB,124.5,126.03,123.26,125.19,14202987
2026-01-30 00:00:00,SBIN,1064.0,1082.5,1060.4,1077.15,9480769
2026-01-30 00:00:00,UNIONBANK,178.0,182.72,176.0,180.76,15736553
2026-01-30 00:00:00,YESBANK,21.15,21.48,21.02,21.41,81922208
2026-02-01 00:00:00,AUBANK,982.35,990.6,942.75,979.6,1050237
2026-02-01 00:00:00,AXISBANK,1373.2,1384.9,1332.1,1340.4,3021528
2026-02-01 00:00:00,BANDHANBNK,153.26,154.42,147.5,148.56,5182295
2026-02-01 00:00:00,BANKBARODA,295.0,296.55,276.3,279.7,15795862
2026-02-01 00:00:00,CANBK,145.98,148.92,138.01,141.05,26364131
2026-02-01 00:00:00,FEDERALBNK,288.55,288.8,281.25,285.1,3155061
2026-02-01 00:00:00,HDFCBANK,932.0,939.65,912.65,922.1,9856486
2026-02-01 00:00:00,ICICIBANK,1352.0,1365.9,1328.8,1334.2,4969610
2026-02-01 00:00:00,IDFCFIRSTB,84.5,84.5,81.16,82.03,26916246
2026-02-01 00:00:00,INDUSINDBK,894.1,906.0,863.3,895.6,2530553
2026-02-01 00:00:00,KOTAKBANK,408.5,415.9,403.3,407.25,8965172
2026-02-01 00:00:00,PNB,124.8,124.8,119.14,121.59,18751349
2026-02-01 00:00:00,SBIN,1076.0,1083.6,988.3,1018.2,12051593
2026-02-01 00:00:00,UNIONBANK,180.75,181.59,167.42,169.37,13587080
2026-02-01 00:00:00,YESBANK,21.45,21.56,20.9,21.14,57297614
2026-02-02 00:00:00,AUBANK,965.0,977.35,950.45,965.2,1235711
2026-02-02 00:00:00,AXISBANK,1339.0,1352.7,1302.9,1311.5,8647298
2026-02-02 00:00:00,BANDHANBNK,148.3,149.63,145.52,148.56,4616823
2026-02-02 00:00:00,BANKBARODA,279.0,279.25,270.5,277.6,16234606
2026-02-02 00:00:00,CANBK,141.05,146.97,139.0,146.47,32606697
2026-02-02 00:00:00,FEDERALBNK,284.8,284.8,276.0,281.3,7143698
2026-02-02 00:00:00,HDFCBANK,915.0,929.8,909.3,928.1,28032106
2026-02-02 00:00:00,ICICIBANK,1329.9,1354.4,1329.1,1352.8,12800245
2026-02-02 00:00:00,IDFCFIRSTB,82.08,82.4,79.38,81.21,35455846
2026-02-02 00:00:00,INDUSINDBK,889.0,914.5,884.35,910.25,3762702
2026-02-02 00:00:00,KOTAKBANK,408.7,410.85,405.1,408.2,15422034
2026-02-02 00:00:00,PNB,121.0,122.46,118.15,122.02,15793749
2026-02-02 00:00:00,SBIN,1019.9,1031.3,990.0,1028.7,14434549
2026-02-02 00:00:00,UNIONBANK,169.37,172.08,165.11,171.13,13991985
2026-02-02 00:00:00,YESBANK,21.18,21.35,20.81,21.19,76912343
2026-02-03 00:00:00,AUBANK,985.0,1019.0,979.8,982.3,2099845
2026-02-03 00:00:00,AXISBANK,1403.0,1418.3,1345.5,1356.2,10384723
2026-02-03 00:00:00,BANDHANBNK,153.0,155.5,151.21,155.0,11565356
2026-02-03 00:00:00,BANKBARODA,290.0,295.0,281.9,285.4,15500999
2026-02-03 00:00:00,CANBK,152.5,157.5,146.88,147.34,40510681
2026-02-03 00:00:00,FEDERALBNK,294.0,298.25,283.35,285.5,8832776
2026-02-03 00:00:00,HDFCBANK,983.75,994.0,945.0,948.7,50336968
2026-02-03 00:00:00,ICICIBANK,1412.0,1417.0,1373.4,1389.7,24896698
2026-02-03 00:00:00,IDFCFIRSTB,84.61,85.98,83.4,84.85,34975303
2026-02-03 00:00:00,INDUSINDBK,951.3,959.6,916.35,922.4,9608114
2026-02-03 00:00:00,KOTAKBANK,415.0,425.0,410.3,415.8,35396945
2026-02-03 00:00:00,PNB,126.5,129.01,122.7,123.86,15962796
2026-02-03 00:00:00,SBIN,1087.0,1089.8,1040.3,1064.2,16129381
2026-02-03 00:00:00,UNIONBANK,179.0,183.1,172.0,174.41,11079255
2026-02-03 00:00:00,YESBANK,21.99,21.99,21.25,21.31,92631268
2026-02-04 00:00:00,AUBANK,988.95,989.05,973.2,980.95,1152883
2026-02-04 00:00:00,AXISBANK,1369.7,1369.9,1336.6,1338.7,6672251
2026-02-04 00:00:00,BANDHANBNK,154.93,158.17,154.0,157.34,8284585
2026-02-04 00:00:00,BANKBARODA,286.0,292.6,282.25,290.85,9434395
2026-02-04 00:00:00,CANBK,147.5,148.5,146.0,147.5,26421597
2026-02-04 00:00:00,FEDERALBNK,285.5,288.3,282.7,287.4,3498764
2026-02-04 00:00:00,HDFCBANK,952.5,957.2,947.95,953.1,24366770
2026-02-04 00:00:00,ICICIBANK,1387.0,1414.0,1386.9,1408.4,11080683
2026-02-04 00:00:00,IDFCFIRSTB,84.8,85.29,84.04,85.14,23063205
2026-02-04 00:00:00,INDUSINDBK,922.0,932.0,915.8,921.3,2883259
2026-02-04 00:00:00,KOTAKBANK,416.7,418.65,410.6,412.35,14948177
2026-02-04 00:00:00,PNB,123.85,124.39,122.65,123.65,10402322
2026-02-04 00:00:00,SBIN,1064.2,1073.9,1056.3,1068.2,7312276
2026-02-04 00:00:00,UNIONBANK,174.4,176.99,171.9,176.11,13200784
2026-02-04 00:00:00,YESBANK,21.31,21.63,21.26,21.55,101189935
2026-02-05 00:00:00,AUBANK,980.95,989.7,974.1,986.0,921723
2026-02-05 00:00:00,AXISBANK,1340.0,1340.0,1317.4,1330.6,3766488
2026-02-05 00:00:00,BANDHANBNK,157.2,158.3,156.59,157.8,5314795
2026-02-05 00:00:00,BANKBARODA,291.4,293.1,289.05,290.45,4970798
2026-02-05 00:00:00,CANBK,148.0,149.58,147.57,148.29,16041047
2026-02-05 00:00:00,FEDERALBNK,287.9,289.15,285.4,287.6,2481799
2026-02-05 00:00:00,HDFCBANK,956.0,956.05,946.7,949.7,28103169
2026-02-05 00:00:00,ICICIBANK,1414.0,1414.0,1393.2,1396.5,8982761
2026-02-05 00:00:00,IDFCFIRSTB,85.0,85.8,84.67,85.48,27129853
2026-02-05 00:00:00,INDUSINDBK,918.1,922.15,902.3,914.4,2552518
2026-02-05 00:00:00,KOTAKBANK,411.0,413.95,404.1,408.75,24814864
2026-02-05 00:00:00,PNB,123.5,124.95,123.17,124.1,10883117
2026-02-05 00:00:00,SBIN,1068.2,1081.0,1067.5,1073.5,9551567
2026-02-05 00:00:00,UNIONBANK,176.11,179.2,175.51,177.92,11292976
2026-02-05 00:00:00,YESBANK,21.59,21.65,21.2,21.38,79887065
2026-02-06 00:00:00,AUBANK,986.9,992.45,975.8,991.05,1192286
2026-02-06 00:00:00,AXISBANK,1325.0,1346.4,1324.7,1341.6,5876574
2026-02-06 00:00:00,BANDHANBNK,157.0,159.48,155.52,159.04,5269308
2026-02-06 00:00:00,BANKBARODA,290.05,291.3,284.7,289.2,4988298
2026-02-06 00:00:00,CANBK,148.0,149.2,144.86,147.31,21884724
2026-02-06 00:00:00,FEDERALBNK,289.0,289.15,284.35,286.8,5682140
2026-02-06 00:00:00,HDFCBANK,945.0,948.1,937.6,941.1,18120272
2026-02-06 00:00:00,ICICIBANK,1396.7,1410.5,1394.7,1406.1,10851190
2026-02-06 00:00:00,IDFCFIRSTB,85.3,85.8,84.15,85.11,17886315
2026-02-06 00:00:00,INDUSINDBK,909.1,917.05,895.0,903.6,2711855
2026-02-06 00:00:00,KOTAKBANK,411.0,424.65,410.3,422.35,21228778
2026-02-06 00:00:00,PNB,123.9,124.43,121.25,122.85,14524956
2026-02-06 00:00:00,SBIN,1070.0,1073.6,1051.0,1066.4,7041557
2026-02-06 00:00:00,UNIONBANK,177.5,178.69,174.55,178.13,9274510
2026-02-06 00:00:00,YESBANK,21.36,21.43,21.07,21.29,63575388
2026-02-09 00:00:00,AUBANK,995.1,1009.4,980.0,1005.3,1879347
2026-02-09 00:00:00,AXISBANK,1350.0,1350.0,1330.7,1341.4,4077536
2026-02-09 00:00:00,BANDHANBNK,159.5,162.75,159.5,162.07,8680788
2026-02-09 00:00:00,BANKBARODA,292.0,295.0,289.9,290.6,8780025
2026-02-09 00:00:00,CANBK,148.65,150.37,147.35,147.93,31077822
2026-02-09 00:00:00,FEDERALBNK,288.7,288.7,284.6,286.65,3613561
2026-02-09 00:00:00,HDFCBANK,945.0,950.0,935.35,937.25,23947829
2026-02-09 00:00:00,ICICIBANK,1413.5,1414.0,1388.8,1396.3,7889742
2026-02-09 00:00:00,IDFCFIRSTB,85.16,85.51,84.44,84.76,17020935
2026-02-09 00:00:00,INDUSINDBK,910.0,936.95,900.35,927.9,6863941
2026-02-09 00:00:00,KOTAKBANK,430.0,434.9,424.2,428.8,22538542
2026-02-09 00:00:00,PNB,123.99,125.1,123.02,123.44,12646439
2026-02-09 00:00:00,SBIN,1120.0,1150.0,1100.5,1146.0,40852966
2026-02-09 00:00:00,UNIONBANK,181.0,182.1,178.92,179.98,15467264
2026-02-09 00:00:00,YESBANK,21.39,21.64,21.3,21.56,66727230
2026-02-10 00:00:00,AUBANK,1011.9,1011.9,990.0,1001.15,1918068
2026-02-10 00:00:00,AXISBANK,1352.6,1360.1,1343.3,1356.7,5478998
2026-02-10 00:00:00,BANDHANBNK,162.85,167.4,160.56,166.69,21526686
2026-02-10 00:00:00,BANKBARODA,290.6,292.5,288.15,290.35,7522576
2026-02-10 00:00:00,CANBK,148.0,148.53,146.45,146.83,18264415
2026-02-10 00:00:00,FEDERALBNK,286.5,288.1,281.1,282.25,5142766
2026-02-10 00:00:00,HDFCBANK,930.0,940.9,929.95,932.4,31525385
2026-02-10 00:00:00,ICICIBANK,1401.0,1409.5,1395.5,1406.5,16497628
2026-02-10 00:00:00,IDFCFIRSTB,84.84,84.98,83.53,83.77,16522740
2026-02-10 00:00:00,INDUSINDBK,927.9,933.0,920.0,927.6,2768617
2026-02-10 00:00:00,KOTAKBANK,430.8,433.9,428.2,429.3,18428055
2026-02-10 00:00:00,PNB,124.0,124.0,122.57,122.96,12024413
2026-02-10 00:00:00,SBIN,1151.0,1154.0,1138.1,1144.1,17280036
2026-02-10 00:00:00,UNIONBANK,181.0,181.0,177.5,179.26,8405977
2026-02-10 00:00:00,YESBANK,21.6,21.6,21.34,21.4,54079341
2026-02-11 00:00:00,AUBANK,1000.0,1009.85,986.0,990.25,1582054
2026-02-11 00:00:00,AXISBANK,1358.0,1360.0,1344.8,1347.3,3866272
2026-02-11 00:00:00,BANDHANBNK,166.7,169.75,164.54,168.26,19816201
2026-02-11 00:00:00,BANKBARODA,290.0,292.7,285.8,291.2,7047693
2026-02-11 00:00:00,CANBK,147.34,147.34,144.0,145.51,31370839
2026-02-11 00:00:00,FEDERALBNK,281.9,293.5,279.65,290.5,16329588
2026-02-11 00:00:00,HDFCBANK,931.25,936.0,925.3,927.1,24869804
2026-02-11 00:00:00,ICICIBANK,1407.4,1413.0,1400.4,1406.1,8551341
2026-02-11 00:00:00,IDFCFIRSTB,83.9,84.09,82.12,82.56,21018851
2026-02-11 00:00:00,INDUSINDBK,927.9,928.3,915.0,925.0,2473671
2026-02-11 00:00:00,KOTAKBANK,431.7,431.7,427.75,429.55,12299205
2026-02-11 00:00:00,PNB,123.1,123.72,121.11,122.91,14591234
2026-02-11 00:00:00,SBIN,1144.7,1187.5,1142.8,1182.9,29491859
2026-02-11 00:00:00,UNIONBANK,179.98,180.58,176.11,180.33,10157636
2026-02-11 00:00:00,YESBANK,21.49,21.49,21.22,21.32,51470737
2026-02-12 00:00:00,AUBANK,990.25,1002.95,980.3,1000.6,2189502
2026-02-12 00:00:00,AXISBANK,1347.9,1357.7,1336.2,1340.0,4152620
2026-02-12 00:00:00,BANDHANBNK,168.0,170.1,164.49,169.54,26226742
2026-02-12 00:00:00,BANKBARODA,291.2,292.0,287.8,289.85,6441099
2026-02-12 00:00:00,CANBK,145.5,145.8,143.65,144.81,20031934
2026-02-12 00:00:00,FEDERALBNK,292.6,293.2,286.1,287.1,9229784
2026-02-12 00:00:00,HDFCBANK,927.0,928.6,918.5,920.6,33872203
2026-02-12 00:00:00,ICICIBANK,1406.1,1433.0,1405.3,1430.0,19646265
2026-02-12 00:00:00,IDFCFIRSTB,82.95,83.05,81.25,82.15,12367406
2026-02-12 00:00:00,INDUSINDBK,928.7,937.0,915.0,922.7,3082642
2026-02-12 00:00:00,KOTAKBANK,429.4,431.05,425.1,426.25,14003384
2026-02-12 00:00:00,PNB,122.85,122.91,120.5,120.96,15324439
2026-02-12 00:00:00,SBIN,1183.0,1203.7,1174.8,1192.4,33214985
2026-02-12 00:00:00,UNIONBANK,180.4,182.35,178.31,181.0,13347286
2026-02-12 00:00:00,YESBANK,21.3,21.32,21.0,21.1,80095498
2026-02-13 00:00:00,AUBANK,998.1,1004.6,984.65,994.9,1802819
2026-02-13 00:00:00,AXISBANK,1341.3,1346.5,1316.1,1332.3,4624549
2026-02-13 00:00:00,BANDHANBNK,168.1,170.03,164.5,165.44,4430723
2026-02-13 00:00:00,BANKBARODA,287.3,288.0,284.6,287.45,6295039
2026-02-13 00:00:00,CANBK,143.8,143.8,141.42,141.77,14139257
2026-02-13 00:00:00,FEDERALBNK,287.05,290.55,285.1,288.3,6202181
2026-02-13 00:00:00,HDFCBANK,913.0,928.2,901.0,903.9,50188359
2026-02-13 00:00:00,ICICIBANK,1425.3,1434.4,1410.7,1414.6,12228083
2026-02-13 00:00:00,IDFCFIRSTB,81.78,82.35,80.01,81.54,14207864
2026-02-13 00:00:00,INDUSINDBK,922.0,929.95,903.35,926.05,2860622
2026-02-13 00:00:00,KOTAKBANK,426.0,428.9,419.55,420.65,23233320
2026-02-13 00:00:00,PNB,120.1,120.36,118.3,118.76,14737408
2026-02-13 00:00:00,SBIN,1189.0,1201.0,1184.5,1198.6,18141390
2026-02-13 00:00:00,UNIONBANK,180.0,180.76,178.1,178.87,8733451
2026-02-13 00:00:00,YESBANK,21.03,21.07,20.71,20.86,59208817
2026-02-16 00:00:00,AUBANK,990.0,1011.0,985.85,1010.0,2090281
2026-02-16 00:00:00,AXISBANK,1324.0,1361.9,1324.0,1358.3,5082167
2026-02-16 00:00:00,BANDHANBNK,164.5,168.5,163.64,167.93,3521540
2026-02-16 00:00:00,BANKBARODA,285.9,293.4,284.2,292.55,6149012
2026-02-16 00:00:00,CANBK,141.0,146.27,140.15,145.84,18090364
2026-02-16 00:00:00,FEDERALBNK,287.15,289.75,285.35,289.0,4743148
2026-02-16 00:00:00,HDFCBANK,903.9,929.5,902.1,925.8,18806989
2026-02-16 00:00:00,ICICIBANK,1404.0,1414.0,1400.5,1411.6,5000042
2026-02-16 00:00:00,IDFCFIRSTB,81.01,83.11,80.93,82.91,11738223
2026-02-16 00:00:00,INDUSINDBK,930.0,933.7,912.15,931.9,2098887
2026-02-16 00:00:00,KOTAKBANK,419.0,426.7,418.25,425.6,12403028
2026-02-16 00:00:00,PNB,118.0,120.95,117.55,120.57,12112770
2026-02-16 00:00:00,SBIN,1194.0,1212.3,1185.3,1208.1,14972739
2026-02-16 00:00:00,UNIONBANK,178.0,184.0,176.08,183.09,8656305
2026-02-16 00:00:00,YESBANK,20.76,20.99,20.7,20.96,46684058
2026-02-17 00:00:00,AUBANK,1014.4,1014.4,994.55,999.75,1966733
2026-02-17 00:00:00,AXISBANK,1358.3,1360.9,1350.4,1357.2,4513065
2026-02-17 00:00:00,BANDHANBNK,167.41,170.1,166.81,168.43,4077654
2026-02-17 00:00:00,BANKBARODA,292.55,305.0,291.2,303.25,17496015
2026-02-17 00:00:00,CANBK,145.8,149.9,144.8,149.11,24239721
2026-02-17 00:00:00,FEDERALBNK,289.0,291.05,282.6,288.85,7052510
2026-02-17 00:00:00,HDFCBANK,923.0,928.1,918.6,925.7,22599629
2026-02-17 00:00:00,ICICIBANK,1406.2,1413.6,1393.6,1407.5,11756187
2026-02-17 00:00:00,IDFCFIRSTB,82.29,83.5,82.0,83.35,19451127
2026-02-17 00:00:00,INDUSINDBK,931.9,952.2,928.2,943.8,6284594
2026-02-17 00:00:00,KOTAKBANK,423.65,425.5,420.6,424.45,6427007
2026-02-17 00:00:00,PNB,120.57,125.6,119.81,124.82,39934490
2026-02-17 00:00:00,SBIN,1206.1,1225.5,1204.1,1213.4,20107196
2026-02-17 00:00:00,UNIONBANK,183.55,190.0,181.86,188.89,29239580
2026-02-17 00:00:00,YESBANK,20.88,21.17,20.88,21.08,52974883
2026-02-18 00:00:00,AUBANK,1001.9,1024.1,995.7,1022.05,3081772
2026-02-18 00:00:00,AXISBANK,1363.0,1378.5,1353.8,1377.0,5556076
2026-02-18 00:00:00,BANDHANBNK,168.5,172.2,167.59,171.74,6135908
2026-02-18 00:00:00,BANKBARODA,303.25,307.0,303.25,305.15,7867687
2026-02-18 00:00:00,CANBK,149.5,152.48,149.38,151.94,26925046
2026-02-18 00:00:00,FEDERALBNK,289.0,293.0,287.85,290.85,5124162
2026-02-18 00:00:00,HDFCBANK,923.2,925.5,919.55,924.7,12738702
2026-02-18 00:00:00,ICICIBANK,1410.1,1412.3,1398.9,1408.2,4758071
2026-02-18 00:00:00,IDFCFIRSTB,83.35,85.55,82.65,84.61,27410289
2026-02-18 00:00:00,INDUSINDBK,944.0,950.0,932.8,944.65,3474257
2026-02-18 00:00:00,KOTAKBANK,425.7,427.4,421.35,426.35,7333331
2026-02-18 00:00:00,PNB,125.1,128.74,124.83,128.17,37051990
2026-02-18 00:00:00,SBIN,1218.8,1224.1,1214.0,1218.9,10417264
2026-02-18 00:00:00,UNIONBANK,190.0,193.99,189.0,193.11,27237712
2026-02-18 00:00:00,YESBANK,21.09,21.26,21.08,21.24,39086908
2026-02-19 00:00:00,AUBANK,1023.5,1039.2,1014.0,1017.05,2139829
2026-02-19 00:00:00,AXISBANK,1381.1,1382.8,1351.0,1356.6,2744704
2026-02-19 00:00:00,BANDHANBNK,171.74,173.48,168.09,169.47,4280941
2026-02-19 00:00:00,BANKBARODA,303.6,305.95,303.0,304.45,7342206
2026-02-19 00:00:00,CANBK,152.14,152.59,148.77,149.42,15847818
2026-02-19 00:00:00,FEDERALBNK,292.05,292.4,287.5,288.3,3644333
2026-02-19 00:00:00,HDFCBANK,929.0,929.2,912.45,915.6,21209234
2026-02-19 00:00:00,ICICIBANK,1408.5,1412.3,1384.8,1388.8,14323091
2026-02-19 00:00:00,IDFCFIRSTB,84.94,86.19,82.25,82.98,29470408
2026-02-19 00:00:00,INDUSINDBK,944.5,944.5,923.2,927.35,2641817
2026-02-19 00:00:00,KOTAKBANK,425.7,425.95,415.85,416.4,6473423
2026-02-19 00:00:00,PNB,128.12,128.35,125.52,126.1,18850093
2026-02-19 00:00:00,SBIN,1222.9,1224.9,1199.2,1205.7,9630899
2026-02-19 00:00:00,UNIONBANK,193.11,195.69,188.51,189.52,15642408
2026-02-19 00:00:00,YESBANK,21.24,21.33,20.83,20.96,40678406
2026-02-20 00:00:00,AUBANK,1014.0,1032.5,1009.2,1029.65,1748085
2026-02-20 00:00:00,AXISBANK,1351.0,1376.5,1351.0,1368.3,3791536
2026-02-20 00:00:00,BANDHANBNK,168.91,174.85,168.59,171.35,7763008
2026-02-20 00:00:00,BANKBARODA,303.5,310.65,302.55,309.05,14797240
2026-02-20 00:00:00,CANBK,149.2,154.5,148.41,154.15,35644772
2026-02-20 00:00:00,FEDERALBNK,289.55,293.2,287.05,292.6,5030819
2026-02-20 00:00:00,HDFCBANK,911.0,917.85,908.4,911.85,22654907
2026-02-20 00:00:00,ICICIBANK,1388.5,1403.7,1384.0,1394.5,10337877
2026-02-20 00:00:00,IDFCFIRSTB,82.6,83.8,82.3,83.51,11974786
2026-02-20 00:00:00,INDUSINDBK,934.0,947.9,922.65,926.05,6462199
2026-02-20 00:00:00,KOTAKBANK,415.0,423.4,415.0,421.35,6603883
2026-02-20 00:00:00,PNB,125.6,130.4,125.37,129.59,30257099
2026-02-20 00:00:00,SBIN,1206.2,1218.0,1201.8,1216.1,9958162
2026-02-20 00:00:00,UNIONBANK,189.35,194.9,188.5,193.98,14595009
2026-02-20 00:00:00,YESBANK,20.96,21.12,20.84,21.04,45942123
2026-02-23 00:00:00,AUBANK,993.0,998.75,950.0,974.1,13484919
2026-02-23 00:00:00,AXISBANK,1380.5,1402.0,1380.2,1386.7,6160153
2026-02-23 00:00:00,BANDHANBNK,172.0,173.87,171.18,173.65,5151355
2026-02-23 00:00:00,BANKBARODA,310.95,315.25,309.7,313.35,10075556
2026-02-23 00:00:00,CANBK,155.0,157.1,154.74,156.44,23618301
2026-02-23 00:00:00,FEDERALBNK,293.9,296.6,288.0,296.2,6561111
2026-02-23 00:00:00,HDFCBANK,916.5,925.65,915.25,923.6,23270122
2026-02-23 00:00:00,ICICIBANK,1400.0,1408.3,1395.3,1399.4,10728445
2026-02-23 00:00:00,IDFCFIRSTB,75.16,75.16,66.8,70.04,621433698
2026-02-23 00:00:00,INDUSINDBK,926.05,934.65,911.95,919.75,4217172
2026-02-23 00:00:00,KOTAKBANK,423.0,431.8,420.35,430.7,10399627
2026-02-23 00:00:00,PNB,130.4,132.73,130.0,130.27,27095411
2026-02-23 00:00:00,SBIN,1222.0,1231.1,1217.1,1227.8,9733835
2026-02-23 00:00:00,UNIONBANK,196.0,200.25,194.63,197.78,23701488
2026-02-23 00:00:00,YESBANK,21.06,21.14,20.75,20.89,51401565
2026-02-24 00:00:00,AUBANK,970.0,1009.85,968.7,1002.2,3314603
2026-02-24 00:00:00,AXISBANK,1398.0,1398.0,1383.5,1387.6,7888492
2026-02-24 00:00:00,BANDHANBNK,172.95,181.87,172.81,180.55,20492056
2026-02-24 00:00:00,BANKBARODA,312.95,314.2,307.0,313.1,12952576
2026-02-24 00:00:00,CANBK,155.95,158.1,155.0,157.03,27666076
2026-02-24 00:00:00,FEDERALBNK,296.45,300.0,295.0,295.65,9095061
2026-02-24 00:00:00,HDFCBANK,927.95,927.95,909.15,910.5,31313985
2026-02-24 00:00:00,ICICIBANK,1400.9,1400.9,1382.3,1384.8,18274784
2026-02-24 00:00:00,IDFCFIRSTB,69.89,72.24,68.5,70.97,321537145
2026-02-24 00:00:00,INDUSINDBK,919.75,934.4,912.0,931.4,3079572
2026-02-24 00:00:00,KOTAKBANK,430.9,432.45,425.8,427.7,15016915
2026-02-24 00:00:00,PNB,130.25,132.1,129.3,131.03,20878598
2026-02-24 00:00:00,SBIN,1232.0,1234.7,1219.7,1223.3,15788449
2026-02-24 00:00:00,UNIONBANK,197.6,202.24,196.21,200.62,19355793
2026-02-24 00:00:00,YESBANK,20.89,21.01,20.61,20.82,81564930
2026-02-25 00:00:00,AUBANK,1003.8,1007.85,977.6,982.1,2811304
2026-02-25 00:00:00,AXISBANK,1394.0,1404.3,1387.6,1403.0,4379373
2026-02-25 00:00:00,BANDHANBNK,180.55,183.3,179.0,182.88,7659686
2026-02-25 00:00:00,BANKBARODA,313.0,316.45,311.55,315.85,9318353
2026-02-25 00:00:00,CANBK,157.49,159.6,156.9,158.93,34100843
2026-02-25 00:00:00,FEDERALBNK,296.35,301.05,296.35,299.1,5928219
2026-02-25 00:00:00,HDFCBANK,910.55,916.0,903.1,907.6,27884303
2026-02-25 00:00:00,ICICIBANK,1391.8,1407.4,1388.2,1400.5,16297015
2026-02-25 00:00:00,IDFCFIRSTB,71.55,71.68,69.82,70.22,90865348
2026-02-25 00:00:00,INDUSINDBK,934.0,941.85,932.1,937.35,1173030
2026-02-25 00:00:00,KOTAKBANK,425.5,430.15,421.4,424.95,10192468
2026-02-25 00:00:00,PNB,131.15,131.66,129.51,130.54,11964857
2026-02-25 00:00:00,SBIN,1228.1,1228.1,1197.5,1200.1,19581100
2026-02-25 00:00:00,UNIONBANK,201.3,202.54,196.62,199.3,20245353
2026-02-25 00:00:00,YESBANK,20.8,20.94,20.57,20.72,66907423
2026-02-26 00:00:00,AUBANK,982.1,983.95,967.45,972.7,3615184
2026-02-26 00:00:00,AXISBANK,1403.0,1405.7,1386.0,1395.5,8979547
2026-02-26 00:00:00,BANDHANBNK,183.0,190.23,182.78,186.1,19052653
2026-02-26 00:00:00,BANKBARODA,316.0,325.5,316.0,324.45,20502406
2026-02-26 00:00:00,CANBK,159.37,162.89,156.62,158.88,37476276
2026-02-26 00:00:00,FEDERALBNK,299.8,301.7,297.05,299.5,12490528
2026-02-26 00:00:00,HDFCBANK,912.0,912.0,895.0,898.6,41165937
2026-02-26 00:00:00,ICICIBANK,1405.1,1410.0,1392.1,1404.9,27288792
2026-02-26 00:00:00,IDFCFIRSTB,70.22,73.16,69.85,72.81,142273285
2026-02-26 00:00:00,INDUSINDBK,938.0,968.85,936.3,964.6,8974624
2026-02-26 00:00:00,KOTAKBANK,426.7,426.7,421.7,424.55,13417228
2026-02-26 00:00:00,PNB,130.69,132.65,129.09,130.48,25782446
2026-02-26 00:00:00,SBIN,1201.0,1215.4,1188.9,1209.5,16196052
2026-02-26 00:00:00,UNIONBANK,200.0,203.2,197.9,201.54,30109110
2026-02-26 00:00:00,YESBANK,20.75,21.24,20.75,21.04,214470676
2026-02-27 00:00:00,AUBANK,976.0,976.0,951.0,958.35,22827452
2026-02-27 00:00:00,AXISBANK,1387.0,1395.5,1381.0,1383.9,5840317
2026-02-27 00:00:00,BANDHANBNK,185.15,185.15,177.68,181.98,23573525
2026-02-27 00:00:00,BANKBARODA,325.0,325.0,319.5,321.95,14686416
2026-02-27 00:00:00,CANBK,158.88,158.89,156.6,157.37,23377836
2026-02-27 00:00:00,FEDERALBNK,299.5,302.0,296.75,299.85,6871717
2026-02-27 00:00:00,HDFCBANK,898.6,898.95,885.0,887.75,34620755
2026-02-27 00:00:00,ICICIBANK,1400.0,1402.2,1376.7,1378.9,15096898
2026-02-27 00:00:00,IDFCFIRSTB,72.91,73.8,71.91,73.48,73495422
2026-02-27 00:00:00,INDUSINDBK,963.0,968.0,951.2,956.75,3745120
2026-02-27 00:00:00,KOTAKBANK,420.5,422.35,414.45,415.2,17806739
2026-02-27 00:00:00,PNB,130.25,130.85,128.6,129.44,17761050
2026-02-27 00:00:00,SBIN,1207.0,1211.8,1198.6,1201.7,10700355
2026-02-27 00:00:00,UNIONBANK,202.01,205.49,199.86,202.27,23419781
2026-02-27 00:00:00,YESBANK,21.01,21.01,20.65,20.72,98977180
2026-03-02 00:00:00,AUBANK,895.05,963.5,895.05,951.25,2534464
2026-03-02 00:00:00,AXISBANK,1369.1,1384.7,1353.6,1372.3,5132511
2026-03-02 00:00:00,BANDHANBNK,176.94,183.12,176.0,177.66,8391506
2026-03-02 00:00:00,BANKBARODA,312.0,320.2,311.2,315.2,9823313
2026-03-02 00:00:00,CANBK,150.3,156.25,150.3,153.56,28209294
2026-03-02 00:00:00,FEDERALBNK,290.0,299.35,289.05,294.95,6275477
2026-03-02 00:00:00,HDFCBANK,876.2,887.75,871.55,879.4,38378924
2026-03-02 00:00:00,ICICIBANK,1355.0,1379.2,1355.0,1374.0,16928683
2026-03-02 00:00:00,IDFCFIRSTB,70.5,73.25,70.31,71.78,60516758
2026-03-02 00:00:00,INDUSINDBK,939.0,955.95,933.2,942.5,1568186
2026-03-02 00:00:00,KOTAKBANK,410.0,414.6,407.1,413.1,15236666
2026-03-02 00:00:00,PNB,125.05,128.7,124.45,126.05,22915402
2026-03-02 00:00:00,SBIN,1185.0,1197.3,1179.4,1189.9,16270835
2026-03-02 00:00:00,UNIONBANK,195.04,201.2,195.04,198.13,22256833
2026-03-02 00:00:00,YESBANK,19.93,20.52,19.91,20.18,141054900
2026-03-04 00:00:00,AUBANK,943.7,956.8,935.3,946.1,2342802
2026-03-04 00:00:00,AXISBANK,1344.5,1357.6,1327.0,1351.3,5832353
2026-03-04 00:00:00,BANDHANBNK,175.88,178.53,172.91,177.41,8984624
2026-03-04 00:00:00,BANKBARODA,310.15,310.4,296.7,299.3,17339156
2026-03-04 00:00:00,CANBK,150.0,151.51,145.52,146.93,36072028
2026-03-04 00:00:00,FEDERALBNK,290.95,293.75,283.15,286.45,8763077
2026-03-04 00:00:00,HDFCBANK,848.0,879.3,848.0,868.65,39862322
2026-03-04 00:00:00,ICICIBANK,1326.0,1376.0,1326.0,1365.4,20009132
2026-03-04 00:00:00,IDFCFIRSTB,70.23,71.2,69.65,70.06,40216153
2026-03-04 00:00:00,INDUSINDBK,930.0,942.95,916.7,927.55,2527046
2026-03-04 00:00:00,KOTAKBANK,405.0,410.5,402.2,403.35,18393751
2026-03-04 00:00:00,PNB,124.37,124.9,120.39,121.37,25000472
2026-03-04 00:00:00,SBIN,1172.1,1182.7,1157.6,1174.5,13855065
2026-03-04 00:00:00,UNIONBANK,196.0,196.0,189.4,191.13,23915359
2026-03-04 00:00:00,YESBANK,19.87,20.23,19.84,20.01,108973379
2026-03-05 00:00:00,AUBANK,952.5,976.05,949.75,973.45,1878949
2026-03-05 00:00:00,AXISBANK,1354.9,1355.8,1335.3,1349.1,6057499
2026-03-05 00:00:00,BANDHANBNK,178.01,186.1,177.62,185.03,10786388
2026-03-05 00:00:00,BANKBARODA,301.05,303.6,298.45,301.85,10288116
2026-03-05 00:00:00,CANBK,148.0,149.7,145.75,148.51,24474731
2026-03-05 00:00:00,FEDERALBNK,287.75,291.6,285.2,289.7,6014011
2026-03-05 00:00:00,HDFCBANK,873.85,881.4,863.5,877.75,31324582
2026-03-05 00:00:00,ICICIBANK,1368.9,1370.8,1347.6,1357.6,17590491
2026-03-05 00:00:00,IDFCFIRSTB,70.59,71.17,69.93,70.4,33311916
2026-03-05 00:00:00,INDUSINDBK,930.05,947.55,926.95,937.2,1949212
2026-03-05 00:00:00,KOTAKBANK,403.6,410.05,402.35,407.3,14963265
2026-03-05 00:00:00,PNB,121.6,123.08,120.2,122.2,14990776
2026-03-05 00:00:00,SBIN,1181.0,1183.2,1150.6,1169.5,22100665
2026-03-05 00:00:00,UNIONBANK,193.03,195.4,188.8,191.2,17729256
2026-03-05 00:00:00,YESBANK,20.04,20.27,19.91,20.23,70853056
2026-03-06 00:00:00,AUBANK,972.1,980.15,962.1,964.25,1174945
2026-03-06 00:00:00,AXISBANK,1347.0,1347.9,1313.5,1315.8,11629935
2026-03-06 00:00:00,BANDHANBNK,185.5,185.89,182.02,183.03,8295229
2026-03-06 00:00:00,BANKBARODA,299.0,299.6,293.95,295.35,9115653
2026-03-06 00:00:00,CANBK,147.58,149.34,145.6,145.97,23417808
2026-03-06 00:00:00,FEDERALBNK,286.4,291.25,285.6,286.5,3826606
2026-03-06 00:00:00,HDFCBANK,868.05,871.7,855.1,857.05,34439647
2026-03-06 00:00:00,ICICIBANK,1339.0,1357.6,1310.4,1313.4,22778852
2026-03-06 00:00:00,IDFCFIRSTB,70.4,71.27,69.77,69.98,23163809
2026-03-06 00:00:00,INDUSINDBK,935.0,942.9,912.05,917.85,1153433
2026-03-06 00:00:00,KOTAKBANK,403.7,406.7,399.0,399.8,17512726
2026-03-06 00:00:00,PNB,121.45,122.37,118.66,119.31,14358834
2026-03-06 00:00:00,SBIN,1168.5,1169.3,1138.0,1143.0,20333328
2026-03-06 00:00:00,UNIONBANK,190.8,193.05,188.0,188.65,12364075
2026-03-06 00:00:00,YESBANK,20.2,20.5,20.07,20.12,61593487
2026-03-09 00:00:00,AUBANK,943.4,948.3,913.6,931.65,2564303
2026-03-09 00:00:00,AXISBANK,1282.2,1291.0,1260.8,1288.3,7926265
2026-03-09 00:00:00,BANDHANBNK,178.0,178.0,172.16,174.12,10295012
2026-03-09 00:00:00,BANKBARODA,285.15,288.85,277.05,288.05,11662512
2026-03-09 00:00:00,CANBK,140.15,141.01,136.3,139.91,29651646
2026-03-09 00:00:00,FEDERALBNK,280.0,280.75,268.7,273.3,12304998
2026-03-09 00:00:00,HDFCBANK,825.0,842.45,821.5,840.7,35592613
2026-03-09 00:00:00,ICICIBANK,1272.7,1282.7,1251.1,1278.4,16116652
2026-03-09 00:00:00,IDFCFIRSTB,68.5,68.5,66.0,66.76,55090634
2026-03-09 00:00:00,INDUSINDBK,899.0,900.0,870.55,881.2,3362985
2026-03-09 00:00:00,KOTAKBANK,390.0,393.85,385.1,386.35,20275976
2026-03-09 00:00:00,PNB,116.25,116.25,111.71,115.07,25946907
2026-03-09 00:00:00,SBIN,1115.0,1115.0,1064.3,1098.5,24631198
2026-03-09 00:00:00,UNIONBANK,181.51,183.16,175.5,179.06,22083962
2026-03-09 00:00:00,YESBANK,19.89,19.89,19.3,19.65,106887032
2026-03-10 00:00:00,AUBANK,941.2,951.3,929.1,938.5,1965529
2026-03-10 00:00:00,AXISBANK,1295.2,1319.5,1284.6,1314.7,6289277
2026-03-10 00:00:00,BANDHANBNK,176.0,183.19,174.75,182.26,8931139
2026-03-10 00:00:00,BANKBARODA,291.0,296.15,290.5,294.4,8965568
2026-03-10 00:00:00,CANBK,142.5,143.85,140.17,142.27,21772242
2026-03-10 00:00:00,FEDERALBNK,277.25,281.15,275.25,276.0,10974726
2026-03-10 00:00:00,HDFCBANK,850.05,856.8,840.6,849.45,52866024
2026-03-10 00:00:00,ICICIBANK,1287.6,1315.0,1285.6,1311.9,19136143
2026-03-10 00:00:00,IDFCFIRSTB,66.4,67.6,65.52,67.27,66454955
2026-03-10 00:00:00,INDUSINDBK,892.0,904.05,885.0,898.7,4547967
2026-03-10 00:00:00,KOTAKBANK,390.5,394.25,387.5,391.85,21346381
2026-03-10 00:00:00,PNB,117.0,117.95,115.51,117.53,18305866
2026-03-10 00:00:00,SBIN,1111.1,1119.9,1104.5,1112.2,17491459
2026-03-10 00:00:00,UNIONBANK,182.0,187.55,179.8,186.3,18486715
2026-03-10 00:00:00,YESBANK,19.86,20.04,19.73,19.91,78217318
2026-03-11 00:00:00,AUBANK,937.3,947.5,914.4,918.4,1679818
2026-03-11 00:00:00,AXISBANK,1310.0,1317.5,1252.7,1255.8,6859908
2026-03-11 00:00:00,BANDHANBNK,182.0,184.81,180.2,182.47,8187636
2026-03-11 00:00:00,BANKBARODA,295.0,297.2,288.5,289.3,6444909
2026-03-11 00:00:00,CANBK,143.0,143.7,139.01,139.41,13349850
2026-03-11 00:00:00,FEDERALBNK,276.7,277.0,268.7,269.45,9571287
2026-03-11 00:00:00,HDFCBANK,845.0,848.85,827.6,833.95,42261076
2026-03-11 00:00:00,ICICIBANK,1300.0,1306.5,1290.9,1294.6,13224259
2026-03-11 00:00:00,IDFCFIRSTB,67.46,67.87,65.8,66.16,29543962
2026-03-11 00:00:00,INDUSINDBK,897.2,907.5,873.15,877.15,2754525
2026-03-11 00:00:00,KOTAKBANK,388.85,391.1,379.95,383.2,29991868
2026-03-11 00:00:00,PNB,117.95,118.44,115.5,115.84,14475388
2026-03-11 00:00:00,SBIN,1113.4,1115.9,1088.0,1091.1,8364878
2026-03-11 00:00:00,UNIONBANK,187.5,187.55,180.4,180.92,12583965
2026-03-11 00:00:00,YESBANK,19.91,20.04,19.48,19.53,69922613
2026-03-12 00:00:00,AUBANK,911.1,912.75,899.1,902.2,1828277
2026-03-12 00:00:00,AXISBANK,1243.2,1251.1,1231.8,1234.5,9663320
2026-03-12 00:00:00,BANDHANBNK,180.0,181.47,177.2,178.01,5408689
2026-03-12 00:00:00,BANKBARODA,287.0,293.35,282.95,289.2,8115474
2026-03-12 00:00:00,CANBK,138.6,142.86,136.26,140.34,21773776
2026-03-12 00:00:00,FEDERALBNK,265.75,272.15,264.85,270.25,7972457
2026-03-12 00:00:00,HDFCBANK,820.1,836.4,820.1,832.75,46107561
2026-03-12 00:00:00,ICICIBANK,1275.7,1280.5,1258.3,1266.5,19676187
2026-03-12 00:00:00,IDFCFIRSTB,65.0,65.68,64.12,64.78,34060333
2026-03-12 00:00:00,INDUSINDBK,870.0,870.5,828.0,831.35,7514347
2026-03-12 00:00:00,KOTAKBANK,377.0,380.15,374.05,375.3,25048123
2026-03-12 00:00:00,PNB,114.5,118.13,113.66,116.61,13515926
2026-03-12 00:00:00,SBIN,1075.1,1098.0,1070.5,1085.2,14614140
2026-03-12 00:00:00,UNIONBANK,179.52,183.4,175.52,182.1,14230468
2026-03-12 00:00:00,YESBANK,19.45,19.52,19.02,19.31,87147333
2026-03-13 00:00:00,AUBANK,900.0,905.85,881.9,884.35,2558067
2026-03-13 00:00:00,AXISBANK,1224.0,1234.5,1194.3,1197.3,9098187
2026-03-13 00:00:00,BANDHANBNK,176.8,177.99,173.2,175.5,9424744
2026-03-13 00:00:00,BANKBARODA,286.15,287.5,280.0,281.05,6237801
2026-03-13 00:00:00,CANBK,139.0,139.67,134.34,134.68,21035474
2026-03-13 00:00:00,FEDERALBNK,268.65,269.75,262.15,263.05,7258500
2026-03-13 00:00:00,HDFCBANK,820.0,823.8,812.0,817.0,41700464
2026-03-13 00:00:00,ICICIBANK,1251.9,1262.3,1248.7,1254.8,17344394
2026-03-13 00:00:00,IDFCFIRSTB,64.3,64.6,61.99,62.57,44917770
2026-03-13 00:00:00,INDUSINDBK,827.0,833.15,804.8,814.4,5606889
2026-03-13 00:00:00,KOTAKBANK,373.0,373.6,363.4,366.85,32179473
2026-03-13 00:00:00,PNB,116.0,116.27,111.5,111.7,18650285
2026-03-13 00:00:00,SBIN,1077.5,1081.3,1042.3,1047.0,15978675
2026-03-13 00:00:00,UNIONBANK,181.5,181.64,173.31,173.88,10935027
2026-03-13 00:00:00,YESBANK,19.22,19.25,18.75,18.8,94002650
2026-03-16 00:00:00,AUBANK,880.6,899.3,868.75,885.3,1859410
2026-03-16 00:00:00,AXISBANK,1199.2,1219.9,1180.1,1214.7,8743794
2026-03-16 00:00:00,BANDHANBNK,175.0,176.38,153.94,162.54,36301068
2026-03-16 00:00:00,BANKBARODA,280.0,282.5,272.5,279.95,9554841
2026-03-16 00:00:00,CANBK,134.5,135.38,131.5,134.51,28679443
2026-03-16 00:00:00,FEDERALBNK,262.0,265.5,257.05,260.85,12531069
2026-03-16 00:00:00,HDFCBANK,817.0,844.5,815.65,840.6,52182605
2026-03-16 00:00:00,ICICIBANK,1255.0,1276.8,1240.1,1272.9,22740688
2026-03-16 00:00:00,IDFCFIRSTB,62.49,63.2,61.3,62.81,43729894
2026-03-16 00:00:00,INDUSINDBK,814.55,830.0,806.2,825.05,3107008
2026-03-16 00:00:00,KOTAKBANK,366.85,373.35,364.05,369.85,27927294
2026-03-16 00:00:00,PNB,112.0,112.2,108.2,110.97,24727257
2026-03-16 00:00:00,SBIN,1048.7,1073.0,1036.1,1066.7,15322269
2026-03-16 00:00:00,UNIONBANK,172.2,176.97,171.25,175.6,13777819
2026-03-16 00:00:00,YESBANK,18.61,18.84,18.19,18.54,125321996
2026-03-17 00:00:00,AUBANK,888.0,903.95,874.8,902.05,1867679
2026-03-17 00:00:00,AXISBANK,1219.7,1232.3,1210.0,1228.1,5707317
2026-03-17 00:00:00,BANDHANBNK,163.0,163.99,158.19,159.58,10502382
2026-03-17 00:00:00,BANKBARODA,280.55,283.95,277.3,283.25,5072811
2026-03-17 00:00:00,CANBK,135.0,136.85,133.67,136.58,21872417
2026-03-17 00:00:00,FEDERALBNK,260.85,266.5,255.8,264.55,12836887
2026-03-17 00:00:00,HDFCBANK,847.7,848.9,835.1,845.35,38826979
2026-03-17 00:00:00,ICICIBANK,1278.9,1294.4,1273.0,1288.7,22303102
2026-03-17 00:00:00,IDFCFIRSTB,63.1,63.84,62.39,63.66,21678024
2026-03-17 00:00:00,INDUSINDBK,825.0,825.0,808.0,820.85,3713235
2026-03-17 00:00:00,KOTAKBANK,369.85,375.15,368.6,374.2,15176772
2026-03-17 00:00:00,PNB,111.5,112.45,109.9,112.0,15114617
2026-03-17 00:00:00,SBIN,1073.9,1073.9,1047.0,1064.7,16427877
2026-03-17 00:00:00,UNIONBANK,175.7,176.51,172.82,176.07,8519438
2026-03-17 00:00:00,YESBANK,18.55,18.73,18.45,18.64,88004499
2026-03-18 00:00:00,AUBANK,910.0,932.0,900.55,930.15,1605839
2026-03-18 00:00:00,AXISBANK,1228.0,1260.0,1224.2,1253.2,6018952
2026-03-18 00:00:00,BANDHANBNK,160.39,164.71,159.8,163.5,7991527
2026-03-18 00:00:00,BANKBARODA,283.3,286.9,282.55,283.15,5349893
2026-03-18 00:00:00,CANBK,137.25,138.38,136.42,137.51,18020962
2026-03-18 00:00:00,FEDERALBNK,265.0,272.7,265.0,271.5,7002312
2026-03-18 00:00:00,HDFCBANK,845.35,846.8,831.6,843.05,23507063
2026-03-18 00:00:00,ICICIBANK,1286.0,1297.1,1270.8,1289.3,12961135
2026-03-18 00:00:00,IDFCFIRSTB,63.86,65.39,63.66,65.26,25946235
2026-03-18 00:00:00,INDUSINDBK,819.6,847.9,815.6,842.15,4695600
2026-03-18 00:00:00,KOTAKBANK,375.0,376.95,371.1,375.4,15235416
2026-03-18 00:00:00,PNB,112.06,114.2,112.06,113.12,15704285
2026-03-18 00:00:00,SBIN,1067.5,1075.4,1061.3,1069.8,10749915
2026-03-18 00:00:00,UNIONBANK,176.1,179.43,176.1,177.91,10650146
2026-03-18 00:00:00,YESBANK,18.73,18.97,18.66,18.94,65772319
2026-03-19 00:00:00,AUBANK,919.8,919.8,896.2,901.55,2442610
2026-03-19 00:00:00,AXISBANK,1221.0,1241.5,1202.0,1207.0,8264698
2026-03-19 00:00:00,BANDHANBNK,160.4,160.91,156.97,158.06,9761408
2026-03-19 00:00:00,BANKBARODA,280.0,280.7,271.15,272.6,6659439
2026-03-19 00:00:00,CANBK,133.8,136.1,131.9,132.92,18150227
2026-03-19 00:00:00,FEDERALBNK,266.45,269.15,262.35,265.9,9790533
2026-03-19 00:00:00,HDFCBANK,770.0,815.65,770.0,798.2,171637393
2026-03-19 00:00:00,ICICIBANK,1267.6,1285.9,1243.7,1250.1,14422899
2026-03-19 00:00:00,IDFCFIRSTB,64.0,64.23,62.23,62.61,31046018
2026-03-19 00:00:00,INDUSINDBK,828.2,831.25,812.95,816.3,5080824
2026-03-19 00:00:00,KOTAKBANK,366.15,370.15,363.35,368.15,17308390
2026-03-19 00:00:00,PNB,110.5,111.1,108.55,109.49,14054714
2026-03-19 00:00:00,SBIN,1049.5,1059.7,1041.0,1048.9,13431191
2026-03-19 00:00:00,UNIONBANK,173.45,175.53,170.84,172.16,9712536
2026-03-19 00:00:00,YESBANK,18.56,18.74,18.28,18.39,73345327
2026-03-20 00:00:00,AUBANK,906.0,920.65,891.0,901.5,11121205
2026-03-20 00:00:00,AXISBANK,1208.6,1231.8,1199.7,1203.9,7518686
2026-03-20 00:00:00,BANDHANBNK,159.31,161.58,156.53,158.44,14307044
2026-03-20 00:00:00,BANKBARODA,275.85,283.8,275.25,279.95,9423497
2026-03-20 00:00:00,CANBK,134.5,139.84,134.5,136.44,30539089
2026-03-20 00:00:00,FEDERALBNK,268.05,274.3,266.0,267.1,14660431
2026-03-20 00:00:00,HDFCBANK,785.0,793.75,778.2,780.45,103129469
2026-03-20 00:00:00,ICICIBANK,1258.4,1274.0,1241.7,1245.4,16421006
2026-03-20 00:00:00,IDFCFIRSTB,62.92,63.88,62.74,62.95,28941537
2026-03-20 00:00:00,INDUSINDBK,822.0,837.0,813.1,818.6,7872290
2026-03-20 00:00:00,KOTAKBANK,368.6,372.6,365.4,366.75,17077194
2026-03-20 00:00:00,PNB,110.5,113.59,110.5,111.53,17182097
2026-03-20 00:00:00,SBIN,1058.4,1085.0,1054.0,1058.0,17748625
2026-03-20 00:00:00,UNIONBANK,174.0,179.94,173.99,177.63,18846899
2026-03-20 00:00:00,YESBANK,18.53,18.99,18.51,18.58,102980717
2026-03-23 00:00:00,AUBANK,885.2,885.5,846.75,849.55,3406015
2026-03-23 00:00:00,AXISBANK,1181.0,1185.1,1165.0,1170.6,6697446
2026-03-23 00:00:00,BANDHANBNK,156.5,156.57,145.77,148.34,16048372
2026-03-23 00:00:00,BANKBARODA,275.2,275.45,265.0,265.9,9657083
2026-03-23 00:00:00,CANBK,134.0,134.0,129.02,129.56,22467854
2026-03-23 00:00:00,FEDERALBNK,263.0,263.3,253.3,254.35,13966492
2026-03-23 00:00:00,HDFCBANK,763.15,768.7,741.05,744.15,72341738
2026-03-23 00:00:00,ICICIBANK,1226.6,1234.9,1218.1,1222.7,17049534
2026-03-23 00:00:00,IDFCFIRSTB,62.47,62.47,59.94,60.24,40208242
2026-03-23 00:00:00,INDUSINDBK,806.3,809.0,771.9,778.35,7448050
2026-03-23 00:00:00,KOTAKBANK,364.85,364.9,355.25,356.55,16980244
2026-03-23 00:00:00,PNB,110.6,110.7,105.2,105.55,24198613
2026-03-23 00:00:00,SBIN,1039.0,1045.6,1014.2,1031.9,16039603
2026-03-23 00:00:00,UNIONBANK,174.5,174.5,168.0,168.58,11258618
2026-03-23 00:00:00,YESBANK,18.49,18.49,17.56,17.65,135553006
2026-03-24 00:00:00,AUBANK,864.95,887.25,857.9,877.5,2000351
2026-03-24 00:00:00,AXISBANK,1187.0,1202.8,1169.6,1192.7,8274701
2026-03-24 00:00:00,BANDHANBNK,151.65,151.89,145.91,149.99,8127874
2026-03-24 00:00:00,BANKBARODA,270.4,273.75,266.0,270.5,9976659
2026-03-24 00:00:00,CANBK,133.0,134.59,131.55,133.15,22308902
2026-03-24 00:00:00,FEDERALBNK,262.25,263.9,257.6,262.5,6880170
2026-03-24 00:00:00,HDFCBANK,755.0,772.75,747.7,764.9,61269986
2026-03-24 00:00:00,ICICIBANK,1237.1,1253.9,1223.7,1251.2,20617782
2026-03-24 00:00:00,IDFCFIRSTB,61.63,62.45,60.95,62.09,24090882
2026-03-24 00:00:00,INDUSINDBK,789.85,802.15,771.7,797.25,6347812
2026-03-24 00:00:00,KOTAKBANK,363.0,370.95,361.4,366.85,19990983
2026-03-24 00:00:00,PNB,109.0,109.0,106.0,107.26,19696367
2026-03-24 00:00:00,SBIN,1055.2,1059.0,1020.0,1030.8,30416734
2026-03-24 00:00:00,UNIONBANK,173.51,175.5,170.8,173.82,12443272
2026-03-24 00:00:00,YESBANK,18.14,18.18,17.86,18.07,96268443
2026-03-25 00:00:00,AUBANK,889.9,919.2,881.85,910.4,2124903
2026-03-25 00:00:00,AXISBANK,1200.0,1239.0,1198.0,1222.1,9645791
2026-03-25 00:00:00,BANDHANBNK,151.65,155.5,150.27,153.42,10313783
2026-03-25 00:00:00,BANKBARODA,273.9,277.45,270.9,272.7,13583867
2026-03-25 00:00:00,CANBK,134.8,137.59,134.28,136.53,21680573
2026-03-25 00:00:00,FEDERALBNK,265.5,273.9,264.8,270.95,9709681
2026-03-25 00:00:00,HDFCBANK,768.2,794.8,768.2,782.3,59230640
2026-03-25 00:00:00,ICICIBANK,1258.9,1272.9,1254.4,1259.7,17290030
2026-03-25 00:00:00,IDFCFIRSTB,62.5,63.55,62.5,63.24,26510428
2026-03-25 00:00:00,INDUSINDBK,802.95,834.3,802.95,818.4,3095936
2026-03-25 00:00:00,KOTAKBANK,368.95,378.0,363.0,371.1,42442702
2026-03-25 00:00:00,PNB,108.6,110.85,108.3,110.07,20472368
2026-03-25 00:00:00,SBIN,1043.0,1065.5,1043.0,1060.6,16205333
2026-03-25 00:00:00,UNIONBANK,176.01,183.49,175.52,180.32,17554430
2026-03-25 00:00:00,YESBANK,18.22,18.58,18.2,18.47,89076218
2026-03-27 00:00:00,AUBANK,900.0,907.9,877.25,882.75,3432522
2026-03-27 00:00:00,AXISBANK,1209.5,1213.5,1202.0,1205.2,9479301
2026-03-27 00:00:00,BANDHANBNK,152.76,152.76,148.31,148.91,6274116
2026-03-27 00:00:00,BANKBARODA,269.5,269.5,258.35,260.3,19957366
2026-03-27 00:00:00,CANBK,134.8,134.85,129.73,130.45,44250226
2026-03-27 00:00:00,FEDERALBNK,269.0,270.95,265.3,269.3,16383055
2026-03-27 00:00:00,HDFCBANK,773.2,774.9,754.55,756.2,65485199
2026-03-27 00:00:00,ICICIBANK,1256.0,1260.9,1230.1,1233.8,23630905
2026-03-27 00:00:00,IDFCFIRSTB,62.99,63.04,61.44,61.87,57163040
2026-03-27 00:00:00,INDUSINDBK,809.0,816.2,785.3,792.55,6211886
2026-03-27 00:00:00,KOTAKBANK,367.55,368.85,362.5,366.15,28928069
2026-03-27 00:00:00,PNB,109.12,109.12,104.6,105.13,35661197
2026-03-27 00:00:00,SBIN,1051.3,1055.3,1013.0,1019.5,20445349
2026-03-27 00:00:00,UNIONBANK,178.72,178.9,172.55,175.48,87447033
2026-03-27 00:00:00,YESBANK,18.47,18.47,17.96,18.12,234486177
2026-03-30 00:00:00,AUBANK,877.6,877.6,836.1,842.7,4276408
2026-03-30 00:00:00,AXISBANK,1185.1,1188.8,1153.9,1161.3,18534887
2026-03-30 00:00:00,BANDHANBNK,146.14,147.0,141.07,141.35,10885376
2026-03-30 00:00:00,BANKBARODA,254.6,256.0,246.6,247.6,15950618
2026-03-30 00:00:00,CANBK,127.91,128.42,123.0,123.45,34665726
2026-03-30 00:00:00,FEDERALBNK,268.0,268.0,257.15,259.4,10978564
2026-03-30 00:00:00,HDFCBANK,745.2,751.0,726.65,731.55,103500135
2026-03-30 00:00:00,ICICIBANK,1216.5,1222.6,1200.4,1205.9,23952775
2026-03-30 00:00:00,IDFCFIRSTB,60.92,61.2,58.67,58.85,57394663
2026-03-30 00:00:00,INDUSINDBK,781.0,784.0,750.5,752.45,7093604
2026-03-30 00:00:00,KOTAKBANK,361.0,362.95,351.65,353.4,39762775
2026-03-30 00:00:00,PNB,103.32,103.72,100.11,100.56,26268614
2026-03-30 00:00:00,SBIN,1005.0,1009.4,975.8,979.4,21438137
2026-03-30 00:00:00,UNIONBANK,172.0,173.29,163.08,164.2,26845178
2026-03-30 00:00:00,YESBANK,17.95,17.96,17.2,17.25,174192183
2026-04-01 00:00:00,AUBANK,859.65,884.8,859.65,874.9,2150156
2026-04-01 00:00:00,AXISBANK,1175.0,1208.0,1175.0,1193.1,6595695
2026-04-01 00:00:00,BANDHANBNK,144.55,149.4,144.43,147.67,6299255
2026-04-01 00:00:00,BANKBARODA,253.0,256.25,250.4,252.03,11199966
2026-04-01 00:00:00,CANBK,128.02,129.5,126.3,127.3,29217022
2026-04-01 00:00:00,FEDERALBNK,266.45,270.1,262.9,267.6,8296508
2026-04-01 00:00:00,HDFCBANK,743.0,755.9,739.1,742.25,78862761
2026-04-01 00:00:00,ICICIBANK,1228.1,1234.0,1210.0,1212.7,25472333
2026-04-01 00:00:00,IDFCFIRSTB,60.84,61.2,59.9,60.18,32422944
2026-04-01 00:00:00,INDUSINDBK,765.95,793.65,765.95,785.65,4336917
2026-04-01 00:00:00,KOTAKBANK,363.8,364.05,355.0,356.05,21245776
2026-04-01 00:00:00,PNB,104.55,105.75,103.23,104.0,19568656
2026-04-01 00:00:00,SBIN,1008.0,1031.0,998.45,1017.8,17424479
2026-04-01 00:00:00,UNIONBANK,171.0,173.1,167.33,171.64,15095865
2026-04-01 00:00:00,YESBANK,17.66,18.1,17.63,17.91,98191539
2026-04-02 00:00:00,AUBANK,858.0,871.65,831.65,868.25,2079992
2026-04-02 00:00:00,AXISBANK,1174.6,1202.3,1150.3,1197.9,9501543
2026-04-02 00:00:00,BANDHANBNK,145.58,147.79,140.7,146.34,11739287
2026-04-02 00:00:00,BANKBARODA,248.95,250.98,241.0,249.56,14887386
2026-04-02 00:00:00,CANBK,124.16,127.71,121.79,127.04,29741553
2026-04-02 00:00:00,FEDERALBNK,263.9,266.95,256.5,265.55,5537579
2026-04-02 00:00:00,HDFCBANK,730.0,755.0,726.65,750.9,49310300
2026-04-02 00:00:00,ICICIBANK,1196.0,1222.1,1187.6,1215.8,20851722
2026-04-02 00:00:00,IDFCFIRSTB,59.56,60.55,58.08,60.22,25908484
2026-04-02 00:00:00,INDUSINDBK,772.2,784.75,754.0,778.7,2481604
2026-04-02 00:00:00,KOTAKBANK,350.3,359.85,345.5,358.0,22056018
2026-04-02 00:00:00,PNB,102.0,104.97,99.79,104.48,23212183
2026-04-02 00:00:00,SBIN,1000.0,1026.0,977.9,1018.4,20777629
2026-04-02 00:00:00,UNIONBANK,168.5,172.8,164.2,171.99,14715599
2026-04-02 00:00:00,YESBANK,17.7,17.94,17.3,17.87,98125615
2026-04-06 00:00:00,AUBANK,880.95,886.4,856.35,883.55,1772253
2026-04-06 00:00:00,AXISBANK,1202.1,1249.8,1196.4,1245.3,7847086
2026-04-06 00:00:00,BANDHANBNK,148.0,153.23,144.03,152.58,15519780
2026-04-06 00:00:00,BANKBARODA,252.61,260.69,251.91,259.76,22152306
2026-04-06 00:00:00,CANBK,127.2,130.99,125.11,130.51,26453809
2026-04-06 00:00:00,FEDERALBNK,265.4,272.2,261.7,271.5,9297534
2026-04-06 00:00:00,HDFCBANK,759.0,772.75,745.0,771.0,42976659
2026-04-06 00:00:00,ICICIBANK,1213.0,1234.4,1200.5,1231.4,10058414
2026-04-06 00:00:00,IDFCFIRSTB,60.51,61.29,59.17,61.08,41063566
2026-04-06 00:00:00,INDUSINDBK,774.6,788.3,756.4,786.2,2512596
2026-04-06 00:00:00,KOTAKBANK,358.0,361.4,350.1,360.55,18320378
2026-04-06 00:00:00,PNB,105.0,106.76,102.28,106.5,21348893
2026-04-06 00:00:00,SBIN,1020.0,1035.7,1005.05,1032.75,23576634
2026-04-06 00:00:00,UNIONBANK,173.1,177.72,169.22,174.12,16641379
2026-04-06 00:00:00,YESBANK,17.93,18.19,17.68,18.15,111004079
2026-04-07 00:00:00,AUBANK,869.95,890.7,861.5,888.45,2320286
2026-04-07 00:00:00,AXISBANK,1237.8,1255.5,1221.0,1250.1,9248545
2026-04-07 00:00:00,BANDHANBNK,152.0,152.0,147.6,149.13,6091241
2026-04-07 00:00:00,BANKBARODA,257.99,259.0,254.82,258.1,9211553
2026-04-07 00:00:00,CANBK,129.8,130.74,128.4,129.51,16070269
2026-04-07 00:00:00,FEDERALBNK,270.0,276.9,266.45,275.15,8015264
2026-04-07 00:00:00,HDFCBANK,766.0,774.0,761.0,772.0,51309793
2026-04-07 00:00:00,ICICIBANK,1229.0,1250.4,1216.6,1245.5,25600557
2026-04-07 00:00:00,IDFCFIRSTB,61.0,61.5,60.21,61.19,21417493
2026-04-07 00:00:00,INDUSINDBK,778.0,787.8,770.3,784.8,1165539
2026-04-07 00:00:00,KOTAKBANK,357.0,364.0,357.0,362.95,23655155
2026-04-07 00:00:00,PNB,105.1,105.79,103.6,104.58,21560842
2026-04-07 00:00:00,SBIN,1025.0,1033.7,1012.0,1030.4,15021291
2026-04-07 00:00:00,UNIONBANK,172.8,172.98,167.8,171.88,15794978
2026-04-07 00:00:00,YESBANK,18.12,18.22,17.92,18.13,59342949
2026-04-08 00:00:00,AUBANK,920.0,972.0,918.45,967.8,4895295
2026-04-08 00:00:00,AXISBANK,1300.1,1335.6,1300.1,1333.0,13519723
2026-04-08 00:00:00,BANDHANBNK,155.2,166.12,155.2,164.75,26384852
2026-04-08 00:00:00,BANKBARODA,268.01,277.28,268.01,275.98,15760765
2026-04-08 00:00:00,CANBK,135.98,139.74,134.65,139.19,34185753
2026-04-08 00:00:00,FEDERALBNK,286.35,288.8,282.55,284.45,7811348
2026-04-08 00:00:00,HDFCBANK,800.0,817.8,796.0,816.1,70269512
2026-04-08 00:00:00,ICICIBANK,1310.0,1333.5,1292.4,1309.2,25148651
2026-04-08 00:00:00,IDFCFIRSTB,63.99,66.21,63.0,65.87,42736119
2026-04-08 00:00:00,INDUSINDBK,812.0,840.85,810.0,835.95,3572416
2026-04-08 00:00:00,KOTAKBANK,377.0,381.15,369.45,380.15,30162218
2026-04-08 00:00:00,PNB,109.0,111.4,108.55,111.14,28565242
2026-04-08 00:00:00,SBIN,1074.0,1077.8,1059.45,1061.45,28533742
2026-04-08 00:00:00,UNIONBANK,180.0,186.88,179.0,185.66,20660394
2026-04-08 00:00:00,YESBANK,18.88,19.1,18.68,19.04,117741157
2026-04-09 00:00:00,AUBANK,968.05,974.55,957.95,963.0,1608644
2026-04-09 00:00:00,AXISBANK,1322.3,1338.6,1312.8,1318.5,6542529
2026-04-09 00:00:00,BANDHANBNK,164.61,167.92,162.14,165.94,8691283
2026-04-09 00:00:00,BANKBARODA,275.99,280.63,272.31,274.24,14149060
2026-04-09 00:00:00,CANBK,138.51,140.55,137.06,137.91,22775497
2026-04-09 00:00:00,FEDERALBNK,284.1,286.0,281.6,283.3,4273025
2026-04-09 00:00:00,HDFCBANK,815.0,819.0,793.1,797.7,48879392
2026-04-09 00:00:00,ICICIBANK,1299.9,1308.0,1275.9,1281.3,22923062
2026-04-09 00:00:00,IDFCFIRSTB,65.86,66.25,64.95,65.28,19666295
2026-04-09 00:00:00,INDUSINDBK,831.85,834.9,812.0,814.55,2531440
2026-04-09 00:00:00,KOTAKBANK,377.0,378.7,369.45,371.9,12422256
2026-04-09 00:00:00,PNB,110.94,111.93,109.05,109.59,21361314
2026-04-09 00:00:00,SBIN,1060.1,1064.35,1038.3,1040.95,24772948
2026-04-09 00:00:00,UNIONBANK,185.97,188.9,183.66,184.69,13973627
2026-04-09 00:00:00,YESBANK,19.0,19.2,18.84,18.93,82910223
2026-04-10 00:00:00,AUBANK,963.0,986.25,963.0,981.8,1870250
2026-04-10 00:00:00,AXISBANK,1328.8,1358.6,1326.1,1350.8,6755589
2026-04-10 00:00:00,BANDHANBNK,165.94,169.86,165.89,168.07,6042821
2026-04-10 00:00:00,BANKBARODA,277.43,278.65,273.65,276.19,10543042
2026-04-10 00:00:00,CANBK,139.83,140.62,139.04,140.15,20916386
2026-04-10 00:00:00,FEDERALBNK,284.0,292.75,284.0,291.7,8640231
2026-04-10 00:00:00,HDFCBANK,804.0,812.25,801.0,810.3,38156026
2026-04-10 00:00:00,ICICIBANK,1289.0,1324.0,1288.5,1321.9,18174755
2026-04-10 00:00:00,IDFCFIRSTB,65.14,66.52,65.14,66.21,20096635
2026-04-10 00:00:00,INDUSINDBK,818.5,835.45,817.8,830.9,1509168
2026-04-10 00:00:00,KOTAKBANK,373.5,379.15,372.35,374.55,23751660
2026-04-10 00:00:00,PNB,110.28,112.3,110.28,111.8,17478112
2026-04-10 00:00:00,SBIN,1049.0,1069.45,1046.15,1066.7,17861336
2026-04-10 00:00:00,UNIONBANK,187.9,189.97,186.56,189.03,12959457
2026-04-10 00:00:00,YESBANK,19.0,19.2,19.0,19.08,82318770
2026-04-13 00:00:00,AUBANK,962.0,981.95,948.1,979.05,1376942
2026-04-13 00:00:00,AXISBANK,1318.0,1366.9,1315.3,1353.6,8974851
2026-04-13 00:00:00,BANDHANBNK,164.0,167.45,161.36,166.73,5562399
2026-04-13 00:00:00,BANKBARODA,269.97,276.36,266.7,275.72,12303610
2026-04-13 00:00:00,CANBK,135.0,139.34,134.6,138.77,20752320
2026-04-13 00:00:00,FEDERALBNK,284.7,290.35,283.5,288.2,7132285
2026-04-13 00:00:00,HDFCBANK,791.5,798.5,787.35,794.7,47549328
2026-04-13 00:00:00,ICICIBANK,1304.9,1357.0,1296.7,1351.1,30572141
2026-04-13 00:00:00,IDFCFIRSTB,64.49,65.15,63.24,64.86,19477821
2026-04-13 00:00:00,INDUSINDBK,807.1,822.2,800.7,818.9,1555260
2026-04-13 00:00:00,KOTAKBANK,367.95,373.0,365.6,371.9,30027087
2026-04-13 00:00:00,PNB,109.0,111.06,107.82,110.73,18313227
2026-04-13 00:00:00,SBIN,1042.0,1067.25,1030.0,1063.55,17763348
2026-04-13 00:00:00,UNIONBANK,181.5,185.27,178.81,184.68,18738060
2026-04-13 00:00:00,YESBANK,18.7,18.98,18.45,18.88,69070156
2026-04-15 00:00:00,AUBANK,994.0,1001.05,979.25,981.1,1594449
2026-04-15 00:00:00,AXISBANK,1367.0,1384.5,1349.0,1355.5,6789879
2026-04-15 00:00:00,BANDHANBNK,169.1,176.32,169.02,173.77,11535345
2026-04-15 00:00:00,BANKBARODA,279.78,283.0,276.96,279.07,13447615
2026-04-15 00:00:00,CANBK,141.7,143.67,140.55,141.71,24167224
2026-04-15 00:00:00,FEDERALBNK,294.6,294.9,286.0,286.85,7778158
2026-04-15 00:00:00,HDFCBANK,804.95,814.8,804.0,809.9,39769515
2026-04-15 00:00:00,ICICIBANK,1358.0,1364.8,1338.0,1348.1,23827473
2026-04-15 00:00:00,IDFCFIRSTB,66.02,67.24,66.02,66.91,18463399
2026-04-15 00:00:00,INDUSINDBK,832.0,850.0,828.15,840.1,3272348
2026-04-15 00:00:00,KOTAKBANK,375.5,383.0,375.5,382.4,19100372
2026-04-15 00:00:00,PNB,113.25,114.05,112.5,113.08,14100783
2026-04-15 00:00:00,SBIN,1076.0,1088.0,1068.2,1071.5,16195810
2026-04-15 00:00:00,UNIONBANK,189.0,191.46,185.76,188.71,12244209
2026-04-15 00:00:00,YESBANK,19.2,19.43,19.15,19.36,67248757
2026-04-16 00:00:00,AUBANK,996.8,996.8,976.25,983.95,2610962
2026-04-16 00:00:00,AXISBANK,1362.0,1364.5,1343.0,1349.6,5232398
2026-04-16 00:00:00,BANDHANBNK,175.3,177.09,172.42,174.18,9311571
2026-04-16 00:00:00,BANKBARODA,280.4,281.95,277.04,279.39,7908505
2026-04-16 00:00:00,CANBK,141.8,143.22,139.81,141.03,25681786
2026-04-16 00:00:00,FEDERALBNK,289.5,289.8,281.6,284.4,10948325
2026-04-16 00:00:00,HDFCBANK,818.0,820.05,792.2,795.45,62861293
2026-04-16 00:00:00,ICICIBANK,1352.0,1366.9,1340.2,1345.5,24017236
2026-04-16 00:00:00,IDFCFIRSTB,67.27,68.44,67.11,67.82,35142366
2026-04-16 00:00:00,INDUSINDBK,845.5,857.25,840.9,847.9,3785293
2026-04-16 00:00:00,KOTAKBANK,383.15,386.45,378.25,379.15,12060624
2026-04-16 00:00:00,PNB,114.0,114.8,113.0,113.56,18424149
2026-04-16 00:00:00,SBIN,1078.0,1084.15,1062.0,1067.15,20313165
2026-04-16 00:00:00,UNIONBANK,189.5,191.1,187.22,188.49,11737567
2026-04-16 00:00:00,YESBANK,19.54,20.12,19.37,19.95,161480178
2026-04-17 00:00:00,AUBANK,989.0,994.8,978.05,990.6,1186537
2026-04-17 00:00:00,AXISBANK,1353.0,1364.3,1344.1,1359.1,4062181
2026-04-17 00:00:00,BANDHANBNK,174.7,176.28,172.51,174.47,4242898
2026-04-17 00:00:00,BANKBARODA,279.0,282.39,276.43,280.44,6831951
2026-04-17 00:00:00,CANBK,141.05,142.8,139.88,142.37,13628290
2026-04-17 00:00:00,FEDERALBNK,284.95,294.2,282.85,293.75,9241911
2026-04-17 00:00:00,HDFCBANK,790.1,803.95,788.2,799.9,37282544
2026-04-17 00:00:00,ICICIBANK,1347.0,1352.9,1334.0,1346.8,18151993
2026-04-17 00:00:00,IDFCFIRSTB,67.8,68.8,67.3,68.53,16355291
2026-04-17 00:00:00,INDUSINDBK,849.0,857.45,838.55,853.9,1850548
2026-04-17 00:00:00,KOTAKBANK,379.3,385.2,376.65,383.6,11626179
2026-04-17 00:00:00,PNB,113.61,114.75,112.85,114.48,14471787
2026-04-17 00:00:00,SBIN,1067.0,1082.15,1060.0,1080.25,16823879
2026-04-17 00:00:00,UNIONBANK,188.49,189.4,186.35,188.91,8818513
2026-04-17 00:00:00,YESBANK,20.07,20.44,19.82,20.19,130228329
2026-04-20 00:00:00,AUBANK,993.0,1011.45,984.9,997.65,1614114
2026-04-20 00:00:00,AXISBANK,1359.5,1374.0,1348.0,1354.7,4878641
2026-04-20 00:00:00,BANDHANBNK,174.25,177.0,170.61,175.43,7549338
2026-04-20 00:00:00,BANKBARODA,280.5,286.25,277.63,281.01,12006723
2026-04-20 00:00:00,CANBK,142.8,144.49,141.31,142.74,21390225
2026-04-20 00:00:00,FEDERALBNK,293.5,298.0,292.3,294.35,11292785
2026-04-20 00:00:00,HDFCBANK,797.1,809.95,790.0,795.45,52148044
2026-04-20 00:00:00,ICICIBANK,1364.7,1376.4,1353.0,1356.2,21551520
2026-04-20 00:00:00,IDFCFIRSTB,68.62,68.68,67.29,67.5,15818282
2026-04-20 00:00:00,INDUSINDBK,853.9,856.0,839.5,851.95,2453075
2026-04-20 00:00:00,KOTAKBANK,384.1,386.0,378.0,379.2,11146713
2026-04-20 00:00:00,PNB,114.9,115.1,113.34,113.74,16688164
2026-04-20 00:00:00,SBIN,1080.3,1120.95,1075.85,1107.85,31179584
2026-04-20 00:00:00,UNIONBANK,189.0,193.2,186.21,189.29,14172531
2026-04-20 00:00:00,YESBANK,20.64,20.71,19.79,19.84,379799755
2026-04-21 00:00:00,AUBANK,997.65,1042.1,997.65,1037.9,4152949
2026-04-21 00:00:00,AXISBANK,1361.0,1380.3,1354.7,1377.7,5145338
2026-04-21 00:00:00,BANDHANBNK,175.29,178.33,174.51,176.13,4188454
2026-04-21 00:00:00,BANKBARODA,282.1,285.2,281.35,284.05,7814738
2026-04-21 00:00:00,CANBK,143.4,144.95,142.84,144.26,14365044
2026-04-21 00:00:00,FEDERALBNK,295.8,299.05,295.05,295.75,7746822
2026-04-21 00:00:00,HDFCBANK,795.2,814.9,795.2,811.75,49135752
2026-04-21 00:00:00,ICICIBANK,1368.0,1393.1,1360.0,1388.4,23312455
2026-04-21 00:00:00,IDFCFIRSTB,67.51,68.4,67.51,67.94,10588919
2026-04-21 00:00:00,INDUSINDBK,857.7,865.85,854.85,856.4,975223
2026-04-21 00:00:00,KOTAKBANK,381.45,383.15,378.35,382.15,12323488
2026-04-21 00:00:00,PNB,114.2,115.18,113.6,114.11,18163650
2026-04-21 00:00:00,SBIN,1113.4,1114.75,1105.95,1111.85,16963734
2026-04-21 00:00:00,UNIONBANK,190.52,192.98,189.75,191.38,13904723
2026-04-21 00:00:00,YESBANK,19.98,19.98,19.72,19.77,96821013
2026-04-22 00:00:00,AUBANK,1037.0,1054.4,1032.05,1043.2,2050971
2026-04-22 00:00:00,AXISBANK,1370.0,1391.0,1366.0,1379.6,3997911
2026-04-22 00:00:00,BANDHANBNK,175.0,177.12,171.58,176.52,8444289
2026-04-22 00:00:00,BANKBARODA,283.25,285.1,281.36,282.77,7482697
2026-04-22 00:00:00,CANBK,143.87,146.89,143.13,145.23,18626914
2026-04-22 00:00:00,FEDERALBNK,295.75,298.45,295.0,296.45,6443950
2026-04-22 00:00:00,HDFCBANK,810.0,813.05,798.0,799.9,23876412
2026-04-22 00:00:00,ICICIBANK,1380.0,1380.1,1365.0,1367.6,13613487
2026-04-22 00:00:00,IDFCFIRSTB,67.94,68.58,67.6,68.38,16016883
2026-04-22 00:00:00,INDUSINDBK,851.0,873.0,851.0,870.1,2253573
2026-04-22 00:00:00,KOTAKBANK,378.1,382.8,376.25,376.85,14471487
2026-04-22 00:00:00,PNB,113.9,115.6,113.35,114.67,18835055
2026-04-22 00:00:00,SBIN,1110.0,1117.85,1100.1,1103.3,12412659
2026-04-22 00:00:00,UNIONBANK,191.38,197.13,190.4,194.05,21651436
2026-04-22 00:00:00,YESBANK,19.77,20.12,19.67,19.99,100201392
2026-04-23 00:00:00,AUBANK,1039.05,1059.2,1035.3,1056.25,5696020
2026-04-23 00:00:00,AXISBANK,1369.0,1384.2,1365.4,1369.6,5671255
2026-04-23 00:00:00,BANDHANBNK,173.73,174.68,171.1,173.9,9829448
2026-04-23 00:00:00,BANKBARODA,281.0,281.49,274.05,276.34,8177124
2026-04-23 00:00:00,CANBK,144.5,144.58,140.21,140.87,22459475
2026-04-23 00:00:00,FEDERALBNK,294.95,296.65,293.55,295.4,3657050
2026-04-23 00:00:00,HDFCBANK,792.0,796.65,782.5,784.35,37677616
2026-04-23 00:00:00,ICICIBANK,1348.4,1354.0,1343.5,1348.0,20111792
2026-04-23 00:00:00,IDFCFIRSTB,67.5,68.45,67.46,67.83,19979812
2026-04-23 00:00:00,INDUSINDBK,861.7,869.7,854.15,860.35,1561128
2026-04-23 00:00:00,KOTAKBANK,370.05,375.95,367.65,370.4,27628052
2026-04-23 00:00:00,PNB,114.2,114.39,111.57,112.71,17507928
2026-04-23 00:00:00,SBIN,1095.0,1101.9,1082.2,1094.25,13669001
2026-04-23 00:00:00,UNIONBANK,194.89,194.89,177.3,179.71,65651090
2026-04-23 00:00:00,YESBANK,19.94,20.09,19.86,20.03,86860205
2026-04-24 00:00:00,AUBANK,1058.7,1079.55,1047.25,1065.65,4259236
2026-04-24 00:00:00,AXISBANK,1369.0,1375.0,1350.0,1365.9,3648313
2026-04-24 00:00:00,BANDHANBNK,173.81,175.08,168.8,174.67,10835824
2026-04-24 00:00:00,BANKBARODA,276.2,276.8,269.55,274.13,7797230
2026-04-24 00:00:00,CANBK,141.33,141.86,138.15,140.85,18904603
2026-04-24 00:00:00,FEDERALBNK,296.0,298.3,291.25,293.0,7243806
2026-04-24 00:00:00,HDFCBANK,777.3,787.6,777.0,784.85,27720358
2026-04-24 00:00:00,ICICIBANK,1336.3,1348.8,1324.0,1326.2,14056743
2026-04-24 00:00:00,IDFCFIRSTB,67.83,68.64,66.69,67.23,16910557
2026-04-24 00:00:00,INDUSINDBK,868.0,868.0,839.0,847.95,1453183
2026-04-24 00:00:00,KOTAKBANK,370.6,372.8,367.65,370.85,19678907
2026-04-24 00:00:00,PNB,112.71,113.45,111.6,113.09,11401908
2026-04-24 00:00:00,SBIN,1091.35,1106.0,1090.05,1101.1,13774745
2026-04-24 00:00:00,UNIONBANK,179.3,180.75,174.4,177.0,27300659
2026-04-24 00:00:00,YESBANK,20.03,20.15,19.77,19.84,67059790
2026-04-27 00:00:00,AUBANK,1057.0,1059.9,1028.0,1043.0,1933016
2026-04-27 00:00:00,AXISBANK,1325.0,1327.3,1299.9,1324.2,10768267
2026-04-27 00:00:00,BANDHANBNK,174.6,182.6,174.07,181.87,14244510
2026-04-27 00:00:00,BANKBARODA,275.19,277.2,272.7,273.99,6045069
2026-04-27 00:00:00,CANBK,141.19,142.42,139.81,140.52,13700038
2026-04-27 00:00:00,FEDERALBNK,294.7,297.65,292.8,294.05,3880432
2026-04-27 00:00:00,HDFCBANK,787.5,793.0,785.0,789.8,18115375
2026-04-27 00:00:00,ICICIBANK,1327.9,1335.9,1310.9,1314.1,15385625
2026-04-27 00:00:00,IDFCFIRSTB,67.86,70.49,67.85,70.27,49051353
2026-04-27 00:00:00,INDUSINDBK,865.2,903.5,865.2,900.15,11254307
2026-04-27 00:00:00,KOTAKBANK,375.0,380.45,373.25,376.8,11559552
2026-04-27 00:00:00,PNB,113.5,114.54,113.42,113.88,9479881
2026-04-27 00:00:00,SBIN,1110.95,1114.8,1103.4,1111.85,11624385
2026-04-27 00:00:00,UNIONBANK,177.2,178.8,175.36,176.1,17230436
2026-04-27 00:00:00,YESBANK,19.85,20.11,19.85,19.94,55466486
2026-04-28 00:00:00,AUBANK,1062.9,1062.9,1017.1,1022.8,5915671
2026-04-28 00:00:00,AXISBANK,1312.0,1321.4,1285.5,1289.0,9939787
2026-04-28 00:00:00,BANDHANBNK,179.66,183.09,177.7,178.65,8518404
2026-04-28 00:00:00,BANKBARODA,270.0,272.06,265.61,267.83,12427177
2026-04-28 00:00:00,CANBK,136.27,138.36,136.21,137.1,22276591
2026-04-28 00:00:00,FEDERALBNK,292.85,295.85,290.0,290.6,6666139
2026-04-28 00:00:00,HDFCBANK,785.0,794.5,778.3,782.55,35366803
2026-04-28 00:00:00,ICICIBANK,1314.3,1317.7,1286.7,1292.0,16774778
2026-04-28 00:00:00,IDFCFIRSTB,69.68,69.98,68.5,68.71,25640804
2026-04-28 00:00:00,INDUSINDBK,890.15,895.7,882.45,885.55,5748485
2026-04-28 00:00:00,KOTAKBANK,372.0,383.25,372.0,377.95,12852733
2026-04-28 00:00:00,PNB,112.5,113.0,111.21,111.39,20361676
2026-04-28 00:00:00,SBIN,1102.3,1110.5,1089.15,1091.3,10727835
2026-04-28 00:00:00,UNIONBANK,173.25,174.3,169.17,170.48,37573622
2026-04-28 00:00:00,YESBANK,19.9,20.04,19.88,19.97,70300767
2026-04-29 00:00:00,AUBANK,1030.5,1037.2,1013.5,1017.65,1345598
2026-04-29 00:00:00,AXISBANK,1295.0,1309.2,1279.0,1296.4,6228275
2026-04-29 00:00:00,BANDHANBNK,186.01,204.44,186.01,198.3,127812255
2026-04-29 00:00:00,BANKBARODA,269.2,271.81,267.4,268.25,5919525
2026-04-29 00:00:00,CANBK,137.36,139.5,136.22,137.06,18218577
2026-04-29 00:00:00,FEDERALBNK,296.0,301.7,282.55,284.75,21186876
2026-04-29 00:00:00,HDFCBANK,785.5,790.0,777.35,779.0,25799963
2026-04-29 00:00:00,ICICIBANK,1294.7,1296.8,1276.2,1281.0,11716030
2026-04-29 00:00:00,IDFCFIRSTB,69.02,71.15,68.55,70.15,35995299
2026-04-29 00:00:00,INDUSINDBK,891.0,925.0,891.0,913.75,3485256
2026-04-29 00:00:00,KOTAKBANK,378.0,386.05,377.55,382.0,7913344
2026-04-29 00:00:00,PNB,111.62,112.62,110.87,111.18,13295763
2026-04-29 00:00:00,SBIN,1094.0,1105.0,1084.25,1086.9,10611104
2026-04-29 00:00:00,UNIONBANK,170.46,172.23,164.28,167.31,23790547
2026-04-29 00:00:00,YESBANK,20.04,20.55,19.98,20.27,127592848
2026-04-30 00:00:00,AUBANK,1010.65,1025.95,998.0,1015.95,1815610
2026-04-30 00:00:00,AXISBANK,1288.0,1288.0,1257.3,1268.3,16481853
2026-04-30 00:00:00,BANDHANBNK,198.0,201.96,194.47,199.72,27193264
2026-04-30 00:00:00,BANKBARODA,265.9,266.22,260.0,263.46,12323040
2026-04-30 00:00:00,CANBK,136.71,136.71,133.46,134.65,20009501
2026-04-30 00:00:00,FEDERALBNK,284.7,287.95,280.0,286.95,13939720
2026-04-30 00:00:00,HDFCBANK,770.0,778.8,762.25,771.7,47998755
2026-04-30 00:00:00,ICICIBANK,1261.0,1272.2,1259.0,1263.4,17740110
2026-04-30 00:00:00,IDFCFIRSTB,69.7,70.0,68.93,69.64,24354003
2026-04-30 00:00:00,INDUSINDBK,906.0,920.0,895.25,916.05,3438569
2026-04-30 00:00:00,KOTAKBANK,376.6,386.85,375.3,383.3,24812228
2026-04-30 00:00:00,PNB,110.8,110.8,108.11,109.36,16391067
2026-04-30 00:00:00,SBIN,1075.0,1077.7,1063.0,1068.45,14269539
2026-04-30 00:00:00,UNIONBANK,165.0,166.75,162.61,165.94,17097157
2026-04-30 00:00:00,YESBANK,20.25,20.25,19.86,19.93,68337795
2026-05-04 00:00:00,AUBANK,1023.7,1035.2,1012.1,1015.0,1380886
2026-05-04 00:00:00,AXISBANK,1268.3,1294.4,1264.5,1275.1,9759479
2026-05-04 00:00:00,BANDHANBNK,202.7,212.66,201.3,206.76,40101677
2026-05-04 00:00:00,BANKBARODA,264.95,271.6,264.2,265.1,6230309
2026-05-04 00:00:00,CANBK,135.34,137.78,134.18,134.8,11387717
2026-05-04 00:00:00,FEDERALBNK,290.0,291.65,287.4,289.15,5494699
2026-05-04 00:00:00,HDFCBANK,772.6,786.6,772.6,779.4,29028060
2026-05-04 00:00:00,ICICIBANK,1264.3,1282.2,1264.3,1270.8,14597051
2026-05-04 00:00:00,IDFCFIRSTB,70.07,70.72,69.23,69.59,20416007
2026-05-04 00:00:00,INDUSINDBK,925.25,942.4,911.1,913.9,1973688
2026-05-04 00:00:00,KOTAKBANK,378.9,382.05,363.0,371.65,74467483
2026-05-04 00:00:00,PNB,109.5,111.68,108.13,108.68,16736881
2026-05-04 00:00:00,SBIN,1063.6,1089.1,1063.6,1068.4,11693211
2026-05-04 00:00:00,UNIONBANK,167.0,168.5,163.32,163.77,14524787
2026-05-04 00:00:00,YESBANK,19.99,20.25,19.87,19.96,64921421
2026-05-05 00:00:00,AUBANK,1015.0,1015.0,1002.1,1007.1,1582710
2026-05-05 00:00:00,AXISBANK,1268.0,1273.7,1252.0,1259.7,10163714
2026-05-05 00:00:00,BANDHANBNK,206.41,208.0,204.1,206.44,14086514
2026-05-05 00:00:00,BANKBARODA,265.4,265.8,261.55,263.4,6130906
2026-05-05 00:00:00,CANBK,134.98,135.33,133.13,134.31,11758309
2026-05-05 00:00:00,FEDERALBNK,289.35,295.0,286.6,292.6,5869785
2026-05-05 00:00:00,HDFCBANK,774.4,776.9,763.7,772.3,38887657
2026-05-05 00:00:00,ICICIBANK,1264.0,1266.7,1245.5,1251.3,24447935
2026-05-05 00:00:00,IDFCFIRSTB,69.51,69.59,68.36,68.75,15316962
2026-05-05 00:00:00,INDUSINDBK,911.1,918.1,903.0,910.7,2006111
2026-05-05 00:00:00,KOTAKBANK,371.0,375.5,368.75,371.35,19084772
2026-05-05 00:00:00,PNB,108.8,111.41,105.45,107.89,57260623
2026-05-05 00:00:00,SBIN,1060.6,1068.5,1049.4,1059.9,12194631
2026-05-05 00:00:00,UNIONBANK,163.5,164.4,161.44,163.74,12119775
2026-05-05 00:00:00,YESBANK,19.98,20.94,19.76,20.48,162940686
2026-05-06 00:00:00,AUBANK,1015.0,1028.4,1002.0,1024.0,2454365
2026-05-06 00:00:00,AXISBANK,1275.0,1301.0,1255.2,1294.2,7277673
2026-05-06 00:00:00,BANDHANBNK,209.0,210.63,205.12,208.88,14798405
2026-05-06 00:00:00,BANKBARODA,268.7,271.4,262.8,270.3,17657931
2026-05-06 00:00:00,CANBK,137.23,138.36,134.51,138.04,23655306
2026-05-06 00:00:00,FEDERALBNK,295.25,296.45,288.85,293.0,9998298
2026-05-06 00:00:00,HDFCBANK,775.15,798.95,773.5,796.55,35530831
2026-05-06 00:00:00,ICICIBANK,1262.0,1282.8,1252.1,1279.5,22909586
2026-05-06 00:00:00,IDFCFIRSTB,69.5,70.69,68.4,69.59,31381072
2026-05-06 00:00:00,INDUSINDBK,920.4,949.75,917.95,946.75,2901974
2026-05-06 00:00:00,KOTAKBANK,374.0,380.0,365.65,376.6,36195481
2026-05-06 00:00:00,PNB,110.41,111.74,107.89,110.18,44447197
2026-05-06 00:00:00,SBIN,1072.0,1101.1,1061.2,1096.0,14384779
2026-05-06 00:00:00,UNIONBANK,165.76,169.75,164.83,168.75,15731990
2026-05-06 00:00:00,YESBANK,20.89,22.2,20.81,22.13,388730945
2026-05-07 00:00:00,AUBANK,1024.9,1041.0,1019.3,1032.4,1658965
2026-05-07 00:00:00,AXISBANK,1299.0,1308.1,1281.2,1292.7,6785048
2026-05-07 00:00:00,BANDHANBNK,208.8,209.39,206.0,207.63,9483087
2026-05-07 00:00:00,BANKBARODA,271.25,271.9,267.1,270.35,10221403
2026-05-07 00:00:00,CANBK,138.8,138.9,135.54,135.93,25338776
2026-05-07 00:00:00,FEDERALBNK,294.5,297.75,290.0,297.05,6089681
2026-05-07 00:00:00,HDFCBANK,794.0,801.55,788.55,796.05,46137553
2026-05-07 00:00:00,ICICIBANK,1284.7,1294.0,1273.2,1279.0,25028552
2026-05-07 00:00:00,IDFCFIRSTB,69.91,71.0,69.15,70.39,24250509
2026-05-07 00:00:00,INDUSINDBK,948.25,951.65,934.1,946.95,2007411
2026-05-07 00:00:00,KOTAKBANK,376.1,382.45,374.3,379.4,27286751
2026-05-07 00:00:00,PNB,110.95,111.0,109.0,109.11,28046754
2026-05-07 00:00:00,SBIN,1106.0,1108.0,1086.1,1092.0,16105163
2026-05-07 00:00:00,UNIONBANK,169.68,169.9,166.12,167.28,11667483
2026-05-07 00:00:00,YESBANK,22.04,22.69,22.01,22.51,232834764
2026-05-08 00:00:00,AUBANK,1032.4,1052.3,1026.3,1050.4,2406953
2026-05-08 00:00:00,AXISBANK,1280.0,1282.0,1264.6,1268.3,6358595
2026-05-08 00:00:00,BANDHANBNK,207.44,207.95,203.68,206.11,10392299
2026-05-08 00:00:00,BANKBARODA,269.75,269.75,259.3,263.9,16922683
2026-05-08 00:00:00,CANBK,135.0,135.7,133.8,134.34,16998224
2026-05-08 00:00:00,FEDERALBNK,297.0,298.45,291.45,297.25,6129346
2026-05-08 00:00:00,HDFCBANK,784.0,788.75,777.2,780.85,38016841
2026-05-08 00:00:00,ICICIBANK,1279.6,1279.6,1261.2,1264.8,11137424
2026-05-08 00:00:00,IDFCFIRSTB,70.39,71.45,69.91,71.27,21083557
2026-05-08 00:00:00,INDUSINDBK,946.0,957.9,940.5,950.75,1604266
2026-05-08 00:00:00,KOTAKBANK,379.0,381.5,374.0,380.8,16183126
2026-05-08 00:00:00,PNB,108.9,108.9,106.62,107.24,26751702
2026-05-08 00:00:00,SBIN,1090.0,1095.0,1010.9,1019.3,48065909
2026-05-08 00:00:00,UNIONBANK,166.5,167.28,164.5,166.24,15053176
2026-05-08 00:00:00,YESBANK,22.47,23.05,22.04,22.94,202807789
2026-05-11 00:00:00,AUBANK,1045.0,1045.0,1017.6,1021.4,1184343
2026-05-11 00:00:00,AXISBANK,1258.7,1283.0,1251.7,1272.3,7341360
2026-05-11 00:00:00,BANDHANBNK,203.52,204.9,199.91,201.23,11407011
2026-05-11 00:00:00,BANKBARODA,265.9,269.7,262.35,266.0,26039714
2026-05-11 00:00:00,CANBK,133.02,139.4,128.58,129.43,71593041
2026-05-11 00:00:00,FEDERALBNK,295.0,297.4,291.15,292.45,11135956
2026-05-11 00:00:00,HDFCBANK,771.95,774.85,761.9,763.65,41123422
2026-05-11 00:00:00,ICICIBANK,1259.4,1275.7,1252.0,1266.4,18980488
2026-05-11 00:00:00,IDFCFIRSTB,70.65,70.78,69.1,69.22,17821878
2026-05-11 00:00:00,INDUSINDBK,939.0,940.9,918.1,922.3,1584134
2026-05-11 00:00:00,KOTAKBANK,376.1,386.0,374.4,381.05,21347878
2026-05-11 00:00:00,PNB,106.2,106.45,104.33,104.62,21447783
2026-05-11 00:00:00,SBIN,1007.0,1007.0,971.1,973.6,46927396
2026-05-11 00:00:00,UNIONBANK,165.0,166.2,163.23,163.81,9090770
2026-05-11 00:00:00,YESBANK,22.61,23.18,22.47,22.7,191211937
2026-05-12 00:00:00,AUBANK,1020.6,1022.4,997.3,999.6,1173051
2026-05-12 00:00:00,AXISBANK,1270.4,1274.0,1256.9,1260.1,5727828
2026-05-12 00:00:00,BANDHANBNK,200.0,203.8,195.46,196.07,11160160
2026-05-12 00:00:00,BANKBARODA,263.95,267.45,259.15,259.95,9935242
2026-05-12 00:00:00,CANBK,127.66,132.35,127.43,130.01,29525188
2026-05-12 00:00:00,FEDERALBNK,291.55,293.65,283.8,284.8,8461329
2026-05-12 00:00:00,HDFCBANK,756.6,759.7,747.8,750.45,43937132
2026-05-12 00:00:00,ICICIBANK,1256.0,1259.9,1236.3,1240.3,21110708
2026-05-12 00:00:00,IDFCFIRSTB,69.01,69.27,67.53,67.68,16597687
2026-05-12 00:00:00,INDUSINDBK,920.0,922.3,890.1,892.85,1374763
2026-05-12 00:00:00,KOTAKBANK,380.2,381.05,374.55,376.0,13065308
2026-05-12 00:00:00,PNB,104.0,104.97,102.55,102.78,14949440
2026-05-12 00:00:00,SBIN,976.9,981.4,962.4,974.6,25787092
2026-05-12 00:00:00,UNIONBANK,162.0,164.95,161.39,162.19,11408910
2026-05-12 00:00:00,YESBANK,22.67,22.93,21.98,22.06,161320225
2026-05-13 00:00:00,AUBANK,996.1,1010.6,988.7,994.8,1163023
2026-05-13 00:00:00,AXISBANK,1256.1,1275.3,1247.5,1255.7,6045406
2026-05-13 00:00:00,BANDHANBNK,196.09,200.73,194.5,194.88,11577289
2026-05-13 00:00:00,BANKBARODA,260.7,264.3,258.1,261.65,14028629
2026-05-13 00:00:00,CANBK,130.46,131.2,127.9,129.26,21722400
2026-05-13 00:00:00,FEDERALBNK,285.9,285.9,277.1,280.05,15147738
2026-05-13 00:00:00,HDFCBANK,752.0,759.95,747.35,749.6,28960919
2026-05-13 00:00:00,ICICIBANK,1238.3,1249.2,1227.2,1235.6,19490295
2026-05-13 00:00:00,IDFCFIRSTB,67.5,69.49,67.5,68.3,16610311
2026-05-13 00:00:00,INDUSINDBK,891.0,906.8,890.3,892.5,1428120
2026-05-13 00:00:00,KOTAKBANK,377.9,384.0,376.85,377.65,16267456
2026-05-13 00:00:00,PNB,102.99,103.89,101.35,102.77,23167254
2026-05-13 00:00:00,SBIN,978.0,981.2,961.2,970.1,17584580
2026-05-13 00:00:00,UNIONBANK,162.35,163.81,159.76,162.46,11841874
2026-05-13 00:00:00,YESBANK,22.05,22.55,21.92,22.11,112430701
2026-05-14 00:00:00,AUBANK,1000.9,1007.5,990.6,1004.7,1286654
2026-05-14 00:00:00,AXISBANK,1256.6,1269.0,1235.8,1254.6,5822618
2026-05-14 00:00:00,BANDHANBNK,196.0,200.85,194.59,199.04,8185930
2026-05-14 00:00:00,BANKBARODA,263.8,270.1,262.65,267.8,11352510
2026-05-14 00:00:00,CANBK,129.9,132.95,127.23,130.84,27954529
2026-05-14 00:00:00,FEDERALBNK,282.0,282.85,277.55,280.25,8574291
2026-05-14 00:00:00,HDFCBANK,751.0,778.3,747.0,769.55,50992358
2026-05-14 00:00:00,ICICIBANK,1239.1,1256.7,1236.0,1246.0,16535600
2026-05-14 00:00:00,IDFCFIRSTB,68.52,68.95,67.25,68.54,34531922
2026-05-14 00:00:00,INDUSINDBK,895.0,914.5,886.2,907.9,1862991
2026-05-14 00:00:00,KOTAKBANK,378.0,385.0,375.6,383.2,10652514
2026-05-14 00:00:00,PNB,103.3,104.98,102.3,104.62,16123300
2026-05-14 00:00:00,SBIN,973.5,987.0,963.6,979.9,16487142
2026-05-14 00:00:00,UNIONBANK,163.24,166.9,161.33,164.9,12820014
2026-05-14 00:00:00,YESBANK,22.31,22.45,21.88,22.19,96816399
2026-05-15 00:00:00,AUBANK,1009.9,1009.9,976.2,990.5,1708416
2026-05-15 00:00:00,AXISBANK,1259.6,1263.4,1242.0,1244.8,4805485
2026-05-15 00:00:00,BANDHANBNK,199.04,200.19,194.01,194.46,4906699
2026-05-15 00:00:00,BANKBARODA,268.0,270.25,260.75,261.4,10676841
2026-05-15 00:00:00,CANBK,131.38,131.38,127.8,128.07,38366481
2026-05-15 00:00:00,FEDERALBNK,281.95,284.7,278.3,281.3,6034270
2026-05-15 00:00:00,HDFCBANK,773.0,781.9,765.4,767.5,24347873
2026-05-15 00:00:00,ICICIBANK,1246.6,1258.0,1242.0,1244.5,11745614
2026-05-15 00:00:00,IDFCFIRSTB,68.25,68.54,66.61,67.65,30331682
2026-05-15 00:00:00,INDUSINDBK,910.0,910.0,881.95,886.4,1437283
2026-05-15 00:00:00,KOTAKBANK,383.2,393.3,380.5,387.05,19461437
2026-05-15 00:00:00,PNB,104.62,104.85,101.78,102.05,22149004
2026-05-15 00:00:00,SBIN,971.2,972.5,957.0,963.2,26972493
2026-05-15 00:00:00,UNIONBANK,165.2,165.44,161.5,161.94,9269427
2026-05-15 00:00:00,YESBANK,22.28,22.44,21.98,22.07,107821837
2026-05-18 00:00:00,AUBANK,984.1,984.3,968.9,979.0,1099094
2026-05-18 00:00:00,AXISBANK,1239.0,1242.0,1222.1,1237.9,6052023
2026-05-18 00:00:00,BANDHANBNK,192.0,192.49,186.55,190.34,7391229
2026-05-18 00:00:00,BANKBARODA,260.0,260.85,255.3,260.05,7299311
2026-05-18 00:00:00,CANBK,127.0,127.0,124.0,124.9,22211890
2026-05-18 00:00:00,FEDERALBNK,280.75,285.65,277.55,283.95,7212332
2026-05-18 00:00:00,HDFCBANK,759.0,774.1,751.35,768.65,29812079
2026-05-18 00:00:00,ICICIBANK,1235.5,1253.7,1232.0,1251.1,13918850
2026-05-18 00:00:00,IDFCFIRSTB,67.3,67.84,66.16,67.59,20705466
2026-05-18 00:00:00,INDUSINDBK,885.75,895.9,870.2,892.15,1421988
2026-05-18 00:00:00,KOTAKBANK,382.0,393.0,380.3,391.8,14575831
2026-05-18 00:00:00,PNB,101.0,101.0,98.5,99.49,62402244
2026-05-18 00:00:00,SBIN,952.0,954.9,933.9,939.4,16554877
2026-05-18 00:00:00,UNIONBANK,160.2,160.5,157.02,158.89,10337755
2026-05-18 00:00:00,YESBANK,21.95,21.95,21.32,21.81,98238752
2026-05-19 00:00:00,AUBANK,980.0,982.9,968.6,971.9,1093206
2026-05-19 00:00:00,AXISBANK,1238.5,1249.8,1231.3,1238.3,9200314
2026-05-19 00:00:00,BANDHANBNK,191.0,192.51,189.0,191.21,4802152
2026-05-19 00:00:00,BANKBARODA,260.2,262.4,259.7,260.6,7957982
2026-05-19 00:00:00,CANBK,125.09,126.76,125.09,126.15,18723002
2026-05-19 00:00:00,FEDERALBNK,284.8,287.8,283.75,286.6,6905213
2026-05-19 00:00:00,HDFCBANK,766.7,770.8,760.25,762.45,40307830
2026-05-19 00:00:00,ICICIBANK,1251.1,1256.3,1229.8,1240.8,38929053
2026-05-19 00:00:00,IDFCFIRSTB,67.88,68.59,67.65,67.81,12861176
2026-05-19 00:00:00,INDUSINDBK,898.5,904.1,888.8,895.25,1303728
2026-05-19 00:00:00,KOTAKBANK,388.5,391.8,380.25,381.95,22567886
2026-05-19 00:00:00,PNB,100.19,101.69,100.02,101.3,15626791
2026-05-19 00:00:00,SBIN,942.0,956.6,939.5,948.8,17280869
2026-05-19 00:00:00,UNIONBANK,160.0,160.51,158.22,158.96,6233854
2026-05-19 00:00:00,YESBANK,21.84,22.13,21.72,21.97,68781455
2026-05-20 00:00:00,AUBANK,966.9,978.9,948.0,974.0,1712145
2026-05-20 00:00:00,AXISBANK,1234.0,1254.1,1226.6,1249.8,3562641
2026-05-20 00:00:00,BANDHANBNK,189.5,192.98,187.7,192.15,6147752
2026-05-20 00:00:00,BANKBARODA,258.45,264.3,256.65,263.55,13610643
2026-05-20 00:00:00,CANBK,125.0,128.0,123.67,127.66,21282627
2026-05-20 00:00:00,FEDERALBNK,285.85,290.55,283.1,289.9,6657728
2026-05-20 00:00:00,HDFCBANK,759.6,762.25,755.15,759.5,24013451
2026-05-20 00:00:00,ICICIBANK,1230.0,1239.7,1223.3,1237.3,14953103
2026-05-20 00:00:00,IDFCFIRSTB,67.14,68.4,66.72,68.21,16727023
2026-05-20 00:00:00,INDUSINDBK,885.55,900.8,881.15,897.15,2947978
2026-05-20 00:00:00,KOTAKBANK,376.3,384.05,376.3,383.2,12342444
2026-05-20 00:00:00,PNB,100.39,102.45,99.67,102.22,20380676
2026-05-20 00:00:00,SBIN,941.1,955.0,935.0,950.9,11928460
2026-05-20 00:00:00,UNIONBANK,157.6,159.69,156.21,159.0,8594444
2026-05-20 00:00:00,YESBANK,21.8,22.05,21.6,22.0,62736095
2026-05-21 00:00:00,AUBANK,982.0,984.8,953.4,958.7,1349805
2026-05-21 00:00:00,AXISBANK,1256.9,1262.7,1244.8,1253.3,5171528
2026-05-21 00:00:00,BANDHANBNK,193.01,194.3,190.5,191.08,7549122
2026-05-21 00:00:00,BANKBARODA,265.95,267.4,262.5,263.1,8207070
2026-05-21 00:00:00,CANBK,129.0,129.57,127.3,127.97,18615692
2026-05-21 00:00:00,FEDERALBNK,290.5,292.5,283.05,283.75,6916472
2026-05-21 00:00:00,HDFCBANK,767.0,768.25,755.15,759.15,34664725
2026-05-21 00:00:00,ICICIBANK,1245.3,1248.3,1234.4,1242.8,14394386
2026-05-21 00:00:00,IDFCFIRSTB,68.76,68.98,67.72,68.3,12011357
2026-05-21 00:00:00,INDUSINDBK,905.5,913.9,892.3,899.95,2144884
2026-05-21 00:00:00,KOTAKBANK,384.7,386.45,377.9,380.85,10133840
2026-05-21 00:00:00,PNB,103.22,103.45,101.66,101.92,21569101
2026-05-21 00:00:00,SBIN,957.0,960.9,946.5,950.9,11756520
2026-05-21 00:00:00,UNIONBANK,161.6,162.14,159.7,160.12,8330372
2026-05-21 00:00:00,YESBANK,22.17,22.34,20.93,21.57,130253122
2026-05-22 00:00:00,AUBANK,964.4,982.0,961.4,977.9,1557252
2026-05-22 00:00:00,AXISBANK,1254.1,1288.8,1254.1,1285.4,5016900
2026-05-22 00:00:00,BANDHANBNK,191.08,196.87,190.42,194.61,11298203
2026-05-22 00:00:00,BANKBARODA,263.45,266.95,262.75,265.4,18828819
2026-05-22 00:00:00,CANBK,127.99,128.78,127.66,128.23,18634807
2026-05-22 00:00:00,FEDERALBNK,284.15,288.4,283.2,287.2,6756952
2026-05-22 00:00:00,HDFCBANK,759.15,775.0,759.15,766.8,25604071
2026-05-22 00:00:00,ICICIBANK,1242.0,1270.8,1242.0,1264.3,11601085
2026-05-22 00:00:00,IDFCFIRSTB,68.39,69.1,68.1,68.88,12717449
2026-05-22 00:00:00,INDUSINDBK,903.0,914.5,902.7,910.15,1165558
2026-05-22 00:00:00,KOTAKBANK,381.0,386.3,381.0,384.15,10348359
2026-05-22 00:00:00,PNB,102.27,102.9,101.95,102.66,13695251
2026-05-22 00:00:00,SBIN,950.9,958.6,947.7,949.2,7807192
2026-05-22 00:00:00,UNIONBANK,160.0,161.61,159.43,160.72,8563944
2026-05-22 00:00:00,YESBANK,21.6,21.97,21.42,21.87,87040517
2026-05-25 00:00:00,AUBANK,987.0,1007.5,986.1,999.3,1494101
2026-05-25 00:00:00,AXISBANK,1300.4,1314.5,1293.9,1311.2,5671455
2026-05-25 00:00:00,BANDHANBNK,196.51,199.58,195.2,196.97,11447061
2026-05-25 00:00:00,BANKBARODA,268.0,273.0,267.3,272.25,11731542
2026-05-25 00:00:00,CANBK,130.8,134.2,130.0,133.7,27988813
2026-05-25 00:00:00,FEDERALBNK,289.0,292.5,286.8,289.25,9346757
2026-05-25 00:00:00,HDFCBANK,776.0,787.85,775.2,786.85,26043952
2026-05-25 00:00:00,ICICIBANK,1271.0,1293.5,1270.9,1291.8,13853923
2026-05-25 00:00:00,IDFCFIRSTB,69.6,69.95,69.04,69.46,26724761
2026-05-25 00:00:00,INDUSINDBK,920.15,933.5,920.15,926.1,1193834
2026-05-25 00:00:00,KOTAKBANK,388.3,395.15,387.25,392.85,15571552
2026-05-25 00:00:00,PNB,103.6,106.5,103.5,106.26,23250421
2026-05-25 00:00:00,SBIN,959.9,972.5,957.5,969.6,10934747
2026-05-25 00:00:00,UNIONBANK,162.0,169.46,161.91,168.87,19110578
2026-05-25 00:00:00,YESBANK,22.14,22.4,22.01,22.29,69502731
2026-05-26 00:00:00,AUBANK,1001.0,1018.5,997.8,1011.8,2701128
2026-05-26 00:00:00,AXISBANK,1309.8,1317.0,1291.5,1299.3,6455265
2026-05-26 00:00:00,BANDHANBNK,197.0,203.69,197.0,200.4,18270681
2026-05-26 00:00:00,BANKBARODA,272.9,274.2,269.8,270.55,10164821
2026-05-26 00:00:00,CANBK,134.32,135.5,132.58,133.15,23285321
2026-05-26 00:00:00,FEDERALBNK,292.0,293.35,288.65,290.2,10983670
2026-05-26 00:00:00,HDFCBANK,784.05,790.85,776.75,778.9,31528062
2026-05-26 00:00:00,ICICIBANK,1290.0,1301.8,1276.2,1279.1,18400405
2026-05-26 00:00:00,IDFCFIRSTB,69.25,70.33,69.24,70.22,19387715
2026-05-26 00:00:00,INDUSINDBK,926.2,935.0,921.0,932.3,2323571
2026-05-26 00:00:00,KOTAKBANK,392.85,394.95,387.0,388.65,15059212
2026-05-26 00:00:00,PNB,106.13,107.2,105.44,105.91,26298361
2026-05-26 00:00:00,SBIN,969.9,978.8,962.1,968.5,16269800
2026-05-26 00:00:00,UNIONBANK,170.96,170.96,166.24,167.56,16199061
2026-05-26 00:00:00,YESBANK,22.35,22.9,22.2,22.83,122217274
2026-05-27 00:00:00,AUBANK,1011.7,1025.0,1002.2,1005.0,846441
2026-05-27 00:00:00,AXISBANK,1296.3,1314.5,1293.1,1304.1,7243174
2026-05-27 00:00:00,BANDHANBNK,200.51,208.26,200.51,205.83,12630859
2026-05-27 00:00:00,BANKBARODA,270.55,274.25,269.8,270.95,10007296
2026-05-27 00:00:00,CANBK,133.48,135.3,133.1,134.16,26115218
2026-05-27 00:00:00,FEDERALBNK,289.5,293.0,287.85,288.9,3869975
2026-05-27 00:00:00,HDFCBANK,769.5,773.9,756.9,758.65,63680153
2026-05-27 00:00:00,ICICIBANK,1286.0,1293.4,1266.7,1272.7,18366272
2026-05-27 00:00:00,IDFCFIRSTB,70.22,72.35,70.1,71.48,16565002
2026-05-27 00:00:00,INDUSINDBK,930.5,939.8,928.0,932.3,1088920
2026-05-27 00:00:00,KOTAKBANK,388.55,390.5,386.7,388.7,9326451
2026-05-27 00:00:00,PNB,105.9,107.04,105.58,106.67,11620905
2026-05-27 00:00:00,SBIN,969.8,975.9,966.6,967.8,8111259
2026-05-27 00:00:00,UNIONBANK,167.56,169.4,167.07,168.72,7569728
2026-05-27 00:00:00,YESBANK,22.82,22.97,22.72,22.76,83642012
2026-05-29 00:00:00,AUBANK,1005.0,1013.3,971.1,984.7,5062185
2026-05-29 00:00:00,AXISBANK,1296.1,1312.6,1277.4,1286.6,15215715
2026-05-29 00:00:00,BANDHANBNK,205.93,212.48,205.93,208.3,17292707
2026-05-29 00:00:00,BANKBARODA,272.55,274.0,267.15,268.5,17624514
2026-05-29 00:00:00,CANBK,134.96,135.15,130.15,130.8,57212379
2026-05-29 00:00:00,FEDERALBNK,292.0,293.9,283.6,288.95,239376091
2026-05-29 00:00:00,HDFCBANK,746.05,760.5,737.75,744.55,101299431
2026-05-29 00:00:00,ICICIBANK,1275.1,1287.8,1247.9,1256.4,31007884
2026-05-29 00:00:00,IDFCFIRSTB,71.81,73.08,70.51,71.32,116119106
2026-05-29 00:00:00,INDUSINDBK,930.6,940.2,910.35,914.35,3160610
2026-05-29 00:00:00,KOTAKBANK,388.85,392.55,381.25,384.2,40109830
2026-05-29 00:00:00,PNB,106.75,108.47,105.57,106.05,32063993
2026-05-29 00:00:00,SBIN,967.8,973.7,960.3,964.4,22292535
2026-05-29 00:00:00,UNIONBANK,169.0,171.79,166.6,167.88,48286734
2026-05-29 00:00:00,YESBANK,22.8,23.55,22.8,23.15,313761828
2026-06-01 00:00:00,AUBANK,989.4,997.8,964.75,969.15,1546836
2026-06-01 00:00:00,AXISBANK,1289.0,1293.2,1267.0,1275.9,4311076
2026-06-01 00:00:00,BANDHANBNK,210.0,211.41,205.45,207.14,9048068
2026-06-01 00:00:00,BANKBARODA,270.4,271.75,263.2,264.35,12975542
2026-06-01 00:00:00,CANBK,131.45,132.22,127.5,127.96,27235875
2026-06-01 00:00:00,FEDERALBNK,290.0,292.4,285.5,288.2,6701913
2026-06-01 00:00:00,HDFCBANK,749.0,752.35,739.2,742.7,47996441
2026-06-01 00:00:00,ICICIBANK,1257.1,1261.9,1235.9,1239.7,9911975
2026-06-01 00:00:00,IDFCFIRSTB,71.3,71.81,70.51,71.25,14291113
2026-06-01 00:00:00,INDUSINDBK,917.75,925.9,896.8,901.15,1597794
2026-06-01 00:00:00,KOTAKBANK,384.15,387.0,375.65,377.4,12335552
2026-06-01 00:00:00,PNB,106.5,107.13,103.52,103.78,19255610
2026-06-01 00:00:00,SBIN,966.25,970.25,950.1,954.1,11118975
2026-06-01 00:00:00,UNIONBANK,168.0,168.79,161.95,162.54,11662148
2026-06-01 00:00:00,YESBANK,23.28,23.77,22.92,23.01,141975429
2026-06-02 00:00:00,AUBANK,964.75,985.9,951.25,976.45,800639
2026-06-02 00:00:00,AXISBANK,1263.0,1275.8,1244.9,1251.1,11884695
2026-06-02 00:00:00,BANDHANBNK,205.09,208.95,203.5,206.33,7625242
2026-06-02 00:00:00,BANKBARODA,263.5,266.35,261.0,265.8,12303559
2026-06-02 00:00:00,CANBK,127.0,129.5,125.5,129.08,39618370
2026-06-02 00:00:00,FEDERALBNK,286.5,293.8,284.85,293.05,5900487
2026-06-02 00:00:00,HDFCBANK,737.0,753.6,733.15,748.25,47314447
2026-06-02 00:00:00,ICICIBANK,1233.0,1237.7,1220.7,1226.6,17920892
2026-06-02 00:00:00,IDFCFIRSTB,70.7,71.73,69.53,71.59,37493683
2026-06-02 00:00:00,INDUSINDBK,893.3,915.8,890.45,912.5,1756559
2026-06-02 00:00:00,KOTAKBANK,373.0,381.55,372.2,379.05,14834956
2026-06-02 00:00:00,PNB,103.15,104.53,102.67,104.09,17365945
2026-06-02 00:00:00,SBIN,950.95,961.3,939.9,956.65,15911760
2026-06-02 00:00:00,UNIONBANK,161.05,163.9,160.1,162.68,18233176
2026-06-02 00:00:00,YESBANK,22.92,23.02,22.47,22.83,165063885
2026-06-03 00:00:00,AUBANK,975.4,975.95,941.4,970.6,2372021
2026-06-03 00:00:00,AXISBANK,1245.1,1264.8,1230.3,1255.2,7953326
2026-06-03 00:00:00,BANDHANBNK,208.0,209.44,201.0,207.62,11101299
2026-06-03 00:00:00,BANKBARODA,263.9,269.9,260.8,268.85,17903043
2026-06-03 00:00:00,CANBK,129.15,132.25,127.24,131.85,38359464
2026-06-03 00:00:00,FEDERALBNK,293.95,302.85,290.3,301.05,15946881
2026-06-03 00:00:00,HDFCBANK,744.45,756.9,742.6,753.65,36109480
2026-06-03 00:00:00,ICICIBANK,1219.9,1248.3,1213.7,1242.0,13934754
2026-06-03 00:00:00,IDFCFIRSTB,71.35,72.07,69.76,71.78,23974665
2026-06-03 00:00:00,INDUSINDBK,907.1,907.9,884.05,899.95,2302274
2026-06-03 00:00:00,KOTAKBANK,377.6,383.45,375.1,381.0,14844206
2026-06-03 00:00:00,PNB,104.01,106.11,102.9,105.8,15562385
2026-06-03 00:00:00,SBIN,953.75,974.0,937.2,970.45,27947005
2026-06-03 00:00:00,UNIONBANK,164.01,167.5,160.55,166.7,10405094
2026-06-03 00:00:00,YESBANK,22.81,23.03,22.2,22.93,111470651
2026-06-04 00:00:00,AUBANK,967.85,968.25,954.0,962.05,1509167
2026-06-04 00:00:00,AXISBANK,1246.0,1259.9,1244.1,1253.3,6392593
2026-06-04 00:00:00,BANDHANBNK,207.0,207.05,203.82,205.44,4284782
2026-06-04 00:00:00,BANKBARODA,267.5,272.2,266.35,271.3,16143314
2026-06-04 00:00:00,CANBK,131.0,133.45,129.73,133.12,24944436
2026-06-04 00:00:00,FEDERALBNK,301.25,303.8,295.65,300.1,11947303
2026-06-04 00:00:00,HDFCBANK,749.15,757.3,745.0,754.2,42673538
2026-06-04 00:00:00,ICICIBANK,1232.2,1262.3,1232.2,1251.7,19461560
2026-06-04 00:00:00,IDFCFIRSTB,71.21,72.77,71.0,72.16,19743553
2026-06-04 00:00:00,INDUSINDBK,903.7,907.1,895.5,903.2,1798199
2026-06-04 00:00:00,KOTAKBANK,378.5,384.0,377.9,381.5,13889236
2026-06-04 00:00:00,PNB,105.0,106.27,104.17,105.67,12866999
2026-06-04 00:00:00,SBIN,969.9,985.8,961.1,979.25,18875883
2026-06-04 00:00:00,UNIONBANK,166.45,167.5,165.15,166.54,6247512
2026-06-04 00:00:00,YESBANK,22.7,23.02,22.67,22.77,77191326
2026-06-05 00:00:00,AUBANK,962.45,982.0,960.9,969.4,1989735
2026-06-05 00:00:00,AXISBANK,1260.0,1276.0,1252.1,1272.3,7825303
2026-06-05 00:00:00,BANDHANBNK,205.55,208.95,203.36,205.87,6152884
2026-06-05 00:00:00,BANKBARODA,264.95,269.4,262.8,263.7,23279313
2026-06-05 00:00:00,CANBK,133.2,136.4,133.04,135.81,47139920
2026-06-05 00:00:00,FEDERALBNK,300.5,305.4,295.75,304.15,9322801
2026-06-05 00:00:00,HDFCBANK,753.95,758.7,744.65,747.05,22116568
2026-06-05 00:00:00,ICICIBANK,1257.0,1265.0,1250.0,1262.1,10166393
2026-06-05 00:00:00,IDFCFIRSTB,72.16,72.9,71.82,72.35,28670926
2026-06-05 00:00:00,INDUSINDBK,899.0,925.8,896.1,904.8,1890312
2026-06-05 00:00:00,KOTAKBANK,381.5,383.7,374.65,377.45,10129597
2026-06-05 00:00:00,PNB,106.2,108.8,106.02,106.85,24442790
2026-06-05 00:00:00,SBIN,980.0,992.6,970.6,977.7,20955539
2026-06-05 00:00:00,UNIONBANK,167.6,169.59,165.84,167.0,12927945
2026-06-05 00:00:00,YESBANK,22.82,23.4,22.72,23.3,148106091
2026-06-08 00:00:00,AUBANK,953.0,968.1,951.45,958.9,1397471
2026-06-08 00:00:00,AXISBANK,1262.0,1279.2,1262.0,1268.1,5034388
2026-06-08 00:00:00,BANDHANBNK,203.0,205.84,201.74,202.91,3917135
2026-06-08 00:00:00,BANKBARODA,260.85,266.5,258.0,259.25,11172071
2026-06-08 00:00:00,CANBK,134.83,136.5,131.4,131.91,29260366
2026-06-08 00:00:00,FEDERALBNK,302.5,310.0,301.3,304.6,12112735
2026-06-08 00:00:00,HDFCBANK,738.0,741.5,734.5,738.65,21550700
2026-06-08 00:00:00,ICICIBANK,1246.4,1254.0,1243.1,1250.2,10714196
2026-06-08 00:00:00,IDFCFIRSTB,72.0,72.71,71.1,71.43,33430683
2026-06-08 00:00:00,INDUSINDBK,881.0,903.7,881.0,895.05,1864831
2026-06-08 00:00:00,KOTAKBANK,373.0,378.9,372.7,377.1,14460894
2026-06-08 00:00:00,PNB,105.54,107.14,105.0,105.71,13314436
2026-06-08 00:00:00,SBIN,966.0,988.65,965.15,981.95,12895416
2026-06-08 00:00:00,UNIONBANK,165.0,170.64,163.45,165.18,14433775
2026-06-08 00:00:00,YESBANK,22.94,23.55,22.92,23.0,117743530
2026-06-09 00:00:00,AUBANK,960.0,980.45,959.05,978.5,886909
2026-06-09 00:00:00,AXISBANK,1275.9,1298.4,1271.5,1292.4,7533504
2026-06-09 00:00:00,BANDHANBNK,203.92,208.94,203.71,206.94,9997536
2026-06-09 00:00:00,BANKBARODA,260.4,274.2,260.4,273.75,32633870
2026-06-09 00:00:00,CANBK,131.4,137.8,131.4,137.51,57740162
2026-06-09 00:00:00,FEDERALBNK,306.7,315.9,306.35,315.1,14386417
2026-06-09 00:00:00,HDFCBANK,739.45,743.95,732.3,738.35,38539563
2026-06-09 00:00:00,ICICIBANK,1255.0,1279.9,1252.7,1275.0,22368579
2026-06-09 00:00:00,IDFCFIRSTB,72.33,74.5,72.05,73.69,42291787
2026-06-09 00:00:00,INDUSINDBK,896.05,928.0,896.05,922.8,1694676
2026-06-09 00:00:00,KOTAKBANK,379.7,382.45,377.3,381.7,13987913
2026-06-09 00:00:00,PNB,106.0,109.98,106.0,109.65,38219915
2026-06-09 00:00:00,SBIN,985.0,1009.0,983.0,1002.7,22142480
2026-06-09 00:00:00,UNIONBANK,165.64,170.96,165.31,170.44,16722972
2026-06-09 00:00:00,YESBANK,23.06,23.53,23.06,23.37,100528684
2026-06-10 00:00:00,AUBANK,981.9,981.9,956.65,959.2,1740578
2026-06-10 00:00:00,AXISBANK,1283.5,1326.5,1283.5,1314.5,12262606
2026-06-10 00:00:00,BANDHANBNK,206.93,208.77,198.84,199.76,6029012
2026-06-10 00:00:00,BANKBARODA,273.4,275.0,268.5,269.3,11888452
2026-06-10 00:00:00,CANBK,137.51,138.26,133.11,133.46,39658979
2026-06-10 00:00:00,FEDERALBNK,315.1,316.7,309.85,311.1,7015128
2026-06-10 00:00:00,HDFCBANK,736.5,755.95,736.4,746.85,44458159
2026-06-10 00:00:00,ICICIBANK,1271.3,1306.0,1271.3,1293.3,25951584
2026-06-10 00:00:00,IDFCFIRSTB,73.9,74.17,72.74,72.99,20284845
2026-06-10 00:00:00,INDUSINDBK,922.85,923.75,881.85,883.95,1993081
2026-06-10 00:00:00,KOTAKBANK,380.5,391.2,380.5,388.1,21427363
2026-06-10 00:00:00,PNB,110.0,110.5,106.93,107.17,27530407
2026-06-10 00:00:00,SBIN,1002.7,1012.4,999.5,1003.25,19122317
2026-06-10 00:00:00,UNIONBANK,170.0,170.73,166.0,166.45,12209748
2026-06-10 00:00:00,YESBANK,23.4,23.52,22.52,22.6,97611104
2026-06-11 00:00:00,AUBANK,952.0,972.4,947.25,963.3,1515822
2026-06-11 00:00:00,AXISBANK,1308.8,1339.5,1307.3,1317.3,8196686
2026-06-11 00:00:00,BANDHANBNK,199.38,201.7,193.51,193.9,7607741
2026-06-11 00:00:00,BANKBARODA,266.2,268.6,262.1,267.6,21062711
2026-06-11 00:00:00,CANBK,132.7,133.78,130.6,131.52,46246010
2026-06-11 00:00:00,FEDERALBNK,309.0,311.7,307.05,309.75,7619065
2026-06-11 00:00:00,HDFCBANK,743.0,756.0,740.1,744.6,32632007
2026-06-11 00:00:00,ICICIBANK,1286.5,1333.0,1286.5,1317.0,35919374
2026-06-11 00:00:00,IDFCFIRSTB,72.51,73.55,72.22,72.95,22321129
2026-06-11 00:00:00,INDUSINDBK,883.85,897.6,881.75,888.95,1768283
2026-06-11 00:00:00,KOTAKBANK,386.0,399.9,384.55,393.35,16135289
2026-06-11 00:00:00,PNB,106.1,106.84,105.12,106.17,27004122
2026-06-11 00:00:00,SBIN,998.1,1009.4,993.0,1000.7,13773978
2026-06-11 00:00:00,UNIONBANK,164.1,165.68,162.92,164.54,12145117
2026-06-11 00:00:00,YESBANK,22.5,22.77,22.18,22.22,93036362
2026-06-12 00:00:00,AUBANK,970.5,1019.45,959.1,1015.5,4077611
2026-06-12 00:00:00,AXISBANK,1332.0,1358.5,1318.5,1356.3,8535670
2026-06-12 00:00:00,BANDHANBNK,198.0,206.17,194.4,204.6,10237548
2026-06-12 00:00:00,BANKBARODA,270.05,276.1,268.65,274.75,27384601
2026-06-12 00:00:00,CANBK,130.0,131.92,128.8,131.67,25287693
2026-06-12 00:00:00,FEDERALBNK,315.0,318.35,311.15,315.7,9052110
2026-06-12 00:00:00,HDFCBANK,754.7,774.45,753.1,772.45,36088159
2026-06-12 00:00:00,ICICIBANK,1330.0,1344.3,1318.7,1340.8,18339846
2026-06-12 00:00:00,IDFCFIRSTB,73.4,77.39,73.35,76.5,47039199
2026-06-12 00:00:00,INDUSINDBK,901.45,919.7,889.95,917.35,2663666
2026-06-12 00:00:00,KOTAKBANK,397.75,404.5,394.95,403.3,17227481
2026-06-12 00:00:00,PNB,106.0,107.52,104.37,106.88,29965493
2026-06-12 00:00:00,SBIN,1018.0,1018.7,1004.35,1017.15,11081119
2026-06-12 00:00:00,UNIONBANK,167.5,170.42,166.15,170.05,13371950
2026-06-12 00:00:00,YESBANK,22.85,23.05,22.43,23.02,87273100
2026-06-15 00:00:00,AUBANK,1035.0,1056.0,1023.4,1033.6,1771740
2026-06-15 00:00:00,AXISBANK,1372.0,1378.0,1360.6,1368.3,7522828
2026-06-15 00:00:00,BANDHANBNK,208.0,214.94,208.0,210.88,13330721
2026-06-15 00:00:00,BANKBARODA,278.55,282.5,275.4,276.05,9344475
2026-06-15 00:00:00,CANBK,134.0,135.17,131.87,132.2,20283189
2026-06-15 00:00:00,FEDERALBNK,320.7,320.7,312.75,317.1,8390759
2026-06-15 00:00:00,HDFCBANK,790.0,793.5,775.6,777.35,39990334
2026-06-15 00:00:00,ICICIBANK,1354.6,1362.7,1325.3,1327.6,16172921
2026-06-15 00:00:00,IDFCFIRSTB,78.0,79.09,77.23,78.33,28524089
2026-06-15 00:00:00,INDUSINDBK,926.0,953.5,923.1,933.2,3037001
2026-06-15 00:00:00,KOTAKBANK,408.0,411.0,402.45,405.75,14269679
2026-06-15 00:00:00,PNB,108.05,109.48,107.69,107.96,18982668
2026-06-15 00:00:00,SBIN,1034.0,1034.0,1018.5,1020.85,12463437
2026-06-15 00:00:00,UNIONBANK,172.9,173.9,170.8,171.3,8365210
2026-06-15 00:00:00,YESBANK,23.3,24.0,23.25,23.78,161580507
2026-06-16 00:00:00,AUBANK,1039.0,1039.0,1010.0,1023.1,1168430
2026-06-16 00:00:00,AXISBANK,1363.5,1371.5,1349.2,1365.7,7709061
2026-06-16 00:00:00,BANDHANBNK,213.08,218.13,207.5,216.74,14775474
2026-06-16 00:00:00,BANKBARODA,278.1,278.1,273.1,275.35,9933682
2026-06-16 00:00:00,CANBK,132.36,133.49,131.64,132.83,19477515
2026-06-16 00:00:00,FEDERALBNK,317.55,321.1,316.5,320.6,8921387
2026-06-16 00:00:00,HDFCBANK,780.5,787.7,779.45,784.9,27820970
2026-06-16 00:00:00,ICICIBANK,1331.9,1337.3,1326.3,1334.3,13069159
2026-06-16 00:00:00,IDFCFIRSTB,78.59,78.75,77.35,77.5,27114472
2026-06-16 00:00:00,INDUSINDBK,933.0,936.05,922.0,926.0,1602315
2026-06-16 00:00:00,KOTAKBANK,405.75,408.55,404.5,407.85,9079548
2026-06-16 00:00:00,PNB,108.09,108.69,106.9,107.97,11865685
2026-06-16 00:00:00,SBIN,1023.8,1026.55,1007.4,1015.3,9693677
2026-06-16 00:00:00,UNIONBANK,172.45,172.95,168.54,170.56,8606545
2026-06-16 00:00:00,YESBANK,23.76,24.49,23.45,23.89,219386959
2026-06-17 00:00:00,AUBANK,1029.5,1029.5,1013.0,1020.85,683318
2026-06-17 00:00:00,AXISBANK,1364.1,1365.7,1349.3,1350.9,4761917
2026-06-17 00:00:00,BANDHANBNK,217.82,217.98,213.1,213.76,9233245
2026-06-17 00:00:00,BANKBARODA,277.0,282.4,274.0,281.85,11929170
2026-06-17 00:00:00,CANBK,133.16,136.3,132.11,135.24,46057932
2026-06-17 00:00:00,FEDERALBNK,320.65,323.6,319.3,322.7,9029691
2026-06-17 00:00:00,HDFCBANK,787.65,794.3,783.1,787.1,32405604
2026-06-17 00:00:00,ICICIBANK,1342.0,1346.0,1333.4,1336.8,8026424
2026-06-17 00:00:00,IDFCFIRSTB,77.5,78.37,77.16,77.38,20456804
2026-06-17 00:00:00,INDUSINDBK,926.0,938.4,920.2,936.2,1193109
2026-06-17 00:00:00,KOTAKBANK,407.85,408.75,402.55,404.5,11654415
2026-06-17 00:00:00,PNB,108.3,109.2,107.43,108.87,22022581
2026-06-17 00:00:00,SBIN,1017.0,1028.1,1013.45,1026.5,8190062
2026-06-17 00:00:00,UNIONBANK,171.5,174.15,169.4,173.75,12653845
2026-06-17 00:00:00,YESBANK,23.9,25.46,23.9,25.11,394351584
2026-06-18 00:00:00,AUBANK,1022.0,1028.45,1016.6,1025.35,908553
2026-06-18 00:00:00,AXISBANK,1347.6,1365.9,1345.0,1360.1,5186573
2026-06-18 00:00:00,BANDHANBNK,213.76,215.41,211.8,214.28,4553796
2026-06-18 00:00:00,BANKBARODA,283.8,287.1,281.75,283.0,12399938
2026-06-18 00:00:00,CANBK,135.51,136.33,134.4,134.97,16874421
2026-06-18 00:00:00,FEDERALBNK,323.0,324.0,320.0,320.45,3885931
2026-06-18 00:00:00,HDFCBANK,786.5,802.95,786.2,799.0,41492071
2026-06-18 00:00:00,ICICIBANK,1333.6,1346.9,1331.4,1342.3,13467985
2026-06-18 00:00:00,IDFCFIRSTB,77.38,78.4,76.89,78.09,29775446
2026-06-18 00:00:00,INDUSINDBK,937.0,941.5,932.25,938.75,1007080
2026-06-18 00:00:00,KOTAKBANK,403.95,404.25,399.65,402.95,9342524
2026-06-18 00:00:00,PNB,109.15,110.2,108.82,109.58,17436034
2026-06-18 00:00:00,SBIN,1027.9,1045.7,1024.45,1042.7,11048009
2026-06-18 00:00:00,UNIONBANK,174.34,177.6,173.21,176.12,14194713
2026-06-18 00:00:00,YESBANK,25.24,25.78,25.1,25.48,232600629
2026-06-19 00:00:00,AUBANK,1024.1,1042.0,1017.05,1033.05,1437168
2026-06-19 00:00:00,AXISBANK,1356.8,1363.0,1350.5,1357.9,4640277
2026-06-19 00:00:00,BANDHANBNK,214.0,214.0,207.01,208.09,7902818
2026-06-19 00:00:00,BANKBARODA,281.95,282.5,278.1,281.05,4914684
2026-06-19 00:00:00,CANBK,134.95,134.95,133.1,133.74,16485585
2026-06-19 00:00:00,FEDERALBNK,320.0,324.9,319.05,323.95,7763307
2026-06-19 00:00:00,HDFCBANK,788.7,789.05,776.2,779.8,33798761
2026-06-19 00:00:00,ICICIBANK,1340.5,1352.3,1332.0,1346.5,9057322
2026-06-19 00:00:00,IDFCFIRSTB,77.93,78.93,77.54,78.68,17050266
2026-06-19 00:00:00,INDUSINDBK,938.5,950.55,931.2,947.45,6521623
2026-06-19 00:00:00,KOTAKBANK,402.5,403.55,398.0,399.25,17504009
2026-06-19 00:00:00,PNB,109.0,109.48,108.3,108.77,13771644
2026-06-19 00:00:00,SBIN,1042.0,1042.0,1029.3,1035.1,9099878
2026-06-19 00:00:00,UNIONBANK,176.1,176.69,174.5,175.76,11232086
2026-06-19 00:00:00,YESBANK,25.43,25.6,25.25,25.41,132491220
2026-06-22 00:00:00,AUBANK,1034.05,1051.0,1023.25,1045.05,1760276
2026-06-22 00:00:00,AXISBANK,1361.0,1366.1,1355.2,1358.6,3153284
2026-06-22 00:00:00,BANDHANBNK,209.0,210.77,206.96,208.33,2910957
2026-06-22 00:00:00,BANKBARODA,282.0,286.5,280.4,286.05,10870558
2026-06-22 00:00:00,CANBK,133.85,135.0,133.64,134.82,17955985
2026-06-22 00:00:00,FEDERALBNK,323.95,323.95,321.7,323.4,4903566
2026-06-22 00:00:00,HDFCBANK,789.9,789.9,783.1,786.4,25194765
2026-06-22 00:00:00,ICICIBANK,1353.0,1362.7,1348.4,1352.4,4814845
2026-06-22 00:00:00,IDFCFIRSTB,78.68,81.46,78.43,80.69,44256995
2026-06-22 00:00:00,INDUSINDBK,947.0,947.0,913.9,921.05,3031578
2026-06-22 00:00:00,KOTAKBANK,399.25,403.1,398.75,402.15,7158956
2026-06-22 00:00:00,PNB,108.9,109.94,108.62,109.8,13513267
2026-06-22 00:00:00,SBIN,1038.0,1043.0,1033.6,1040.75,6209440
2026-06-22 00:00:00,UNIONBANK,175.8,176.8,174.06,176.62,8516217
2026-06-22 00:00:00,YESBANK,25.5,25.56,24.93,24.96,142168889
2026-06-23 00:00:00,AUBANK,1045.05,1046.05,1022.05,1026.35,1006827
2026-06-23 00:00:00,AXISBANK,1358.6,1371.9,1356.1,1363.5,5745853
2026-06-23 00:00:00,BANDHANBNK,209.9,210.34,204.27,207.12,5936152
2026-06-23 00:00:00,BANKBARODA,287.0,287.2,276.9,277.8,9673161
2026-06-23 00:00:00,CANBK,135.39,135.39,130.0,130.37,19091482
2026-06-23 00:00:00,FEDERALBNK,323.4,324.3,319.0,319.9,5809450
2026-06-23 00:00:00,HDFCBANK,783.05,790.9,772.55,774.65,28289062
2026-06-23 00:00:00,ICICIBANK,1358.0,1369.1,1331.5,1338.3,11884879
2026-06-23 00:00:00,IDFCFIRSTB,80.49,80.65,78.16,78.75,36248907
2026-06-23 00:00:00,INDUSINDBK,923.0,924.0,902.8,905.45,1163601
2026-06-23 00:00:00,KOTAKBANK,398.0,405.0,398.0,401.65,10077909
2026-06-23 00:00:00,PNB,109.8,109.86,107.11,107.43,15817094
2026-06-23 00:00:00,SBIN,1041.0,1045.5,1022.35,1024.2,10411004
2026-06-23 00:00:00,UNIONBANK,176.68,176.95,173.86,175.12,22750233
2026-06-23 00:00:00,YESBANK,24.96,25.05,24.5,24.55,89225251
2026-06-24 00:00:00,AUBANK,1021.0,1073.0,1021.0,1067.2,4900913
2026-06-24 00:00:00,AXISBANK,1356.0,1386.1,1356.0,1384.5,8343829
2026-06-24 00:00:00,BANDHANBNK,206.7,214.22,204.1,211.76,10287087
2026-06-24 00:00:00,BANKBARODA,274.0,282.2,274.0,279.9,9376653
2026-06-24 00:00:00,CANBK,130.46,131.17,129.2,130.15,19217828
2026-06-24 00:00:00,FEDERALBNK,319.5,327.0,318.2,325.2,9481304
2026-06-24 00:00:00,HDFCBANK,773.0,794.9,772.65,793.2,34701292
2026-06-24 00:00:00,ICICIBANK,1340.6,1377.6,1340.6,1373.6,16440708
2026-06-24 00:00:00,IDFCFIRSTB,78.42,79.6,78.33,79.2,14232020
2026-06-24 00:00:00,INDUSINDBK,904.05,933.9,900.15,927.6,1793188
2026-06-24 00:00:00,KOTAKBANK,401.65,407.95,400.2,405.95,11768059
2026-06-24 00:00:00,PNB,107.5,108.23,106.54,107.71,11005634
2026-06-24 00:00:00,SBIN,1024.0,1044.5,1020.5,1034.6,11724076
2026-06-24 00:00:00,UNIONBANK,175.02,176.0,174.1,174.83,13079969
2026-06-24 00:00:00,YESBANK,24.55,25.07,24.55,24.94,117169271
2026-06-25 00:00:00,AUBANK,1079.15,1079.2,1031.4,1033.85,2267362
2026-06-25 00:00:00,AXISBANK,1386.9,1400.1,1372.7,1377.2,7995552
2026-06-25 00:00:00,BANDHANBNK,212.65,213.59,197.5,201.76,31399294
2026-06-25 00:00:00,BANKBARODA,282.4,282.4,278.0,279.15,10406847
2026-06-25 00:00:00,CANBK,130.97,131.1,128.01,128.95,40872336
2026-06-25 00:00:00,FEDERALBNK,326.7,326.7,322.65,324.05,6310533
2026-06-25 00:00:00,HDFCBANK,798.5,804.45,794.75,796.3,46707966
2026-06-25 00:00:00,ICICIBANK,1381.9,1404.0,1380.1,1387.5,17173209
2026-06-25 00:00:00,IDFCFIRSTB,79.26,80.29,79.12,79.22,13831461
2026-06-25 00:00:00,INDUSINDBK,933.0,936.9,915.5,918.95,1469160
2026-06-25 00:00:00,KOTAKBANK,409.5,413.8,407.2,409.0,16587414
2026-06-25 00:00:00,PNB,108.6,109.0,107.54,107.87,17863177
2026-06-25 00:00:00,SBIN,1040.0,1055.4,1038.55,1045.4,16002360
2026-06-25 00:00:00,UNIONBANK,175.5,176.58,174.3,174.71,12437646
2026-06-25 00:00:00,YESBANK,25.06,25.15,24.77,24.87,86623878
2026-06-29 00:00:00,AUBANK,1033.9,1039.0,1015.55,1030.45,10215789
2026-06-29 00:00:00,AXISBANK,1392.6,1392.6,1352.2,1356.8,12602010
2026-06-29 00:00:00,BANDHANBNK,203.92,205.3,197.74,202.33,13593508
2026-06-29 00:00:00,BANKBARODA,279.5,279.9,271.45,272.8,13102878
2026-06-29 00:00:00,CANBK,128.86,129.59,125.38,125.86,89710392
2026-06-29 00:00:00,FEDERALBNK,323.0,327.0,322.15,324.05,15193838
2026-06-29 00:00:00,HDFCBANK,800.0,805.9,793.3,798.9,46695977
2026-06-29 00:00:00,ICICIBANK,1390.0,1402.0,1383.2,1387.6,13249405
2026-06-29 00:00:00,IDFCFIRSTB,79.0,79.94,77.88,78.2,58108109
2026-06-29 00:00:00,INDUSINDBK,918.95,921.65,908.1,915.4,3346498
2026-06-29 00:00:00,KOTAKBANK,402.5,404.85,394.1,395.5,37210245
2026-06-29 00:00:00,PNB,107.55,108.25,106.11,106.96,13574053
2026-06-29 00:00:00,SBIN,1044.45,1046.4,1030.85,1036.1,16818246
2026-06-29 00:00:00,UNIONBANK,175.0,175.9,172.13,174.56,16043533
2026-06-29 00:00:00,YESBANK,24.87,25.38,24.82,25.09,183936840
2026-06-30 00:00:00,AUBANK,1035.0,1043.8,1023.85,1037.05,1997809
2026-06-30 00:00:00,AXISBANK,1357.7,1375.0,1343.6,1345.7,7781221
2026-06-30 00:00:00,BANDHANBNK,199.85,205.18,199.61,204.18,11101201
2026-06-30 00:00:00,BANKBARODA,273.8,276.0,271.9,272.4,11512561
2026-06-30 00:00:00,CANBK,126.9,127.13,124.61,125.52,44899446
2026-06-30 00:00:00,FEDERALBNK,324.8,331.8,323.7,330.05,15572784
2026-06-30 00:00:00,HDFCBANK,806.1,806.1,792.75,797.95,45778356
2026-06-30 00:00:00,ICICIBANK,1402.0,1402.0,1366.1,1375.2,18398057
2026-06-30 00:00:00,IDFCFIRSTB,78.39,79.73,78.13,79.49,30193040
2026-06-30 00:00:00,INDUSINDBK,916.45,933.1,916.45,924.2,2515841
2026-06-30 00:00:00,KOTAKBANK,395.5,397.0,389.9,392.25,24824891
2026-06-30 00:00:00,PNB,107.06,107.69,106.23,106.69,11179354
2026-06-30 00:00:00,SBIN,1040.0,1044.0,1025.05,1026.9,11161643
2026-06-30 00:00:00,UNIONBANK,175.0,175.8,171.9,172.43,12547240
2026-06-30 00:00:00,YESBANK,25.25,25.34,24.1,24.18,160293573
2026-07-01 00:00:00,AUBANK,1035.9,1054.4,1031.0,1051.4,1781800
2026-07-01 00:00:00,AXISBANK,1345.7,1377.7,1345.7,1368.7,3187785
2026-07-01 00:00:00,BANDHANBNK,204.2,206.8,202.79,205.04,5131300
2026-07-01 00:00:00,BANKBARODA,273.7,274.1,270.6,271.65,8585773
2026-07-01 00:00:00,CANBK,126.06,127.6,125.62,126.28,28424787
2026-07-01 00:00:00,FEDERALBNK,329.0,332.0,325.65,331.4,6386994
2026-07-01 00:00:00,HDFCBANK,793.5,802.25,793.5,796.15,26094378
2026-07-01 00:00:00,ICICIBANK,1371.4,1385.1,1367.7,1379.8,11948034
2026-07-01 00:00:00,IDFCFIRSTB,79.25,79.42,78.4,78.93,15942043
2026-07-01 00:00:00,INDUSINDBK,927.05,949.55,927.05,941.6,2290915
2026-07-01 00:00:00,KOTAKBANK,397.35,401.4,393.25,400.45,21723944
2026-07-01 00:00:00,PNB,107.15,108.18,106.26,107.54,20515763
2026-07-01 00:00:00,SBIN,1031.0,1049.9,1025.5,1047.4,6295315
2026-07-01 00:00:00,UNIONBANK,172.75,175.13,171.17,174.88,13759343
2026-07-01 00:00:00,YESBANK,24.25,24.65,24.07,24.58,93513120
2026-07-02 00:00:00,AUBANK,1051.2,1066.3,1047.2,1057.0,1248018
2026-07-02 00:00:00,AXISBANK,1374.0,1375.5,1358.1,1362.6,4013561
2026-07-02 00:00:00,BANDHANBNK,205.04,207.39,203.68,205.1,3470248
2026-07-02 00:00:00,BANKBARODA,273.5,273.5,257.7,260.25,26105222
2026-07-02 00:00:00,CANBK,128.27,129.26,125.96,126.64,42931827
2026-07-02 00:00:00,FEDERALBNK,331.75,332.35,329.3,331.0,7433230
2026-07-02 00:00:00,HDFCBANK,795.0,805.45,794.0,795.9,34143823
2026-07-02 00:00:00,ICICIBANK,1381.9,1405.0,1376.8,1400.0,15779429
2026-07-02 00:00:00,IDFCFIRSTB,78.9,79.79,78.56,79.52,24581312
2026-07-02 00:00:00,INDUSINDBK,941.6,944.9,931.6,943.5,1177319
2026-07-02 00:00:00,KOTAKBANK,400.45,405.0,397.3,399.3,12980945
2026-07-02 00:00:00,PNB,108.26,108.3,106.13,106.91,13244182
2026-07-02 00:00:00,SBIN,1050.9,1059.8,1045.0,1051.6,14682790
2026-07-02 00:00:00,UNIONBANK,175.0,175.79,172.61,174.35,17815906
2026-07-02 00:00:00,YESBANK,24.6,24.66,24.15,24.25,57142326
2026-07-03 00:00:00,AUBANK,1064.9,1069.8,1049.0,1058.4,1748260
2026-07-03 00:00:00,AXISBANK,1373.0,1373.0,1338.4,1342.1,3500465
2026-07-03 00:00:00,BANDHANBNK,206.12,206.12,198.36,200.6,5565751
2026-07-03 00:00:00,BANKBARODA,258.25,258.25,250.0,252.2,39345727
2026-07-03 00:00:00,CANBK,127.5,128.2,124.7,127.19,36013384
2026-07-03 00:00:00,FEDERALBNK,332.4,334.3,326.4,327.4,5420067
2026-07-03 00:00:00,HDFCBANK,803.0,807.0,798.55,801.05,25871958
2026-07-03 00:00:00,ICICIBANK,1414.0,1420.0,1405.9,1411.4,12901785
2026-07-03 00:00:00,IDFCFIRSTB,79.66,81.3,79.21,80.46,24932753
2026-07-03 00:00:00,INDUSINDBK,948.0,978.4,942.1,974.35,3819865
2026-07-03 00:00:00,KOTAKBANK,400.0,401.45,394.55,396.75,14747410
2026-07-03 00:00:00,PNB,107.0,107.01,104.11,105.35,27733618
2026-07-03 00:00:00,SBIN,1055.0,1057.0,1034.5,1040.0,10441493
2026-07-03 00:00:00,UNIONBANK,168.79,168.79,161.6,163.09,33777663
2026-07-03 00:00:00,YESBANK,24.38,24.61,24.15,24.39,86012503
2026-07-06 00:00:00,AUBANK,1062.8,1090.4,1052.1,1061.4,4449105
2026-07-06 00:00:00,AXISBANK,1355.7,1371.0,1335.5,1339.6,5154081
2026-07-06 00:00:00,BANDHANBNK,200.65,208.8,200.65,207.39,12399211
2026-07-06 00:00:00,BANKBARODA,252.9,253.5,249.5,249.95,12248902
2026-07-06 00:00:00,CANBK,126.61,127.59,125.97,126.46,15764736
2026-07-06 00:00:00,FEDERALBNK,327.8,333.45,325.5,330.3,3492183
2026-07-06 00:00:00,HDFCBANK,805.0,831.5,805.0,829.85,63203327
2026-07-06 00:00:00,ICICIBANK,1412.0,1431.6,1411.6,1426.9,12306949
2026-07-06 00:00:00,IDFCFIRSTB,80.5,81.76,79.7,81.14,22125958
2026-07-06 00:00:00,INDUSINDBK,968.0,1012.3,960.0,1009.8,4977371
2026-07-06 00:00:00,KOTAKBANK,389.75,389.75,380.7,381.3,34164881
2026-07-06 00:00:00,PNB,105.3,105.64,104.15,104.29,12228191
2026-07-06 00:00:00,SBIN,1041.9,1048.4,1036.5,1037.7,8761017
2026-07-06 00:00:00,UNIONBANK,163.2,163.75,160.77,161.08,12253340
2026-07-06 00:00:00,YESBANK,24.64,24.79,24.19,24.26,73317092
2026-07-07 00:00:00,AUBANK,1065.0,1074.9,1062.1,1066.9,1094227
2026-07-07 00:00:00,AXISBANK,1346.8,1356.9,1336.2,1341.0,6198988
2026-07-07 00:00:00,BANDHANBNK,208.75,211.8,204.69,205.1,8844763
2026-07-07 00:00:00,BANKBARODA,251.15,251.85,246.35,247.85,12317114
2026-07-07 00:00:00,CANBK,126.4,126.86,124.75,125.03,15616571
2026-07-07 00:00:00,FEDERALBNK,330.0,332.0,326.7,331.55,4018922
2026-07-07 00:00:00,HDFCBANK,843.0,843.0,826.1,829.3,57611729
2026-07-07 00:00:00,ICICIBANK,1431.6,1433.0,1410.0,1414.7,15664178
2026-07-07 00:00:00,IDFCFIRSTB,81.12,81.77,80.22,80.43,16245821
2026-07-07 00:00:00,INDUSINDBK,1009.7,1038.0,1004.3,1022.25,5804915
2026-07-07 00:00:00,KOTAKBANK,381.5,382.9,378.65,381.7,23216875
2026-07-07 00:00:00,PNB,104.75,104.75,103.14,103.79,17632716
2026-07-07 00:00:00,SBIN,1039.3,1049.6,1035.5,1038.1,11053574
2026-07-07 00:00:00,UNIONBANK,161.29,162.8,160.38,161.08,13481239
2026-07-07 00:00:00,YESBANK,24.26,24.3,23.86,24.01,61965545
2026-07-08 00:00:00,AUBANK,1060.0,1074.0,1033.0,1038.8,1793492
2026-07-08 00:00:00,AXISBANK,1344.0,1344.0,1304.0,1309.5,6917968
2026-07-08 00:00:00,BANDHANBNK,204.94,204.95,194.82,196.04,12422435
2026-07-08 00:00:00,BANKBARODA,244.95,246.0,239.0,240.45,17045169
2026-07-08 00:00:00,CANBK,124.0,124.93,120.5,121.15,37708203
2026-07-08 00:00:00,FEDERALBNK,330.45,330.9,323.0,326.55,4715547
2026-07-08 00:00:00,HDFCBANK,825.9,834.35,806.95,810.3,38754632
2026-07-08 00:00:00,ICICIBANK,1410.3,1418.3,1375.9,1380.6,10573142
2026-07-08 00:00:00,IDFCFIRSTB,80.1,80.72,77.47,77.82,20844974
2026-07-08 00:00:00,INDUSINDBK,1015.9,1031.3,989.8,994.65,3903183
2026-07-08 00:00:00,KOTAKBANK,378.5,381.75,369.1,370.1,22517529
2026-07-08 00:00:00,PNB,103.25,103.25,100.45,100.95,29044983
2026-07-08 00:00:00,SBIN,1029.6,1038.3,1011.7,1016.9,14141694
2026-07-08 00:00:00,UNIONBANK,160.2,160.49,153.5,154.39,13097180
2026-07-08 00:00:00,YESBANK,23.88,24.05,23.32,23.42,83807507
2026-07-09 00:00:00,AUBANK,1038.8,1050.8,1035.1,1047.4,1090588
2026-07-09 00:00:00,AXISBANK,1312.9,1321.6,1292.2,1297.6,5609851
2026-07-09 00:00:00,BANDHANBNK,197.0,201.0,197.0,199.86,4750464
2026-07-09 00:00:00,BANKBARODA,240.65,246.2,240.15,244.6,10797792
2026-07-09 00:00:00,CANBK,121.77,125.3,121.5,124.8,25763230
2026-07-09 00:00:00,FEDERALBNK,326.55,332.7,326.55,327.75,3699416
2026-07-09 00:00:00,HDFCBANK,813.0,822.85,812.3,817.55,39891798
2026-07-09 00:00:00,ICICIBANK,1382.9,1403.6,1377.3,1380.7,13948838
2026-07-09 00:00:00,IDFCFIRSTB,77.98,79.75,77.91,79.46,11084077
2026-07-09 00:00:00,INDUSINDBK,995.9,1022.35,995.9,1015.15,1952468
2026-07-09 00:00:00,KOTAKBANK,371.5,377.95,368.4,377.15,30720415
2026-07-09 00:00:00,PNB,101.2,103.7,100.8,103.44,13282752
2026-07-09 00:00:00,SBIN,1019.8,1031.7,1019.3,1022.1,7661699
2026-07-09 00:00:00,UNIONBANK,154.74,158.1,154.45,157.26,13873876
2026-07-09 00:00:00,YESBANK,23.42,23.8,23.42,23.64,52193951
2026-07-10 00:00:00,AUBANK,1052.0,1079.9,1050.0,1072.1,1470963
2026-07-10 00:00:00,AXISBANK,1304.0,1326.6,1303.9,1323.7,3549139
2026-07-10 00:00:00,BANDHANBNK,201.0,211.8,200.92,210.0,20211763
2026-07-10 00:00:00,BANKBARODA,245.5,254.35,245.35,250.95,18239487
2026-07-10 00:00:00,CANBK,125.4,131.48,125.31,128.78,40706138
2026-07-10 00:00:00,FEDERALBNK,330.3,332.5,327.85,329.85,5400203
2026-07-10 00:00:00,HDFCBANK,824.0,827.7,820.3,824.95,23595785
2026-07-10 00:00:00,ICICIBANK,1389.7,1408.2,1389.6,1401.2,6409645
2026-07-10 00:00:00,IDFCFIRSTB,79.9,81.37,79.79,80.83,14703154
2026-07-10 00:00:00,INDUSINDBK,1019.7,1031.65,1013.7,1015.8,1084109
2026-07-10 00:00:00,KOTAKBANK,377.45,381.15,376.9,377.6,15468937
2026-07-10 00:00:00,PNB,104.1,107.55,103.71,105.41,27098775
2026-07-10 00:00:00,SBIN,1029.5,1047.8,1023.5,1036.0,8792150
2026-07-10 00:00:00,UNIONBANK,157.8,165.5,157.6,164.51,24598550
2026-07-10 00:00:00,YESBANK,23.9,24.03,23.8,23.94,44492915
2026-07-13 00:00:00,AUBANK,1068.7,1068.7,1051.5,1060.5,779934
2026-07-13 00:00:00,AXISBANK,1315.9,1329.9,1313.5,1319.4,3674483
2026-07-13 00:00:00,BANDHANBNK,208.0,214.2,207.29,213.15,10596594
2026-07-13 00:00:00,BANKBARODA,249.0,252.7,247.0,250.65,18662940
2026-07-13 00:00:00,CANBK,127.47,129.73,126.44,129.33,19227723
2026-07-13 00:00:00,FEDERALBNK,328.5,336.5,327.3,332.5,4617054
2026-07-13 00:00:00,HDFCBANK,817.0,821.95,811.0,817.95,21741736
2026-07-13 00:00:00,ICICIBANK,1393.5,1413.0,1386.3,1409.5,10091437
2026-07-13 00:00:00,IDFCFIRSTB,79.99,80.79,79.86,80.58,13772292
2026-07-13 00:00:00,INDUSINDBK,1010.0,1018.2,1000.55,1012.9,862018
2026-07-13 00:00:00,KOTAKBANK,375.8,385.15,375.1,384.65,14167721
2026-07-13 00:00:00,PNB,104.6,106.45,104.0,106.34,11968478
2026-07-13 00:00:00,SBIN,1023.5,1042.9,1022.1,1037.0,8381510
2026-07-13 00:00:00,UNIONBANK,163.0,170.75,162.51,170.39,30404181
2026-07-13 00:00:00,YESBANK,23.8,23.93,23.6,23.78,51935772
2026-07-14 00:00:00,AUBANK,1050.0,1052.3,1034.0,1038.3,996998
2026-07-14 00:00:00,AXISBANK,1320.1,1323.7,1298.6,1317.6,6005505
2026-07-14 00:00:00,BANDHANBNK,208.0,210.6,206.4,207.87,5837526
2026-07-14 00:00:00,BANKBARODA,249.8,251.15,245.7,246.6,9026197
2026-07-14 00:00:00,CANBK,128.0,128.9,125.32,125.74,18692217
2026-07-14 00:00:00,FEDERALBNK,331.0,332.8,326.15,327.5,3477293
2026-07-14 00:00:00,HDFCBANK,811.4,818.4,807.0,809.4,25605395
2026-07-14 00:00:00,ICICIBANK,1400.0,1411.8,1392.0,1407.7,14133017
2026-07-14 00:00:00,IDFCFIRSTB,79.91,80.09,78.9,79.27,13422071
2026-07-14 00:00:00,INDUSINDBK,1008.9,1009.0,994.1,997.35,767488
2026-07-14 00:00:00,KOTAKBANK,383.5,383.5,376.1,378.65,16237528
2026-07-14 00:00:00,PNB,106.0,106.3,104.6,105.0,9414016
2026-07-14 00:00:00,SBIN,1033.3,1033.7,1011.4,1015.4,11562326
2026-07-14 00:00:00,UNIONBANK,170.0,171.42,167.18,170.67,15703329
2026-07-14 00:00:00,YESBANK,23.75,23.85,23.5,23.61,61791520
2026-07-15 00:00:00,AUBANK,1042.9,1052.7,1036.9,1040.6,464281
2026-07-15 00:00:00,AXISBANK,1328.0,1348.0,1303.3,1312.3,9442403
2026-07-15 00:00:00,BANDHANBNK,208.75,220.76,208.51,216.52,23750005
2026-07-15 00:00:00,BANKBARODA,248.0,250.4,246.95,248.15,8127491
2026-07-15 00:00:00,CANBK,126.5,128.2,126.1,126.47,24325901
2026-07-15 00:00:00,FEDERALBNK,328.5,330.7,325.6,327.55,2909042
2026-07-15 00:00:00,HDFCBANK,811.0,819.7,809.7,815.45,21488739
2026-07-15 00:00:00,ICICIBANK,1412.9,1428.0,1409.2,1416.2,12961648
2026-07-15 00:00:00,IDFCFIRSTB,79.42,80.47,79.26,79.47,9684988
2026-07-15 00:00:00,INDUSINDBK,998.4,1022.85,992.0,1009.7,1491258
2026-07-15 00:00:00,KOTAKBANK,379.35,382.8,376.25,378.4,8082156
2026-07-15 00:00:00,PNB,105.5,106.93,104.88,105.71,11898610
2026-07-15 00:00:00,SBIN,1015.5,1036.0,1013.7,1030.1,14275394
2026-07-15 00:00:00,UNIONBANK,171.21,177.49,168.7,172.38,60853488
2026-07-15 00:00:00,YESBANK,23.69,23.82,23.52,23.6,44964825
2026-07-16 00:00:00,AUBANK,1025.2,1045.0,1025.1,1035.1,610596
2026-07-16 00:00:00,AXISBANK,1315.1,1315.5,1299.4,1307.6,5001226
2026-07-16 00:00:00,BANDHANBNK,217.13,218.0,213.0,214.42,7387473
2026-07-16 00:00:00,BANKBARODA,249.2,249.6,247.05,248.3,5277402
2026-07-16 00:00:00,CANBK,127.0,127.19,125.35,125.9,11463126
2026-07-16 00:00:00,FEDERALBNK,328.55,329.95,324.0,326.6,9916604
2026-07-16 00:00:00,HDFCBANK,814.5,818.0,806.5,808.3,18698186
2026-07-16 00:00:00,ICICIBANK,1420.1,1423.7,1406.2,1418.2,10165264
2026-07-16 00:00:00,IDFCFIRSTB,79.47,79.6,79.1,79.28,12618374
2026-07-16 00:00:00,INDUSINDBK,1018.0,1019.0,1005.55,1013.5,695548
2026-07-16 00:00:00,KOTAKBANK,377.5,381.25,376.55,377.15,10889356
2026-07-16 00:00:00,PNB,106.09,106.09,104.9,105.22,11650044
2026-07-16 00:00:00,SBIN,1030.1,1036.0,1027.3,1031.2,7708316
2026-07-16 00:00:00,UNIONBANK,175.05,175.09,168.05,168.77,13286469
2026-07-16 00:00:00,YESBANK,23.8,23.87,23.58,23.75,53414170
2026-07-17 00:00:00,AUBANK,1035.1,1037.0,1018.3,1030.2,748829
2026-07-17 00:00:00,AXISBANK,1307.0,1333.0,1305.0,1328.5,11192836
2026-07-17 00:00:00,BANDHANBNK,213.86,216.09,211.74,213.25,6777972
2026-07-17 00:00:00,BANKBARODA,249.0,249.0,245.6,246.8,6785854
2026-07-17 00:00:00,CANBK,125.9,126.09,124.3,125.01,19266430
2026-07-17 00:00:00,FEDERALBNK,328.7,351.0,323.4,349.0,44155126
2026-07-17 00:00:00,HDFCBANK,810.0,823.7,808.5,819.6,17415322
2026-07-17 00:00:00,ICICIBANK,1422.1,1455.1,1419.7,1444.3,11112550
2026-07-17 00:00:00,IDFCFIRSTB,79.28,80.8,78.78,80.35,12269443
2026-07-17 00:00:00,INDUSINDBK,1013.8,1031.2,1010.0,1027.2,2257757
2026-07-17 00:00:00,KOTAKBANK,377.5,391.8,375.7,389.95,17847316
2026-07-17 00:00:00,PNB,105.25,106.1,104.59,105.77,14161891
2026-07-17 00:00:00,SBIN,1030.6,1048.0,1028.3,1044.3,8452780
2026-07-17 00:00:00,UNIONBANK,169.0,169.42,166.25,168.46,10762360
2026-07-17 00:00:00,YESBANK,23.75,23.75,23.21,23.61,75453831
2026-07-20 00:00:00,AUBANK,1036.0,1038.6,989.6,993.3,3385647
2026-07-20 00:00:00,AXISBANK,1275.0,1284.0,1249.1,1256.0,25314148
2026-07-20 00:00:00,BANDHANBNK,213.6,213.88,209.57,211.34,7759701
2026-07-20 00:00:00,BANKBARODA,247.5,256.15,246.05,254.85,15040259
2026-07-20 00:00:00,CANBK,125.15,129.6,125.06,128.82,44159205
2026-07-20 00:00:00,FEDERALBNK,341.5,352.2,341.5,350.75,10483345
2026-07-20 00:00:00,HDFCBANK,790.0,790.0,774.55,777.6,56061789
2026-07-20 00:00:00,ICICIBANK,1444.5,1480.0,1439.5,1460.2,22236415
2026-07-20 00:00:00,IDFCFIRSTB,79.99,82.18,79.7,81.78,24353186
2026-07-20 00:00:00,INDUSINDBK,1029.0,1034.65,1017.15,1032.85,1686017
2026-07-20 00:00:00,KOTAKBANK,382.0,383.75,376.1,382.05,32539419
2026-07-20 00:00:00,PNB,108.26,111.95,107.4,111.76,118992976
2026-07-20 00:00:00,SBIN,1041.6,1065.0,1038.3,1060.0,16540411
2026-07-20 00:00:00,UNIONBANK,168.0,177.29,167.77,175.93,36352077
2026-07-20 00:00:00,YESBANK,23.65,23.65,22.71,22.93,133383727
2026-07-21 00:00:00,AUBANK,994.0,1006.8,994.0,1003.3,1082450
2026-07-21 00:00:00,AXISBANK,1245.0,1267.7,1244.5,1258.2,15014867
2026-07-21 00:00:00,BANDHANBNK,211.9,215.92,206.6,208.83,12313601
2026-07-21 00:00:00,BANKBARODA,254.85,257.0,247.3,247.7,13458334
2026-07-21 00:00:00,CANBK,128.82,131.2,127.19,127.52,24607108
2026-07-21 00:00:00,FEDERALBNK,351.1,356.75,350.95,356.05,6342305
2026-07-21 00:00:00,HDFCBANK,769.15,772.5,760.1,761.45,42246009
2026-07-21 00:00:00,ICICIBANK,1470.0,1473.9,1456.6,1463.1,18269907
2026-07-21 00:00:00,IDFCFIRSTB,81.78,82.7,81.52,81.66,17641320
2026-07-21 00:00:00,INDUSINDBK,1037.8,1068.8,1031.45,1063.45,5124543
2026-07-21 00:00:00,KOTAKBANK,383.0,386.95,381.05,385.95,17152911
2026-07-21 00:00:00,PNB,111.7,113.38,111.31,112.08,28685665
2026-07-21 00:00:00,SBIN,1056.2,1067.0,1042.8,1044.4,10514887
2026-07-21 00:00:00,UNIONBANK,175.93,179.4,173.4,176.11,35646847
2026-07-21 00:00:00,YESBANK,22.95,23.31,22.95,23.14,76817417
2026-07-22 00:00:00,AUBANK,1004.0,1004.0,975.7,980.2,1427212
2026-07-22 00:00:00,AXISBANK,1258.2,1258.2,1230.5,1238.4,8358923
2026-07-22 00:00:00,BANDHANBNK,187.95,192.22,169.56,173.5,156943419
2026-07-22 00:00:00,BANKBARODA,247.95,247.95,244.4,245.75,8257873
2026-07-22 00:00:00,CANBK,127.5,127.5,125.25,126.46,13596346
2026-07-22 00:00:00,FEDERALBNK,354.1,357.25,351.5,353.25,4288304
2026-07-22 00:00:00,HDFCBANK,760.25,761.35,750.35,753.15,23385446
2026-07-22 00:00:00,ICICIBANK,1466.4,1466.4,1438.4,1440.7,8345136
2026-07-22 00:00:00,IDFCFIRSTB,81.35,81.4,79.72,80.72,13767011
2026-07-22 00:00:00,INDUSINDBK,1058.0,1077.85,1055.65,1069.3,5069159
2026-07-22 00:00:00,KOTAKBANK,384.3,390.0,378.15,381.15,11688952
2026-07-22 00:00:00,PNB,112.08,112.82,110.35,110.73,20951785
2026-07-22 00:00:00,SBIN,1044.4,1044.4,1019.2,1025.0,11227214
2026-07-22 00:00:00,UNIONBANK,175.79,175.97,170.1,170.64,10788134
2026-07-22 00:00:00,YESBANK,23.16,23.75,23.0,23.24,167363949
2026-07-23 00:00:00,AUBANK,980.0,989.3,960.0,978.7,2396795
2026-07-23 00:00:00,AXISBANK,1230.1,1239.4,1219.2,1223.0,8240787
2026-07-23 00:00:00,BANDHANBNK,173.55,176.0,164.85,165.84,44729469
2026-07-23 00:00:00,BANKBARODA,245.0,246.0,242.25,243.15,6041550
2026-07-23 00:00:00,CANBK,126.02,127.42,124.9,125.22,13708492
2026-07-23 00:00:00,FEDERALBNK,352.0,355.45,351.55,354.4,4025719
2026-07-23 00:00:00,HDFCBANK,749.4,751.0,743.25,747.25,32532090
2026-07-23 00:00:00,ICICIBANK,1432.5,1446.0,1426.6,1434.6,12409328
2026-07-23 00:00:00,IDFCFIRSTB,80.21,81.18,79.7,79.9,11292250
2026-07-23 00:00:00,INDUSINDBK,1036.6,1042.2,998.15,1005.5,7505583
2026-07-23 00:00:00,KOTAKBANK,379.7,386.1,378.85,383.35,12720546
2026-07-23 00:00:00,PNB,110.0,111.0,109.55,110.15,10137716
2026-07-23 00:00:00,SBIN,1022.0,1023.1,1006.5,1012.6,8910230
2026-07-23 00:00:00,UNIONBANK,171.0,171.25,167.4,168.4,6099755
2026-07-23 00:00:00,YESBANK,23.2,23.2,22.83,22.93,58895018
2026-07-24 00:00:00,AUBANK,969.0,1015.9,967.4,1004.0,1826523
2026-07-24 00:00:00,AXISBANK,1216.8,1233.9,1210.6,1227.3,8088828
2026-07-24 00:00:00,BANDHANBNK,165.5,167.71,161.95,165.93,29585433
2026-07-24 00:00:00,BANKBARODA,242.0,247.1,239.25,246.45,8475748
2026-07-24 00:00:00,CANBK,124.22,126.83,123.0,125.65,36714624
2026-07-24 00:00:00,FEDERALBNK,352.1,354.9,349.9,354.3,3590425
2026-07-24 00:00:00,HDFCBANK,738.5,748.25,737.25,742.8,23837859
2026-07-24 00:00:00,ICICIBANK,1428.0,1440.0,1415.4,1432.9,10870914
2026-07-24 00:00:00,IDFCFIRSTB,79.7,81.09,78.88,80.79,16260314
2026-07-24 00:00:00,INDUSINDBK,1000.0,1003.45,984.05,996.05,1995292
2026-07-24 00:00:00,KOTAKBANK,378.6,386.5,378.6,384.75,13308317
2026-07-24 00:00:00,PNB,109.0,110.64,108.71,110.38,11902256
2026-07-24 00:00:00,SBIN,1006.0,1017.8,1000.8,1015.0,13797053
2026-07-24 00:00:00,UNIONBANK,167.89,171.5,165.81,170.5,13551971
2026-07-24 00:00:00,YESBANK,22.82,23.02,22.64,22.95,53804519
2026-07-27 00:00:00,AUBANK,1021.0,1062.0,1021.0,1052.2,5047131
2026-07-27 00:00:00,AXISBANK,1237.0,1237.0,1221.6,1227.5,5967502
2026-07-27 00:00:00,BANDHANBNK,167.5,170.64,166.82,169.43,13639409
2026-07-27 00:00:00,BANKBARODA,243.5,247.7,241.9,244.0,14707217
2026-07-27 00:00:00,CANBK,126.5,129.7,125.78,127.26,48778366
2026-07-27 00:00:00,FEDERALBNK,355.05,357.7,354.3,356.5,6585012
2026-07-27 00:00:00,HDFCBANK,746.1,747.95,738.1,739.55,29678752
2026-07-27 00:00:00,ICICIBANK,1435.7,1449.0,1428.8,1445.7,10608300
2026-07-27 00:00:00,IDFCFIRSTB,86.3,88.76,84.7,84.88,177923165
2026-07-27 00:00:00,INDUSINDBK,1003.0,1015.6,1000.1,1006.65,1979222
2026-07-27 00:00:00,KOTAKBANK,386.0,388.75,383.55,384.65,16710096
2026-07-27 00:00:00,PNB,111.25,112.23,110.76,111.62,12850732
2026-07-27 00:00:00,SBIN,1020.3,1023.7,1015.9,1020.6,6093002
2026-07-27 00:00:00,UNIONBANK,172.0,173.46,169.5,170.11,13706219
2026-07-27 00:00:00,YESBANK,23.05,23.18,22.9,22.94,47752439
2026-07-28 00:00:00,AUBANK,1051.9,1059.6,1043.9,1047.7,1569390
2026-07-28 00:00:00,AXISBANK,1222.5,1233.9,1219.7,1223.5,6093182
2026-07-28 00:00:00,BANDHANBNK,169.0,169.97,166.61,168.84,9940396
2026-07-28 00:00:00,BANKBARODA,242.8,244.7,238.45,239.2,8526492
2026-07-28 00:00:00,CANBK,127.17,127.17,124.0,124.24,31317720
2026-07-28 00:00:00,FEDERALBNK,357.0,358.7,354.5,357.25,6332047
2026-07-28 00:00:00,HDFCBANK,732.0,740.25,732.0,735.4,33886037
2026-07-28 00:00:00,ICICIBANK,1442.3,1445.9,1417.6,1430.8,19486209
2026-07-28 00:00:00,IDFCFIRSTB,84.79,86.8,84.54,85.75,51450994
2026-07-28 00:00:00,INDUSINDBK,1001.0,1006.0,989.2,991.95,1643112
2026-07-28 00:00:00,KOTAKBANK,383.05,387.3,383.05,385.3,14247981
2026-07-28 00:00:00,PNB,111.62,112.33,111.18,111.65,15684441
2026-07-28 00:00:00,SBIN,1018.0,1022.0,1008.3,1013.2,9873370
2026-07-28 00:00:00,UNIONBANK,170.68,171.4,167.7,168.24,10776044
2026-07-28 00:00:00,YESBANK,22.94,22.98,22.76,22.81,71668089
2026-07-29 00:00:00,AUBANK,1067.9,1068.8,1040.0,1042.3,1383599
2026-07-29 00:00:00,AXISBANK,1229.5,1237.1,1214.4,1235.4,10110233
2026-07-29 00:00:00,BANDHANBNK,169.0,174.06,168.05,173.58,19391311
2026-07-29 00:00:00,BANKBARODA,239.9,244.9,239.35,243.35,10011406
2026-07-29 00:00:00,CANBK,124.6,125.55,124.0,124.72,17108935
2026-07-29 00:00:00,FEDERALBNK,359.0,359.9,356.45,359.15,5713345
2026-07-29 00:00:00,HDFCBANK,743.0,751.25,740.8,748.2,20460659
2026-07-29 00:00:00,ICICIBANK,1442.5,1448.5,1428.5,1437.9,10856166
2026-07-29 00:00:00,IDFCFIRSTB,85.75,86.1,84.57,85.02,19050886
2026-07-29 00:00:00,INDUSINDBK,995.05,1015.0,993.55,1012.3,1232625
2026-07-29 00:00:00,KOTAKBANK,387.0,392.25,385.15,390.2,9190194
2026-07-29 00:00:00,PNB,112.3,112.3,110.89,111.08,8304814
2026-07-29 00:00:00,SBIN,1020.0,1020.2,1012.0,1013.7,4792964
2026-07-29 00:00:00,UNIONBANK,168.24,171.94,168.14,171.08,12582530
2026-07-29 00:00:00,YESBANK,22.87,23.0,22.75,22.84,45390757
2026-07-30 00:00:00,AUBANK,1040.0,1040.3,1022.6,1030.7,1294208
2026-07-30 00:00:00,AXISBANK,1229.0,1232.2,1220.2,1228.9,6878684
2026-07-30 00:00:00,BANDHANBNK,173.2,174.23,171.44,172.72,9336125
2026-07-30 00:00:00,BANKBARODA,243.0,243.0,240.1,241.65,9423237
2026-07-30 00:00:00,CANBK,124.7,124.89,123.66,124.28,13652920
2026-07-30 00:00:00,FEDERALBNK,359.05,359.35,352.85,354.15,6259452
2026-07-30 00:00:00,HDFCBANK,752.8,757.9,745.5,753.95,35844392
2026-07-30 00:00:00,ICICIBANK,1431.1,1442.2,1422.6,1433.9,14141173
2026-07-30 00:00:00,IDFCFIRSTB,84.93,85.0,83.7,84.76,19103686
2026-07-30 00:00:00,INDUSINDBK,1012.3,1013.6,999.0,1011.45,1237239
2026-07-30 00:00:00,KOTAKBANK,385.7,390.2,385.7,389.4,12205963
2026-07-30 00:00:00,PNB,111.05,111.9,110.32,111.64,10292180
2026-07-30 00:00:00,SBIN,1013.5,1028.3,1007.6,1025.3,6847458
2026-07-30 00:00:00,UNIONBANK,171.08,171.08,167.9,170.4,9365956
2026-07-30 00:00:00,YESBANK,22.84,22.88,22.46,22.54,56345653
2026-07-31 00:00:00,AUBANK,1035.0,1057.4,1034.9,1047.3,2215780
2026-07-31 00:00:00,AXISBANK,1226.2,1239.7,1226.0,1229.5,7487936
2026-07-31 00:00:00,BANDHANBNK,173.4,175.4,173.28,174.13,7033133
2026-07-31 00:00:00,BANKBARODA,243.0,244.5,242.1,242.6,7775343
2026-07-31 00:00:00,CANBK,124.99,125.44,124.25,124.98,13392650
2026-07-31 00:00:00,FEDERALBNK,355.4,359.7,354.75,358.85,3907564
2026-07-31 00:00:00,HDFCBANK,753.95,757.55,747.2,748.15,25522483
2026-07-31 00:00:00,ICICIBANK,1434.3,1441.9,1431.4,1435.4,8752440
2026-07-31 00:00:00,IDFCFIRSTB,84.76,85.74,84.51,84.68,13981195
2026-07-31 00:00:00,INDUSINDBK,1011.45,1017.9,996.4,1012.45,2922821
2026-07-31 00:00:00,KOTAKBANK,390.2,391.85,388.0,390.3,7014637
2026-07-31 00:00:00,PNB,112.0,113.0,111.69,112.71,11559072
2026-07-31 00:00:00,SBIN,1028.1,1034.3,1023.5,1027.4,10921417
2026-07-31 00:00:00,UNIONBANK,171.06,172.8,169.82,171.24,5557534
2026-07-31 00:00:00,YESBANK,22.54,22.85,22.48,22.77,37775562
2026-08-03 00:00:00,AUBANK,1054.1,1060.0,1038.4,1060.0,1367532
2026-08-03 00:00:00,AXISBANK,1236.9,1272.0,1230.5,1272.0,6713421
2026-08-03 00:00:00,BANDHANBNK,175.14,176.25,172.59,173.65,5621918
2026-08-03 00:00:00,BANKBARODA,244.05,248.48,244.0,247.25,8511143
2026-08-03 00:00:00,CANBK,125.95,127.59,125.5,127.1,18180646
2026-08-03 00:00:00,FEDERALBNK,359.45,371.7,357.3,371.7,4384044
2026-08-03 00:00:00,HDFCBANK,753.05,756.85,750.05,753.0,14827841
2026-08-03 00:00:00,ICICIBANK,1442.0,1460.0,1433.0,1460.0,7706747
2026-08-03 00:00:00,IDFCFIRSTB,85.31,86.5,84.69,86.0,12814087
2026-08-03 00:00:00,INDUSINDBK,1019.0,1028.9,1013.3,1028.9,887652
2026-08-03 00:00:00,KOTAKBANK,392.0,397.5,391.05,397.5,11247062
2026-08-03 00:00:00,PNB,113.01,114.47,112.66,113.0,12088257
2026-08-03 00:00:00,SBIN,1035.0,1051.5,1031.6,1045.0,10507450
2026-08-03 00:00:00,UNIONBANK,171.4,175.74,171.4,174.0,8353185
2026-08-03 00:00:00,YESBANK,22.8,23.0,22.75,23.0,35072952
2026-08-04 00:00:00,AUBANK,1055.0,1059.0,1035.2,1059.0,774989
2026-08-04 00:00:00,AXISBANK,1264.0,1264.0,1244.0,1261.8,5694891
2026-08-04 00:00:00,BANDHANBNK,174.44,175.22,173.12,173.6,8403143
2026-08-04 00:00:00,BANKBARODA,247.19,249.15,245.0,245.0,4143561
2026-08-04 00:00:00,CANBK,127.09,128.95,126.26,128.0,21657270
2026-08-04 00:00:00,FEDERALBNK,364.55,364.55,357.1,362.45,5569382
2026-08-04 00:00:00,HDFCBANK,753.2,753.2,738.0,742.0,31559802
2026-08-04 00:00:00,ICICIBANK,1452.0,1454.6,1430.8,1454.6,11458963
2026-08-04 00:00:00,IDFCFIRSTB,85.87,86.13,84.45,86.0,12931033
2026-08-04 00:00:00,INDUSINDBK,1028.9,1028.9,1014.6,1026.0,720413
2026-08-04 00:00:00,KOTAKBANK,395.5,398.25,392.1,398.0,9131231
2026-08-04 00:00:00,PNB,113.49,114.0,112.64,113.99,7961139
2026-08-04 00:00:00,SBIN,1047.6,1047.6,1030.9,1042.7,8544184
2026-08-04 00:00:00,UNIONBANK,174.37,175.2,172.44,174.0,6867862
2026-08-04 00:00:00,YESBANK,23.0,23.01,22.78,23.0,41667544
2026-08-05 00:00:00,AUBANK,1057.6,1057.6,1042.3,1051.3,957572
2026-08-05 00:00:00,AXISBANK,1260.0,1263.0,1246.2,1253.9,4295407
2026-08-05 00:00:00,BANDHANBNK,174.8,176.15,170.46,170.46,7569963
2026-08-05 00:00:00,BANKBARODA,247.5,249.84,245.6,245.6,9244171
2026-08-05 00:00:00,CANBK,129.0,130.1,128.11,128.91,19170625
2026-08-05 00:00:00,FEDERALBNK,361.95,361.95,354.2,356.45,5018889
2026-08-05 00:00:00,HDFCBANK,733.8,741.95,732.6,735.0,60050538
2026-08-05 00:00:00,ICICIBANK,1454.6,1454.6,1431.2,1450.1,11723296
2026-08-05 00:00:00,IDFCFIRSTB,86.0,86.25,84.72,85.3,15014901
2026-08-05 00:00:00,INDUSINDBK,1025.0,1038.0,1013.1,1019.0,1367377
2026-08-05 00:00:00,KOTAKBANK,397.0,400.0,393.85,400.0,11842327
2026-08-05 00:00:00,PNB,114.16,115.2,113.3,113.55,10371553
2026-08-05 00:00:00,SBIN,1043.0,1055.0,1040.3,1055.0,8707119
2026-08-05 00:00:00,UNIONBANK,175.0,178.2,174.22,175.8,12655212
2026-08-05 00:00:00,YESBANK,23.0,23.15,22.82,22.97,69932112
2026-08-06 00:00:00,AUBANK,1051.3,1105.9,1045.7,1087.6,4756035
2026-08-06 00:00:00,AXISBANK,1256.1,1259.9,1248.3,1256.0,4845792
2026-08-06 00:00:00,BANDHANBNK,173.0,176.8,173.0,174.66,28299072
2026-08-06 00:00:00,BANKBARODA,246.11,251.0,245.6,251.0,9633422
2026-08-06 00:00:00,CANBK,129.0,131.74,128.33,131.7,23441604
2026-08-06 00:00:00,FEDERALBNK,356.45,356.45,351.6,353.55,3780768
2026-08-06 00:00:00,HDFCBANK,739.0,740.5,733.55,734.3,44772122
2026-08-06 00:00:00,ICICIBANK,1460.0,1460.0,1448.3,1457.5,14954726
2026-08-06 00:00:00,IDFCFIRSTB,85.21,85.54,84.65,85.35,10687868
2026-08-06 00:00:00,INDUSINDBK,1016.0,1033.9,1011.0,1016.2,769423
2026-08-06 00:00:00,KOTAKBANK,397.25,398.8,393.75,394.0,10378024
2026-08-06 00:00:00,PNB,113.55,114.85,113.2,114.3,11910351
2026-08-06 00:00:00,SBIN,1052.5,1088.1,1052.5,1085.0,13822265
2026-08-06 00:00:00,UNIONBANK,176.8,182.5,175.21,182.5,19962851
2026-08-06 00:00:00,YESBANK,22.97,23.06,22.68,22.68,37986003
2026-08-07 00:00:00,AUBANK,1084.9,1088.1,1067.0,1067.0,752130
2026-08-07 00:00:00,AXISBANK,1252.1,1256.0,1238.0,1238.0,3628823
2026-08-07 00:00:00,BANDHANBNK,174.66,177.2,173.52,176.02,10729624
2026-08-07 00:00:00,BANKBARODA,249.99,251.25,248.02,250.7,7479873
2026-08-07 00:00:00,CANBK,130.98,132.48,130.43,131.95,22576580
2026-08-07 00:00:00,FEDERALBNK,353.2,359.8,350.85,356.25,4924276
2026-08-07 00:00:00,HDFCBANK,733.0,736.0,728.2,731.0,19382042
2026-08-07 00:00:00,ICICIBANK,1451.0,1455.0,1418.2,1421.0,14395789
2026-08-07 00:00:00,IDFCFIRSTB,85.0,85.14,84.35,84.62,9539702
2026-08-07 00:00:00,INDUSINDBK,1010.3,1024.9,1004.4,1022.0,1727371
2026-08-07 00:00:00,KOTAKBANK,393.0,394.85,387.75,390.75,7315232
2026-08-07 00:00:00,PNB,114.01,115.37,113.6,114.81,11202537
2026-08-07 00:00:00,SBIN,1080.1,1124.5,1075.7,1097.2,29410622
2026-08-07 00:00:00,UNIONBANK,182.2,184.9,180.0,183.6,22186841
2026-08-07 00:00:00,YESBANK,22.68,22.8,22.63,22.69,25521116
2026-08-10 00:00:00,AUBANK,1068.3,1071.9,1061.0,1068.0,812656
2026-08-10 00:00:00,AXISBANK,1235.0,1250.0,1235.0,1247.3,3661847
2026-08-10 00:00:00,BANDHANBNK,176.05,176.67,172.3,172.62,6631422
2026-08-10 00:00:00,BANKBARODA,250.11,250.98,246.17,247.81,6890654
2026-08-10 00:00:00,CANBK,132.4,132.55,128.65,129.0,21940289
2026-08-10 00:00:00,FEDERALBNK,357.0,358.6,353.95,358.35,2848547
2026-08-10 00:00:00,HDFCBANK,731.5,737.55,728.5,731.0,23660590
2026-08-10 00:00:00,ICICIBANK,1428.1,1441.9,1415.5,1431.8,12749354
2026-08-10 00:00:00,IDFCFIRSTB,84.34,85.17,84.34,85.1,12170856
2026-08-10 00:00:00,INDUSINDBK,1022.0,1028.0,1012.0,1027.3,1042293
2026-08-10 00:00:00,KOTAKBANK,388.0,393.5,386.5,393.5,11662079
2026-08-10 00:00:00,PNB,114.81,115.19,113.2,113.5,11111923
2026-08-10 00:00:00,SBIN,1108.0,1113.3,1068.6,1071.0,16623448
2026-08-10 00:00:00,UNIONBANK,183.69,185.74,179.94,181.14,8941327
2026-08-10 00:00:00,YESBANK,22.69,22.75,22.53,22.75,37889332
2026-08-11 00:00:00,AUBANK,1068.0,1072.0,1048.3,1070.9,1875527
2026-08-11 00:00:00,AXISBANK,1242.0,1243.0,1225.4,1229.8,5843702
2026-08-11 00:00:00,BANDHANBNK,172.62,175.3,171.0,174.0,5260473
2026-08-11 00:00:00,BANKBARODA,247.0,247.47,243.6,246.2,13598893
2026-08-11 00:00:00,CANBK,129.0,130.48,127.86,130.3,11765490
2026-08-11 00:00:00,FEDERALBNK,357.2,357.2,352.2,354.55,4843398
2026-08-11 00:00:00,HDFCBANK,730.5,730.85,726.55,729.0,29154365
2026-08-11 00:00:00,ICICIBANK,1432.1,1434.0,1412.2,1429.6,10471914
2026-08-11 00:00:00,IDFCFIRSTB,84.76,84.96,84.07,84.27,5693150
2026-08-11 00:00:00,INDUSINDBK,1023.0,1024.0,1005.0,1008.9,1400560
2026-08-11 00:00:00,KOTAKBANK,392.1,392.9,388.3,392.9,7853813
2026-08-11 00:00:00,PNB,113.5,114.3,112.3,114.03,14258368
2026-08-11 00:00:00,SBIN,1071.0,1071.0,1060.4,1066.0,9456913
2026-08-11 00:00:00,UNIONBANK,181.94,184.85,179.88,182.5,14742300
2026-08-11 00:00:00,YESBANK,22.75,22.79,22.58,22.75,31365174
2026-08-12 00:00:00,AUBANK,1070.9,1091.4,1062.0,1091.4,1572313
2026-08-12 00:00:00,AXISBANK,1230.0,1234.9,1216.9,1230.0,7218881
2026-08-12 00:00:00,BANDHANBNK,173.82,176.79,172.57,176.0,7049218
2026-08-12 00:00:00,BANKBARODA,246.0,251.4,245.5,251.0,8298917
2026-08-12 00:00:00,CANBK,130.0,133.11,129.6,132.0,26542679
2026-08-12 00:00:00,FEDERALBNK,354.55,357.65,353.8,356.85,3369817
2026-08-12 00:00:00,HDFCBANK,729.0,730.65,722.0,729.0,26993177
2026-08-12 00:00:00,ICICIBANK,1429.4,1435.0,1418.6,1431.7,8201733
2026-08-12 00:00:00,IDFCFIRSTB,83.61,85.8,83.61,85.8,16618607
2026-08-12 00:00:00,INDUSINDBK,1009.0,1022.7,1006.5,1017.5,915131
2026-08-12 00:00:00,KOTAKBANK,391.0,394.25,387.5,390.5,10733474
2026-08-12 00:00:00,PNB,113.95,119.5,113.72,118.98,51235935
2026-08-12 00:00:00,SBIN,1066.0,1085.5,1066.0,1082.0,17673922
2026-08-12 00:00:00,UNIONBANK,182.5,187.6,181.82,187.0,22005359
2026-08-12 00:00:00,YESBANK,22.75,22.98,22.62,22.98,68269921
2026-08-13 00:00:00,AUBANK,1091.0,1101.1,1081.1,1098.0,1643565
2026-08-13 00:00:00,AXISBANK,1224.5,1224.8,1215.6,1221.8,5284300
2026-08-13 00:00:00,BANDHANBNK,176.0,176.78,175.16,175.9,2979357
2026-08-13 00:00:00,BANKBARODA,250.99,250.99,247.64,248.0,3547993
2026-08-13 00:00:00,CANBK,132.0,132.6,130.5,131.8,11698154
2026-08-13 00:00:00,FEDERALBNK,356.5,356.5,352.0,352.45,2690529
2026-08-13 00:00:00,HDFCBANK,726.9,729.0,724.5,725.0,22129893
2026-08-13 00:00:00,ICICIBANK,1429.0,1429.0,1406.4,1406.8,11408206
2026-08-13 00:00:00,IDFCFIRSTB,85.7,86.67,85.26,86.55,15202426
2026-08-13 00:00:00,INDUSINDBK,1015.0,1024.7,1009.0,1024.7,674807
2026-08-13 00:00:00,KOTAKBANK,390.4,392.4,388.55,392.4,5726518
2026-08-13 00:00:00,PNB,118.62,119.35,117.31,117.59,10028318
2026-08-13 00:00:00,SBIN,1083.0,1086.8,1073.0,1083.0,9502483
2026-08-13 00:00:00,UNIONBANK,187.0,188.7,185.32,186.5,7551665
2026-08-13 00:00:00,YESBANK,22.97,23.04,22.81,22.98,37644646
2026-08-14 00:00:00,AUBANK,1098.0,1098.0,1078.6,1081.9,1009455
2026-08-14 00:00:00,AXISBANK,1216.0,1218.7,1208.6,1217.4,5557745
2026-08-14 00:00:00,BANDHANBNK,175.5,176.3,173.51,174.55,2509360
2026-08-14 00:00:00,BANKBARODA,248.0,250.79,247.5,248.22,7812221
2026-08-14 00:00:00,CANBK,131.8,131.8,127.77,131.25,10082358
2026-08-14 00:00:00,FEDERALBNK,352.0,354.6,351.05,351.3,2420967
2026-08-14 00:00:00,HDFCBANK,725.0,729.6,723.5,727.0,20364131
2026-08-14 00:00:00,ICICIBANK,1403.0,1417.8,1401.0,1417.0,6097934
2026-08-14 00:00:00,IDFCFIRSTB,86.42,86.52,85.53,85.69,7407001
2026-08-14 00:00:00,INDUSINDBK,1022.5,1026.6,1014.2,1020.8,1034094
2026-08-14 00:00:00,KOTAKBANK,393.1,394.35,389.85,391.15,9519332
2026-08-14 00:00:00,PNB,117.88,118.9,117.4,118.0,11249012
2026-08-14 00:00:00,SBIN,1082.0,1082.0,1065.1,1067.7,6273501
2026-08-14 00:00:00,UNIONBANK,187.33,189.34,186.39,187.38,17139005
2026-08-14 00:00:00,YESBANK,22.98,23.0,22.67,22.67,38939042
2026-08-17 00:00:00,AUBANK,1080.0,1092.5,1072.2,1072.2,922463
2026-08-17 00:00:00,AXISBANK,1220.0,1235.0,1213.6,1227.3,6068014
2026-08-17 00:00:00,BANDHANBNK,174.2,174.2,172.15,173.25,2639964
2026-08-17 00:00:00,BANKBARODA,247.6,248.11,243.11,246.55,7061942
2026-08-17 00:00:00,CANBK,131.01,132.02,129.1,131.1,11137827
2026-08-17 00:00:00,FEDERALBNK,351.25,356.45,349.65,354.1,3616352
2026-08-17 00:00:00,HDFCBANK,727.05,732.1,724.5,729.0,14823722
2026-08-17 00:00:00,ICICIBANK,1418.0,1423.6,1407.0,1415.3,5605603
2026-08-17 00:00:00,IDFCFIRSTB,85.41,85.59,84.51,85.05,7298246
2026-08-17 00:00:00,INDUSINDBK,1020.0,1020.0,1002.5,1010.6,1108193
2026-08-17 00:00:00,KOTAKBANK,389.0,396.35,389.0,392.7,5105327
2026-08-17 00:00:00,PNB,117.11,118.06,115.32,117.32,12881843
2026-08-17 00:00:00,SBIN,1064.2,1068.8,1052.4,1061.2,7039473
2026-08-17 00:00:00,UNIONBANK,187.37,190.15,184.27,188.9,14697760
2026-08-17 00:00:00,YESBANK,22.67,23.02,22.45,22.92,58204418
2026-08-18 00:00:00,AUBANK,1071.0,1079.6,1064.5,1075.7,450491
2026-08-18 00:00:00,AXISBANK,1223.9,1250.5,1223.4,1243.0,5064697
2026-08-18 00:00:00,BANDHANBNK,173.25,174.0,170.21,170.5,4548748
2026-08-18 00:00:00,BANKBARODA,245.42,247.28,243.9,244.0,3521816
2026-08-18 00:00:00,CANBK,130.0,131.0,129.1,129.1,6622726
2026-08-18 00:00:00,FEDERALBNK,354.2,358.6,352.5,357.8,2828360
2026-08-18 00:00:00,HDFCBANK,726.3,729.0,723.0,723.0,17916507
2026-08-18 00:00:00,ICICIBANK,1410.0,1416.6,1406.3,1412.0,8345198
2026-08-18 00:00:00,IDFCFIRSTB,85.0,85.47,84.6,84.76,8806133
2026-08-18 00:00:00,INDUSINDBK,1007.0,1019.5,1007.0,1015.0,539358
2026-08-18 00:00:00,KOTAKBANK,391.0,392.9,387.65,387.65,5653147
2026-08-18 00:00:00,PNB,117.0,117.99,116.5,116.5,7856627
2026-08-18 00:00:00,SBIN,1059.6,1067.7,1053.0,1053.0,5583771
2026-08-18 00:00:00,UNIONBANK,187.99,190.58,185.5,185.5,6684017
2026-08-18 00:00:00,YESBANK,22.9,22.97,22.45,22.46,49817232
2026-08-19 00:00:00,AUBANK,1071.0,1080.9,1063.7,1075.0,1035506
2026-08-19 00:00:00,AXISBANK,1243.1,1245.0,1224.0,1235.0,3061937
2026-08-19 00:00:00,BANDHANBNK,170.51,170.89,167.64,169.2,4976272
2026-08-19 00:00:00,BANKBARODA,244.07,245.55,243.15,245.0,6256020
2026-08-19 00:00:00,CANBK,129.1,129.4,128.1,129.08,7255746
2026-08-19 00:00:00,FEDERALBNK,357.8,360.0,355.15,358.8,2198228
2026-08-19 00:00:00,HDFCBANK,724.0,725.4,715.1,720.0,21342651
2026-08-19 00:00:00,ICICIBANK,1412.0,1416.0,1391.5,1402.0,10304210
2026-08-19 00:00:00,IDFCFIRSTB,85.24,85.55,85.0,85.49,8681089
2026-08-19 00:00:00,INDUSINDBK,1011.9,1016.7,1007.6,1016.7,433216
2026-08-19 00:00:00,KOTAKBANK,387.0,393.1,386.75,390.25,6704930
2026-08-19 00:00:00,PNB,116.45,117.59,116.03,117.48,7920810
2026-08-19 00:00:00,SBIN,1053.2,1054.8,1041.4,1048.6,7182636
2026-08-19 00:00:00,UNIONBANK,185.0,187.6,184.9,186.9,7514657
2026-08-19 00:00:00,YESBANK,22.5,22.77,22.42,22.74,49505267
2026-08-20 00:00:00,AUBANK,1076.9,1092.5,1076.0,1088.0,3678931
2026-08-20 00:00:00,AXISBANK,1237.5,1253.9,1236.2,1251.0,4163816
2026-08-20 00:00:00,BANDHANBNK,170.1,175.95,170.1,174.16,8020125
2026-08-20 00:00:00,BANKBARODA,246.5,247.15,244.25,244.5,5598278
2026-08-20 00:00:00,CANBK,129.53,130.49,129.05,129.6,9575025
2026-08-20 00:00:00,FEDERALBNK,361.9,364.2,355.3,355.3,4349435
2026-08-20 00:00:00,HDFCBANK,725.5,728.3,724.3,725.05,17603805
2026-08-20 00:00:00,ICICIBANK,1407.8,1413.0,1403.3,1411.9,8425049
2026-08-20 00:00:00,IDFCFIRSTB,85.66,86.5,85.6,85.84,13363445
2026-08-20 00:00:00,INDUSINDBK,1013.0,1014.5,1002.0,1008.0,858064
2026-08-20 00:00:00,KOTAKBANK,393.6,399.55,393.15,397.35,9258923
2026-08-20 00:00:00,PNB,117.9,119.1,117.44,118.0,8551120
2026-08-20 00:00:00,SBIN,1052.9,1052.9,1045.7,1048.0,5879949
2026-08-20 00:00:00,UNIONBANK,187.93,189.46,184.39,184.68,9632097
2026-08-20 00:00:00,YESBANK,22.8,22.96,22.73,22.74,34376881
2026-08-21 00:00:00,AUBANK,1088.0,1108.2,1083.9,1108.2,2113659
2026-08-21 00:00:00,AXISBANK,1250.6,1256.4,1240.4,1245.8,3690270
2026-08-21 00:00:00,BANDHANBNK,174.78,177.09,174.16,175.1,6671543
2026-08-21 00:00:00,BANKBARODA,244.0,247.0,243.5,247.0,7918075
2026-08-21 00:00:00,CANBK,129.6,129.96,128.5,129.96,8125972
2026-08-21 00:00:00,FEDERALBNK,356.3,361.0,355.15,361.0,4398375
2026-08-21 00:00:00,HDFCBANK,728.3,732.8,726.6,726.95,26029811
2026-08-21 00:00:00,ICICIBANK,1417.0,1420.0,1411.2,1420.0,4565280
2026-08-21 00:00:00,IDFCFIRSTB,85.6,86.75,85.59,86.75,12594633
2026-08-21 00:00:00,INDUSINDBK,1007.8,1007.8,997.0,1005.6,1043385
2026-08-21 00:00:00,KOTAKBANK,398.9,406.0,398.3,402.8,15670257
2026-08-21 00:00:00,PNB,117.45,117.52,115.41,116.55,14049357
2026-08-21 00:00:00,SBIN,1052.7,1054.7,1040.1,1048.7,6534213
2026-08-21 00:00:00,UNIONBANK,185.3,185.3,182.5,183.45,6917352
2026-08-21 00:00:00,YESBANK,22.74,22.87,22.63,22.8,33859169
2026-08-24 00:00:00,AUBANK,1109.0,1114.2,1100.7,1114.0,1606553
2026-08-24 00:00:00,AXISBANK,1245.8,1248.7,1231.8,1236.0,3778588
2026-08-24 00:00:00,BANDHANBNK,175.5,180.74,173.38,173.9,13819305
2026-08-24 00:00:00,BANKBARODA,245.55,246.12,239.9,241.5,15274497
2026-08-24 00:00:00,CANBK,129.62,129.87,126.8,127.3,13556593
2026-08-24 00:00:00,FEDERALBNK,360.45,361.25,355.3,357.75,4729477
2026-08-24 00:00:00,HDFCBANK,732.5,734.4,724.1,729.0,11408345
2026-08-24 00:00:00,ICICIBANK,1420.5,1425.5,1408.7,1415.0,5307113
2026-08-24 00:00:00,IDFCFIRSTB,86.91,86.94,85.41,85.89,12075489
2026-08-24 00:00:00,INDUSINDBK,1005.1,1018.4,1004.5,1018.4,948101
2026-08-24 00:00:00,KOTAKBANK,403.5,405.6,398.2,401.45,14932117
2026-08-24 00:00:00,PNB,116.5,117.03,115.0,115.86,10613260
2026-08-24 00:00:00,SBIN,1047.9,1047.9,1032.1,1039.5,8868193
2026-08-24 00:00:00,UNIONBANK,183.45,184.7,182.02,183.6,4499886
2026-08-24 00:00:00,YESBANK,22.8,22.86,22.51,22.6,41025996
2026-08-25 00:00:00,AUBANK,1114.0,1144.1,1105.1,1128.6,5688015
2026-08-25 00:00:00,AXISBANK,1236.1,1240.5,1229.8,1235.0,3606504
2026-08-25 00:00:00,BANDHANBNK,174.4,175.47,172.45,173.5,4336723
2026-08-25 00:00:00,BANKBARODA,241.5,242.9,239.9,241.0,11320890
2026-08-25 00:00:00,CANBK,127.23,128.81,126.25,128.81,14786516
2026-08-25 00:00:00,FEDERALBNK,357.7,358.7,342.05,346.95,16134284
2026-08-25 00:00:00,HDFCBANK,726.6,728.7,722.0,727.5,17511874
2026-08-25 00:00:00,ICICIBANK,1408.0,1424.9,1408.0,1422.7,7983249
2026-08-25 00:00:00,IDFCFIRSTB,85.92,86.17,85.0,85.0,11785661
2026-08-25 00:00:00,INDUSINDBK,1014.9,1022.0,1003.6,1015.0,1427222
2026-08-25 00:00:00,KOTAKBANK,398.3,402.05,398.15,401.6,10154716
2026-08-25 00:00:00,PNB,115.61,116.9,115.01,115.93,13026659
2026-08-25 00:00:00,SBIN,1036.0,1048.0,1031.3,1048.0,9982723
2026-08-25 00:00:00,UNIONBANK,182.35,187.33,181.4,186.98,11180970
2026-08-25 00:00:00,YESBANK,22.6,22.67,22.42,22.5,64264051
2026-08-26 00:00:00,AUBANK,1128.6,1131.4,1113.5,1113.5,618521
2026-08-26 00:00:00,AXISBANK,1240.1,1257.7,1238.2,1255.0,3298266
2026-08-26 00:00:00,BANDHANBNK,174.0,176.43,172.84,173.5,3786900
2026-08-26 00:00:00,BANKBARODA,242.0,245.59,242.0,242.5,4759203
2026-08-26 00:00:00,CANBK,128.95,130.9,128.5,129.45,15134921
2026-08-26 00:00:00,FEDERALBNK,348.25,349.15,343.6,345.3,6361778
2026-08-26 00:00:00,HDFCBANK,728.0,731.0,724.15,727.2,21156463
2026-08-26 00:00:00,ICICIBANK,1423.1,1446.0,1423.1,1430.0,4177066
2026-08-26 00:00:00,IDFCFIRSTB,85.18,86.59,84.4,84.4,12673198
2026-08-26 00:00:00,INDUSINDBK,1010.5,1018.6,989.4,1004.0,1098699
2026-08-26 00:00:00,KOTAKBANK,402.5,417.45,401.0,416.7,20168995
2026-08-26 00:00:00,PNB,116.93,118.2,116.39,116.7,7741983
2026-08-26 00:00:00,SBIN,1051.4,1062.3,1051.2,1052.0,5858099
2026-08-26 00:00:00,UNIONBANK,187.98,192.33,187.12,187.52,13973998
2026-08-26 00:00:00,YESBANK,22.6,22.8,22.34,22.38,53612306
2026-08-27 00:00:00,AUBANK,1117.4,1126.8,1088.0,1091.0,898558
2026-08-27 00:00:00,AXISBANK,1260.0,1268.7,1251.4,1256.0,7005789
2026-08-27 00:00:00,BANDHANBNK,174.0,174.5,169.5,169.7,4668712
2026-08-27 00:00:00,BANKBARODA,244.33,244.62,240.0,241.0,4454374
2026-08-27 00:00:00,CANBK,131.43,131.43,127.7,128.14,10921428
2026-08-27 00:00:00,FEDERALBNK,347.0,348.15,343.4,344.8,4512557
2026-08-27 00:00:00,HDFCBANK,728.15,728.15,710.0,711.0,46515020
2026-08-27 00:00:00,ICICIBANK,1445.0,1453.8,1433.1,1443.0,11539716
2026-08-27 00:00:00,IDFCFIRSTB,84.4,84.88,83.72,83.8,10079336
2026-08-27 00:00:00,INDUSINDBK,1004.0,1005.3,994.5,1002.9,1187891
2026-08-27 00:00:00,KOTAKBANK,415.75,427.7,415.0,424.2,32914085
2026-08-27 00:00:00,PNB,116.7,117.2,115.07,115.4,10955188
2026-08-27 00:00:00,SBIN,1052.0,1054.4,1042.9,1042.9,4788716
2026-08-27 00:00:00,UNIONBANK,189.0,189.64,184.08,184.5,6999263
2026-08-27 00:00:00,YESBANK,22.4,22.55,22.25,22.26,40844488
2026-08-28 00:00:00,AUBANK,1086.3,1094.3,1073.3,1077.1,871951
2026-08-28 00:00:00,AXISBANK,1256.0,1265.4,1248.2,1265.0,3243469
2026-08-28 00:00:00,BANDHANBNK,170.03,170.48,167.8,168.25,3469922
2026-08-28 00:00:00,BANKBARODA,241.15,241.9,239.5,241.9,3571651
2026-08-28 00:00:00,CANBK,128.15,129.06,127.25,128.35,13970144
2026-08-28 00:00:00,FEDERALBNK,343.05,345.85,342.25,344.25,3391019
2026-08-28 00:00:00,HDFCBANK,710.85,720.3,707.0,720.3,16494301
2026-08-28 00:00:00,ICICIBANK,1435.0,1439.8,1418.9,1422.8,8625738
2026-08-28 00:00:00,IDFCFIRSTB,83.79,84.23,82.95,83.12,14247602
2026-08-28 00:00:00,INDUSINDBK,997.0,1000.6,987.3,994.0,1026834
2026-08-28 00:00:00,KOTAKBANK,424.6,426.2,421.0,423.7,18952918
2026-08-28 00:00:00,PNB,114.81,115.75,114.42,115.4,8502644
2026-08-28 00:00:00,SBIN,1046.0,1051.2,1040.5,1047.5,4969272
2026-08-28 00:00:00,UNIONBANK,184.7,186.31,184.09,186.0,3617223
2026-08-28 00:00:00,YESBANK,22.31,22.36,22.01,22.1,63531708
2026-08-31 00:00:00,AUBANK,1075.0,1086.2,1064.3,1086.2,1482998
2026-08-31 00:00:00,AXISBANK,1257.0,1300.0,1251.2,1300.0,6093670
2026-08-31 00:00:00,BANDHANBNK,168.25,168.95,163.4,163.5,7241191
2026-08-31 00:00:00,BANKBARODA,241.2,241.27,236.3,238.6,9869595
2026-08-31 00:00:00,CANBK,127.5,127.69,125.5,126.9,15831688
2026-08-31 00:00:00,FEDERALBNK,342.6,356.7,341.55,356.7,6824404
2026-08-31 00:00:00,HDFCBANK,723.05,739.75,704.15,709.0,78157067
2026-08-31 00:00:00,ICICIBANK,1422.8,1454.0,1419.0,1454.0,15331697
2026-08-31 00:00:00,IDFCFIRSTB,83.0,85.97,82.5,85.97,19780056
2026-08-31 00:00:00,INDUSINDBK,992.0,1016.6,980.3,1016.6,1476566
2026-08-31 00:00:00,KOTAKBANK,421.0,425.05,419.4,419.4,18992797
2026-08-31 00:00:00,PNB,115.0,115.35,113.16,114.23,18423594
2026-08-31 00:00:00,SBIN,1041.2,1060.0,1034.5,1060.0,5138732
2026-08-31 00:00:00,UNIONBANK,184.68,188.63,181.8,188.63,9767401
2026-08-31 00:00:00,YESBANK,22.07,22.83,21.98,22.83,102020136
