date,symbol,weight,weight_source
2023-01-31,AUBANK,2.49,OFFICIAL
2023-01-31,AXISBANK,10.01,OFFICIAL
2023-01-31,BANDHANBNK,1.55,OFFICIAL
2023-01-31,BANKBARODA,2.62,OFFICIAL
2023-01-31,FEDERALBNK,2.38,OFFICIAL
2023-01-31,HDFCBANK,28.66,OFFICIAL
2023-01-31,ICICIBANK,23.54,OFFICIAL
2023-01-31,IDFCFIRSTB,1.49,OFFICIAL
2023-01-31,INDUSINDBK,5.91,OFFICIAL
2023-01-31,KOTAKBANK,10.18,OFFICIAL
2023-01-31,PNB,1.33,OFFICIAL
2023-01-31,SBIN,9.85,OFFICIAL
2023-02-01,AUBANK,2.471797507515829,RECONSTRUCTED
2023-02-01,AXISBANK,9.881630687470825,RECONSTRUCTED
2023-02-01,BANDHANBNK,1.5101151879797694,RECONSTRUCTED
2023-02-01,BANKBARODA,2.4159320058227545,RECONSTRUCTED
2023-02-01,FEDERALBNK,2.3349628751647304,RECONSTRUCTED
2023-02-01,HDFCBANK,29.184456109857305,RECONSTRUCTED
2023-02-01,ICICIBANK,24.074557949084184,RECONSTRUCTED
2023-02-01,IDFCFIRSTB,1.445851230034441,RECONSTRUCTED
2023-02-01,INDUSINDBK,5.707239418336852,RECONSTRUCTED
2023-02-01,KOTAKBANK,10.298305087976763,RECONSTRUCTED
2023-02-01,PNB,1.2614314966532962,RECONSTRUCTED
2023-02-01,SBIN,9.413720444103264,RECONSTRUCTED
2023-02-02,AUBANK,2.5166289846860015,RECONSTRUCTED
2023-02-02,AXISBANK,9.972270694766525,RECONSTRUCTED
2023-02-02,BANDHANBNK,1.4395840090507792,RECONSTRUCTED
2023-02-02,BANKBARODA,2.3980875521355713,RECONSTRUCTED
2023-02-02,FEDERALBNK,2.3605226205354133,RECONSTRUCTED
2023-02-02,HDFCBANK,28.640046264887204,RECONSTRUCTED
2023-02-02,ICICIBANK,24.26346711139622,RECONSTRUCTED
2023-02-02,IDFCFIRSTB,1.5193209805254708,RECONSTRUCTED
2023-02-02,INDUSINDBK,5.871119464403874,RECONSTRUCTED
2023-02-02,KOTAKBANK,10.35898936457617,RECONSTRUCTED
2023-02-02,PNB,1.2690756529567109,RECONSTRUCTED
2023-02-02,SBIN,9.390887300080065,RECONSTRUCTED
2023-02-03,AUBANK,2.481259296049678,RECONSTRUCTED
2023-02-03,AXISBANK,9.931962535376412,RECONSTRUCTED
2023-02-03,BANDHANBNK,1.4160649425791036,RECONSTRUCTED
2023-02-03,BANKBARODA,2.4957928816612065,RECONSTRUCTED
2023-02-03,FEDERALBNK,2.315025381968297,RECONSTRUCTED
2023-02-03,HDFCBANK,29.037639954892093,RECONSTRUCTED
2023-02-03,ICICIBANK,23.94149694959797,RECONSTRUCTED
2023-02-03,IDFCFIRSTB,1.4689347730950384,RECONSTRUCTED
2023-02-03,INDUSINDBK,5.901507117620805,RECONSTRUCTED
2023-02-03,KOTAKBANK,10.258602665369533,RECONSTRUCTED
2023-02-03,PNB,1.2681641446443832,RECONSTRUCTED
2023-02-03,SBIN,9.483549357145483,RECONSTRUCTED
2023-02-06,AUBANK,2.5002317081629695,RECONSTRUCTED
2023-02-06,AXISBANK,9.962550774861533,RECONSTRUCTED
2023-02-06,BANDHANBNK,1.4736787813280177,RECONSTRUCTED
2023-02-06,BANKBARODA,2.5691343229658474,RECONSTRUCTED
2023-02-06,FEDERALBNK,2.3133203647632317,RECONSTRUCTED
2023-02-06,HDFCBANK,29.00163467196824,RECONSTRUCTED
2023-02-06,ICICIBANK,23.733088338093655,RECONSTRUCTED
2023-02-06,IDFCFIRSTB,1.4971798310415068,RECONSTRUCTED
2023-02-06,INDUSINDBK,6.056663307693665,RECONSTRUCTED
2023-02-06,KOTAKBANK,10.097149696054668,RECONSTRUCTED
2023-02-06,PNB,1.2621753725128018,RECONSTRUCTED
2023-02-06,SBIN,9.533192830553846,RECONSTRUCTED
2023-02-07,AUBANK,2.560080984425943,RECONSTRUCTED
2023-02-07,AXISBANK,9.894651132143842,RECONSTRUCTED
2023-02-07,BANDHANBNK,1.4614590353639838,RECONSTRUCTED
2023-02-07,BANKBARODA,2.571846569338871,RECONSTRUCTED
2023-02-07,FEDERALBNK,2.2738524492564878,RECONSTRUCTED
2023-02-07,HDFCBANK,28.96318795187073,RECONSTRUCTED
2023-02-07,ICICIBANK,23.64018584738151,RECONSTRUCTED
2023-02-07,IDFCFIRSTB,1.4967286254414054,RECONSTRUCTED
2023-02-07,INDUSINDBK,6.11322259469144,RECONSTRUCTED
2023-02-07,KOTAKBANK,10.23251263457421,RECONSTRUCTED
2023-02-07,PNB,1.2561865298692707,RECONSTRUCTED
2023-02-07,SBIN,9.53608564564232,RECONSTRUCTED
2023-02-08,AUBANK,2.55720206031898,RECONSTRUCTED
2023-02-08,AXISBANK,9.800889758301318,RECONSTRUCTED
2023-02-08,BANDHANBNK,1.4852901028024361,RECONSTRUCTED
2023-02-08,BANKBARODA,2.560571590652292,RECONSTRUCTED
2023-02-08,FEDERALBNK,2.2773637482689923,RECONSTRUCTED
2023-02-08,HDFCBANK,28.92711973021786,RECONSTRUCTED
2023-02-08,ICICIBANK,23.789440017889024,RECONSTRUCTED
2023-02-08,IDFCFIRSTB,1.485061878745401,RECONSTRUCTED
2023-02-08,INDUSINDBK,6.11943799861836,RECONSTRUCTED
2023-02-08,KOTAKBANK,10.164011266601067,RECONSTRUCTED
2023-02-08,PNB,1.262111751671056,RECONSTRUCTED
2023-02-08,SBIN,9.571500095913205,RECONSTRUCTED
2023-02-09,AUBANK,2.524076929721418,RECONSTRUCTED
2023-02-09,AXISBANK,9.751445445956398,RECONSTRUCTED
2023-02-09,BANDHANBNK,1.503327063682136,RECONSTRUCTED
2023-02-09,BANKBARODA,2.581636329791122,RECONSTRUCTED
2023-02-09,FEDERALBNK,2.2521870641556934,RECONSTRUCTED
2023-02-09,HDFCBANK,28.855208894557677,RECONSTRUCTED
2023-02-09,ICICIBANK,23.826958498769514,RECONSTRUCTED
2023-02-09,IDFCFIRSTB,1.4657547323464912,RECONSTRUCTED
2023-02-09,INDUSINDBK,6.21552076155446,RECONSTRUCTED
2023-02-09,KOTAKBANK,10.191011781463043,RECONSTRUCTED
2023-02-09,PNB,1.246935917579783,RECONSTRUCTED
2023-02-09,SBIN,9.585936580422267,RECONSTRUCTED
2023-02-10,AUBANK,2.559601457703837,RECONSTRUCTED
2023-02-10,AXISBANK,9.745180972054216,RECONSTRUCTED
2023-02-10,BANDHANBNK,1.517113447712345,RECONSTRUCTED
2023-02-10,BANKBARODA,2.5790315259869154,RECONSTRUCTED
2023-02-10,FEDERALBNK,2.277901645571192,RECONSTRUCTED
2023-02-10,HDFCBANK,28.966128776588317,RECONSTRUCTED
2023-02-10,ICICIBANK,23.63165484350005,RECONSTRUCTED
2023-02-10,IDFCFIRSTB,1.4493583219757156,RECONSTRUCTED
2023-02-10,INDUSINDBK,6.200866733873194,RECONSTRUCTED
2023-02-10,KOTAKBANK,10.196366548316805,RECONSTRUCTED
2023-02-10,PNB,1.2528931375588515,RECONSTRUCTED
2023-02-10,SBIN,9.623902589158563,RECONSTRUCTED
2023-02-13,AUBANK,2.5163284362216958,RECONSTRUCTED
2023-02-13,AXISBANK,9.71842182350165,RECONSTRUCTED
2023-02-13,BANDHANBNK,1.4819753399410749,RECONSTRUCTED
2023-02-13,BANKBARODA,2.5334723116890387,RECONSTRUCTED
2023-02-13,FEDERALBNK,2.2748794926592835,RECONSTRUCTED
2023-02-13,HDFCBANK,29.182625461953705,RECONSTRUCTED
2023-02-13,ICICIBANK,23.701175430087677,RECONSTRUCTED
2023-02-13,IDFCFIRSTB,1.4427666521079219,RECONSTRUCTED
2023-02-13,INDUSINDBK,6.221806682242118,RECONSTRUCTED
2023-02-13,KOTAKBANK,10.274969578602906,RECONSTRUCTED
2023-02-13,PNB,1.2354645952197962,RECONSTRUCTED
2023-02-13,SBIN,9.416114195773146,RECONSTRUCTED
2023-02-14,AUBANK,2.4875309749321497,RECONSTRUCTED
2023-02-14,AXISBANK,9.763633520428334,RECONSTRUCTED
2023-02-14,BANDHANBNK,1.4627529489001783,RECONSTRUCTED
2023-02-14,BANKBARODA,2.5659283297881315,RECONSTRUCTED
2023-02-14,FEDERALBNK,2.2436449434814003,RECONSTRUCTED
2023-02-14,HDFCBANK,29.193874888153825,RECONSTRUCTED
2023-02-14,ICICIBANK,23.89745444337998,RECONSTRUCTED
2023-02-14,IDFCFIRSTB,1.425107132535998,RECONSTRUCTED
2023-02-14,INDUSINDBK,6.16445672457705,RECONSTRUCTED
2023-02-14,KOTAKBANK,10.16485035996141,RECONSTRUCTED
2023-02-14,PNB,1.2392423870447473,RECONSTRUCTED
2023-02-14,SBIN,9.391523346816795,RECONSTRUCTED
2023-02-15,AUBANK,2.4863268539218617,RECONSTRUCTED
2023-02-15,AXISBANK,9.71686602574148,RECONSTRUCTED
2023-02-15,BANDHANBNK,1.4985071478485819,RECONSTRUCTED
2023-02-15,BANKBARODA,2.572221125316523,RECONSTRUCTED
2023-02-15,FEDERALBNK,2.2374725333730576,RECONSTRUCTED
2023-02-15,HDFCBANK,29.076828482241208,RECONSTRUCTED
2023-02-15,ICICIBANK,24.001688009921516,RECONSTRUCTED
2023-02-15,IDFCFIRSTB,1.4284935854148804,RECONSTRUCTED
2023-02-15,INDUSINDBK,6.113683324984154,RECONSTRUCTED
2023-02-15,KOTAKBANK,10.231519493492582,RECONSTRUCTED
2023-02-15,PNB,1.2392209783581245,RECONSTRUCTED
2023-02-15,SBIN,9.397172439386033,RECONSTRUCTED
2023-02-16,AUBANK,2.4627965827214937,RECONSTRUCTED
2023-02-16,AXISBANK,9.700316369452153,RECONSTRUCTED
2023-02-16,BANDHANBNK,1.50085628571489,RECONSTRUCTED
2023-02-16,BANKBARODA,2.5867456919465828,RECONSTRUCTED
2023-02-16,FEDERALBNK,2.253210870818976,RECONSTRUCTED
2023-02-16,HDFCBANK,29.04089746347666,RECONSTRUCTED
2023-02-16,ICICIBANK,24.021874399958566,RECONSTRUCTED
2023-02-16,IDFCFIRSTB,1.4194634679799087,RECONSTRUCTED
2023-02-16,INDUSINDBK,6.1216623732100315,RECONSTRUCTED
2023-02-16,KOTAKBANK,10.270097469651905,RECONSTRUCTED
2023-02-16,PNB,1.2397485272498712,RECONSTRUCTED
2023-02-16,SBIN,9.382330497818975,RECONSTRUCTED
2023-02-17,AUBANK,2.4411854442772407,RECONSTRUCTED
2023-02-17,AXISBANK,9.706322592077994,RECONSTRUCTED
2023-02-17,BANDHANBNK,1.474538978169214,RECONSTRUCTED
2023-02-17,BANKBARODA,2.567376390586585,RECONSTRUCTED
2023-02-17,FEDERALBNK,2.2254289451832787,RECONSTRUCTED
2023-02-17,HDFCBANK,29.246213760797602,RECONSTRUCTED
2023-02-17,ICICIBANK,24.123536900239586,RECONSTRUCTED
2023-02-17,IDFCFIRSTB,1.408981360970413,RECONSTRUCTED
2023-02-17,INDUSINDBK,6.014467407018527,RECONSTRUCTED
2023-02-17,KOTAKBANK,10.228002639642106,RECONSTRUCTED
2023-02-17,PNB,1.2276380861288454,RECONSTRUCTED
2023-02-17,SBIN,9.336307494908608,RECONSTRUCTED
2023-02-20,AUBANK,2.4249552944458763,RECONSTRUCTED
2023-02-20,AXISBANK,9.715358242782376,RECONSTRUCTED
2023-02-20,BANDHANBNK,1.494238936888982,RECONSTRUCTED
2023-02-20,BANKBARODA,2.554836340843255,RECONSTRUCTED
2023-02-20,FEDERALBNK,2.2294766951112757,RECONSTRUCTED
2023-02-20,HDFCBANK,29.27765418282379,RECONSTRUCTED
2023-02-20,ICICIBANK,24.08025775966418,RECONSTRUCTED
2023-02-20,IDFCFIRSTB,1.4009425936771833,RECONSTRUCTED
2023-02-20,INDUSINDBK,6.048565633957767,RECONSTRUCTED
2023-02-20,KOTAKBANK,10.207098396558889,RECONSTRUCTED
2023-02-20,PNB,1.2356155741926345,RECONSTRUCTED
2023-02-20,SBIN,9.33100034905381,RECONSTRUCTED
2023-02-21,AUBANK,2.434878736544357,RECONSTRUCTED
2023-02-21,AXISBANK,9.691066141664818,RECONSTRUCTED
2023-02-21,BANDHANBNK,1.4581506599107512,RECONSTRUCTED
2023-02-21,BANKBARODA,2.488891359507822,RECONSTRUCTED
2023-02-21,FEDERALBNK,2.254919854558199,RECONSTRUCTED
2023-02-21,HDFCBANK,29.407713470607288,RECONSTRUCTED
2023-02-21,ICICIBANK,24.156271524265936,RECONSTRUCTED
2023-02-21,IDFCFIRSTB,1.3917142119886714,RECONSTRUCTED
2023-02-21,INDUSINDBK,6.011546533704017,RECONSTRUCTED
2023-02-21,KOTAKBANK,10.172403036214323,RECONSTRUCTED
2023-02-21,PNB,1.2252281205869948,RECONSTRUCTED
2023-02-21,SBIN,9.307216350446813,RECONSTRUCTED
2023-02-22,AUBANK,2.4364406603869644,RECONSTRUCTED
2023-02-22,AXISBANK,9.73033174542005,RECONSTRUCTED
2023-02-22,BANDHANBNK,1.4712417668541866,RECONSTRUCTED
2023-02-22,BANKBARODA,2.486740602715947,RECONSTRUCTED
2023-02-22,FEDERALBNK,2.254412139258218,RECONSTRUCTED
2023-02-22,HDFCBANK,29.319306280312595,RECONSTRUCTED
2023-02-22,ICICIBANK,24.135622779534664,RECONSTRUCTED
2023-02-22,IDFCFIRSTB,1.3841893412026074,RECONSTRUCTED
2023-02-22,INDUSINDBK,6.063463859138724,RECONSTRUCTED
2023-02-22,KOTAKBANK,10.167483609779334,RECONSTRUCTED
2023-02-22,PNB,1.2142347701041727,RECONSTRUCTED
2023-02-22,SBIN,9.336532445292542,RECONSTRUCTED
2023-02-23,AUBANK,2.427913732907559,RECONSTRUCTED
2023-02-23,AXISBANK,9.857378134229066,RECONSTRUCTED
2023-02-23,BANDHANBNK,1.4781312169964358,RECONSTRUCTED
2023-02-23,BANKBARODA,2.461066762127017,RECONSTRUCTED
2023-02-23,FEDERALBNK,2.3018044171421037,RECONSTRUCTED
2023-02-23,HDFCBANK,29.116307494597127,RECONSTRUCTED
2023-02-23,ICICIBANK,24.146593639888696,RECONSTRUCTED
2023-02-23,IDFCFIRSTB,1.3930651046855915,RECONSTRUCTED
2023-02-23,INDUSINDBK,5.967459401754096,RECONSTRUCTED
2023-02-23,KOTAKBANK,10.205504041582197,RECONSTRUCTED
2023-02-23,PNB,1.2254928657246418,RECONSTRUCTED
2023-02-23,SBIN,9.419283188365478,RECONSTRUCTED
2023-02-24,AUBANK,2.4525900650789567,RECONSTRUCTED
2023-02-24,AXISBANK,9.962637195650913,RECONSTRUCTED
2023-02-24,BANDHANBNK,1.4796046255725332,RECONSTRUCTED
2023-02-24,BANKBARODA,2.4524730953193132,RECONSTRUCTED
2023-02-24,FEDERALBNK,2.2944881105950587,RECONSTRUCTED
2023-02-24,HDFCBANK,28.92324659898761,RECONSTRUCTED
2023-02-24,ICICIBANK,24.200914342692787,RECONSTRUCTED
2023-02-24,IDFCFIRSTB,1.4105696489307822,RECONSTRUCTED
2023-02-24,INDUSINDBK,6.000981044378413,RECONSTRUCTED
2023-02-24,KOTAKBANK,10.170051407940422,RECONSTRUCTED
2023-02-24,PNB,1.2105026688202756,RECONSTRUCTED
2023-02-24,SBIN,9.44194119603292,RECONSTRUCTED
2023-02-27,AUBANK,2.424942130767441,RECONSTRUCTED
2023-02-27,AXISBANK,9.898527705811118,RECONSTRUCTED
2023-02-27,BANDHANBNK,1.456043099703925,RECONSTRUCTED
2023-02-27,BANKBARODA,2.4973878607290723,RECONSTRUCTED
2023-02-27,FEDERALBNK,2.298652638120811,RECONSTRUCTED
2023-02-27,HDFCBANK,28.709090297583174,RECONSTRUCTED
2023-02-27,ICICIBANK,24.43871630303842,RECONSTRUCTED
2023-02-27,IDFCFIRSTB,1.3992255119898414,RECONSTRUCTED
2023-02-27,INDUSINDBK,5.957193967798078,RECONSTRUCTED
2023-02-27,KOTAKBANK,10.23969113971358,RECONSTRUCTED
2023-02-27,PNB,1.212423697566109,RECONSTRUCTED
2023-02-27,SBIN,9.468105647178433,RECONSTRUCTED
2023-02-28,AUBANK,2.41,OFFICIAL
2023-02-28,AXISBANK,9.79,OFFICIAL
2023-02-28,BANDHANBNK,1.48,OFFICIAL
2023-02-28,BANKBARODA,2.5,OFFICIAL
2023-02-28,FEDERALBNK,2.31,OFFICIAL
2023-02-28,HDFCBANK,28.86,OFFICIAL
2023-02-28,ICICIBANK,24.42,OFFICIAL
2023-02-28,IDFCFIRSTB,1.42,OFFICIAL
2023-02-28,INDUSINDBK,5.94,OFFICIAL
2023-02-28,KOTAKBANK,10.27,OFFICIAL
2023-02-28,PNB,1.22,OFFICIAL
2023-02-28,SBIN,9.39,OFFICIAL
2023-03-01,AUBANK,2.589831329322012,RECONSTRUCTED
2023-03-01,AXISBANK,10.179560384973465,RECONSTRUCTED
2023-03-01,BANDHANBNK,1.5332806219219037,RECONSTRUCTED
2023-03-01,BANKBARODA,2.699069136402286,RECONSTRUCTED
2023-03-01,FEDERALBNK,2.5112963901153496,RECONSTRUCTED
2023-03-01,HDFCBANK,27.56281606594812,RECONSTRUCTED
2023-03-01,ICICIBANK,23.389708153049536,RECONSTRUCTED
2023-03-01,IDFCFIRSTB,1.533592319214209,RECONSTRUCTED
2023-03-01,INDUSINDBK,6.329487868407477,RECONSTRUCTED
2023-03-01,KOTAKBANK,10.030983710446268,RECONSTRUCTED
2023-03-01,PNB,1.31995339405067,RECONSTRUCTED
2023-03-01,SBIN,10.320420626148714,RECONSTRUCTED
2023-03-02,AUBANK,2.6089331581715345,RECONSTRUCTED
2023-03-02,AXISBANK,10.023596050614842,RECONSTRUCTED
2023-03-02,BANDHANBNK,1.539384004343614,RECONSTRUCTED
2023-03-02,BANKBARODA,2.7237795067291746,RECONSTRUCTED
2023-03-02,FEDERALBNK,2.5116049982840725,RECONSTRUCTED
2023-03-02,HDFCBANK,27.536565974734508,RECONSTRUCTED
2023-03-02,ICICIBANK,23.504701846819234,RECONSTRUCTED
2023-03-02,IDFCFIRSTB,1.530024071122668,RECONSTRUCTED
2023-03-02,INDUSINDBK,6.387009659751134,RECONSTRUCTED
2023-03-02,KOTAKBANK,9.973061082936171,RECONSTRUCTED
2023-03-02,PNB,1.3194069330722797,RECONSTRUCTED
2023-03-02,SBIN,10.34193271342077,RECONSTRUCTED
2023-03-03,AUBANK,2.603434038492388,RECONSTRUCTED
2023-03-03,AXISBANK,9.895042864698732,RECONSTRUCTED
2023-03-03,BANDHANBNK,1.501342624553856,RECONSTRUCTED
2023-03-03,BANKBARODA,2.799732004379457,RECONSTRUCTED
2023-03-03,FEDERALBNK,2.474127577429393,RECONSTRUCTED
2023-03-03,HDFCBANK,27.488875675977543,RECONSTRUCTED
2023-03-03,ICICIBANK,23.399304884961445,RECONSTRUCTED
2023-03-03,IDFCFIRSTB,1.5315920600393496,RECONSTRUCTED
2023-03-03,INDUSINDBK,6.3899898969931535,RECONSTRUCTED
2023-03-03,KOTAKBANK,9.928151626536154,RECONSTRUCTED
2023-03-03,PNB,1.344703985681973,RECONSTRUCTED
2023-03-03,SBIN,10.643702760256572,RECONSTRUCTED
2023-03-06,AUBANK,2.6027253382305933,RECONSTRUCTED
2023-03-06,AXISBANK,9.951065854762591,RECONSTRUCTED
2023-03-06,BANDHANBNK,1.490110568906161,RECONSTRUCTED
2023-03-06,BANKBARODA,2.7963747518842332,RECONSTRUCTED
2023-03-06,FEDERALBNK,2.4673859482995026,RECONSTRUCTED
2023-03-06,HDFCBANK,27.617664941399127,RECONSTRUCTED
2023-03-06,ICICIBANK,23.32274101463373,RECONSTRUCTED
2023-03-06,IDFCFIRSTB,1.5483069841784514,RECONSTRUCTED
2023-03-06,INDUSINDBK,6.342127718922382,RECONSTRUCTED
2023-03-06,KOTAKBANK,9.904789201083481,RECONSTRUCTED
2023-03-06,PNB,1.3285904712480046,RECONSTRUCTED
2023-03-06,SBIN,10.628117206451726,RECONSTRUCTED
2023-03-08,AUBANK,2.615140981008327,RECONSTRUCTED
2023-03-08,AXISBANK,9.911455800153973,RECONSTRUCTED
2023-03-08,BANDHANBNK,1.467963272482004,RECONSTRUCTED
2023-03-08,BANKBARODA,2.795009906924748,RECONSTRUCTED
2023-03-08,FEDERALBNK,2.485430741743603,RECONSTRUCTED
2023-03-08,HDFCBANK,27.51625032049838,RECONSTRUCTED
2023-03-08,ICICIBANK,23.307036310324914,RECONSTRUCTED
2023-03-08,IDFCFIRSTB,1.553016066287728,RECONSTRUCTED
2023-03-08,INDUSINDBK,6.608162792207893,RECONSTRUCTED
2023-03-08,KOTAKBANK,9.78800210815339,RECONSTRUCTED
2023-03-08,PNB,1.3262237352164115,RECONSTRUCTED
2023-03-08,SBIN,10.626307964998635,RECONSTRUCTED
2023-03-09,AUBANK,2.6046792037665347,RECONSTRUCTED
2023-03-09,AXISBANK,10.067599295041342,RECONSTRUCTED
2023-03-09,BANDHANBNK,1.4584250411255026,RECONSTRUCTED
2023-03-09,BANKBARODA,2.776972527795989,RECONSTRUCTED
2023-03-09,FEDERALBNK,2.4733266811125985,RECONSTRUCTED
2023-03-09,HDFCBANK,27.73166592529736,RECONSTRUCTED
2023-03-09,ICICIBANK,23.05238797460979,RECONSTRUCTED
2023-03-09,IDFCFIRSTB,1.5528139481499315,RECONSTRUCTED
2023-03-09,INDUSINDBK,6.634046925244606,RECONSTRUCTED
2023-03-09,KOTAKBANK,9.73052011366878,RECONSTRUCTED
2023-03-09,PNB,1.3209126736979244,RECONSTRUCTED
2023-03-09,SBIN,10.59664969048965,RECONSTRUCTED
2023-03-10,AUBANK,2.6573847256208825,RECONSTRUCTED
2023-03-10,AXISBANK,10.071014050666154,RECONSTRUCTED
2023-03-10,BANDHANBNK,1.4730467444095856,RECONSTRUCTED
2023-03-10,BANKBARODA,2.767904649586082,RECONSTRUCTED
2023-03-10,FEDERALBNK,2.4978072128701023,RECONSTRUCTED
2023-03-10,HDFCBANK,27.530140219429033,RECONSTRUCTED
2023-03-10,ICICIBANK,23.125602521925167,RECONSTRUCTED
2023-03-10,IDFCFIRSTB,1.5519029678204799,RECONSTRUCTED
2023-03-10,INDUSINDBK,6.6156854892905015,RECONSTRUCTED
2023-03-10,KOTAKBANK,9.81499341868648,RECONSTRUCTED
2023-03-10,PNB,1.3195783395930962,RECONSTRUCTED
2023-03-10,SBIN,10.574939660102427,RECONSTRUCTED
2023-03-13,AUBANK,2.5983191358698234,RECONSTRUCTED
2023-03-13,AXISBANK,10.073653875396158,RECONSTRUCTED
2023-03-13,BANDHANBNK,1.4614276642667285,RECONSTRUCTED
2023-03-13,BANKBARODA,2.767799200027166,RECONSTRUCTED
2023-03-13,FEDERALBNK,2.489851811759583,RECONSTRUCTED
2023-03-13,HDFCBANK,27.8275531269091,RECONSTRUCTED
2023-03-13,ICICIBANK,23.274608210656897,RECONSTRUCTED
2023-03-13,IDFCFIRSTB,1.5505375318389927,RECONSTRUCTED
2023-03-13,INDUSINDBK,6.271746867138378,RECONSTRUCTED
2023-03-13,KOTAKBANK,9.89796518421329,RECONSTRUCTED
2023-03-13,PNB,1.3035490610993958,RECONSTRUCTED
2023-03-13,SBIN,10.482988330824494,RECONSTRUCTED
2023-03-14,AUBANK,2.5832709636055795,RECONSTRUCTED
2023-03-14,AXISBANK,10.11973491012101,RECONSTRUCTED
2023-03-14,BANDHANBNK,1.3874393831487914,RECONSTRUCTED
2023-03-14,BANKBARODA,2.753359728983012,RECONSTRUCTED
2023-03-14,FEDERALBNK,2.4659595342969425,RECONSTRUCTED
2023-03-14,HDFCBANK,27.863257290832,RECONSTRUCTED
2023-03-14,ICICIBANK,23.422043549404794,RECONSTRUCTED
2023-03-14,IDFCFIRSTB,1.5581168469231095,RECONSTRUCTED
2023-03-14,INDUSINDBK,6.3198187093644025,RECONSTRUCTED
2023-03-14,KOTAKBANK,9.784999373379064,RECONSTRUCTED
2023-03-14,PNB,1.3087258672811353,RECONSTRUCTED
2023-03-14,SBIN,10.433273842660157,RECONSTRUCTED
2023-03-15,AUBANK,2.574481128457789,RECONSTRUCTED
2023-03-15,AXISBANK,10.106210807961261,RECONSTRUCTED
2023-03-15,BANDHANBNK,1.3986827309029615,RECONSTRUCTED
2023-03-15,BANKBARODA,2.724284364284311,RECONSTRUCTED
2023-03-15,FEDERALBNK,2.466557168722965,RECONSTRUCTED
2023-03-15,HDFCBANK,27.719577751373965,RECONSTRUCTED
2023-03-15,ICICIBANK,23.513837010653553,RECONSTRUCTED
2023-03-15,IDFCFIRSTB,1.5712165016153294,RECONSTRUCTED
2023-03-15,INDUSINDBK,6.2609683248744235,RECONSTRUCTED
2023-03-15,KOTAKBANK,9.982334619759946,RECONSTRUCTED
2023-03-15,PNB,1.3085888552586011,RECONSTRUCTED
2023-03-15,SBIN,10.373260736134899,RECONSTRUCTED
2023-03-16,AUBANK,2.5725892483777697,RECONSTRUCTED
2023-03-16,AXISBANK,10.16449900440141,RECONSTRUCTED
2023-03-16,BANDHANBNK,1.3862454688800863,RECONSTRUCTED
2023-03-16,BANKBARODA,2.727945232724237,RECONSTRUCTED
2023-03-16,FEDERALBNK,2.4749776960660603,RECONSTRUCTED
2023-03-16,HDFCBANK,27.840660916726446,RECONSTRUCTED
2023-03-16,ICICIBANK,23.407549259869604,RECONSTRUCTED
2023-03-16,IDFCFIRSTB,1.585093697167763,RECONSTRUCTED
2023-03-16,INDUSINDBK,6.088962338428406,RECONSTRUCTED
2023-03-16,KOTAKBANK,9.946984138655726,RECONSTRUCTED
2023-03-16,PNB,1.3140487618264494,RECONSTRUCTED
2023-03-16,SBIN,10.490444236876044,RECONSTRUCTED
2023-03-17,AUBANK,2.5699367244733864,RECONSTRUCTED
2023-03-17,AXISBANK,10.129359461712992,RECONSTRUCTED
2023-03-17,BANDHANBNK,1.3902625744630974,RECONSTRUCTED
2023-03-17,BANKBARODA,2.7013402540143163,RECONSTRUCTED
2023-03-17,FEDERALBNK,2.467383983158753,RECONSTRUCTED
2023-03-17,HDFCBANK,27.88538973158923,RECONSTRUCTED
2023-03-17,ICICIBANK,23.482612170983728,RECONSTRUCTED
2023-03-17,IDFCFIRSTB,1.562446743536206,RECONSTRUCTED
2023-03-17,INDUSINDBK,6.0342414254823264,RECONSTRUCTED
2023-03-17,KOTAKBANK,10.0061499790974,RECONSTRUCTED
2023-03-17,PNB,1.2974412070170784,RECONSTRUCTED
2023-03-17,SBIN,10.473435744471495,RECONSTRUCTED
2023-03-20,AUBANK,2.5283602728803944,RECONSTRUCTED
2023-03-20,AXISBANK,10.194389397464775,RECONSTRUCTED
2023-03-20,BANDHANBNK,1.359815716244485,RECONSTRUCTED
2023-03-20,BANKBARODA,2.6961173705992194,RECONSTRUCTED
2023-03-20,FEDERALBNK,2.4963151272833843,RECONSTRUCTED
2023-03-20,HDFCBANK,27.86490730893561,RECONSTRUCTED
2023-03-20,ICICIBANK,23.63478788544274,RECONSTRUCTED
2023-03-20,IDFCFIRSTB,1.5465623159787378,RECONSTRUCTED
2023-03-20,INDUSINDBK,5.963604750645757,RECONSTRUCTED
2023-03-20,KOTAKBANK,10.107537138126334,RECONSTRUCTED
2023-03-20,PNB,1.279671159788496,RECONSTRUCTED
2023-03-20,SBIN,10.327931556610057,RECONSTRUCTED
2023-03-21,AUBANK,2.505475199553243,RECONSTRUCTED
2023-03-21,AXISBANK,10.275313930666156,RECONSTRUCTED
2023-03-21,BANDHANBNK,1.3496815995191358,RECONSTRUCTED
2023-03-21,BANKBARODA,2.7322454512960483,RECONSTRUCTED
2023-03-21,FEDERALBNK,2.4573265737934262,RECONSTRUCTED
2023-03-21,HDFCBANK,27.805186873113414,RECONSTRUCTED
2023-03-21,ICICIBANK,23.764518124135638,RECONSTRUCTED
2023-03-21,IDFCFIRSTB,1.5652965835139518,RECONSTRUCTED
2023-03-21,INDUSINDBK,6.00477749095277,RECONSTRUCTED
2023-03-21,KOTAKBANK,10.01509449996487,RECONSTRUCTED
2023-03-21,PNB,1.282766909304852,RECONSTRUCTED
2023-03-21,SBIN,10.242316764186507,RECONSTRUCTED
2023-03-22,AUBANK,2.498246166154668,RECONSTRUCTED
2023-03-22,AXISBANK,10.177050184808136,RECONSTRUCTED
2023-03-22,BANDHANBNK,1.4028885142576408,RECONSTRUCTED
2023-03-22,BANKBARODA,2.797769253351944,RECONSTRUCTED
2023-03-22,FEDERALBNK,2.4565792965472912,RECONSTRUCTED
2023-03-22,HDFCBANK,27.668050721795513,RECONSTRUCTED
2023-03-22,ICICIBANK,23.918973663743127,RECONSTRUCTED
2023-03-22,IDFCFIRSTB,1.57239565254901,RECONSTRUCTED
2023-03-22,INDUSINDBK,6.037600134971802,RECONSTRUCTED
2023-03-22,KOTAKBANK,9.978834397634788,RECONSTRUCTED
2023-03-22,PNB,1.2820762211992904,RECONSTRUCTED
2023-03-22,SBIN,10.209535792986783,RECONSTRUCTED
2023-03-23,AUBANK,2.4800272118527253,RECONSTRUCTED
2023-03-23,AXISBANK,10.26635569950967,RECONSTRUCTED
2023-03-23,BANDHANBNK,1.4243244313524122,RECONSTRUCTED
2023-03-23,BANKBARODA,2.7458263879118667,RECONSTRUCTED
2023-03-23,FEDERALBNK,2.440267006314511,RECONSTRUCTED
2023-03-23,HDFCBANK,27.714509962042495,RECONSTRUCTED
2023-03-23,ICICIBANK,24.01965775406725,RECONSTRUCTED
2023-03-23,IDFCFIRSTB,1.5594794418765885,RECONSTRUCTED
2023-03-23,INDUSINDBK,6.020409069463276,RECONSTRUCTED
2023-03-23,KOTAKBANK,9.926085922572318,RECONSTRUCTED
2023-03-23,PNB,1.267565996735702,RECONSTRUCTED
2023-03-23,SBIN,10.135491116301171,RECONSTRUCTED
2023-03-24,AUBANK,2.451895206893358,RECONSTRUCTED
2023-03-24,AXISBANK,10.21836967625528,RECONSTRUCTED
2023-03-24,BANDHANBNK,1.3693138648014822,RECONSTRUCTED
2023-03-24,BANKBARODA,2.712722622548232,RECONSTRUCTED
2023-03-24,FEDERALBNK,2.451699234431855,RECONSTRUCTED
2023-03-24,HDFCBANK,27.832688462682007,RECONSTRUCTED
2023-03-24,ICICIBANK,24.074579941856314,RECONSTRUCTED
2023-03-24,IDFCFIRSTB,1.5401691247570226,RECONSTRUCTED
2023-03-24,INDUSINDBK,6.004025228562409,RECONSTRUCTED
2023-03-24,KOTAKBANK,10.058385096926422,RECONSTRUCTED
2023-03-24,PNB,1.2382703518559193,RECONSTRUCTED
2023-03-24,SBIN,10.047881188429693,RECONSTRUCTED
2023-03-27,AUBANK,2.480226290018481,RECONSTRUCTED
2023-03-27,AXISBANK,10.129193820198346,RECONSTRUCTED
2023-03-27,BANDHANBNK,1.3323329908898025,RECONSTRUCTED
2023-03-27,BANKBARODA,2.734775937354783,RECONSTRUCTED
2023-03-27,FEDERALBNK,2.422371777735996,RECONSTRUCTED
2023-03-27,HDFCBANK,27.92780159228723,RECONSTRUCTED
2023-03-27,ICICIBANK,23.947649427410383,RECONSTRUCTED
2023-03-27,IDFCFIRSTB,1.5088634850594502,RECONSTRUCTED
2023-03-27,INDUSINDBK,6.018014367624919,RECONSTRUCTED
2023-03-27,KOTAKBANK,10.126471324904228,RECONSTRUCTED
2023-03-27,PNB,1.2384710860661137,RECONSTRUCTED
2023-03-27,SBIN,10.133827900450276,RECONSTRUCTED
2023-03-28,AUBANK,2.457386230740579,RECONSTRUCTED
2023-03-28,AXISBANK,10.084670570793033,RECONSTRUCTED
2023-03-28,BANDHANBNK,1.2584270825360266,RECONSTRUCTED
2023-03-28,BANKBARODA,2.7172470442323076,RECONSTRUCTED
2023-03-28,FEDERALBNK,2.419142920476514,RECONSTRUCTED
2023-03-28,HDFCBANK,28.061522379597758,RECONSTRUCTED
2023-03-28,ICICIBANK,24.038309129866295,RECONSTRUCTED
2023-03-28,IDFCFIRSTB,1.495350984813581,RECONSTRUCTED
2023-03-28,INDUSINDBK,6.136020980320397,RECONSTRUCTED
2023-03-28,KOTAKBANK,10.055571221205437,RECONSTRUCTED
2023-03-28,PNB,1.216746058907264,RECONSTRUCTED
2023-03-28,SBIN,10.059605396510806,RECONSTRUCTED
2023-03-29,AUBANK,2.5304971866177075,RECONSTRUCTED
2023-03-29,AXISBANK,10.11639830694668,RECONSTRUCTED
2023-03-29,BANDHANBNK,1.2634803243678276,RECONSTRUCTED
2023-03-29,BANKBARODA,2.7549449705886766,RECONSTRUCTED
2023-03-29,FEDERALBNK,2.4623704940439586,RECONSTRUCTED
2023-03-29,HDFCBANK,27.944469909400787,RECONSTRUCTED
2023-03-29,ICICIBANK,23.718939840509105,RECONSTRUCTED
2023-03-29,IDFCFIRSTB,1.5311512261823998,RECONSTRUCTED
2023-03-29,INDUSINDBK,6.20413421619647,RECONSTRUCTED
2023-03-29,KOTAKBANK,10.095627658167867,RECONSTRUCTED
2023-03-29,PNB,1.2434705537774287,RECONSTRUCTED
2023-03-29,SBIN,10.134515313201076,RECONSTRUCTED
2023-03-31,AUBANK,2.46,OFFICIAL
2023-03-31,AXISBANK,10.13,OFFICIAL
2023-03-31,BANDHANBNK,1.28,OFFICIAL
2023-03-31,BANKBARODA,2.78,OFFICIAL
2023-03-31,FEDERALBNK,2.48,OFFICIAL
2023-03-31,HDFCBANK,27.84,OFFICIAL
2023-03-31,ICICIBANK,24.03,OFFICIAL
2023-03-31,IDFCFIRSTB,1.52,OFFICIAL
2023-03-31,INDUSINDBK,6.16,OFFICIAL
2023-03-31,KOTAKBANK,9.99,OFFICIAL
2023-03-31,PNB,1.23,OFFICIAL
2023-03-31,SBIN,10.1,OFFICIAL
2023-04-03,AUBANK,2.3798837754298567,RECONSTRUCTED
2023-04-03,AXISBANK,10.14928447971531,RECONSTRUCTED
2023-04-03,BANDHANBNK,1.3294861206011097,RECONSTRUCTED
2023-04-03,BANKBARODA,2.7780441736643566,RECONSTRUCTED
2023-04-03,FEDERALBNK,2.48754521860941,RECONSTRUCTED
2023-04-03,HDFCBANK,27.71018824795344,RECONSTRUCTED
2023-04-03,ICICIBANK,24.087884523649286,RECONSTRUCTED
2023-04-03,IDFCFIRSTB,1.5225972656523237,RECONSTRUCTED
2023-04-03,INDUSINDBK,6.195446391361859,RECONSTRUCTED
2023-04-03,KOTAKBANK,10.01889162553502,RECONSTRUCTED
2023-04-03,PNB,1.2383663544280652,RECONSTRUCTED
2023-04-03,SBIN,10.102381823399966,RECONSTRUCTED
2023-04-05,AUBANK,2.3505654153733593,RECONSTRUCTED
2023-04-05,AXISBANK,10.05533032468085,RECONSTRUCTED
2023-04-05,BANDHANBNK,1.3403139956327823,RECONSTRUCTED
2023-04-05,BANKBARODA,2.7294838717443235,RECONSTRUCTED
2023-04-05,FEDERALBNK,2.3907114807420804,RECONSTRUCTED
2023-04-05,HDFCBANK,28.32437881060613,RECONSTRUCTED
2023-04-05,ICICIBANK,24.000311096672764,RECONSTRUCTED
2023-04-05,IDFCFIRSTB,1.4979544226033226,RECONSTRUCTED
2023-04-05,INDUSINDBK,6.101307086022509,RECONSTRUCTED
2023-04-05,KOTAKBANK,10.008860872413868,RECONSTRUCTED
2023-04-05,PNB,1.2158256855893637,RECONSTRUCTED
2023-04-05,SBIN,9.984956937918657,RECONSTRUCTED
2023-04-06,AUBANK,2.394636793665821,RECONSTRUCTED
2023-04-06,AXISBANK,9.945272704050275,RECONSTRUCTED
2023-04-06,BANDHANBNK,1.3483406027529203,RECONSTRUCTED
2023-04-06,BANKBARODA,2.7250691018721227,RECONSTRUCTED
2023-04-06,FEDERALBNK,2.360406908562402,RECONSTRUCTED
2023-04-06,HDFCBANK,28.51109414663318,RECONSTRUCTED
2023-04-06,ICICIBANK,23.715654279621276,RECONSTRUCTED
2023-04-06,IDFCFIRSTB,1.5005162393427895,RECONSTRUCTED
2023-04-06,INDUSINDBK,6.179615443368605,RECONSTRUCTED
2023-04-06,KOTAKBANK,10.02833746584525,RECONSTRUCTED
2023-04-06,PNB,1.22759059837381,RECONSTRUCTED
2023-04-06,SBIN,10.063465715911558,RECONSTRUCTED
2023-04-10,AUBANK,2.3858166301249284,RECONSTRUCTED
2023-04-10,AXISBANK,9.941558766348903,RECONSTRUCTED
2023-04-10,BANDHANBNK,1.367523961385884,RECONSTRUCTED
2023-04-10,BANKBARODA,2.727352444309055,RECONSTRUCTED
2023-04-10,FEDERALBNK,2.371400952573119,RECONSTRUCTED
2023-04-10,HDFCBANK,28.51931580722713,RECONSTRUCTED
2023-04-10,ICICIBANK,23.657069105007977,RECONSTRUCTED
2023-04-10,IDFCFIRSTB,1.4820733671214825,RECONSTRUCTED
2023-04-10,INDUSINDBK,6.137942522098464,RECONSTRUCTED
2023-04-10,KOTAKBANK,10.091632467903148,RECONSTRUCTED
2023-04-10,PNB,1.2298729343188697,RECONSTRUCTED
2023-04-10,SBIN,10.088441041581039,RECONSTRUCTED
2023-04-11,AUBANK,2.40394850914936,RECONSTRUCTED
2023-04-11,AXISBANK,9.88262208012898,RECONSTRUCTED
2023-04-11,BANDHANBNK,1.3492950582189582,RECONSTRUCTED
2023-04-11,BANKBARODA,2.7676044441376155,RECONSTRUCTED
2023-04-11,FEDERALBNK,2.3648669800848565,RECONSTRUCTED
2023-04-11,HDFCBANK,28.2348899415981,RECONSTRUCTED
2023-04-11,ICICIBANK,23.71451535741934,RECONSTRUCTED
2023-04-11,IDFCFIRSTB,1.45219693453214,RECONSTRUCTED
2023-04-11,INDUSINDBK,6.086774190710405,RECONSTRUCTED
2023-04-11,KOTAKBANK,10.455616047427718,RECONSTRUCTED
2023-04-11,PNB,1.2192175941973635,RECONSTRUCTED
2023-04-11,SBIN,10.06845286239516,RECONSTRUCTED
2023-04-12,AUBANK,2.4092786833691022,RECONSTRUCTED
2023-04-12,AXISBANK,9.811159873881067,RECONSTRUCTED
2023-04-12,BANDHANBNK,1.3392413510965118,RECONSTRUCTED
2023-04-12,BANKBARODA,2.7475997041476274,RECONSTRUCTED
2023-04-12,FEDERALBNK,2.334708617830906,RECONSTRUCTED
2023-04-12,HDFCBANK,28.469803938189802,RECONSTRUCTED
2023-04-12,ICICIBANK,23.826098973724086,RECONSTRUCTED
2023-04-12,IDFCFIRSTB,1.4495452326278908,RECONSTRUCTED
2023-04-12,INDUSINDBK,6.0618380652310595,RECONSTRUCTED
2023-04-12,KOTAKBANK,10.393644096082925,RECONSTRUCTED
2023-04-12,PNB,1.208464426084576,RECONSTRUCTED
2023-04-12,SBIN,9.948617037734435,RECONSTRUCTED
2023-04-13,AUBANK,2.7821471088989522,RECONSTRUCTED
2023-04-13,AXISBANK,9.828575636980172,RECONSTRUCTED
2023-04-13,BANDHANBNK,1.2935267592971926,RECONSTRUCTED
2023-04-13,BANKBARODA,2.7260282952258352,RECONSTRUCTED
2023-04-13,FEDERALBNK,2.318246946174816,RECONSTRUCTED
2023-04-13,HDFCBANK,28.20732253488501,RECONSTRUCTED
2023-04-13,ICICIBANK,23.73477441268883,RECONSTRUCTED
2023-04-13,IDFCFIRSTB,1.4337568154910436,RECONSTRUCTED
2023-04-13,INDUSINDBK,6.171369658576993,RECONSTRUCTED
2023-04-13,KOTAKBANK,10.393367641630338,RECONSTRUCTED
2023-04-13,PNB,1.2097156242829443,RECONSTRUCTED
2023-04-13,SBIN,9.901168565867872,RECONSTRUCTED
2023-04-17,AUBANK,2.8121743325568165,RECONSTRUCTED
2023-04-17,AXISBANK,9.800592643818963,RECONSTRUCTED
2023-04-17,BANDHANBNK,1.3002393594225354,RECONSTRUCTED
2023-04-17,BANKBARODA,2.7961230596656814,RECONSTRUCTED
2023-04-17,FEDERALBNK,2.3697466561374347,RECONSTRUCTED
2023-04-17,HDFCBANK,27.6918327099387,RECONSTRUCTED
2023-04-17,ICICIBANK,23.722260081985,RECONSTRUCTED
2023-04-17,IDFCFIRSTB,1.4597837595554815,RECONSTRUCTED
2023-04-17,INDUSINDBK,6.235845515540473,RECONSTRUCTED
2023-04-17,KOTAKBANK,10.503539800912954,RECONSTRUCTED
2023-04-17,PNB,1.2325115885011804,RECONSTRUCTED
2023-04-17,SBIN,10.075350491964787,RECONSTRUCTED
2023-04-18,AUBANK,2.8299643626426954,RECONSTRUCTED
2023-04-18,AXISBANK,9.786374409389582,RECONSTRUCTED
2023-04-18,BANDHANBNK,1.341672127738238,RECONSTRUCTED
2023-04-18,BANKBARODA,2.8205218972273243,RECONSTRUCTED
2023-04-18,FEDERALBNK,2.37500985444074,RECONSTRUCTED
2023-04-18,HDFCBANK,27.572962446527566,RECONSTRUCTED
2023-04-18,ICICIBANK,23.60365264957469,RECONSTRUCTED
2023-04-18,IDFCFIRSTB,1.4954233902477383,RECONSTRUCTED
2023-04-18,INDUSINDBK,6.3605121509445475,RECONSTRUCTED
2023-04-18,KOTAKBANK,10.464917267135267,RECONSTRUCTED
2023-04-18,PNB,1.2400105837758806,RECONSTRUCTED
2023-04-18,SBIN,10.108978860355718,RECONSTRUCTED
2023-04-19,AUBANK,2.7782741823832775,RECONSTRUCTED
2023-04-19,AXISBANK,9.92642739816889,RECONSTRUCTED
2023-04-19,BANDHANBNK,1.3518356002620084,RECONSTRUCTED
2023-04-19,BANKBARODA,2.817634269012691,RECONSTRUCTED
2023-04-19,FEDERALBNK,2.3821833049376955,RECONSTRUCTED
2023-04-19,HDFCBANK,27.747358036418074,RECONSTRUCTED
2023-04-19,ICICIBANK,23.535336690109222,RECONSTRUCTED
2023-04-19,IDFCFIRSTB,1.4953900651036296,RECONSTRUCTED
2023-04-19,INDUSINDBK,6.229948882232666,RECONSTRUCTED
2023-04-19,KOTAKBANK,10.473647898206602,RECONSTRUCTED
2023-04-19,PNB,1.2293569004415428,RECONSTRUCTED
2023-04-19,SBIN,10.03260677272371,RECONSTRUCTED
2023-04-20,AUBANK,2.7739501857199222,RECONSTRUCTED
2023-04-20,AXISBANK,9.846603900747537,RECONSTRUCTED
2023-04-20,BANDHANBNK,1.3701553887798732,RECONSTRUCTED
2023-04-20,BANKBARODA,2.817862864046976,RECONSTRUCTED
2023-04-20,FEDERALBNK,2.3864982117056512,RECONSTRUCTED
2023-04-20,HDFCBANK,27.774549120085908,RECONSTRUCTED
2023-04-20,ICICIBANK,23.536826695813243,RECONSTRUCTED
2023-04-20,IDFCFIRSTB,1.4926278548544447,RECONSTRUCTED
2023-04-20,INDUSINDBK,6.245091034600294,RECONSTRUCTED
2023-04-20,KOTAKBANK,10.440046215052542,RECONSTRUCTED
2023-04-20,PNB,1.227260865217159,RECONSTRUCTED
2023-04-20,SBIN,10.088527663376459,RECONSTRUCTED
2023-04-21,AUBANK,2.72881751997775,RECONSTRUCTED
2023-04-21,AXISBANK,9.830275027117096,RECONSTRUCTED
2023-04-21,BANDHANBNK,1.391812103395052,RECONSTRUCTED
2023-04-21,BANKBARODA,2.80731834160602,RECONSTRUCTED
2023-04-21,FEDERALBNK,2.371550193992396,RECONSTRUCTED
2023-04-21,HDFCBANK,27.91949527058592,RECONSTRUCTED
2023-04-21,ICICIBANK,23.390419037715823,RECONSTRUCTED
2023-04-21,IDFCFIRSTB,1.4993262357184405,RECONSTRUCTED
2023-04-21,INDUSINDBK,6.212742923933511,RECONSTRUCTED
2023-04-21,KOTAKBANK,10.531275911931232,RECONSTRUCTED
2023-04-21,PNB,1.2228063640473206,RECONSTRUCTED
2023-04-21,SBIN,10.094161069979426,RECONSTRUCTED
2023-04-24,AUBANK,2.6873867381295025,RECONSTRUCTED
2023-04-24,AXISBANK,9.914305913887388,RECONSTRUCTED
2023-04-24,BANDHANBNK,1.3705482602217685,RECONSTRUCTED
2023-04-24,BANKBARODA,2.832170641960996,RECONSTRUCTED
2023-04-24,FEDERALBNK,2.3624274076196627,RECONSTRUCTED
2023-04-24,HDFCBANK,27.803670853356294,RECONSTRUCTED
2023-04-24,ICICIBANK,23.60473322891768,RECONSTRUCTED
2023-04-24,IDFCFIRSTB,1.5283497612598163,RECONSTRUCTED
2023-04-24,INDUSINDBK,6.058417952222561,RECONSTRUCTED
2023-04-24,KOTAKBANK,10.423185572862412,RECONSTRUCTED
2023-04-24,PNB,1.2329947772660912,RECONSTRUCTED
2023-04-24,SBIN,10.181808892295821,RECONSTRUCTED
2023-04-25,AUBANK,2.669524829630996,RECONSTRUCTED
2023-04-25,AXISBANK,9.860012776851562,RECONSTRUCTED
2023-04-25,BANDHANBNK,1.39159753050801,RECONSTRUCTED
2023-04-25,BANKBARODA,2.890561770067717,RECONSTRUCTED
2023-04-25,FEDERALBNK,2.3832813825371546,RECONSTRUCTED
2023-04-25,HDFCBANK,27.38088056360804,RECONSTRUCTED
2023-04-25,ICICIBANK,23.807792073438165,RECONSTRUCTED
2023-04-25,IDFCFIRSTB,1.5373001736313567,RECONSTRUCTED
2023-04-25,INDUSINDBK,6.160806242363978,RECONSTRUCTED
2023-04-25,KOTAKBANK,10.369090597641883,RECONSTRUCTED
2023-04-25,PNB,1.2455127594676179,RECONSTRUCTED
2023-04-25,SBIN,10.303639300253508,RECONSTRUCTED
2023-04-26,AUBANK,2.592593713667507,RECONSTRUCTED
2023-04-26,AXISBANK,9.929187218206318,RECONSTRUCTED
2023-04-26,BANDHANBNK,1.3891611620042765,RECONSTRUCTED
2023-04-26,BANKBARODA,2.871738726786652,RECONSTRUCTED
2023-04-26,FEDERALBNK,2.4033406347370665,RECONSTRUCTED
2023-04-26,HDFCBANK,27.409513833505383,RECONSTRUCTED
2023-04-26,ICICIBANK,23.76258986876845,RECONSTRUCTED
2023-04-26,IDFCFIRSTB,1.5383955841577555,RECONSTRUCTED
2023-04-26,INDUSINDBK,6.226865308256206,RECONSTRUCTED
2023-04-26,KOTAKBANK,10.273918884683146,RECONSTRUCTED
2023-04-26,PNB,1.2523247806052928,RECONSTRUCTED
2023-04-26,SBIN,10.350370284621937,RECONSTRUCTED
2023-04-27,AUBANK,2.5865024178893132,RECONSTRUCTED
2023-04-27,AXISBANK,9.82008488665946,RECONSTRUCTED
2023-04-27,BANDHANBNK,1.4024958598074855,RECONSTRUCTED
2023-04-27,BANKBARODA,2.8946070271736684,RECONSTRUCTED
2023-04-27,FEDERALBNK,2.37516908817932,RECONSTRUCTED
2023-04-27,HDFCBANK,27.450798292821325,RECONSTRUCTED
2023-04-27,ICICIBANK,23.75608632896469,RECONSTRUCTED
2023-04-27,IDFCFIRSTB,1.546588734497335,RECONSTRUCTED
2023-04-27,INDUSINDBK,6.2399979656611775,RECONSTRUCTED
2023-04-27,KOTAKBANK,10.396495924119078,RECONSTRUCTED
2023-04-27,PNB,1.2510702542375634,RECONSTRUCTED
2023-04-27,SBIN,10.280103219989597,RECONSTRUCTED
2023-04-28,AUBANK,2.65,OFFICIAL
2023-04-28,AXISBANK,9.53,OFFICIAL
2023-04-28,BANDHANBNK,1.41,OFFICIAL
2023-04-28,BANKBARODA,2.91,OFFICIAL
2023-04-28,FEDERALBNK,2.38,OFFICIAL
2023-04-28,HDFCBANK,27.41,OFFICIAL
2023-04-28,ICICIBANK,23.61,OFFICIAL
2023-04-28,IDFCFIRSTB,1.59,OFFICIAL
2023-04-28,INDUSINDBK,6.25,OFFICIAL
2023-04-28,KOTAKBANK,10.5,OFFICIAL
2023-04-28,PNB,1.29,OFFICIAL
2023-04-28,SBIN,10.47,OFFICIAL
2023-05-02,AUBANK,2.7235917880173854,RECONSTRUCTED
2023-05-02,AXISBANK,9.626259134633527,RECONSTRUCTED
2023-05-02,BANDHANBNK,1.426456135429498,RECONSTRUCTED
2023-05-02,BANKBARODA,2.907373577614775,RECONSTRUCTED
2023-05-02,FEDERALBNK,2.394567086454011,RECONSTRUCTED
2023-05-02,HDFCBANK,27.328752555562325,RECONSTRUCTED
2023-05-02,ICICIBANK,23.65719887141272,RECONSTRUCTED
2023-05-02,IDFCFIRSTB,1.6504164627153841,RECONSTRUCTED
2023-05-02,INDUSINDBK,6.2171622142786065,RECONSTRUCTED
2023-05-02,KOTAKBANK,10.374842194267899,RECONSTRUCTED
2023-05-02,PNB,1.3044327697156037,RECONSTRUCTED
2023-05-02,SBIN,10.388947209898264,RECONSTRUCTED
2023-05-03,AUBANK,2.729259811558084,RECONSTRUCTED
2023-05-03,AXISBANK,9.515505267407462,RECONSTRUCTED
2023-05-03,BANDHANBNK,1.427754821918988,RECONSTRUCTED
2023-05-03,BANKBARODA,2.8550998910108647,RECONSTRUCTED
2023-05-03,FEDERALBNK,2.418703445598992,RECONSTRUCTED
2023-05-03,HDFCBANK,27.44928401173292,RECONSTRUCTED
2023-05-03,ICICIBANK,23.697996418993693,RECONSTRUCTED
2023-05-03,IDFCFIRSTB,1.6596806107992437,RECONSTRUCTED
2023-05-03,INDUSINDBK,6.197139633833136,RECONSTRUCTED
2023-05-03,KOTAKBANK,10.437259155231397,RECONSTRUCTED
2023-05-03,PNB,1.3006701432563372,RECONSTRUCTED
2023-05-03,SBIN,10.311646788658878,RECONSTRUCTED
2023-05-04,AUBANK,2.7075563482482687,RECONSTRUCTED
2023-05-04,AXISBANK,9.501255474719585,RECONSTRUCTED
2023-05-04,BANDHANBNK,1.4247306242845335,RECONSTRUCTED
2023-05-04,BANKBARODA,2.8407123612744933,RECONSTRUCTED
2023-05-04,FEDERALBNK,2.4276746176893043,RECONSTRUCTED
2023-05-04,HDFCBANK,27.772058815307627,RECONSTRUCTED
2023-05-04,ICICIBANK,23.466543299507116,RECONSTRUCTED
2023-05-04,IDFCFIRSTB,1.6365435214659552,RECONSTRUCTED
2023-05-04,INDUSINDBK,6.0823530211934385,RECONSTRUCTED
2023-05-04,KOTAKBANK,10.437445611880978,RECONSTRUCTED
2023-05-04,PNB,1.3092057239215373,RECONSTRUCTED
2023-05-04,SBIN,10.393920580507174,RECONSTRUCTED
2023-05-05,AUBANK,2.7276366358021855,RECONSTRUCTED
2023-05-05,AXISBANK,9.722029205087749,RECONSTRUCTED
2023-05-05,BANDHANBNK,1.4351782032451328,RECONSTRUCTED
2023-05-05,BANKBARODA,2.8806311223882353,RECONSTRUCTED
2023-05-05,FEDERALBNK,2.2781937237953174,RECONSTRUCTED
2023-05-05,HDFCBANK,26.757386595469356,RECONSTRUCTED
2023-05-05,ICICIBANK,24.166729498595675,RECONSTRUCTED
2023-05-05,IDFCFIRSTB,1.6613818007386594,RECONSTRUCTED
2023-05-05,INDUSINDBK,5.891854476830414,RECONSTRUCTED
2023-05-05,KOTAKBANK,10.584276543565542,RECONSTRUCTED
2023-05-05,PNB,1.3155040699987042,RECONSTRUCTED
2023-05-05,SBIN,10.579198124483023,RECONSTRUCTED
2023-05-08,AUBANK,2.756193039170859,RECONSTRUCTED
2023-05-08,AXISBANK,9.727781688863137,RECONSTRUCTED
2023-05-08,BANDHANBNK,1.4468751624752294,RECONSTRUCTED
2023-05-08,BANKBARODA,2.832995976123775,RECONSTRUCTED
2023-05-08,FEDERALBNK,2.261237002624245,RECONSTRUCTED
2023-05-08,HDFCBANK,26.677422628429255,RECONSTRUCTED
2023-05-08,ICICIBANK,24.100422647380388,RECONSTRUCTED
2023-05-08,IDFCFIRSTB,1.662074543131321,RECONSTRUCTED
2023-05-08,INDUSINDBK,6.0941171194944,RECONSTRUCTED
2023-05-08,KOTAKBANK,10.595079741828231,RECONSTRUCTED
2023-05-08,PNB,1.2903864206737934,RECONSTRUCTED
2023-05-08,SBIN,10.555414029805359,RECONSTRUCTED
2023-05-09,AUBANK,2.797639463688432,RECONSTRUCTED
2023-05-09,AXISBANK,9.85586880623825,RECONSTRUCTED
2023-05-09,BANDHANBNK,1.4469750196056996,RECONSTRUCTED
2023-05-09,BANKBARODA,2.758745684107669,RECONSTRUCTED
2023-05-09,FEDERALBNK,2.263973313461531,RECONSTRUCTED
2023-05-09,HDFCBANK,26.731295261506254,RECONSTRUCTED
2023-05-09,ICICIBANK,24.058241607863508,RECONSTRUCTED
2023-05-09,IDFCFIRSTB,1.6718654412251912,RECONSTRUCTED
2023-05-09,INDUSINDBK,6.183490951174233,RECONSTRUCTED
2023-05-09,KOTAKBANK,10.591493647468793,RECONSTRUCTED
2023-05-09,PNB,1.2470419298544824,RECONSTRUCTED
2023-05-09,SBIN,10.393368873805946,RECONSTRUCTED
2023-05-10,AUBANK,2.759785004530604,RECONSTRUCTED
2023-05-10,AXISBANK,9.843917214009224,RECONSTRUCTED
2023-05-10,BANDHANBNK,1.4536182529374815,RECONSTRUCTED
2023-05-10,BANKBARODA,2.7595698904296513,RECONSTRUCTED
2023-05-10,FEDERALBNK,2.269325651874412,RECONSTRUCTED
2023-05-10,HDFCBANK,26.77253558883317,RECONSTRUCTED
2023-05-10,ICICIBANK,24.026867205762834,RECONSTRUCTED
2023-05-10,IDFCFIRSTB,1.656397556892772,RECONSTRUCTED
2023-05-10,INDUSINDBK,6.337219962226583,RECONSTRUCTED
2023-05-10,KOTAKBANK,10.582808795191482,RECONSTRUCTED
2023-05-10,PNB,1.1999241024221565,RECONSTRUCTED
2023-05-10,SBIN,10.338030774889628,RECONSTRUCTED
2023-05-11,AUBANK,2.805819229880961,RECONSTRUCTED
2023-05-11,AXISBANK,9.877956918252735,RECONSTRUCTED
2023-05-11,BANDHANBNK,1.466889728756899,RECONSTRUCTED
2023-05-11,BANKBARODA,2.7511842328411884,RECONSTRUCTED
2023-05-11,FEDERALBNK,2.2364218790881383,RECONSTRUCTED
2023-05-11,HDFCBANK,26.70147040768476,RECONSTRUCTED
2023-05-11,ICICIBANK,24.027732723400646,RECONSTRUCTED
2023-05-11,IDFCFIRSTB,1.6702330035728474,RECONSTRUCTED
2023-05-11,INDUSINDBK,6.396455021319905,RECONSTRUCTED
2023-05-11,KOTAKBANK,10.543656078310836,RECONSTRUCTED
2023-05-11,PNB,1.1959427348862879,RECONSTRUCTED
2023-05-11,SBIN,10.326238042004789,RECONSTRUCTED
2023-05-12,AUBANK,2.810260825565693,RECONSTRUCTED
2023-05-12,AXISBANK,9.967060119643914,RECONSTRUCTED
2023-05-12,BANDHANBNK,1.4410061133150223,RECONSTRUCTED
2023-05-12,BANKBARODA,2.7350151472971787,RECONSTRUCTED
2023-05-12,FEDERALBNK,2.1871614402840405,RECONSTRUCTED
2023-05-12,HDFCBANK,26.74151345712931,RECONSTRUCTED
2023-05-12,ICICIBANK,23.97247788066019,RECONSTRUCTED
2023-05-12,IDFCFIRSTB,1.6772854639771708,RECONSTRUCTED
2023-05-12,INDUSINDBK,6.463337092445844,RECONSTRUCTED
2023-05-12,KOTAKBANK,10.481196534380107,RECONSTRUCTED
2023-05-12,PNB,1.1884751695722213,RECONSTRUCTED
2023-05-12,SBIN,10.335210755729287,RECONSTRUCTED
2023-05-15,AUBANK,2.8081629056686017,RECONSTRUCTED
2023-05-15,AXISBANK,9.960063291833901,RECONSTRUCTED
2023-05-15,BANDHANBNK,1.482420021409386,RECONSTRUCTED
2023-05-15,BANKBARODA,2.795266326170661,RECONSTRUCTED
2023-05-15,FEDERALBNK,2.2009550262873954,RECONSTRUCTED
2023-05-15,HDFCBANK,26.699926910193778,RECONSTRUCTED
2023-05-15,ICICIBANK,23.867622679361475,RECONSTRUCTED
2023-05-15,IDFCFIRSTB,1.6971937754388675,RECONSTRUCTED
2023-05-15,INDUSINDBK,6.480398818457088,RECONSTRUCTED
2023-05-15,KOTAKBANK,10.480809434864028,RECONSTRUCTED
2023-05-15,PNB,1.1906920324416386,RECONSTRUCTED
2023-05-15,SBIN,10.336488777873184,RECONSTRUCTED
2023-05-16,AUBANK,2.865910416124593,RECONSTRUCTED
2023-05-16,AXISBANK,10.020069731137891,RECONSTRUCTED
2023-05-16,BANDHANBNK,1.4838496069831808,RECONSTRUCTED
2023-05-16,BANKBARODA,2.846424220208963,RECONSTRUCTED
2023-05-16,FEDERALBNK,2.1998593785732807,RECONSTRUCTED
2023-05-16,HDFCBANK,26.346432468784354,RECONSTRUCTED
2023-05-16,ICICIBANK,23.97429425851435,RECONSTRUCTED
2023-05-16,IDFCFIRSTB,1.7202885086428619,RECONSTRUCTED
2023-05-16,INDUSINDBK,6.509235231456248,RECONSTRUCTED
2023-05-16,KOTAKBANK,10.382598862685155,RECONSTRUCTED
2023-05-16,PNB,1.1964761966367687,RECONSTRUCTED
2023-05-16,SBIN,10.454561120252347,RECONSTRUCTED
2023-05-17,AUBANK,2.8870588370969084,RECONSTRUCTED
2023-05-17,AXISBANK,10.034172646823695,RECONSTRUCTED
2023-05-17,BANDHANBNK,1.4865394043699598,RECONSTRUCTED
2023-05-17,BANKBARODA,2.8505778259666434,RECONSTRUCTED
2023-05-17,FEDERALBNK,2.2223668844632436,RECONSTRUCTED
2023-05-17,HDFCBANK,26.327828080975323,RECONSTRUCTED
2023-05-17,ICICIBANK,23.90860337677162,RECONSTRUCTED
2023-05-17,IDFCFIRSTB,1.7168197308601654,RECONSTRUCTED
2023-05-17,INDUSINDBK,6.624715788958116,RECONSTRUCTED
2023-05-17,KOTAKBANK,10.228259675961029,RECONSTRUCTED
2023-05-17,PNB,1.209449181454612,RECONSTRUCTED
2023-05-17,SBIN,10.50360856629867,RECONSTRUCTED
2023-05-18,AUBANK,2.949614171789879,RECONSTRUCTED
2023-05-18,AXISBANK,10.020805377787564,RECONSTRUCTED
2023-05-18,BANDHANBNK,1.4871593407051342,RECONSTRUCTED
2023-05-18,BANKBARODA,2.7620923466962104,RECONSTRUCTED
2023-05-18,FEDERALBNK,2.2039992428001995,RECONSTRUCTED
2023-05-18,HDFCBANK,26.400750817660185,RECONSTRUCTED
2023-05-18,ICICIBANK,24.06112455020382,RECONSTRUCTED
2023-05-18,IDFCFIRSTB,1.7083170818833842,RECONSTRUCTED
2023-05-18,INDUSINDBK,6.6313334407378495,RECONSTRUCTED
2023-05-18,KOTAKBANK,10.313405256844009,RECONSTRUCTED
2023-05-18,PNB,1.1871429620194796,RECONSTRUCTED
2023-05-18,SBIN,10.274255410872286,RECONSTRUCTED
2023-05-19,AUBANK,2.959390708141343,RECONSTRUCTED
2023-05-19,AXISBANK,10.073251425598809,RECONSTRUCTED
2023-05-19,BANDHANBNK,1.4431239698726763,RECONSTRUCTED
2023-05-19,BANKBARODA,2.7720751595645376,RECONSTRUCTED
2023-05-19,FEDERALBNK,2.18273484765984,RECONSTRUCTED
2023-05-19,HDFCBANK,26.30073343267924,RECONSTRUCTED
2023-05-19,ICICIBANK,24.139622874498354,RECONSTRUCTED
2023-05-19,IDFCFIRSTB,1.7024304020722192,RECONSTRUCTED
2023-05-19,INDUSINDBK,6.647057759253919,RECONSTRUCTED
2023-05-19,KOTAKBANK,10.33835474023261,RECONSTRUCTED
2023-05-19,PNB,1.2007863152538776,RECONSTRUCTED
2023-05-19,SBIN,10.24043836517258,RECONSTRUCTED
2023-05-22,AUBANK,2.983559621577201,RECONSTRUCTED
2023-05-22,AXISBANK,10.021596325746703,RECONSTRUCTED
2023-05-22,BANDHANBNK,1.47263093136324,RECONSTRUCTED
2023-05-22,BANKBARODA,2.7644185230449594,RECONSTRUCTED
2023-05-22,FEDERALBNK,2.1877920767532237,RECONSTRUCTED
2023-05-22,HDFCBANK,26.257622877959818,RECONSTRUCTED
2023-05-22,ICICIBANK,24.08585675958875,RECONSTRUCTED
2023-05-22,IDFCFIRSTB,1.695484977958827,RECONSTRUCTED
2023-05-22,INDUSINDBK,6.649946511420538,RECONSTRUCTED
2023-05-22,KOTAKBANK,10.350467027969184,RECONSTRUCTED
2023-05-22,PNB,1.2348483278174123,RECONSTRUCTED
2023-05-22,SBIN,10.295776038800133,RECONSTRUCTED
2023-05-23,AUBANK,2.9953414595395333,RECONSTRUCTED
2023-05-23,AXISBANK,9.99049960863041,RECONSTRUCTED
2023-05-23,BANDHANBNK,1.539770402944371,RECONSTRUCTED
2023-05-23,BANKBARODA,2.7943524701815727,RECONSTRUCTED
2023-05-23,FEDERALBNK,2.174816597551598,RECONSTRUCTED
2023-05-23,HDFCBANK,26.15464228510379,RECONSTRUCTED
2023-05-23,ICICIBANK,24.124988963519243,RECONSTRUCTED
2023-05-23,IDFCFIRSTB,1.683883899380427,RECONSTRUCTED
2023-05-23,INDUSINDBK,6.71430029611058,RECONSTRUCTED
2023-05-23,KOTAKBANK,10.234515553431525,RECONSTRUCTED
2023-05-23,PNB,1.2341172718490045,RECONSTRUCTED
2023-05-23,SBIN,10.35877119175793,RECONSTRUCTED
2023-05-24,AUBANK,3.026956682246111,RECONSTRUCTED
2023-05-24,AXISBANK,10.070775112242512,RECONSTRUCTED
2023-05-24,BANDHANBNK,1.5940897402201128,RECONSTRUCTED
2023-05-24,BANKBARODA,2.8020762061798865,RECONSTRUCTED
2023-05-24,FEDERALBNK,2.1563653048574207,RECONSTRUCTED
2023-05-24,HDFCBANK,25.97623457545425,RECONSTRUCTED
2023-05-24,ICICIBANK,23.953091895161652,RECONSTRUCTED
2023-05-24,IDFCFIRSTB,1.693264499075284,RECONSTRUCTED
2023-05-24,INDUSINDBK,6.818747005288371,RECONSTRUCTED
2023-05-24,KOTAKBANK,10.239562220271123,RECONSTRUCTED
2023-05-24,PNB,1.2247515684299113,RECONSTRUCTED
2023-05-24,SBIN,10.444085190573372,RECONSTRUCTED
2023-05-25,AUBANK,3.0425126296049796,RECONSTRUCTED
2023-05-25,AXISBANK,10.106698421225117,RECONSTRUCTED
2023-05-25,BANDHANBNK,1.6128821728236147,RECONSTRUCTED
2023-05-25,BANKBARODA,2.7888045496907385,RECONSTRUCTED
2023-05-25,FEDERALBNK,2.146607055403674,RECONSTRUCTED
2023-05-25,HDFCBANK,25.87441209011285,RECONSTRUCTED
2023-05-25,ICICIBANK,23.93073293957155,RECONSTRUCTED
2023-05-25,IDFCFIRSTB,1.7444306706435142,RECONSTRUCTED
2023-05-25,INDUSINDBK,6.773414249513042,RECONSTRUCTED
2023-05-25,KOTAKBANK,10.343760062184664,RECONSTRUCTED
2023-05-25,PNB,1.2185143416864683,RECONSTRUCTED
2023-05-25,SBIN,10.417230817539789,RECONSTRUCTED
2023-05-26,AUBANK,3.0517946731444665,RECONSTRUCTED
2023-05-26,AXISBANK,10.093654215767959,RECONSTRUCTED
2023-05-26,BANDHANBNK,1.5805561232624759,RECONSTRUCTED
2023-05-26,BANKBARODA,2.794117094403834,RECONSTRUCTED
2023-05-26,FEDERALBNK,2.164758099063976,RECONSTRUCTED
2023-05-26,HDFCBANK,25.775443416412475,RECONSTRUCTED
2023-05-26,ICICIBANK,24.02187830241304,RECONSTRUCTED
2023-05-26,IDFCFIRSTB,1.778186159957781,RECONSTRUCTED
2023-05-26,INDUSINDBK,6.746354480207829,RECONSTRUCTED
2023-05-26,KOTAKBANK,10.344968300786093,RECONSTRUCTED
2023-05-26,PNB,1.2262439601656996,RECONSTRUCTED
2023-05-26,SBIN,10.422045174414384,RECONSTRUCTED
2023-05-29,AUBANK,3.0790799540318674,RECONSTRUCTED
2023-05-29,AXISBANK,10.057536246436985,RECONSTRUCTED
2023-05-29,BANDHANBNK,1.589631309595086,RECONSTRUCTED
2023-05-29,BANKBARODA,2.7786094719015586,RECONSTRUCTED
2023-05-29,FEDERALBNK,2.154692574522198,RECONSTRUCTED
2023-05-29,HDFCBANK,25.916660547986293,RECONSTRUCTED
2023-05-29,ICICIBANK,23.798548430735668,RECONSTRUCTED
2023-05-29,IDFCFIRSTB,1.773978864189069,RECONSTRUCTED
2023-05-29,INDUSINDBK,6.790925372635138,RECONSTRUCTED
2023-05-29,KOTAKBANK,10.31941458073298,RECONSTRUCTED
2023-05-29,PNB,1.228997697508093,RECONSTRUCTED
2023-05-29,SBIN,10.511924949725051,RECONSTRUCTED
2023-05-30,AUBANK,3.0150985933742986,RECONSTRUCTED
2023-05-30,AXISBANK,10.11188215145435,RECONSTRUCTED
2023-05-30,BANDHANBNK,1.6064824512514426,RECONSTRUCTED
2023-05-30,BANKBARODA,2.7693185724129856,RECONSTRUCTED
2023-05-30,FEDERALBNK,2.145233062442077,RECONSTRUCTED
2023-05-30,HDFCBANK,25.863819641692693,RECONSTRUCTED
2023-05-30,ICICIBANK,23.776941416103153,RECONSTRUCTED
2023-05-30,IDFCFIRSTB,1.8068361959038441,RECONSTRUCTED
2023-05-30,INDUSINDBK,6.815646194889919,RECONSTRUCTED
2023-05-30,KOTAKBANK,10.403783177511416,RECONSTRUCTED
2023-05-30,PNB,1.2412365559131742,RECONSTRUCTED
2023-05-30,SBIN,10.443721987050655,RECONSTRUCTED
2023-05-31,AUBANK,3.04,OFFICIAL
2023-05-31,AXISBANK,9.94,OFFICIAL
2023-05-31,BANDHANBNK,1.62,OFFICIAL
2023-05-31,BANKBARODA,2.81,OFFICIAL
2023-05-31,FEDERALBNK,2.16,OFFICIAL
2023-05-31,HDFCBANK,25.64,OFFICIAL
2023-05-31,ICICIBANK,23.93,OFFICIAL
2023-05-31,IDFCFIRSTB,1.82,OFFICIAL
2023-05-31,INDUSINDBK,6.83,OFFICIAL
2023-05-31,KOTAKBANK,10.69,OFFICIAL
2023-05-31,PNB,1.26,OFFICIAL
2023-05-31,SBIN,10.29,OFFICIAL
2023-06-01,AUBANK,2.72168908006693,RECONSTRUCTED
2023-06-01,AXISBANK,9.670969968348528,RECONSTRUCTED
2023-06-01,BANDHANBNK,1.4714918950379807,RECONSTRUCTED
2023-06-01,BANKBARODA,2.538192453089877,RECONSTRUCTED
2023-06-01,FEDERALBNK,1.9603417502468634,RECONSTRUCTED
2023-06-01,HDFCBANK,26.700684900563935,RECONSTRUCTED
2023-06-01,ICICIBANK,24.67583172045188,RECONSTRUCTED
2023-06-01,IDFCFIRSTB,1.6710412037409657,RECONSTRUCTED
2023-06-01,INDUSINDBK,6.199695512430946,RECONSTRUCTED
2023-06-01,KOTAKBANK,10.692843712377085,RECONSTRUCTED
2023-06-01,PNB,1.134386907386168,RECONSTRUCTED
2023-06-01,SBIN,10.562830896258859,RECONSTRUCTED
2023-06-02,AUBANK,2.725622741396374,RECONSTRUCTED
2023-06-02,AXISBANK,9.705690081401979,RECONSTRUCTED
2023-06-02,BANDHANBNK,1.4504470542337902,RECONSTRUCTED
2023-06-02,BANKBARODA,2.555703049308765,RECONSTRUCTED
2023-06-02,FEDERALBNK,1.9639028731411725,RECONSTRUCTED
2023-06-02,HDFCBANK,26.65283769615937,RECONSTRUCTED
2023-06-02,ICICIBANK,24.64713958311625,RECONSTRUCTED
2023-06-02,IDFCFIRSTB,1.6723329754183909,RECONSTRUCTED
2023-06-02,INDUSINDBK,6.169616019918616,RECONSTRUCTED
2023-06-02,KOTAKBANK,10.705110563118629,RECONSTRUCTED
2023-06-02,PNB,1.1437129492996854,RECONSTRUCTED
2023-06-02,SBIN,10.607884413486982,RECONSTRUCTED
2023-06-05,AUBANK,2.636646357101777,RECONSTRUCTED
2023-06-05,AXISBANK,9.928597560315596,RECONSTRUCTED
2023-06-05,BANDHANBNK,1.4347919880943738,RECONSTRUCTED
2023-06-05,BANKBARODA,2.5313494067283138,RECONSTRUCTED
2023-06-05,FEDERALBNK,1.9745517291379542,RECONSTRUCTED
2023-06-05,HDFCBANK,26.520563013180283,RECONSTRUCTED
2023-06-05,ICICIBANK,24.782032205906702,RECONSTRUCTED
2023-06-05,IDFCFIRSTB,1.6844963506018102,RECONSTRUCTED
2023-06-05,INDUSINDBK,6.211928802999793,RECONSTRUCTED
2023-06-05,KOTAKBANK,10.589729829155868,RECONSTRUCTED
2023-06-05,PNB,1.1362581825125733,RECONSTRUCTED
2023-06-05,SBIN,10.569054574264944,RECONSTRUCTED
2023-06-06,AUBANK,2.636459329257211,RECONSTRUCTED
2023-06-06,AXISBANK,10.096273449390548,RECONSTRUCTED
2023-06-06,BANDHANBNK,1.4342369967812871,RECONSTRUCTED
2023-06-06,BANKBARODA,2.523205896976168,RECONSTRUCTED
2023-06-06,FEDERALBNK,1.954103202586532,RECONSTRUCTED
2023-06-06,HDFCBANK,26.402637160709713,RECONSTRUCTED
2023-06-06,ICICIBANK,24.627409766220072,RECONSTRUCTED
2023-06-06,IDFCFIRSTB,1.6845312725498638,RECONSTRUCTED
2023-06-06,INDUSINDBK,6.223654979639559,RECONSTRUCTED
2023-06-06,KOTAKBANK,10.763223478892648,RECONSTRUCTED
2023-06-06,PNB,1.1325661419883546,RECONSTRUCTED
2023-06-06,SBIN,10.52169832500804,RECONSTRUCTED
2023-06-07,AUBANK,2.6674972237766053,RECONSTRUCTED
2023-06-07,AXISBANK,10.161413054715235,RECONSTRUCTED
2023-06-07,BANDHANBNK,1.4360086417925064,RECONSTRUCTED
2023-06-07,BANKBARODA,2.5457837941698487,RECONSTRUCTED
2023-06-07,FEDERALBNK,1.950267824791116,RECONSTRUCTED
2023-06-07,HDFCBANK,26.477067759202917,RECONSTRUCTED
2023-06-07,ICICIBANK,24.51978393431815,RECONSTRUCTED
2023-06-07,IDFCFIRSTB,1.6760045361486589,RECONSTRUCTED
2023-06-07,INDUSINDBK,6.2337004859862875,RECONSTRUCTED
2023-06-07,KOTAKBANK,10.63013764074157,RECONSTRUCTED
2023-06-07,PNB,1.1364077472421306,RECONSTRUCTED
2023-06-07,SBIN,10.565927357114973,RECONSTRUCTED
2023-06-08,AUBANK,2.6590842736520512,RECONSTRUCTED
2023-06-08,AXISBANK,10.071876006837774,RECONSTRUCTED
2023-06-08,BANDHANBNK,1.4204628330885845,RECONSTRUCTED
2023-06-08,BANKBARODA,2.5624585327346328,RECONSTRUCTED
2023-06-08,FEDERALBNK,1.9609632643969859,RECONSTRUCTED
2023-06-08,HDFCBANK,26.65995470821349,RECONSTRUCTED
2023-06-08,ICICIBANK,24.613444696618465,RECONSTRUCTED
2023-06-08,IDFCFIRSTB,1.65445151105484,RECONSTRUCTED
2023-06-08,INDUSINDBK,6.237694385532883,RECONSTRUCTED
2023-06-08,KOTAKBANK,10.405136370639966,RECONSTRUCTED
2023-06-08,PNB,1.1348083481784148,RECONSTRUCTED
2023-06-08,SBIN,10.619665069051914,RECONSTRUCTED
2023-06-09,AUBANK,2.6840105281073665,RECONSTRUCTED
2023-06-09,AXISBANK,10.207398281020053,RECONSTRUCTED
2023-06-09,BANDHANBNK,1.4009616997248537,RECONSTRUCTED
2023-06-09,BANKBARODA,2.527682473969857,RECONSTRUCTED
2023-06-09,FEDERALBNK,1.9460022675541218,RECONSTRUCTED
2023-06-09,HDFCBANK,26.699535210423765,RECONSTRUCTED
2023-06-09,ICICIBANK,24.624845318576,RECONSTRUCTED
2023-06-09,IDFCFIRSTB,1.6434922571315451,RECONSTRUCTED
2023-06-09,INDUSINDBK,6.3697515354373975,RECONSTRUCTED
2023-06-09,KOTAKBANK,10.328291157310526,RECONSTRUCTED
2023-06-09,PNB,1.1220419105476986,RECONSTRUCTED
2023-06-09,SBIN,10.44598736019683,RECONSTRUCTED
2023-06-12,AUBANK,2.684299830246493,RECONSTRUCTED
2023-06-12,AXISBANK,10.213457664746588,RECONSTRUCTED
2023-06-12,BANDHANBNK,1.4055916580465355,RECONSTRUCTED
2023-06-12,BANKBARODA,2.5600445309385846,RECONSTRUCTED
2023-06-12,FEDERALBNK,1.9498141244086098,RECONSTRUCTED
2023-06-12,HDFCBANK,26.56782077979731,RECONSTRUCTED
2023-06-12,ICICIBANK,24.598182702772398,RECONSTRUCTED
2023-06-12,IDFCFIRSTB,1.6706394670264073,RECONSTRUCTED
2023-06-12,INDUSINDBK,6.383838542546629,RECONSTRUCTED
2023-06-12,KOTAKBANK,10.381407896339025,RECONSTRUCTED
2023-06-12,PNB,1.1277170630036593,RECONSTRUCTED
2023-06-12,SBIN,10.457185740127777,RECONSTRUCTED
2023-06-13,AUBANK,2.6846208346583613,RECONSTRUCTED
2023-06-13,AXISBANK,10.30502804329847,RECONSTRUCTED
2023-06-13,BANDHANBNK,1.426236356105823,RECONSTRUCTED
2023-06-13,BANKBARODA,2.5558855871117205,RECONSTRUCTED
2023-06-13,FEDERALBNK,1.933954643366089,RECONSTRUCTED
2023-06-13,HDFCBANK,26.5339246159692,RECONSTRUCTED
2023-06-13,ICICIBANK,24.72458226017048,RECONSTRUCTED
2023-06-13,IDFCFIRSTB,1.711459493671486,RECONSTRUCTED
2023-06-13,INDUSINDBK,6.383110473525195,RECONSTRUCTED
2023-06-13,KOTAKBANK,10.221283170931992,RECONSTRUCTED
2023-06-13,PNB,1.1341970019952237,RECONSTRUCTED
2023-06-13,SBIN,10.38571751919594,RECONSTRUCTED
2023-06-14,AUBANK,2.719674994579322,RECONSTRUCTED
2023-06-14,AXISBANK,10.240657965224766,RECONSTRUCTED
2023-06-14,BANDHANBNK,1.3794375546131876,RECONSTRUCTED
2023-06-14,BANKBARODA,2.5638282940542454,RECONSTRUCTED
2023-06-14,FEDERALBNK,1.935560905477576,RECONSTRUCTED
2023-06-14,HDFCBANK,26.558966311006248,RECONSTRUCTED
2023-06-14,ICICIBANK,24.676490432118335,RECONSTRUCTED
2023-06-14,IDFCFIRSTB,1.7596541570068143,RECONSTRUCTED
2023-06-14,INDUSINDBK,6.333889085435966,RECONSTRUCTED
2023-06-14,KOTAKBANK,10.290118649610777,RECONSTRUCTED
2023-06-14,PNB,1.1321365718309373,RECONSTRUCTED
2023-06-14,SBIN,10.409585079041833,RECONSTRUCTED
2023-06-15,AUBANK,2.7664934733565723,RECONSTRUCTED
2023-06-15,AXISBANK,10.36411276987958,RECONSTRUCTED
2023-06-15,BANDHANBNK,1.3658793855149733,RECONSTRUCTED
2023-06-15,BANKBARODA,2.5401038349432956,RECONSTRUCTED
2023-06-15,FEDERALBNK,1.9229716987837167,RECONSTRUCTED
2023-06-15,HDFCBANK,26.563499450382565,RECONSTRUCTED
2023-06-15,ICICIBANK,24.6370608277346,RECONSTRUCTED
2023-06-15,IDFCFIRSTB,1.8341070259007612,RECONSTRUCTED
2023-06-15,INDUSINDBK,6.287104200489141,RECONSTRUCTED
2023-06-15,KOTAKBANK,10.245959119334707,RECONSTRUCTED
2023-06-15,PNB,1.115445213065394,RECONSTRUCTED
2023-06-15,SBIN,10.357263000614696,RECONSTRUCTED
2023-06-16,AUBANK,2.746385471551242,RECONSTRUCTED
2023-06-16,AXISBANK,10.294633636532012,RECONSTRUCTED
2023-06-16,BANDHANBNK,1.3889260134506949,RECONSTRUCTED
2023-06-16,BANKBARODA,2.5761343540058856,RECONSTRUCTED
2023-06-16,FEDERALBNK,1.9280038252723162,RECONSTRUCTED
2023-06-16,HDFCBANK,26.610831394351603,RECONSTRUCTED
2023-06-16,ICICIBANK,24.562017567256948,RECONSTRUCTED
2023-06-16,IDFCFIRSTB,1.8756301902803836,RECONSTRUCTED
2023-06-16,INDUSINDBK,6.297963494409223,RECONSTRUCTED
2023-06-16,KOTAKBANK,10.263718220870764,RECONSTRUCTED
2023-06-16,PNB,1.1281684546920006,RECONSTRUCTED
2023-06-16,SBIN,10.327587377326934,RECONSTRUCTED
2023-06-19,AUBANK,2.742091494242467,RECONSTRUCTED
2023-06-19,AXISBANK,10.199130974589735,RECONSTRUCTED
2023-06-19,BANDHANBNK,1.3758411185401052,RECONSTRUCTED
2023-06-19,BANKBARODA,2.6721841315018544,RECONSTRUCTED
2023-06-19,FEDERALBNK,1.931370939144629,RECONSTRUCTED
2023-06-19,HDFCBANK,26.82147078606882,RECONSTRUCTED
2023-06-19,ICICIBANK,24.44226253514307,RECONSTRUCTED
2023-06-19,IDFCFIRSTB,1.8795793260187341,RECONSTRUCTED
2023-06-19,INDUSINDBK,6.28145903697286,RECONSTRUCTED
2023-06-19,KOTAKBANK,10.153131343294305,RECONSTRUCTED
2023-06-19,PNB,1.1449217089410617,RECONSTRUCTED
2023-06-19,SBIN,10.35655660554236,RECONSTRUCTED
2023-06-20,AUBANK,2.717580229901158,RECONSTRUCTED
2023-06-20,AXISBANK,10.264753612355818,RECONSTRUCTED
2023-06-20,BANDHANBNK,1.3562511303073133,RECONSTRUCTED
2023-06-20,BANKBARODA,2.680496337927392,RECONSTRUCTED
2023-06-20,FEDERALBNK,1.9301457656413046,RECONSTRUCTED
2023-06-20,HDFCBANK,26.79513222059393,RECONSTRUCTED
2023-06-20,ICICIBANK,24.43072329773405,RECONSTRUCTED
2023-06-20,IDFCFIRSTB,1.9083927582727787,RECONSTRUCTED
2023-06-20,INDUSINDBK,6.247777368574595,RECONSTRUCTED
2023-06-20,KOTAKBANK,10.229925266341851,RECONSTRUCTED
2023-06-20,PNB,1.140315178921791,RECONSTRUCTED
2023-06-20,SBIN,10.298506833428007,RECONSTRUCTED
2023-06-21,AUBANK,2.647408795066962,RECONSTRUCTED
2023-06-21,AXISBANK,10.146880837399515,RECONSTRUCTED
2023-06-21,BANDHANBNK,1.3233806804264556,RECONSTRUCTED
2023-06-21,BANKBARODA,2.7171971766696763,RECONSTRUCTED
2023-06-21,FEDERALBNK,1.9262415358392035,RECONSTRUCTED
2023-06-21,HDFCBANK,27.19735844909153,RECONSTRUCTED
2023-06-21,ICICIBANK,24.349048672214614,RECONSTRUCTED
2023-06-21,IDFCFIRSTB,1.8899657809118453,RECONSTRUCTED
2023-06-21,INDUSINDBK,6.175971543723071,RECONSTRUCTED
2023-06-21,KOTAKBANK,10.213675610443596,RECONSTRUCTED
2023-06-21,PNB,1.1583698348850562,RECONSTRUCTED
2023-06-21,SBIN,10.254501083328474,RECONSTRUCTED
2023-06-22,AUBANK,2.623525228943641,RECONSTRUCTED
2023-06-22,AXISBANK,10.180429411399661,RECONSTRUCTED
2023-06-22,BANDHANBNK,1.310455180583884,RECONSTRUCTED
2023-06-22,BANKBARODA,2.658473928549736,RECONSTRUCTED
2023-06-22,FEDERALBNK,1.9368864735585438,RECONSTRUCTED
2023-06-22,HDFCBANK,27.403726740270823,RECONSTRUCTED
2023-06-22,ICICIBANK,24.442112197792373,RECONSTRUCTED
2023-06-22,IDFCFIRSTB,1.788989193527735,RECONSTRUCTED
2023-06-22,INDUSINDBK,6.1256426199889065,RECONSTRUCTED
2023-06-22,KOTAKBANK,10.188645404722676,RECONSTRUCTED
2023-06-22,PNB,1.1208210955059996,RECONSTRUCTED
2023-06-22,SBIN,10.220292525156022,RECONSTRUCTED
2023-06-23,AUBANK,2.615447033884513,RECONSTRUCTED
2023-06-23,AXISBANK,10.11898843492118,RECONSTRUCTED
2023-06-23,BANDHANBNK,1.2979991930511514,RECONSTRUCTED
2023-06-23,BANKBARODA,2.6498721649662462,RECONSTRUCTED
2023-06-23,FEDERALBNK,1.9157903493098771,RECONSTRUCTED
2023-06-23,HDFCBANK,27.469717454428366,RECONSTRUCTED
2023-06-23,ICICIBANK,24.442909552483478,RECONSTRUCTED
2023-06-23,IDFCFIRSTB,1.7968729958662273,RECONSTRUCTED
2023-06-23,INDUSINDBK,6.314467065082545,RECONSTRUCTED
2023-06-23,KOTAKBANK,10.171803122320759,RECONSTRUCTED
2023-06-23,PNB,1.1125729245196176,RECONSTRUCTED
2023-06-23,SBIN,10.093559709166026,RECONSTRUCTED
2023-06-26,AUBANK,2.645381365842174,RECONSTRUCTED
2023-06-26,AXISBANK,10.13803795653605,RECONSTRUCTED
2023-06-26,BANDHANBNK,1.3019350394364844,RECONSTRUCTED
2023-06-26,BANKBARODA,2.6289342746558897,RECONSTRUCTED
2023-06-26,FEDERALBNK,1.901774206315103,RECONSTRUCTED
2023-06-26,HDFCBANK,27.326999660945216,RECONSTRUCTED
2023-06-26,ICICIBANK,24.53862074934587,RECONSTRUCTED
2023-06-26,IDFCFIRSTB,1.7962261885731992,RECONSTRUCTED
2023-06-26,INDUSINDBK,6.342821762914312,RECONSTRUCTED
2023-06-26,KOTAKBANK,10.13700135365473,RECONSTRUCTED
2023-06-26,PNB,1.1077677964165948,RECONSTRUCTED
2023-06-26,SBIN,10.13449964536437,RECONSTRUCTED
2023-06-27,AUBANK,2.631642948585127,RECONSTRUCTED
2023-06-27,AXISBANK,10.158766466658347,RECONSTRUCTED
2023-06-27,BANDHANBNK,1.295465787309428,RECONSTRUCTED
2023-06-27,BANKBARODA,2.6026602093031657,RECONSTRUCTED
2023-06-27,FEDERALBNK,1.9079298282732828,RECONSTRUCTED
2023-06-27,HDFCBANK,27.406426684223167,RECONSTRUCTED
2023-06-27,ICICIBANK,24.49427086099107,RECONSTRUCTED
2023-06-27,IDFCFIRSTB,1.7878356801897928,RECONSTRUCTED
2023-06-27,INDUSINDBK,6.277146407864132,RECONSTRUCTED
2023-06-27,KOTAKBANK,10.144791439942821,RECONSTRUCTED
2023-06-27,PNB,1.1075270337010663,RECONSTRUCTED
2023-06-27,SBIN,10.185536652958588,RECONSTRUCTED
2023-06-28,AUBANK,2.6123008238350667,RECONSTRUCTED
2023-06-28,AXISBANK,10.162496756058403,RECONSTRUCTED
2023-06-28,BANDHANBNK,1.2647336284129032,RECONSTRUCTED
2023-06-28,BANKBARODA,2.5775530222916108,RECONSTRUCTED
2023-06-28,FEDERALBNK,1.8850828753125832,RECONSTRUCTED
2023-06-28,HDFCBANK,27.566385954259292,RECONSTRUCTED
2023-06-28,ICICIBANK,24.41442955089863,RECONSTRUCTED
2023-06-28,IDFCFIRSTB,1.8124155208583403,RECONSTRUCTED
2023-06-28,INDUSINDBK,6.333607907564237,RECONSTRUCTED
2023-06-28,KOTAKBANK,10.074446441368918,RECONSTRUCTED
2023-06-28,PNB,1.0925721149525858,RECONSTRUCTED
2023-06-28,SBIN,10.203975404187425,RECONSTRUCTED
2023-06-30,AUBANK,2.61,OFFICIAL
2023-06-30,AXISBANK,10.17,OFFICIAL
2023-06-30,BANDHANBNK,1.3,OFFICIAL
2023-06-30,BANKBARODA,2.56,OFFICIAL
2023-06-30,FEDERALBNK,1.93,OFFICIAL
2023-06-30,HDFCBANK,27.74,OFFICIAL
2023-06-30,ICICIBANK,24.13,OFFICIAL
2023-06-30,IDFCFIRSTB,1.79,OFFICIAL
2023-06-30,INDUSINDBK,6.47,OFFICIAL
2023-06-30,KOTAKBANK,10.02,OFFICIAL
2023-06-30,PNB,1.11,OFFICIAL
2023-06-30,SBIN,10.17,OFFICIAL
2023-07-03,AUBANK,2.6928323862754335,RECONSTRUCTED
2023-07-03,AXISBANK,9.721001568704624,RECONSTRUCTED
2023-07-03,BANDHANBNK,1.2877970811269361,RECONSTRUCTED
2023-07-03,BANKBARODA,2.7344459456385453,RECONSTRUCTED
2023-07-03,FEDERALBNK,2.2123973314503553,RECONSTRUCTED
2023-07-03,HDFCBANK,29.891580474373075,RECONSTRUCTED
2023-07-03,ICICIBANK,22.920512810700732,RECONSTRUCTED
2023-07-03,IDFCFIRSTB,1.8790753840769436,RECONSTRUCTED
2023-07-03,INDUSINDBK,6.626680016438153,RECONSTRUCTED
2023-07-03,KOTAKBANK,9.427941614725533,RECONSTRUCTED
2023-07-03,PNB,1.1781411957615329,RECONSTRUCTED
2023-07-03,SBIN,9.427594190728152,RECONSTRUCTED
2023-07-04,AUBANK,2.743864250566802,RECONSTRUCTED
2023-07-04,AXISBANK,9.57673054706233,RECONSTRUCTED
2023-07-04,BANDHANBNK,1.2606874207539511,RECONSTRUCTED
2023-07-04,BANKBARODA,2.769990169477672,RECONSTRUCTED
2023-07-04,FEDERALBNK,2.2820940077238836,RECONSTRUCTED
2023-07-04,HDFCBANK,29.939315778563262,RECONSTRUCTED
2023-07-04,ICICIBANK,22.897643216494274,RECONSTRUCTED
2023-07-04,IDFCFIRSTB,1.7975083180164098,RECONSTRUCTED
2023-07-04,INDUSINDBK,6.542796490100981,RECONSTRUCTED
2023-07-04,KOTAKBANK,9.4875565791772,RECONSTRUCTED
2023-07-04,PNB,1.2440682874840807,RECONSTRUCTED
2023-07-04,SBIN,9.457744934579166,RECONSTRUCTED
2023-07-05,AUBANK,2.726195858475668,RECONSTRUCTED
2023-07-05,AXISBANK,9.574293677493015,RECONSTRUCTED
2023-07-05,BANDHANBNK,1.2313579631228233,RECONSTRUCTED
2023-07-05,BANKBARODA,2.820492980842265,RECONSTRUCTED
2023-07-05,FEDERALBNK,2.3139948954839302,RECONSTRUCTED
2023-07-05,HDFCBANK,29.106791099472296,RECONSTRUCTED
2023-07-05,ICICIBANK,23.31497883510714,RECONSTRUCTED
2023-07-05,IDFCFIRSTB,1.8438717506180053,RECONSTRUCTED
2023-07-05,INDUSINDBK,6.724264426705597,RECONSTRUCTED
2023-07-05,KOTAKBANK,9.542479436485937,RECONSTRUCTED
2023-07-05,PNB,1.2830950651719204,RECONSTRUCTED
2023-07-05,SBIN,9.518184011021397,RECONSTRUCTED
2023-07-06,AUBANK,2.788399718561016,RECONSTRUCTED
2023-07-06,AXISBANK,9.677422196257742,RECONSTRUCTED
2023-07-06,BANDHANBNK,1.2576327863467245,RECONSTRUCTED
2023-07-06,BANKBARODA,2.812300622358281,RECONSTRUCTED
2023-07-06,FEDERALBNK,2.3407705352136707,RECONSTRUCTED
2023-07-06,HDFCBANK,29.01638198156634,RECONSTRUCTED
2023-07-06,ICICIBANK,23.252901993302807,RECONSTRUCTED
2023-07-06,IDFCFIRSTB,1.8397069138529727,RECONSTRUCTED
2023-07-06,INDUSINDBK,6.651836709598418,RECONSTRUCTED
2023-07-06,KOTAKBANK,9.56662914266417,RECONSTRUCTED
2023-07-06,PNB,1.2865336823725777,RECONSTRUCTED
2023-07-06,SBIN,9.509483717905292,RECONSTRUCTED
2023-07-07,AUBANK,2.7137420177259006,RECONSTRUCTED
2023-07-07,AXISBANK,9.72471112694293,RECONSTRUCTED
2023-07-07,BANDHANBNK,1.266801590742905,RECONSTRUCTED
2023-07-07,BANKBARODA,2.887384284309801,RECONSTRUCTED
2023-07-07,FEDERALBNK,2.3580821597398214,RECONSTRUCTED
2023-07-07,HDFCBANK,29.02978891824164,RECONSTRUCTED
2023-07-07,ICICIBANK,23.150207257012394,RECONSTRUCTED
2023-07-07,IDFCFIRSTB,1.8382889911363942,RECONSTRUCTED
2023-07-07,INDUSINDBK,6.5535837039992995,RECONSTRUCTED
2023-07-07,KOTAKBANK,9.532801582119411,RECONSTRUCTED
2023-07-07,PNB,1.329256499985727,RECONSTRUCTED
2023-07-07,SBIN,9.61535186804378,RECONSTRUCTED
2023-07-10,AUBANK,2.7253753127397884,RECONSTRUCTED
2023-07-10,AXISBANK,9.613401093754723,RECONSTRUCTED
2023-07-10,BANDHANBNK,1.2596421050581796,RECONSTRUCTED
2023-07-10,BANKBARODA,2.8143054557092566,RECONSTRUCTED
2023-07-10,FEDERALBNK,2.3398361226140896,RECONSTRUCTED
2023-07-10,HDFCBANK,29.00490626473402,RECONSTRUCTED
2023-07-10,ICICIBANK,23.234518614250437,RECONSTRUCTED
2023-07-10,IDFCFIRSTB,1.8306980445398482,RECONSTRUCTED
2023-07-10,INDUSINDBK,6.611461854503904,RECONSTRUCTED
2023-07-10,KOTAKBANK,9.616366364546757,RECONSTRUCTED
2023-07-10,PNB,1.335692415750173,RECONSTRUCTED
2023-07-10,SBIN,9.613796351798818,RECONSTRUCTED
2023-07-11,AUBANK,2.7314470144067626,RECONSTRUCTED
2023-07-11,AXISBANK,9.528877451896284,RECONSTRUCTED
2023-07-11,BANDHANBNK,1.230463853169659,RECONSTRUCTED
2023-07-11,BANKBARODA,2.841426697910133,RECONSTRUCTED
2023-07-11,FEDERALBNK,2.3649329776411245,RECONSTRUCTED
2023-07-11,HDFCBANK,28.93583007569128,RECONSTRUCTED
2023-07-11,ICICIBANK,23.207650070418484,RECONSTRUCTED
2023-07-11,IDFCFIRSTB,1.9174673956649773,RECONSTRUCTED
2023-07-11,INDUSINDBK,6.695563617928945,RECONSTRUCTED
2023-07-11,KOTAKBANK,9.638765421586964,RECONSTRUCTED
2023-07-11,PNB,1.335704365811562,RECONSTRUCTED
2023-07-11,SBIN,9.571871057873844,RECONSTRUCTED
2023-07-12,AUBANK,2.7643721900872484,RECONSTRUCTED
2023-07-12,AXISBANK,9.521579464990133,RECONSTRUCTED
2023-07-12,BANDHANBNK,1.227847763663108,RECONSTRUCTED
2023-07-12,BANKBARODA,2.846728269520711,RECONSTRUCTED
2023-07-12,FEDERALBNK,2.3579090330201975,RECONSTRUCTED
2023-07-12,HDFCBANK,28.73914937252605,RECONSTRUCTED
2023-07-12,ICICIBANK,23.254446103789544,RECONSTRUCTED
2023-07-12,IDFCFIRSTB,1.929418142975004,RECONSTRUCTED
2023-07-12,INDUSINDBK,6.666791120551394,RECONSTRUCTED
2023-07-12,KOTAKBANK,9.723364023944919,RECONSTRUCTED
2023-07-12,PNB,1.3602229386113043,RECONSTRUCTED
2023-07-12,SBIN,9.608171576320386,RECONSTRUCTED
2023-07-13,AUBANK,2.7253373874120057,RECONSTRUCTED
2023-07-13,AXISBANK,9.619088140363772,RECONSTRUCTED
2023-07-13,BANDHANBNK,1.194647277656914,RECONSTRUCTED
2023-07-13,BANKBARODA,2.7384437503195582,RECONSTRUCTED
2023-07-13,FEDERALBNK,2.2252056132974647,RECONSTRUCTED
2023-07-13,HDFCBANK,28.869914321700783,RECONSTRUCTED
2023-07-13,ICICIBANK,23.522367676275152,RECONSTRUCTED
2023-07-13,IDFCFIRSTB,1.8879579558573323,RECONSTRUCTED
2023-07-13,INDUSINDBK,6.687432420939516,RECONSTRUCTED
2023-07-13,KOTAKBANK,9.675628554398404,RECONSTRUCTED
2023-07-13,PNB,1.3086955665670614,RECONSTRUCTED
2023-07-13,SBIN,9.54528133521203,RECONSTRUCTED
2023-07-14,AUBANK,2.7910573165425565,RECONSTRUCTED
2023-07-14,AXISBANK,9.554671530832405,RECONSTRUCTED
2023-07-14,BANDHANBNK,1.222487225015841,RECONSTRUCTED
2023-07-14,BANKBARODA,2.748309140356866,RECONSTRUCTED
2023-07-14,FEDERALBNK,2.2620751022194647,RECONSTRUCTED
2023-07-14,HDFCBANK,28.829070707066094,RECONSTRUCTED
2023-07-14,ICICIBANK,23.547218623880163,RECONSTRUCTED
2023-07-14,IDFCFIRSTB,1.9079853059511294,RECONSTRUCTED
2023-07-14,INDUSINDBK,6.667554168760394,RECONSTRUCTED
2023-07-14,KOTAKBANK,9.63835408195127,RECONSTRUCTED
2023-07-14,PNB,1.339448922849177,RECONSTRUCTED
2023-07-14,SBIN,9.491767874574654,RECONSTRUCTED
2023-07-17,AUBANK,2.703657578687718,RECONSTRUCTED
2023-07-17,AXISBANK,9.49869202338568,RECONSTRUCTED
2023-07-17,BANDHANBNK,1.171500076024231,RECONSTRUCTED
2023-07-17,BANKBARODA,2.7524651983008024,RECONSTRUCTED
2023-07-17,FEDERALBNK,2.2875726234302847,RECONSTRUCTED
2023-07-17,HDFCBANK,29.023144642763853,RECONSTRUCTED
2023-07-17,ICICIBANK,23.429225665917937,RECONSTRUCTED
2023-07-17,IDFCFIRSTB,1.863228014272767,RECONSTRUCTED
2023-07-17,INDUSINDBK,6.63936396894505,RECONSTRUCTED
2023-07-17,KOTAKBANK,9.647065443678672,RECONSTRUCTED
2023-07-17,PNB,1.3567405199810263,RECONSTRUCTED
2023-07-17,SBIN,9.627344244611997,RECONSTRUCTED
2023-07-18,AUBANK,2.7145015897166758,RECONSTRUCTED
2023-07-18,AXISBANK,9.494618421025763,RECONSTRUCTED
2023-07-18,BANDHANBNK,1.1667392290902852,RECONSTRUCTED
2023-07-18,BANKBARODA,2.7061787309753225,RECONSTRUCTED
2023-07-18,FEDERALBNK,2.329150224383569,RECONSTRUCTED
2023-07-18,HDFCBANK,29.02260226968485,RECONSTRUCTED
2023-07-18,ICICIBANK,23.611731337879107,RECONSTRUCTED
2023-07-18,IDFCFIRSTB,1.85105356894593,RECONSTRUCTED
2023-07-18,INDUSINDBK,6.643586165768493,RECONSTRUCTED
2023-07-18,KOTAKBANK,9.6233816408653,RECONSTRUCTED
2023-07-18,PNB,1.3415140772160201,RECONSTRUCTED
2023-07-18,SBIN,9.494942744448684,RECONSTRUCTED
2023-07-19,AUBANK,2.697211077143211,RECONSTRUCTED
2023-07-19,AXISBANK,9.447253137976531,RECONSTRUCTED
2023-07-19,BANDHANBNK,1.1614896493841536,RECONSTRUCTED
2023-07-19,BANKBARODA,2.7187305151733305,RECONSTRUCTED
2023-07-19,FEDERALBNK,2.330561590830384,RECONSTRUCTED
2023-07-19,HDFCBANK,28.989097555661886,RECONSTRUCTED
2023-07-19,ICICIBANK,23.42996636827585,RECONSTRUCTED
2023-07-19,IDFCFIRSTB,1.8564644300262223,RECONSTRUCTED
2023-07-19,INDUSINDBK,6.745211288340497,RECONSTRUCTED
2023-07-19,KOTAKBANK,9.648624738382432,RECONSTRUCTED
2023-07-19,PNB,1.389141157032572,RECONSTRUCTED
2023-07-19,SBIN,9.586248491772913,RECONSTRUCTED
2023-07-20,AUBANK,2.6774041559528237,RECONSTRUCTED
2023-07-20,AXISBANK,9.473198500289275,RECONSTRUCTED
2023-07-20,BANDHANBNK,1.1329582434001664,RECONSTRUCTED
2023-07-20,BANKBARODA,2.675513544210145,RECONSTRUCTED
2023-07-20,FEDERALBNK,2.3231344979251403,RECONSTRUCTED
2023-07-20,HDFCBANK,28.726531067479762,RECONSTRUCTED
2023-07-20,ICICIBANK,23.69472700973336,RECONSTRUCTED
2023-07-20,IDFCFIRSTB,1.8266971010794153,RECONSTRUCTED
2023-07-20,INDUSINDBK,6.695981530392752,RECONSTRUCTED
2023-07-20,KOTAKBANK,9.792267441286198,RECONSTRUCTED
2023-07-20,PNB,1.3671602578667164,RECONSTRUCTED
2023-07-20,SBIN,9.614426650384251,RECONSTRUCTED
2023-07-21,AUBANK,2.666450822902215,RECONSTRUCTED
2023-07-21,AXISBANK,9.43244275364274,RECONSTRUCTED
2023-07-21,BANDHANBNK,1.1698245262388354,RECONSTRUCTED
2023-07-21,BANKBARODA,2.6490922576430536,RECONSTRUCTED
2023-07-21,FEDERALBNK,2.2829101931632487,RECONSTRUCTED
2023-07-21,HDFCBANK,28.57561914593383,RECONSTRUCTED
2023-07-21,ICICIBANK,23.786501871033007,RECONSTRUCTED
2023-07-21,IDFCFIRSTB,1.8638169001209273,RECONSTRUCTED
2023-07-21,INDUSINDBK,6.628639268883055,RECONSTRUCTED
2023-07-21,KOTAKBANK,9.883108099609515,RECONSTRUCTED
2023-07-21,PNB,1.3436973321625796,RECONSTRUCTED
2023-07-21,SBIN,9.717896828667,RECONSTRUCTED
2023-07-24,AUBANK,2.5771323911205695,RECONSTRUCTED
2023-07-24,AXISBANK,9.465626466672918,RECONSTRUCTED
2023-07-24,BANDHANBNK,1.1771978994875512,RECONSTRUCTED
2023-07-24,BANKBARODA,2.681523100753862,RECONSTRUCTED
2023-07-24,FEDERALBNK,2.2870551439773736,RECONSTRUCTED
2023-07-24,HDFCBANK,28.71558444008254,RECONSTRUCTED
2023-07-24,ICICIBANK,23.745584248691433,RECONSTRUCTED
2023-07-24,IDFCFIRSTB,1.8891739943225752,RECONSTRUCTED
2023-07-24,INDUSINDBK,6.784560760718532,RECONSTRUCTED
2023-07-24,KOTAKBANK,9.54868486100077,RECONSTRUCTED
2023-07-24,PNB,1.3373789704060441,RECONSTRUCTED
2023-07-24,SBIN,9.790497722765828,RECONSTRUCTED
2023-07-25,AUBANK,2.554151639295738,RECONSTRUCTED
2023-07-25,AXISBANK,9.39407993969699,RECONSTRUCTED
2023-07-25,BANDHANBNK,1.176797396897074,RECONSTRUCTED
2023-07-25,BANKBARODA,2.656345775394504,RECONSTRUCTED
2023-07-25,FEDERALBNK,2.267902596642104,RECONSTRUCTED
2023-07-25,HDFCBANK,29.076933792041533,RECONSTRUCTED
2023-07-25,ICICIBANK,23.851201499309603,RECONSTRUCTED
2023-07-25,IDFCFIRSTB,1.877729777077201,RECONSTRUCTED
2023-07-25,INDUSINDBK,6.700381403436903,RECONSTRUCTED
2023-07-25,KOTAKBANK,9.455467872823967,RECONSTRUCTED
2023-07-25,PNB,1.309478995966738,RECONSTRUCTED
2023-07-25,SBIN,9.679529311417658,RECONSTRUCTED
2023-07-26,AUBANK,2.5445046987871653,RECONSTRUCTED
2023-07-26,AXISBANK,9.488558427966797,RECONSTRUCTED
2023-07-26,BANDHANBNK,1.184650815915332,RECONSTRUCTED
2023-07-26,BANKBARODA,2.6653476157822102,RECONSTRUCTED
2023-07-26,FEDERALBNK,2.2793054194986966,RECONSTRUCTED
2023-07-26,HDFCBANK,28.83877239734682,RECONSTRUCTED
2023-07-26,ICICIBANK,23.78015751103264,RECONSTRUCTED
2023-07-26,IDFCFIRSTB,1.904853108456927,RECONSTRUCTED
2023-07-26,INDUSINDBK,6.726405161695072,RECONSTRUCTED
2023-07-26,KOTAKBANK,9.510097936483428,RECONSTRUCTED
2023-07-26,PNB,1.355889421645916,RECONSTRUCTED
2023-07-26,SBIN,9.721457485388994,RECONSTRUCTED
2023-07-27,AUBANK,2.55597723725031,RECONSTRUCTED
2023-07-27,AXISBANK,9.402399988947844,RECONSTRUCTED
2023-07-27,BANDHANBNK,1.1720991701878467,RECONSTRUCTED
2023-07-27,BANKBARODA,2.7080323089467937,RECONSTRUCTED
2023-07-27,FEDERALBNK,2.298373834310574,RECONSTRUCTED
2023-07-27,HDFCBANK,28.778174408013452,RECONSTRUCTED
2023-07-27,ICICIBANK,23.829899577210696,RECONSTRUCTED
2023-07-27,IDFCFIRSTB,1.8731379025246253,RECONSTRUCTED
2023-07-27,INDUSINDBK,6.725193172720793,RECONSTRUCTED
2023-07-27,KOTAKBANK,9.480621717968855,RECONSTRUCTED
2023-07-27,PNB,1.3509947239010485,RECONSTRUCTED
2023-07-27,SBIN,9.825095958017146,RECONSTRUCTED
2023-07-28,AUBANK,2.5536691487580416,RECONSTRUCTED
2023-07-28,AXISBANK,9.347812454317054,RECONSTRUCTED
2023-07-28,BANDHANBNK,1.180490526946295,RECONSTRUCTED
2023-07-28,BANKBARODA,2.7457696135841583,RECONSTRUCTED
2023-07-28,FEDERALBNK,2.335692217424505,RECONSTRUCTED
2023-07-28,HDFCBANK,28.398446515939213,RECONSTRUCTED
2023-07-28,ICICIBANK,24.08354485050736,RECONSTRUCTED
2023-07-28,IDFCFIRSTB,1.9136825077582371,RECONSTRUCTED
2023-07-28,INDUSINDBK,6.691034156919394,RECONSTRUCTED
2023-07-28,KOTAKBANK,9.54006315347564,RECONSTRUCTED
2023-07-28,PNB,1.3474320909998683,RECONSTRUCTED
2023-07-28,SBIN,9.862362763370232,RECONSTRUCTED
2023-07-31,AUBANK,2.56,OFFICIAL
2023-07-31,AXISBANK,9.35,OFFICIAL
2023-07-31,BANDHANBNK,1.21,OFFICIAL
2023-07-31,BANKBARODA,2.75,OFFICIAL
2023-07-31,FEDERALBNK,2.33,OFFICIAL
2023-07-31,HDFCBANK,28.42,OFFICIAL
2023-07-31,ICICIBANK,24.04,OFFICIAL
2023-07-31,IDFCFIRSTB,1.98,OFFICIAL
2023-07-31,INDUSINDBK,6.74,OFFICIAL
2023-07-31,KOTAKBANK,9.4,OFFICIAL
2023-07-31,PNB,1.34,OFFICIAL
2023-07-31,SBIN,9.89,OFFICIAL
2023-08-01,AUBANK,2.53083277006665,RECONSTRUCTED
2023-08-01,AXISBANK,9.418350815403032,RECONSTRUCTED
2023-08-01,BANDHANBNK,1.2348698264370621,RECONSTRUCTED
2023-08-01,BANKBARODA,2.737006309932217,RECONSTRUCTED
2023-08-01,FEDERALBNK,2.318105928925189,RECONSTRUCTED
2023-08-01,HDFCBANK,28.64757199786629,RECONSTRUCTED
2023-08-01,ICICIBANK,23.980470022345234,RECONSTRUCTED
2023-08-01,IDFCFIRSTB,2.012339545683334,RECONSTRUCTED
2023-08-01,INDUSINDBK,6.639138318767538,RECONSTRUCTED
2023-08-01,KOTAKBANK,9.377546401973795,RECONSTRUCTED
2023-08-01,PNB,1.334172530404194,RECONSTRUCTED
2023-08-01,SBIN,9.76959553219547,RECONSTRUCTED
2023-08-02,AUBANK,2.5795043538404316,RECONSTRUCTED
2023-08-02,AXISBANK,9.397626772284008,RECONSTRUCTED
2023-08-02,BANDHANBNK,1.238615872284966,RECONSTRUCTED
2023-08-02,BANKBARODA,2.685739150292793,RECONSTRUCTED
2023-08-02,FEDERALBNK,2.3079962245220202,RECONSTRUCTED
2023-08-02,HDFCBANK,28.64773879874764,RECONSTRUCTED
2023-08-02,ICICIBANK,24.11286731308586,RECONSTRUCTED
2023-08-02,IDFCFIRSTB,2.0067754607465123,RECONSTRUCTED
2023-08-02,INDUSINDBK,6.662803151731013,RECONSTRUCTED
2023-08-02,KOTAKBANK,9.366849170854287,RECONSTRUCTED
2023-08-02,PNB,1.3111036573406225,RECONSTRUCTED
2023-08-02,SBIN,9.68238007426983,RECONSTRUCTED
2023-08-03,AUBANK,2.615889585092233,RECONSTRUCTED
2023-08-03,AXISBANK,9.401950420489065,RECONSTRUCTED
2023-08-03,BANDHANBNK,1.258418994280078,RECONSTRUCTED
2023-08-03,BANKBARODA,2.694620840138236,RECONSTRUCTED
2023-08-03,FEDERALBNK,2.3224543078240427,RECONSTRUCTED
2023-08-03,HDFCBANK,28.74890606139161,RECONSTRUCTED
2023-08-03,ICICIBANK,23.831998613435484,RECONSTRUCTED
2023-08-03,IDFCFIRSTB,2.025021598651283,RECONSTRUCTED
2023-08-03,INDUSINDBK,6.653308758496504,RECONSTRUCTED
2023-08-03,KOTAKBANK,9.465984692834423,RECONSTRUCTED
2023-08-03,PNB,1.324193246829276,RECONSTRUCTED
2023-08-03,SBIN,9.657252880537765,RECONSTRUCTED
2023-08-04,AUBANK,2.6325024663054064,RECONSTRUCTED
2023-08-04,AXISBANK,9.49174669234007,RECONSTRUCTED
2023-08-04,BANDHANBNK,1.2561428520810933,RECONSTRUCTED
2023-08-04,BANKBARODA,2.6456871106911457,RECONSTRUCTED
2023-08-04,FEDERALBNK,2.346222933390898,RECONSTRUCTED
2023-08-04,HDFCBANK,28.926799321704316,RECONSTRUCTED
2023-08-04,ICICIBANK,23.772392711070346,RECONSTRUCTED
2023-08-04,IDFCFIRSTB,2.0200591758001254,RECONSTRUCTED
2023-08-04,INDUSINDBK,6.817171722505444,RECONSTRUCTED
2023-08-04,KOTAKBANK,9.467327799726345,RECONSTRUCTED
2023-08-04,PNB,1.3244418703727547,RECONSTRUCTED
2023-08-04,SBIN,9.299505344012065,RECONSTRUCTED
2023-08-07,AUBANK,2.58878941403225,RECONSTRUCTED
2023-08-07,AXISBANK,9.452255077862135,RECONSTRUCTED
2023-08-07,BANDHANBNK,1.2666909413956389,RECONSTRUCTED
2023-08-07,BANKBARODA,2.6211802314403605,RECONSTRUCTED
2023-08-07,FEDERALBNK,2.338826081491986,RECONSTRUCTED
2023-08-07,HDFCBANK,28.937265554114056,RECONSTRUCTED
2023-08-07,ICICIBANK,23.92094317993319,RECONSTRUCTED
2023-08-07,IDFCFIRSTB,2.026576922242525,RECONSTRUCTED
2023-08-07,INDUSINDBK,6.850912183179554,RECONSTRUCTED
2023-08-07,KOTAKBANK,9.440379512040888,RECONSTRUCTED
2023-08-07,PNB,1.3356342503953083,RECONSTRUCTED
2023-08-07,SBIN,9.22054665187212,RECONSTRUCTED
2023-08-08,AUBANK,2.5631613662996324,RECONSTRUCTED
2023-08-08,AXISBANK,9.480266272721552,RECONSTRUCTED
2023-08-08,BANDHANBNK,1.2839988503638464,RECONSTRUCTED
2023-08-08,BANKBARODA,2.688985593279142,RECONSTRUCTED
2023-08-08,FEDERALBNK,2.356575050094191,RECONSTRUCTED
2023-08-08,HDFCBANK,28.831911600625954,RECONSTRUCTED
2023-08-08,ICICIBANK,23.957261001211492,RECONSTRUCTED
2023-08-08,IDFCFIRSTB,2.01623960910847,RECONSTRUCTED
2023-08-08,INDUSINDBK,6.777008562160149,RECONSTRUCTED
2023-08-08,KOTAKBANK,9.395459439919687,RECONSTRUCTED
2023-08-08,PNB,1.3704490614454894,RECONSTRUCTED
2023-08-08,SBIN,9.278683592770394,RECONSTRUCTED
2023-08-09,AUBANK,2.555832965334434,RECONSTRUCTED
2023-08-09,AXISBANK,9.469057166153194,RECONSTRUCTED
2023-08-09,BANDHANBNK,1.2792367601531878,RECONSTRUCTED
2023-08-09,BANKBARODA,2.6829441792352875,RECONSTRUCTED
2023-08-09,FEDERALBNK,2.3461579700917063,RECONSTRUCTED
2023-08-09,HDFCBANK,28.89623552321095,RECONSTRUCTED
2023-08-09,ICICIBANK,23.82562198717326,RECONSTRUCTED
2023-08-09,IDFCFIRSTB,2.036172509001084,RECONSTRUCTED
2023-08-09,INDUSINDBK,6.811421437136597,RECONSTRUCTED
2023-08-09,KOTAKBANK,9.431020268490316,RECONSTRUCTED
2023-08-09,PNB,1.3597521263536154,RECONSTRUCTED
2023-08-09,SBIN,9.306547107666368,RECONSTRUCTED
2023-08-10,AUBANK,2.5196416691553623,RECONSTRUCTED
2023-08-10,AXISBANK,9.438172531609098,RECONSTRUCTED
2023-08-10,BANDHANBNK,1.2695510986093284,RECONSTRUCTED
2023-08-10,BANKBARODA,2.673409020487171,RECONSTRUCTED
2023-08-10,FEDERALBNK,2.356986802976875,RECONSTRUCTED
2023-08-10,HDFCBANK,28.857696568714953,RECONSTRUCTED
2023-08-10,ICICIBANK,23.794679449103338,RECONSTRUCTED
2023-08-10,IDFCFIRSTB,2.0377028266477972,RECONSTRUCTED
2023-08-10,INDUSINDBK,6.96924185059352,RECONSTRUCTED
2023-08-10,KOTAKBANK,9.343761400967757,RECONSTRUCTED
2023-08-10,PNB,1.363421778567849,RECONSTRUCTED
2023-08-10,SBIN,9.375735002566945,RECONSTRUCTED
2023-08-11,AUBANK,2.5502088928827926,RECONSTRUCTED
2023-08-11,AXISBANK,9.485533431012803,RECONSTRUCTED
2023-08-11,BANDHANBNK,1.2684894236166413,RECONSTRUCTED
2023-08-11,BANKBARODA,2.7046641784813286,RECONSTRUCTED
2023-08-11,FEDERALBNK,2.3575600375426626,RECONSTRUCTED
2023-08-11,HDFCBANK,28.778309661985734,RECONSTRUCTED
2023-08-11,ICICIBANK,23.699338027357374,RECONSTRUCTED
2023-08-11,IDFCFIRSTB,2.067573301576886,RECONSTRUCTED
2023-08-11,INDUSINDBK,6.861463886783923,RECONSTRUCTED
2023-08-11,KOTAKBANK,9.367049008799059,RECONSTRUCTED
2023-08-11,PNB,1.4031540344108215,RECONSTRUCTED
2023-08-11,SBIN,9.45665611554997,RECONSTRUCTED
2023-08-14,AUBANK,2.5624501722445765,RECONSTRUCTED
2023-08-14,AXISBANK,9.53671021749346,RECONSTRUCTED
2023-08-14,BANDHANBNK,1.2766469370985982,RECONSTRUCTED
2023-08-14,BANKBARODA,2.656413331494363,RECONSTRUCTED
2023-08-14,FEDERALBNK,2.3597963903072836,RECONSTRUCTED
2023-08-14,HDFCBANK,28.708137803928537,RECONSTRUCTED
2023-08-14,ICICIBANK,23.924542514305315,RECONSTRUCTED
2023-08-14,IDFCFIRSTB,2.0726466585222063,RECONSTRUCTED
2023-08-14,INDUSINDBK,6.837195475901773,RECONSTRUCTED
2023-08-14,KOTAKBANK,9.403923821697562,RECONSTRUCTED
2023-08-14,PNB,1.402099544275176,RECONSTRUCTED
2023-08-14,SBIN,9.259437132731163,RECONSTRUCTED
2023-08-16,AUBANK,2.5494103511444393,RECONSTRUCTED
2023-08-16,AXISBANK,9.497834170022486,RECONSTRUCTED
2023-08-16,BANDHANBNK,1.263129869685586,RECONSTRUCTED
2023-08-16,BANKBARODA,2.6369089397746066,RECONSTRUCTED
2023-08-16,FEDERALBNK,2.35331562272584,RECONSTRUCTED
2023-08-16,HDFCBANK,28.71850933157376,RECONSTRUCTED
2023-08-16,ICICIBANK,23.926922219156207,RECONSTRUCTED
2023-08-16,IDFCFIRSTB,2.084180551941196,RECONSTRUCTED
2023-08-16,INDUSINDBK,6.819180322038365,RECONSTRUCTED
2023-08-16,KOTAKBANK,9.39330388411767,RECONSTRUCTED
2023-08-16,PNB,1.3920453554740864,RECONSTRUCTED
2023-08-16,SBIN,9.365259382345755,RECONSTRUCTED
2023-08-17,AUBANK,2.544228384938579,RECONSTRUCTED
2023-08-17,AXISBANK,9.545416197453092,RECONSTRUCTED
2023-08-17,BANDHANBNK,1.2925870063950586,RECONSTRUCTED
2023-08-17,BANKBARODA,2.6847492046189108,RECONSTRUCTED
2023-08-17,FEDERALBNK,2.3990429224704903,RECONSTRUCTED
2023-08-17,HDFCBANK,28.595190834452964,RECONSTRUCTED
2023-08-17,ICICIBANK,23.83544974480833,RECONSTRUCTED
2023-08-17,IDFCFIRSTB,2.0915179024308275,RECONSTRUCTED
2023-08-17,INDUSINDBK,6.796082339096081,RECONSTRUCTED
2023-08-17,KOTAKBANK,9.297141482183283,RECONSTRUCTED
2023-08-17,PNB,1.4288050844801237,RECONSTRUCTED
2023-08-17,SBIN,9.489788896672255,RECONSTRUCTED
2023-08-18,AUBANK,2.592693478128035,RECONSTRUCTED
2023-08-18,AXISBANK,9.620503279651524,RECONSTRUCTED
2023-08-18,BANDHANBNK,1.29321198977274,RECONSTRUCTED
2023-08-18,BANKBARODA,2.7126892236791633,RECONSTRUCTED
2023-08-18,FEDERALBNK,2.393221010538247,RECONSTRUCTED
2023-08-18,HDFCBANK,28.504118253168397,RECONSTRUCTED
2023-08-18,ICICIBANK,23.8322981346129,RECONSTRUCTED
2023-08-18,IDFCFIRSTB,2.1028976941118303,RECONSTRUCTED
2023-08-18,INDUSINDBK,6.789462528209757,RECONSTRUCTED
2023-08-18,KOTAKBANK,9.227163848994898,RECONSTRUCTED
2023-08-18,PNB,1.4199441816616647,RECONSTRUCTED
2023-08-18,SBIN,9.511796377470851,RECONSTRUCTED
2023-08-21,AUBANK,2.5758094415397883,RECONSTRUCTED
2023-08-21,AXISBANK,9.68460701212657,RECONSTRUCTED
2023-08-21,BANDHANBNK,1.2949563797065264,RECONSTRUCTED
2023-08-21,BANKBARODA,2.6921063364662894,RECONSTRUCTED
2023-08-21,FEDERALBNK,2.386793117756801,RECONSTRUCTED
2023-08-21,HDFCBANK,28.384063125536418,RECONSTRUCTED
2023-08-21,ICICIBANK,23.86425807553737,RECONSTRUCTED
2023-08-21,IDFCFIRSTB,2.113357590395538,RECONSTRUCTED
2023-08-21,INDUSINDBK,6.894926577594708,RECONSTRUCTED
2023-08-21,KOTAKBANK,9.2456845497595,RECONSTRUCTED
2023-08-21,PNB,1.404935670654814,RECONSTRUCTED
2023-08-21,SBIN,9.458502122925665,RECONSTRUCTED
2023-08-22,AUBANK,2.6477402622129653,RECONSTRUCTED
2023-08-22,AXISBANK,9.731784627713273,RECONSTRUCTED
2023-08-22,BANDHANBNK,1.3039219306036693,RECONSTRUCTED
2023-08-22,BANKBARODA,2.6834739493780884,RECONSTRUCTED
2023-08-22,FEDERALBNK,2.4192762664680396,RECONSTRUCTED
2023-08-22,HDFCBANK,28.268259564279074,RECONSTRUCTED
2023-08-22,ICICIBANK,23.789045002377172,RECONSTRUCTED
2023-08-22,IDFCFIRSTB,2.166799440878928,RECONSTRUCTED
2023-08-22,INDUSINDBK,6.912826821013966,RECONSTRUCTED
2023-08-22,KOTAKBANK,9.261971258093695,RECONSTRUCTED
2023-08-22,PNB,1.4074690720702343,RECONSTRUCTED
2023-08-22,SBIN,9.40743180491089,RECONSTRUCTED
2023-08-23,AUBANK,2.6287074784890057,RECONSTRUCTED
2023-08-23,AXISBANK,9.848770102164,RECONSTRUCTED
2023-08-23,BANDHANBNK,1.3182968933317878,RECONSTRUCTED
2023-08-23,BANKBARODA,2.6974130407460826,RECONSTRUCTED
2023-08-23,FEDERALBNK,2.492225453947003,RECONSTRUCTED
2023-08-23,HDFCBANK,28.028410936287045,RECONSTRUCTED
2023-08-23,ICICIBANK,23.89624813586779,RECONSTRUCTED
2023-08-23,IDFCFIRSTB,2.1501260172288035,RECONSTRUCTED
2023-08-23,INDUSINDBK,6.836593212765687,RECONSTRUCTED
2023-08-23,KOTAKBANK,9.24888209654751,RECONSTRUCTED
2023-08-23,PNB,1.4121589898527145,RECONSTRUCTED
2023-08-23,SBIN,9.442167642772567,RECONSTRUCTED
2023-08-24,AUBANK,2.6799843565225614,RECONSTRUCTED
2023-08-24,AXISBANK,9.866107538858612,RECONSTRUCTED
2023-08-24,BANDHANBNK,1.3047386352706196,RECONSTRUCTED
2023-08-24,BANKBARODA,2.6754607142321274,RECONSTRUCTED
2023-08-24,FEDERALBNK,2.4736888577098597,RECONSTRUCTED
2023-08-24,HDFCBANK,27.88875711685716,RECONSTRUCTED
2023-08-24,ICICIBANK,23.93897124956418,RECONSTRUCTED
2023-08-24,IDFCFIRSTB,2.1306629189432895,RECONSTRUCTED
2023-08-24,INDUSINDBK,6.951774558057256,RECONSTRUCTED
2023-08-24,KOTAKBANK,9.25001137859352,RECONSTRUCTED
2023-08-24,PNB,1.4004762759784892,RECONSTRUCTED
2023-08-24,SBIN,9.439366399412316,RECONSTRUCTED
2023-08-25,AUBANK,2.6662031630247656,RECONSTRUCTED
2023-08-25,AXISBANK,9.942864161751277,RECONSTRUCTED
2023-08-25,BANDHANBNK,1.3181363564837718,RECONSTRUCTED
2023-08-25,BANKBARODA,2.662014711896464,RECONSTRUCTED
2023-08-25,FEDERALBNK,2.488496102375149,RECONSTRUCTED
2023-08-25,HDFCBANK,27.739485725175633,RECONSTRUCTED
2023-08-25,ICICIBANK,24.118305722215172,RECONSTRUCTED
2023-08-25,IDFCFIRSTB,2.1352135010002056,RECONSTRUCTED
2023-08-25,INDUSINDBK,6.875616193045957,RECONSTRUCTED
2023-08-25,KOTAKBANK,9.294408583890586,RECONSTRUCTED
2023-08-25,PNB,1.3785974855345975,RECONSTRUCTED
2023-08-25,SBIN,9.380658293606427,RECONSTRUCTED
2023-08-28,AUBANK,2.6549213018535887,RECONSTRUCTED
2023-08-28,AXISBANK,9.95542317789498,RECONSTRUCTED
2023-08-28,BANDHANBNK,1.3047833556934756,RECONSTRUCTED
2023-08-28,BANKBARODA,2.651844107546713,RECONSTRUCTED
2023-08-28,FEDERALBNK,2.5300357315045576,RECONSTRUCTED
2023-08-28,HDFCBANK,27.862340726360774,RECONSTRUCTED
2023-08-28,ICICIBANK,23.97932287481224,RECONSTRUCTED
2023-08-28,IDFCFIRSTB,2.121416162792518,RECONSTRUCTED
2023-08-28,INDUSINDBK,6.875426788217344,RECONSTRUCTED
2023-08-28,KOTAKBANK,9.299152417566567,RECONSTRUCTED
2023-08-28,PNB,1.3927250177467372,RECONSTRUCTED
2023-08-28,SBIN,9.37260833801051,RECONSTRUCTED
2023-08-29,AUBANK,2.6284720931666032,RECONSTRUCTED
2023-08-29,AXISBANK,9.859773527123663,RECONSTRUCTED
2023-08-29,BANDHANBNK,1.3097643123685523,RECONSTRUCTED
2023-08-29,BANKBARODA,2.665753102419496,RECONSTRUCTED
2023-08-29,FEDERALBNK,2.539670461681728,RECONSTRUCTED
2023-08-29,HDFCBANK,28.08357744169448,RECONSTRUCTED
2023-08-29,ICICIBANK,23.909810952170655,RECONSTRUCTED
2023-08-29,IDFCFIRSTB,2.103912308573225,RECONSTRUCTED
2023-08-29,INDUSINDBK,6.829965556621305,RECONSTRUCTED
2023-08-29,KOTAKBANK,9.261366829450598,RECONSTRUCTED
2023-08-29,PNB,1.4027331318021776,RECONSTRUCTED
2023-08-29,SBIN,9.40520028292751,RECONSTRUCTED
2023-08-30,AUBANK,2.6350427702111907,RECONSTRUCTED
2023-08-30,AXISBANK,9.94512139519203,RECONSTRUCTED
2023-08-30,BANDHANBNK,1.2898833394709108,RECONSTRUCTED
2023-08-30,BANKBARODA,2.6885966109697517,RECONSTRUCTED
2023-08-30,FEDERALBNK,2.5361805947569813,RECONSTRUCTED
2023-08-30,HDFCBANK,28.044272741991527,RECONSTRUCTED
2023-08-30,ICICIBANK,23.83183499253935,RECONSTRUCTED
2023-08-30,IDFCFIRSTB,2.1621083858618637,RECONSTRUCTED
2023-08-30,INDUSINDBK,6.832737882411771,RECONSTRUCTED
2023-08-30,KOTAKBANK,9.273517119419664,RECONSTRUCTED
2023-08-30,PNB,1.4222703263985301,RECONSTRUCTED
2023-08-30,SBIN,9.338433840776418,RECONSTRUCTED
2023-08-31,AUBANK,2.63,OFFICIAL
2023-08-31,AXISBANK,9.9,OFFICIAL
2023-08-31,BANDHANBNK,1.29,OFFICIAL
2023-08-31,BANKBARODA,2.64,OFFICIAL
2023-08-31,FEDERALBNK,2.56,OFFICIAL
2023-08-31,HDFCBANK,28.07,OFFICIAL
2023-08-31,ICICIBANK,23.96,OFFICIAL
2023-08-31,IDFCFIRSTB,2.2,OFFICIAL
2023-08-31,INDUSINDBK,6.8,OFFICIAL
2023-08-31,KOTAKBANK,9.24,OFFICIAL
2023-08-31,PNB,1.42,OFFICIAL
2023-08-31,SBIN,9.29,OFFICIAL
2023-09-01,AUBANK,2.3436593388039526,RECONSTRUCTED
2023-09-01,AXISBANK,9.559831888980689,RECONSTRUCTED
2023-09-01,BANDHANBNK,1.1702682768490849,RECONSTRUCTED
2023-09-01,BANKBARODA,2.383171485888036,RECONSTRUCTED
2023-09-01,FEDERALBNK,2.270766549771604,RECONSTRUCTED
2023-09-01,HDFCBANK,29.987418401613574,RECONSTRUCTED
2023-09-01,ICICIBANK,23.593629470098275,RECONSTRUCTED
2023-09-01,IDFCFIRSTB,1.9793760051149478,RECONSTRUCTED
2023-09-01,INDUSINDBK,6.208100140926141,RECONSTRUCTED
2023-09-01,KOTAKBANK,9.824834296937665,RECONSTRUCTED
2023-09-01,PNB,1.307244399352756,RECONSTRUCTED
2023-09-01,SBIN,9.371699745663284,RECONSTRUCTED
2023-09-04,AUBANK,2.3075114309753153,RECONSTRUCTED
2023-09-04,AXISBANK,9.444350108881528,RECONSTRUCTED
2023-09-04,BANDHANBNK,1.1723135682389771,RECONSTRUCTED
2023-09-04,BANKBARODA,2.4361680511629022,RECONSTRUCTED
2023-09-04,FEDERALBNK,2.2518561036037803,RECONSTRUCTED
2023-09-04,HDFCBANK,30.08059139845062,RECONSTRUCTED
2023-09-04,ICICIBANK,23.487038618269608,RECONSTRUCTED
2023-09-04,IDFCFIRSTB,2.0798706020216042,RECONSTRUCTED
2023-09-04,INDUSINDBK,6.2116143725404696,RECONSTRUCTED
2023-09-04,KOTAKBANK,9.744880531207462,RECONSTRUCTED
2023-09-04,PNB,1.3430064826100276,RECONSTRUCTED
2023-09-04,SBIN,9.440798732037713,RECONSTRUCTED
2023-09-05,AUBANK,2.3045999210166417,RECONSTRUCTED
2023-09-05,AXISBANK,9.447820548392972,RECONSTRUCTED
2023-09-05,BANDHANBNK,1.165751407236798,RECONSTRUCTED
2023-09-05,BANKBARODA,2.44341745274706,RECONSTRUCTED
2023-09-05,FEDERALBNK,2.2805243809100406,RECONSTRUCTED
2023-09-05,HDFCBANK,29.932763973264485,RECONSTRUCTED
2023-09-05,ICICIBANK,23.5403449310564,RECONSTRUCTED
2023-09-05,IDFCFIRSTB,2.098194206942145,RECONSTRUCTED
2023-09-05,INDUSINDBK,6.227491291303959,RECONSTRUCTED
2023-09-05,KOTAKBANK,9.80540553590061,RECONSTRUCTED
2023-09-05,PNB,1.3435976266701446,RECONSTRUCTED
2023-09-05,SBIN,9.410088724558745,RECONSTRUCTED
2023-09-06,AUBANK,2.3239301001487958,RECONSTRUCTED
2023-09-06,AXISBANK,9.310568772916557,RECONSTRUCTED
2023-09-06,BANDHANBNK,1.165102645070462,RECONSTRUCTED
2023-09-06,BANKBARODA,2.4388356596845835,RECONSTRUCTED
2023-09-06,FEDERALBNK,2.2713706806000875,RECONSTRUCTED
2023-09-06,HDFCBANK,30.391601614933915,RECONSTRUCTED
2023-09-06,ICICIBANK,23.327047032973226,RECONSTRUCTED
2023-09-06,IDFCFIRSTB,2.0699945406290934,RECONSTRUCTED
2023-09-06,INDUSINDBK,6.175120437692744,RECONSTRUCTED
2023-09-06,KOTAKBANK,9.823009139729129,RECONSTRUCTED
2023-09-06,PNB,1.3135903172211114,RECONSTRUCTED
2023-09-06,SBIN,9.389829058400302,RECONSTRUCTED
2023-09-07,AUBANK,2.3188926994344223,RECONSTRUCTED
2023-09-07,AXISBANK,9.339083976515425,RECONSTRUCTED
2023-09-07,BANDHANBNK,1.175132774548935,RECONSTRUCTED
2023-09-07,BANKBARODA,2.4288898235537344,RECONSTRUCTED
2023-09-07,FEDERALBNK,2.2664563349771822,RECONSTRUCTED
2023-09-07,HDFCBANK,30.364218319219905,RECONSTRUCTED
2023-09-07,ICICIBANK,23.280427549869646,RECONSTRUCTED
2023-09-07,IDFCFIRSTB,2.009614179030892,RECONSTRUCTED
2023-09-07,INDUSINDBK,6.24502808056041,RECONSTRUCTED
2023-09-07,KOTAKBANK,9.823318924424857,RECONSTRUCTED
2023-09-07,PNB,1.3177075153421738,RECONSTRUCTED
2023-09-07,SBIN,9.431229822522418,RECONSTRUCTED
2023-09-08,AUBANK,2.3349921764055046,RECONSTRUCTED
2023-09-08,AXISBANK,9.301645186130392,RECONSTRUCTED
2023-09-08,BANDHANBNK,1.191909479839656,RECONSTRUCTED
2023-09-08,BANKBARODA,2.433036261514796,RECONSTRUCTED
2023-09-08,FEDERALBNK,2.291371563151646,RECONSTRUCTED
2023-09-08,HDFCBANK,30.412819893011374,RECONSTRUCTED
2023-09-08,ICICIBANK,23.25483516764931,RECONSTRUCTED
2023-09-08,IDFCFIRSTB,1.987888489696584,RECONSTRUCTED
2023-09-08,INDUSINDBK,6.246548655599353,RECONSTRUCTED
2023-09-08,KOTAKBANK,9.785900106549693,RECONSTRUCTED
2023-09-08,PNB,1.314529539407612,RECONSTRUCTED
2023-09-08,SBIN,9.444523481044092,RECONSTRUCTED
2023-09-11,AUBANK,2.314683648487493,RECONSTRUCTED
2023-09-11,AXISBANK,9.407245722410806,RECONSTRUCTED
2023-09-11,BANDHANBNK,1.1797655150727862,RECONSTRUCTED
2023-09-11,BANKBARODA,2.472169724822413,RECONSTRUCTED
2023-09-11,FEDERALBNK,2.2923780165828465,RECONSTRUCTED
2023-09-11,HDFCBANK,30.29605745606567,RECONSTRUCTED
2023-09-11,ICICIBANK,23.22914616678227,RECONSTRUCTED
2023-09-11,IDFCFIRSTB,1.9948563997618,RECONSTRUCTED
2023-09-11,INDUSINDBK,6.196302924276142,RECONSTRUCTED
2023-09-11,KOTAKBANK,9.777650092393575,RECONSTRUCTED
2023-09-11,PNB,1.3475632579371608,RECONSTRUCTED
2023-09-11,SBIN,9.49218107540704,RECONSTRUCTED
2023-09-12,AUBANK,2.2640297120829933,RECONSTRUCTED
2023-09-12,AXISBANK,9.419326398980315,RECONSTRUCTED
2023-09-12,BANDHANBNK,1.1309081473655769,RECONSTRUCTED
2023-09-12,BANKBARODA,2.4393386295859925,RECONSTRUCTED
2023-09-12,FEDERALBNK,2.1971080472371405,RECONSTRUCTED
2023-09-12,HDFCBANK,30.414570478231127,RECONSTRUCTED
2023-09-12,ICICIBANK,23.538469551637693,RECONSTRUCTED
2023-09-12,IDFCFIRSTB,1.9323198619474018,RECONSTRUCTED
2023-09-12,INDUSINDBK,6.111149471560145,RECONSTRUCTED
2023-09-12,KOTAKBANK,9.803177090418313,RECONSTRUCTED
2023-09-12,PNB,1.303763265542953,RECONSTRUCTED
2023-09-12,SBIN,9.445839345410349,RECONSTRUCTED
2023-09-13,AUBANK,2.2608493336261923,RECONSTRUCTED
2023-09-13,AXISBANK,9.467543973913664,RECONSTRUCTED
2023-09-13,BANDHANBNK,1.1395761680372618,RECONSTRUCTED
2023-09-13,BANKBARODA,2.5243327475513446,RECONSTRUCTED
2023-09-13,FEDERALBNK,2.2178208233316123,RECONSTRUCTED
2023-09-13,HDFCBANK,30.290919845877113,RECONSTRUCTED
2023-09-13,ICICIBANK,23.3264537319614,RECONSTRUCTED
2023-09-13,IDFCFIRSTB,1.9090922762046052,RECONSTRUCTED
2023-09-13,INDUSINDBK,6.170218409642944,RECONSTRUCTED
2023-09-13,KOTAKBANK,9.793673837897336,RECONSTRUCTED
2023-09-13,PNB,1.4031764038331294,RECONSTRUCTED
2023-09-13,SBIN,9.496342448123414,RECONSTRUCTED
2023-09-14,AUBANK,2.3046582279513497,RECONSTRUCTED
2023-09-14,AXISBANK,9.511211176768004,RECONSTRUCTED
2023-09-14,BANDHANBNK,1.1517831725959942,RECONSTRUCTED
2023-09-14,BANKBARODA,2.559205173886486,RECONSTRUCTED
2023-09-14,FEDERALBNK,2.249817927142538,RECONSTRUCTED
2023-09-14,HDFCBANK,30.21997717752193,RECONSTRUCTED
2023-09-14,ICICIBANK,23.23658273832238,RECONSTRUCTED
2023-09-14,IDFCFIRSTB,1.9170390406043,RECONSTRUCTED
2023-09-14,INDUSINDBK,6.173060610318951,RECONSTRUCTED
2023-09-14,KOTAKBANK,9.760341174716334,RECONSTRUCTED
2023-09-14,PNB,1.4229455442116872,RECONSTRUCTED
2023-09-14,SBIN,9.493378035960026,RECONSTRUCTED
2023-09-15,AUBANK,2.273394943195122,RECONSTRUCTED
2023-09-15,AXISBANK,9.520170256749022,RECONSTRUCTED
2023-09-15,BANDHANBNK,1.1927300217107302,RECONSTRUCTED
2023-09-15,BANKBARODA,2.532812139979476,RECONSTRUCTED
2023-09-15,FEDERALBNK,2.2496154135243955,RECONSTRUCTED
2023-09-15,HDFCBANK,30.4093343770107,RECONSTRUCTED
2023-09-15,ICICIBANK,23.228120262813867,RECONSTRUCTED
2023-09-15,IDFCFIRSTB,1.925497384750879,RECONSTRUCTED
2023-09-15,INDUSINDBK,6.106534041670099,RECONSTRUCTED
2023-09-15,KOTAKBANK,9.669309622201201,RECONSTRUCTED
2023-09-15,PNB,1.4242629331056351,RECONSTRUCTED
2023-09-15,SBIN,9.468218603288884,RECONSTRUCTED
2023-09-18,AUBANK,2.276326768697132,RECONSTRUCTED
2023-09-18,AXISBANK,9.55517845417631,RECONSTRUCTED
2023-09-18,BANDHANBNK,1.1866861705056693,RECONSTRUCTED
2023-09-18,BANKBARODA,2.6272539142968285,RECONSTRUCTED
2023-09-18,FEDERALBNK,2.2303541238604545,RECONSTRUCTED
2023-09-18,HDFCBANK,29.990635702410355,RECONSTRUCTED
2023-09-18,ICICIBANK,23.315159051678897,RECONSTRUCTED
2023-09-18,IDFCFIRSTB,1.9084214523995349,RECONSTRUCTED
2023-09-18,INDUSINDBK,6.172577538951806,RECONSTRUCTED
2023-09-18,KOTAKBANK,9.644203730882223,RECONSTRUCTED
2023-09-18,PNB,1.4859882892535416,RECONSTRUCTED
2023-09-18,SBIN,9.607214802887253,RECONSTRUCTED
2023-09-20,AUBANK,2.3917600554040956,RECONSTRUCTED
2023-09-20,AXISBANK,9.71298583227135,RECONSTRUCTED
2023-09-20,BANDHANBNK,1.1952392447291105,RECONSTRUCTED
2023-09-20,BANKBARODA,2.6162133296990824,RECONSTRUCTED
2023-09-20,FEDERALBNK,2.2677533855141285,RECONSTRUCTED
2023-09-20,HDFCBANK,29.19034884484399,RECONSTRUCTED
2023-09-20,ICICIBANK,23.568568323839692,RECONSTRUCTED
2023-09-20,IDFCFIRSTB,1.944472793452586,RECONSTRUCTED
2023-09-20,INDUSINDBK,6.18827479318685,RECONSTRUCTED
2023-09-20,KOTAKBANK,9.730750038464812,RECONSTRUCTED
2023-09-20,PNB,1.4979631454892315,RECONSTRUCTED
2023-09-20,SBIN,9.695670213105076,RECONSTRUCTED
2023-09-21,AUBANK,2.3906636552384986,RECONSTRUCTED
2023-09-21,AXISBANK,9.752989684704643,RECONSTRUCTED
2023-09-21,BANDHANBNK,1.2180932829901219,RECONSTRUCTED
2023-09-21,BANKBARODA,2.581746422099064,RECONSTRUCTED
2023-09-21,FEDERALBNK,2.294919068476633,RECONSTRUCTED
2023-09-21,HDFCBANK,29.485386297896195,RECONSTRUCTED
2023-09-21,ICICIBANK,23.289284590824447,RECONSTRUCTED
2023-09-21,IDFCFIRSTB,1.9729884812119944,RECONSTRUCTED
2023-09-21,INDUSINDBK,6.165132223982331,RECONSTRUCTED
2023-09-21,KOTAKBANK,9.707976335017305,RECONSTRUCTED
2023-09-21,PNB,1.494295723015791,RECONSTRUCTED
2023-09-21,SBIN,9.646524234542968,RECONSTRUCTED
2023-09-22,AUBANK,2.3992919150425944,RECONSTRUCTED
2023-09-22,AXISBANK,9.799123372520716,RECONSTRUCTED
2023-09-22,BANDHANBNK,1.2384090378709507,RECONSTRUCTED
2023-09-22,BANKBARODA,2.686576494426142,RECONSTRUCTED
2023-09-22,FEDERALBNK,2.299532956796119,RECONSTRUCTED
2023-09-22,HDFCBANK,29.063991621134523,RECONSTRUCTED
2023-09-22,ICICIBANK,23.093412924840546,RECONSTRUCTED
2023-09-22,IDFCFIRSTB,1.979152278348248,RECONSTRUCTED
2023-09-22,INDUSINDBK,6.353082074933443,RECONSTRUCTED
2023-09-22,KOTAKBANK,9.721647720992394,RECONSTRUCTED
2023-09-22,PNB,1.545619829596375,RECONSTRUCTED
2023-09-22,SBIN,9.82015977349796,RECONSTRUCTED
2023-09-25,AUBANK,2.383964798924159,RECONSTRUCTED
2023-09-25,AXISBANK,9.772092818435837,RECONSTRUCTED
2023-09-25,BANDHANBNK,1.2519625181924412,RECONSTRUCTED
2023-09-25,BANKBARODA,2.702811619358083,RECONSTRUCTED
2023-09-25,FEDERALBNK,2.309670963739965,RECONSTRUCTED
2023-09-25,HDFCBANK,28.989470455936768,RECONSTRUCTED
2023-09-25,ICICIBANK,23.160405398456497,RECONSTRUCTED
2023-09-25,IDFCFIRSTB,1.9870873453809983,RECONSTRUCTED
2023-09-25,INDUSINDBK,6.286974924259649,RECONSTRUCTED
2023-09-25,KOTAKBANK,9.842336425226238,RECONSTRUCTED
2023-09-25,PNB,1.59395937955659,RECONSTRUCTED
2023-09-25,SBIN,9.719263352532757,RECONSTRUCTED
2023-09-26,AUBANK,2.4161002915149177,RECONSTRUCTED
2023-09-26,AXISBANK,9.75532115676112,RECONSTRUCTED
2023-09-26,BANDHANBNK,1.253743466366943,RECONSTRUCTED
2023-09-26,BANKBARODA,2.66418145805831,RECONSTRUCTED
2023-09-26,FEDERALBNK,2.3284313471628777,RECONSTRUCTED
2023-09-26,HDFCBANK,29.202985369086708,RECONSTRUCTED
2023-09-26,ICICIBANK,23.044265068424743,RECONSTRUCTED
2023-09-26,IDFCFIRSTB,2.019484959218248,RECONSTRUCTED
2023-09-26,INDUSINDBK,6.219786416326103,RECONSTRUCTED
2023-09-26,KOTAKBANK,9.759641338678371,RECONSTRUCTED
2023-09-26,PNB,1.5818105915283334,RECONSTRUCTED
2023-09-26,SBIN,9.754248536873309,RECONSTRUCTED
2023-09-27,AUBANK,2.4049427322684345,RECONSTRUCTED
2023-09-27,AXISBANK,9.87333013661734,RECONSTRUCTED
2023-09-27,BANDHANBNK,1.25473603239459,RECONSTRUCTED
2023-09-27,BANKBARODA,2.6823283956691677,RECONSTRUCTED
2023-09-27,FEDERALBNK,2.3737695433573647,RECONSTRUCTED
2023-09-27,HDFCBANK,29.03232497971165,RECONSTRUCTED
2023-09-27,ICICIBANK,22.935456638641792,RECONSTRUCTED
2023-09-27,IDFCFIRSTB,2.064205306570441,RECONSTRUCTED
2023-09-27,INDUSINDBK,6.285813776036248,RECONSTRUCTED
2023-09-27,KOTAKBANK,9.777052783607608,RECONSTRUCTED
2023-09-27,PNB,1.6266002761708305,RECONSTRUCTED
2023-09-27,SBIN,9.689439398954528,RECONSTRUCTED
2023-09-28,AUBANK,2.3375731347908535,RECONSTRUCTED
2023-09-28,AXISBANK,9.989681158438886,RECONSTRUCTED
2023-09-28,BANDHANBNK,1.2469998276202945,RECONSTRUCTED
2023-09-28,BANKBARODA,2.6461720545039014,RECONSTRUCTED
2023-09-28,FEDERALBNK,2.3162779629965087,RECONSTRUCTED
2023-09-28,HDFCBANK,29.151770533625903,RECONSTRUCTED
2023-09-28,ICICIBANK,23.065193792261898,RECONSTRUCTED
2023-09-28,IDFCFIRSTB,2.013108468103945,RECONSTRUCTED
2023-09-28,INDUSINDBK,6.221472484050834,RECONSTRUCTED
2023-09-28,KOTAKBANK,9.659508950042389,RECONSTRUCTED
2023-09-28,PNB,1.5995176590640374,RECONSTRUCTED
2023-09-28,SBIN,9.752723974500553,RECONSTRUCTED
2023-09-29,AUBANK,2.3,OFFICIAL
2023-09-29,AXISBANK,9.98,OFFICIAL
2023-09-29,BANDHANBNK,1.25,OFFICIAL
2023-09-29,BANKBARODA,2.67,OFFICIAL
2023-09-29,FEDERALBNK,2.32,OFFICIAL
2023-09-29,HDFCBANK,29.01,OFFICIAL
2023-09-29,ICICIBANK,23.14,OFFICIAL
2023-09-29,IDFCFIRSTB,2.02,OFFICIAL
2023-09-29,INDUSINDBK,6.25,OFFICIAL
2023-09-29,KOTAKBANK,9.61,OFFICIAL
2023-09-29,PNB,1.6,OFFICIAL
2023-09-29,SBIN,9.83,OFFICIAL
2023-10-03,AUBANK,2.2871407841325087,RECONSTRUCTED
2023-10-03,AXISBANK,10.068321086968803,RECONSTRUCTED
2023-10-03,BANDHANBNK,1.269498033429717,RECONSTRUCTED
2023-10-03,BANKBARODA,2.7323369567582976,RECONSTRUCTED
2023-10-03,FEDERALBNK,2.3884767072471753,RECONSTRUCTED
2023-10-03,HDFCBANK,28.780653822135505,RECONSTRUCTED
2023-10-03,ICICIBANK,22.95901860191137,RECONSTRUCTED
2023-10-03,IDFCFIRSTB,1.9995014224154402,RECONSTRUCTED
2023-10-03,INDUSINDBK,6.3046053948440886,RECONSTRUCTED
2023-10-03,KOTAKBANK,9.600827826626034,RECONSTRUCTED
2023-10-03,PNB,1.6607831430386275,RECONSTRUCTED
2023-10-03,SBIN,9.948836220492437,RECONSTRUCTED
2023-10-04,AUBANK,2.305835463738241,RECONSTRUCTED
2023-10-04,AXISBANK,9.723531512012084,RECONSTRUCTED
2023-10-04,BANDHANBNK,1.2823101004764605,RECONSTRUCTED
2023-10-04,BANKBARODA,2.690337003951056,RECONSTRUCTED
2023-10-04,FEDERALBNK,2.3568858127503285,RECONSTRUCTED
2023-10-04,HDFCBANK,29.479768844884504,RECONSTRUCTED
2023-10-04,ICICIBANK,22.93341138520209,RECONSTRUCTED
2023-10-04,IDFCFIRSTB,1.967809018808934,RECONSTRUCTED
2023-10-04,INDUSINDBK,6.215721825411446,RECONSTRUCTED
2023-10-04,KOTAKBANK,9.667741025493623,RECONSTRUCTED
2023-10-04,PNB,1.6076658042563756,RECONSTRUCTED
2023-10-04,SBIN,9.768982203014888,RECONSTRUCTED
2023-10-05,AUBANK,2.3280252784055953,RECONSTRUCTED
2023-10-05,AXISBANK,9.743475107678401,RECONSTRUCTED
2023-10-05,BANDHANBNK,1.2519726011173222,RECONSTRUCTED
2023-10-05,BANKBARODA,2.67705346169001,RECONSTRUCTED
2023-10-05,FEDERALBNK,2.3157410503369333,RECONSTRUCTED
2023-10-05,HDFCBANK,29.432332541504536,RECONSTRUCTED
2023-10-05,ICICIBANK,23.06888032367927,RECONSTRUCTED
2023-10-05,IDFCFIRSTB,1.9609764115419581,RECONSTRUCTED
2023-10-05,INDUSINDBK,6.183092680086665,RECONSTRUCTED
2023-10-05,KOTAKBANK,9.681323150111615,RECONSTRUCTED
2023-10-05,PNB,1.545479407740222,RECONSTRUCTED
2023-10-05,SBIN,9.811647986107486,RECONSTRUCTED
2023-10-06,AUBANK,2.317535449217879,RECONSTRUCTED
2023-10-06,AXISBANK,9.688863222981182,RECONSTRUCTED
2023-10-06,BANDHANBNK,1.2660889445643995,RECONSTRUCTED
2023-10-06,BANKBARODA,2.7026866372121954,RECONSTRUCTED
2023-10-06,FEDERALBNK,2.3239156211602636,RECONSTRUCTED
2023-10-06,HDFCBANK,29.30214427216853,RECONSTRUCTED
2023-10-06,ICICIBANK,23.098595271147122,RECONSTRUCTED
2023-10-06,IDFCFIRSTB,1.9427752463892616,RECONSTRUCTED
2023-10-06,INDUSINDBK,6.3074135668843745,RECONSTRUCTED
2023-10-06,KOTAKBANK,9.702872411421115,RECONSTRUCTED
2023-10-06,PNB,1.5333558643052023,RECONSTRUCTED
2023-10-06,SBIN,9.813753492548498,RECONSTRUCTED
2023-10-09,AUBANK,2.3341961992810223,RECONSTRUCTED
2023-10-09,AXISBANK,9.747529472458352,RECONSTRUCTED
2023-10-09,BANDHANBNK,1.2471250170256682,RECONSTRUCTED
2023-10-09,BANKBARODA,2.686834183433155,RECONSTRUCTED
2023-10-09,FEDERALBNK,2.32416379540066,RECONSTRUCTED
2023-10-09,HDFCBANK,29.274971613625823,RECONSTRUCTED
2023-10-09,ICICIBANK,23.18505805331604,RECONSTRUCTED
2023-10-09,IDFCFIRSTB,1.9347544944329724,RECONSTRUCTED
2023-10-09,INDUSINDBK,6.347769771739356,RECONSTRUCTED
2023-10-09,KOTAKBANK,9.66932566431435,RECONSTRUCTED
2023-10-09,PNB,1.4812571986782244,RECONSTRUCTED
2023-10-09,SBIN,9.767014536294367,RECONSTRUCTED
2023-10-10,AUBANK,2.3229127382570685,RECONSTRUCTED
2023-10-10,AXISBANK,9.79832049893767,RECONSTRUCTED
2023-10-10,BANDHANBNK,1.2613428922808305,RECONSTRUCTED
2023-10-10,BANKBARODA,2.6901546672200745,RECONSTRUCTED
2023-10-10,FEDERALBNK,2.34693528500819,RECONSTRUCTED
2023-10-10,HDFCBANK,29.126642530375275,RECONSTRUCTED
2023-10-10,ICICIBANK,23.245404738301275,RECONSTRUCTED
2023-10-10,IDFCFIRSTB,1.9183462194285645,RECONSTRUCTED
2023-10-10,INDUSINDBK,6.244819337185672,RECONSTRUCTED
2023-10-10,KOTAKBANK,9.77082871851666,RECONSTRUCTED
2023-10-10,PNB,1.503399816729956,RECONSTRUCTED
2023-10-10,SBIN,9.770892557758769,RECONSTRUCTED
2023-10-11,AUBANK,2.316518212835195,RECONSTRUCTED
2023-10-11,AXISBANK,9.829911994394323,RECONSTRUCTED
2023-10-11,BANDHANBNK,1.2409402283494269,RECONSTRUCTED
2023-10-11,BANKBARODA,2.5918735072485806,RECONSTRUCTED
2023-10-11,FEDERALBNK,2.323659305765676,RECONSTRUCTED
2023-10-11,HDFCBANK,29.304895476004493,RECONSTRUCTED
2023-10-11,ICICIBANK,23.209870261661404,RECONSTRUCTED
2023-10-11,IDFCFIRSTB,1.9391307852643591,RECONSTRUCTED
2023-10-11,INDUSINDBK,6.2256904861716515,RECONSTRUCTED
2023-10-11,KOTAKBANK,9.821272707027578,RECONSTRUCTED
2023-10-11,PNB,1.5140359231457639,RECONSTRUCTED
2023-10-11,SBIN,9.68220111213155,RECONSTRUCTED
2023-10-12,AUBANK,2.314020392764011,RECONSTRUCTED
2023-10-12,AXISBANK,9.805515014684886,RECONSTRUCTED
2023-10-12,BANDHANBNK,1.24985422917691,RECONSTRUCTED
2023-10-12,BANKBARODA,2.5939580744019337,RECONSTRUCTED
2023-10-12,FEDERALBNK,2.3556610096888675,RECONSTRUCTED
2023-10-12,HDFCBANK,29.445559465950254,RECONSTRUCTED
2023-10-12,ICICIBANK,23.194994845845248,RECONSTRUCTED
2023-10-12,IDFCFIRSTB,1.9196960421504465,RECONSTRUCTED
2023-10-12,INDUSINDBK,6.227538532987738,RECONSTRUCTED
2023-10-12,KOTAKBANK,9.761367144533727,RECONSTRUCTED
2023-10-12,PNB,1.505280608315079,RECONSTRUCTED
2023-10-12,SBIN,9.626554639500878,RECONSTRUCTED
2023-10-13,AUBANK,2.332402910905764,RECONSTRUCTED
2023-10-13,AXISBANK,9.637877479234858,RECONSTRUCTED
2023-10-13,BANDHANBNK,1.206991489163082,RECONSTRUCTED
2023-10-13,BANKBARODA,2.5587556132258262,RECONSTRUCTED
2023-10-13,FEDERALBNK,2.3738105645326217,RECONSTRUCTED
2023-10-13,HDFCBANK,29.382797467472233,RECONSTRUCTED
2023-10-13,ICICIBANK,23.285849347334693,RECONSTRUCTED
2023-10-13,IDFCFIRSTB,1.921481938092533,RECONSTRUCTED
2023-10-13,INDUSINDBK,6.445027028919953,RECONSTRUCTED
2023-10-13,KOTAKBANK,9.819680947859734,RECONSTRUCTED
2023-10-13,PNB,1.5048566965693781,RECONSTRUCTED
2023-10-13,SBIN,9.530468516689316,RECONSTRUCTED
2023-10-16,AUBANK,2.310915121203368,RECONSTRUCTED
2023-10-16,AXISBANK,9.75576911228219,RECONSTRUCTED
2023-10-16,BANDHANBNK,1.2257576503912437,RECONSTRUCTED
2023-10-16,BANKBARODA,2.591304688740434,RECONSTRUCTED
2023-10-16,FEDERALBNK,2.363615517749347,RECONSTRUCTED
2023-10-16,HDFCBANK,29.306179688402327,RECONSTRUCTED
2023-10-16,ICICIBANK,23.320961356212123,RECONSTRUCTED
2023-10-16,IDFCFIRSTB,1.9391013774998676,RECONSTRUCTED
2023-10-16,INDUSINDBK,6.377783886286034,RECONSTRUCTED
2023-10-16,KOTAKBANK,9.765088666662017,RECONSTRUCTED
2023-10-16,PNB,1.5079693848731994,RECONSTRUCTED
2023-10-16,SBIN,9.535553549697847,RECONSTRUCTED
2023-10-17,AUBANK,2.292440343842427,RECONSTRUCTED
2023-10-17,AXISBANK,9.746864968245731,RECONSTRUCTED
2023-10-17,BANDHANBNK,1.1986871663242689,RECONSTRUCTED
2023-10-17,BANKBARODA,2.600028680358123,RECONSTRUCTED
2023-10-17,FEDERALBNK,2.3514679611959677,RECONSTRUCTED
2023-10-17,HDFCBANK,29.406363543593848,RECONSTRUCTED
2023-10-17,ICICIBANK,23.28558426911768,RECONSTRUCTED
2023-10-17,IDFCFIRSTB,1.9448865530357455,RECONSTRUCTED
2023-10-17,INDUSINDBK,6.305750952565379,RECONSTRUCTED
2023-10-17,KOTAKBANK,9.845881207571956,RECONSTRUCTED
2023-10-17,PNB,1.512711868513555,RECONSTRUCTED
2023-10-17,SBIN,9.509332485635312,RECONSTRUCTED
2023-10-18,AUBANK,2.3125849526860813,RECONSTRUCTED
2023-10-18,AXISBANK,9.713810523254079,RECONSTRUCTED
2023-10-18,BANDHANBNK,1.2048148983979676,RECONSTRUCTED
2023-10-18,BANKBARODA,2.5839352439953345,RECONSTRUCTED
2023-10-18,FEDERALBNK,2.349709106096337,RECONSTRUCTED
2023-10-18,HDFCBANK,29.34118069774097,RECONSTRUCTED
2023-10-18,ICICIBANK,23.311185891982912,RECONSTRUCTED
2023-10-18,IDFCFIRSTB,1.9540002530471607,RECONSTRUCTED
2023-10-18,INDUSINDBK,6.311038973460895,RECONSTRUCTED
2023-10-18,KOTAKBANK,9.860644274833776,RECONSTRUCTED
2023-10-18,PNB,1.4983526015681365,RECONSTRUCTED
2023-10-18,SBIN,9.558742582936345,RECONSTRUCTED
2023-10-19,AUBANK,2.321984751608518,RECONSTRUCTED
2023-10-19,AXISBANK,9.72938151297573,RECONSTRUCTED
2023-10-19,BANDHANBNK,1.163084121027628,RECONSTRUCTED
2023-10-19,BANKBARODA,2.6109530571934902,RECONSTRUCTED
2023-10-19,FEDERALBNK,2.361742577839823,RECONSTRUCTED
2023-10-19,HDFCBANK,29.338240510686802,RECONSTRUCTED
2023-10-19,ICICIBANK,23.184491225035178,RECONSTRUCTED
2023-10-19,IDFCFIRSTB,1.9567623876959803,RECONSTRUCTED
2023-10-19,INDUSINDBK,6.464108492768869,RECONSTRUCTED
2023-10-19,KOTAKBANK,9.80656305361701,RECONSTRUCTED
2023-10-19,PNB,1.4988983165790606,RECONSTRUCTED
2023-10-19,SBIN,9.563789992971907,RECONSTRUCTED
2023-10-20,AUBANK,2.306027573330359,RECONSTRUCTED
2023-10-20,AXISBANK,9.627869092194913,RECONSTRUCTED
2023-10-20,BANDHANBNK,1.145382427240761,RECONSTRUCTED
2023-10-20,BANKBARODA,2.576535494244119,RECONSTRUCTED
2023-10-20,FEDERALBNK,2.347349441899824,RECONSTRUCTED
2023-10-20,HDFCBANK,29.511503639787396,RECONSTRUCTED
2023-10-20,ICICIBANK,23.1268080811513,RECONSTRUCTED
2023-10-20,IDFCFIRSTB,1.9171968594403022,RECONSTRUCTED
2023-10-20,INDUSINDBK,6.5523921444699225,RECONSTRUCTED
2023-10-20,KOTAKBANK,9.989469722842518,RECONSTRUCTED
2023-10-20,PNB,1.4645055036179564,RECONSTRUCTED
2023-10-20,SBIN,9.434960019780613,RECONSTRUCTED
2023-10-23,AUBANK,2.322059680350128,RECONSTRUCTED
2023-10-23,AXISBANK,9.595731747601757,RECONSTRUCTED
2023-10-23,BANDHANBNK,1.138943792251034,RECONSTRUCTED
2023-10-23,BANKBARODA,2.519051048667239,RECONSTRUCTED
2023-10-23,FEDERALBNK,2.3384999910578084,RECONSTRUCTED
2023-10-23,HDFCBANK,29.573639083337127,RECONSTRUCTED
2023-10-23,ICICIBANK,23.362910529077784,RECONSTRUCTED
2023-10-23,IDFCFIRSTB,1.8890647924237502,RECONSTRUCTED
2023-10-23,INDUSINDBK,6.485109771802927,RECONSTRUCTED
2023-10-23,KOTAKBANK,9.95681957595867,RECONSTRUCTED
2023-10-23,PNB,1.4305109476480569,RECONSTRUCTED
2023-10-23,SBIN,9.387659039823713,RECONSTRUCTED
2023-10-25,AUBANK,2.3756919451788803,RECONSTRUCTED
2023-10-25,AXISBANK,9.578513041484756,RECONSTRUCTED
2023-10-25,BANDHANBNK,1.131616649400084,RECONSTRUCTED
2023-10-25,BANKBARODA,2.5326215973886597,RECONSTRUCTED
2023-10-25,FEDERALBNK,2.3304605718301055,RECONSTRUCTED
2023-10-25,HDFCBANK,29.605083986642317,RECONSTRUCTED
2023-10-25,ICICIBANK,23.18645897569716,RECONSTRUCTED
2023-10-25,IDFCFIRSTB,1.918551431500259,RECONSTRUCTED
2023-10-25,INDUSINDBK,6.431904301633623,RECONSTRUCTED
2023-10-25,KOTAKBANK,9.957830654852442,RECONSTRUCTED
2023-10-25,PNB,1.4380668260661251,RECONSTRUCTED
2023-10-25,SBIN,9.51320001832559,RECONSTRUCTED
2023-10-26,AUBANK,2.3395707045552148,RECONSTRUCTED
2023-10-26,AXISBANK,9.872134723345829,RECONSTRUCTED
2023-10-26,BANDHANBNK,1.115922798478196,RECONSTRUCTED
2023-10-26,BANKBARODA,2.491265638434932,RECONSTRUCTED
2023-10-26,FEDERALBNK,2.299300043533055,RECONSTRUCTED
2023-10-26,HDFCBANK,29.328170049943424,RECONSTRUCTED
2023-10-26,ICICIBANK,23.29810053596062,RECONSTRUCTED
2023-10-26,IDFCFIRSTB,1.8945312641536876,RECONSTRUCTED
2023-10-26,INDUSINDBK,6.524856602093913,RECONSTRUCTED
2023-10-26,KOTAKBANK,9.894003015401127,RECONSTRUCTED
2023-10-26,PNB,1.46417508524237,RECONSTRUCTED
2023-10-26,SBIN,9.477969538857641,RECONSTRUCTED
2023-10-27,AUBANK,2.3240850030533635,RECONSTRUCTED
2023-10-27,AXISBANK,10.064474810707065,RECONSTRUCTED
2023-10-27,BANDHANBNK,1.112956457640038,RECONSTRUCTED
2023-10-27,BANKBARODA,2.5622711646585272,RECONSTRUCTED
2023-10-27,FEDERALBNK,2.295358772156363,RECONSTRUCTED
2023-10-27,HDFCBANK,29.098059810667344,RECONSTRUCTED
2023-10-27,ICICIBANK,23.12872558718103,RECONSTRUCTED
2023-10-27,IDFCFIRSTB,1.8965541439915827,RECONSTRUCTED
2023-10-27,INDUSINDBK,6.569802770974976,RECONSTRUCTED
2023-10-27,KOTAKBANK,9.823242932535754,RECONSTRUCTED
2023-10-27,PNB,1.5153638067411404,RECONSTRUCTED
2023-10-27,SBIN,9.609104739692828,RECONSTRUCTED
2023-10-30,AUBANK,2.2293564449831336,RECONSTRUCTED
2023-10-30,AXISBANK,9.869166189231231,RECONSTRUCTED
2023-10-30,BANDHANBNK,1.1075980779529422,RECONSTRUCTED
2023-10-30,BANKBARODA,2.565079169908425,RECONSTRUCTED
2023-10-30,FEDERALBNK,2.3037197048599722,RECONSTRUCTED
2023-10-30,HDFCBANK,29.238258321545935,RECONSTRUCTED
2023-10-30,ICICIBANK,23.29660033418089,RECONSTRUCTED
2023-10-30,IDFCFIRSTB,1.8227856683503636,RECONSTRUCTED
2023-10-30,INDUSINDBK,6.591046332854724,RECONSTRUCTED
2023-10-30,KOTAKBANK,9.849436896199347,RECONSTRUCTED
2023-10-30,PNB,1.5063115917336116,RECONSTRUCTED
2023-10-30,SBIN,9.62064126819944,RECONSTRUCTED
2023-10-31,AUBANK,2.25,OFFICIAL
2023-10-31,AXISBANK,9.84,OFFICIAL
2023-10-31,BANDHANBNK,1.11,OFFICIAL
2023-10-31,BANKBARODA,2.55,OFFICIAL
2023-10-31,FEDERALBNK,2.31,OFFICIAL
2023-10-31,HDFCBANK,29.2,OFFICIAL
2023-10-31,ICICIBANK,23.16,OFFICIAL
2023-10-31,IDFCFIRSTB,1.82,OFFICIAL
2023-10-31,INDUSINDBK,6.56,OFFICIAL
2023-10-31,KOTAKBANK,10.02,OFFICIAL
2023-10-31,PNB,1.51,OFFICIAL
2023-10-31,SBIN,9.67,OFFICIAL
2023-11-01,AUBANK,2.254322045390512,RECONSTRUCTED
2023-11-01,AXISBANK,9.770318871034254,RECONSTRUCTED
2023-11-01,BANDHANBNK,1.11130740865693,RECONSTRUCTED
2023-11-01,BANKBARODA,2.5516173107691658,RECONSTRUCTED
2023-11-01,FEDERALBNK,2.3138785184951978,RECONSTRUCTED
2023-11-01,HDFCBANK,29.259660198090714,RECONSTRUCTED
2023-11-01,ICICIBANK,23.2051479307389,RECONSTRUCTED
2023-11-01,IDFCFIRSTB,1.7943959627411177,RECONSTRUCTED
2023-11-01,INDUSINDBK,6.543811417210667,RECONSTRUCTED
2023-11-01,KOTAKBANK,9.964762589791503,RECONSTRUCTED
2023-11-01,PNB,1.51654727966607,RECONSTRUCTED
2023-11-01,SBIN,9.714230467414971,RECONSTRUCTED
2023-11-02,AUBANK,2.2313897630743296,RECONSTRUCTED
2023-11-02,AXISBANK,9.809764307381212,RECONSTRUCTED
2023-11-02,BANDHANBNK,1.1106291873455623,RECONSTRUCTED
2023-11-02,BANKBARODA,2.58986350042787,RECONSTRUCTED
2023-11-02,FEDERALBNK,2.31239746494698,RECONSTRUCTED
2023-11-02,HDFCBANK,29.088865506941513,RECONSTRUCTED
2023-11-02,ICICIBANK,23.183228456133385,RECONSTRUCTED
2023-11-02,IDFCFIRSTB,1.807559355428651,RECONSTRUCTED
2023-11-02,INDUSINDBK,6.625380035154735,RECONSTRUCTED
2023-11-02,KOTAKBANK,9.967793812519647,RECONSTRUCTED
2023-11-02,PNB,1.533275467031549,RECONSTRUCTED
2023-11-02,SBIN,9.739853143614564,RECONSTRUCTED
2023-11-03,AUBANK,2.224187317043977,RECONSTRUCTED
2023-11-03,AXISBANK,9.80004640086813,RECONSTRUCTED
2023-11-03,BANDHANBNK,1.115479879161026,RECONSTRUCTED
2023-11-03,BANKBARODA,2.6220370780211675,RECONSTRUCTED
2023-11-03,FEDERALBNK,2.3296034563526606,RECONSTRUCTED
2023-11-03,HDFCBANK,29.023588251874255,RECONSTRUCTED
2023-11-03,ICICIBANK,23.36867716489797,RECONSTRUCTED
2023-11-03,IDFCFIRSTB,1.805899746182455,RECONSTRUCTED
2023-11-03,INDUSINDBK,6.530020931664865,RECONSTRUCTED
2023-11-03,KOTAKBANK,9.873156514476344,RECONSTRUCTED
2023-11-03,PNB,1.5328705975987313,RECONSTRUCTED
2023-11-03,SBIN,9.77443266185843,RECONSTRUCTED
2023-11-06,AUBANK,2.2243471550214795,RECONSTRUCTED
2023-11-06,AXISBANK,9.934658100386123,RECONSTRUCTED
2023-11-06,BANDHANBNK,1.1100733500563036,RECONSTRUCTED
2023-11-06,BANKBARODA,2.499167764745812,RECONSTRUCTED
2023-11-06,FEDERALBNK,2.323196756861648,RECONSTRUCTED
2023-11-06,HDFCBANK,29.03208339240108,RECONSTRUCTED
2023-11-06,ICICIBANK,23.496909085686724,RECONSTRUCTED
2023-11-06,IDFCFIRSTB,1.792351623846375,RECONSTRUCTED
2023-11-06,INDUSINDBK,6.57437993343246,RECONSTRUCTED
2023-11-06,KOTAKBANK,9.844323757135626,RECONSTRUCTED
2023-11-06,PNB,1.525344799497425,RECONSTRUCTED
2023-11-06,SBIN,9.643164280928945,RECONSTRUCTED
2023-11-07,AUBANK,2.204994953842506,RECONSTRUCTED
2023-11-07,AXISBANK,10.02064230601749,RECONSTRUCTED
2023-11-07,BANDHANBNK,1.0981751450813513,RECONSTRUCTED
2023-11-07,BANKBARODA,2.4369730975759047,RECONSTRUCTED
2023-11-07,FEDERALBNK,2.368358758047837,RECONSTRUCTED
2023-11-07,HDFCBANK,28.81303401274502,RECONSTRUCTED
2023-11-07,ICICIBANK,23.49898196319031,RECONSTRUCTED
2023-11-07,IDFCFIRSTB,1.7961400457568266,RECONSTRUCTED
2023-11-07,INDUSINDBK,6.628603440843188,RECONSTRUCTED
2023-11-07,KOTAKBANK,9.88001498298098,RECONSTRUCTED
2023-11-07,PNB,1.54660299441886,RECONSTRUCTED
2023-11-07,SBIN,9.70747829949973,RECONSTRUCTED
2023-11-08,AUBANK,2.2269665705267427,RECONSTRUCTED
2023-11-08,AXISBANK,10.046688128204666,RECONSTRUCTED
2023-11-08,BANDHANBNK,1.1070402892084743,RECONSTRUCTED
2023-11-08,BANKBARODA,2.457351012924306,RECONSTRUCTED
2023-11-08,FEDERALBNK,2.368628460363393,RECONSTRUCTED
2023-11-08,HDFCBANK,28.948762429756247,RECONSTRUCTED
2023-11-08,ICICIBANK,23.234958899909845,RECONSTRUCTED
2023-11-08,IDFCFIRSTB,1.8113007697127235,RECONSTRUCTED
2023-11-08,INDUSINDBK,6.652021233486642,RECONSTRUCTED
2023-11-08,KOTAKBANK,9.869679398199665,RECONSTRUCTED
2023-11-08,PNB,1.5422874197755778,RECONSTRUCTED
2023-11-08,SBIN,9.734315387931703,RECONSTRUCTED
2023-11-09,AUBANK,2.275785815289721,RECONSTRUCTED
2023-11-09,AXISBANK,10.042905814252277,RECONSTRUCTED
2023-11-09,BANDHANBNK,1.1051349115466544,RECONSTRUCTED
2023-11-09,BANKBARODA,2.462324206519766,RECONSTRUCTED
2023-11-09,FEDERALBNK,2.3753225474008617,RECONSTRUCTED
2023-11-09,HDFCBANK,28.817755747016445,RECONSTRUCTED
2023-11-09,ICICIBANK,23.261371617552104,RECONSTRUCTED
2023-11-09,IDFCFIRSTB,1.8308111095820114,RECONSTRUCTED
2023-11-09,INDUSINDBK,6.730372184178099,RECONSTRUCTED
2023-11-09,KOTAKBANK,9.856689514590332,RECONSTRUCTED
2023-11-09,PNB,1.5454720875216659,RECONSTRUCTED
2023-11-09,SBIN,9.696054444550068,RECONSTRUCTED
2023-11-10,AUBANK,2.297278936719356,RECONSTRUCTED
2023-11-10,AXISBANK,10.083139301903469,RECONSTRUCTED
2023-11-10,BANDHANBNK,1.104481994740341,RECONSTRUCTED
2023-11-10,BANKBARODA,2.478182778822313,RECONSTRUCTED
2023-11-10,FEDERALBNK,2.4048341122896533,RECONSTRUCTED
2023-11-10,HDFCBANK,28.84110565235387,RECONSTRUCTED
2023-11-10,ICICIBANK,23.21983261385644,RECONSTRUCTED
2023-11-10,IDFCFIRSTB,1.840200316808919,RECONSTRUCTED
2023-11-10,INDUSINDBK,6.671348978081522,RECONSTRUCTED
2023-11-10,KOTAKBANK,9.828800067118127,RECONSTRUCTED
2023-11-10,PNB,1.5457256741304115,RECONSTRUCTED
2023-11-10,SBIN,9.685069573175586,RECONSTRUCTED
2023-11-12,AUBANK,2.3166909926809214,RECONSTRUCTED
2023-11-12,AXISBANK,10.04999228559891,RECONSTRUCTED
2023-11-12,BANDHANBNK,1.1068695779275024,RECONSTRUCTED
2023-11-12,BANKBARODA,2.472670996362202,RECONSTRUCTED
2023-11-12,FEDERALBNK,2.3887895616388843,RECONSTRUCTED
2023-11-12,HDFCBANK,28.88906617232147,RECONSTRUCTED
2023-11-12,ICICIBANK,23.219045712156678,RECONSTRUCTED
2023-11-12,IDFCFIRSTB,1.8510682781356549,RECONSTRUCTED
2023-11-12,INDUSINDBK,6.659205507509763,RECONSTRUCTED
2023-11-12,KOTAKBANK,9.828895367412697,RECONSTRUCTED
2023-11-12,PNB,1.5415414638598497,RECONSTRUCTED
2023-11-12,SBIN,9.676164084395475,RECONSTRUCTED
2023-11-13,AUBANK,2.3935919722622363,RECONSTRUCTED
2023-11-13,AXISBANK,10.029121339284828,RECONSTRUCTED
2023-11-13,BANDHANBNK,1.1112987408441555,RECONSTRUCTED
2023-11-13,BANKBARODA,2.4976526741497134,RECONSTRUCTED
2023-11-13,FEDERALBNK,2.449799954296743,RECONSTRUCTED
2023-11-13,HDFCBANK,28.74218419676393,RECONSTRUCTED
2023-11-13,ICICIBANK,23.079657707619962,RECONSTRUCTED
2023-11-13,IDFCFIRSTB,1.8587401408992972,RECONSTRUCTED
2023-11-13,INDUSINDBK,6.708518508091907,RECONSTRUCTED
2023-11-13,KOTAKBANK,9.828312677286442,RECONSTRUCTED
2023-11-13,PNB,1.6008985687965054,RECONSTRUCTED
2023-11-13,SBIN,9.700223519704279,RECONSTRUCTED
2023-11-15,AUBANK,2.366358732859273,RECONSTRUCTED
2023-11-15,AXISBANK,10.114083419068315,RECONSTRUCTED
2023-11-15,BANDHANBNK,1.1168191588104217,RECONSTRUCTED
2023-11-15,BANKBARODA,2.4927195177535997,RECONSTRUCTED
2023-11-15,FEDERALBNK,2.3888425894680085,RECONSTRUCTED
2023-11-15,HDFCBANK,28.83937158777274,RECONSTRUCTED
2023-11-15,ICICIBANK,23.08065495490442,RECONSTRUCTED
2023-11-15,IDFCFIRSTB,1.8563728956033823,RECONSTRUCTED
2023-11-15,INDUSINDBK,6.59234394170833,RECONSTRUCTED
2023-11-15,KOTAKBANK,9.878192283720729,RECONSTRUCTED
2023-11-15,PNB,1.5866404686391784,RECONSTRUCTED
2023-11-15,SBIN,9.687600449691615,RECONSTRUCTED
2023-11-16,AUBANK,2.3784524039788377,RECONSTRUCTED
2023-11-16,AXISBANK,9.977456898901456,RECONSTRUCTED
2023-11-16,BANDHANBNK,1.1183375709778378,RECONSTRUCTED
2023-11-16,BANKBARODA,2.50318826107449,RECONSTRUCTED
2023-11-16,FEDERALBNK,2.3918100874947,RECONSTRUCTED
2023-11-16,HDFCBANK,28.941374932175762,RECONSTRUCTED
2023-11-16,ICICIBANK,22.976441494947707,RECONSTRUCTED
2023-11-16,IDFCFIRSTB,1.891220752646441,RECONSTRUCTED
2023-11-16,INDUSINDBK,6.619094429763986,RECONSTRUCTED
2023-11-16,KOTAKBANK,9.905889159199392,RECONSTRUCTED
2023-11-16,PNB,1.6011573907270655,RECONSTRUCTED
2023-11-16,SBIN,9.69557661811231,RECONSTRUCTED
2023-11-17,AUBANK,2.4119564240101266,RECONSTRUCTED
2023-11-17,AXISBANK,9.794485796150466,RECONSTRUCTED
2023-11-17,BANDHANBNK,1.106640559858729,RECONSTRUCTED
2023-11-17,BANKBARODA,2.5165432096252607,RECONSTRUCTED
2023-11-17,FEDERALBNK,2.3896253018401397,RECONSTRUCTED
2023-11-17,HDFCBANK,29.261755460202245,RECONSTRUCTED
2023-11-17,ICICIBANK,22.92900283022546,RECONSTRUCTED
2023-11-17,IDFCFIRSTB,1.8447499567915222,RECONSTRUCTED
2023-11-17,INDUSINDBK,6.705923641046291,RECONSTRUCTED
2023-11-17,KOTAKBANK,9.990465774680212,RECONSTRUCTED
2023-11-17,PNB,1.587729094915918,RECONSTRUCTED
2023-11-17,SBIN,9.461121950653641,RECONSTRUCTED
2023-11-20,AUBANK,2.424948245992038,RECONSTRUCTED
2023-11-20,AXISBANK,9.738609218456137,RECONSTRUCTED
2023-11-20,BANDHANBNK,1.091061378886753,RECONSTRUCTED
2023-11-20,BANKBARODA,2.5273544772299585,RECONSTRUCTED
2023-11-20,FEDERALBNK,2.3782761211796473,RECONSTRUCTED
2023-11-20,HDFCBANK,29.263028675816493,RECONSTRUCTED
2023-11-20,ICICIBANK,22.918528217056064,RECONSTRUCTED
2023-11-20,IDFCFIRSTB,1.8295338018318796,RECONSTRUCTED
2023-11-20,INDUSINDBK,6.734187011229807,RECONSTRUCTED
2023-11-20,KOTAKBANK,10.023922482617992,RECONSTRUCTED
2023-11-20,PNB,1.5978832735766253,RECONSTRUCTED
2023-11-20,SBIN,9.4726670961266,RECONSTRUCTED
2023-11-21,AUBANK,2.37188168413519,RECONSTRUCTED
2023-11-21,AXISBANK,9.745856604418861,RECONSTRUCTED
2023-11-21,BANDHANBNK,1.0882061721305478,RECONSTRUCTED
2023-11-21,BANKBARODA,2.4970924342856997,RECONSTRUCTED
2023-11-21,FEDERALBNK,2.361339401228145,RECONSTRUCTED
2023-11-21,HDFCBANK,29.440558046863114,RECONSTRUCTED
2023-11-21,ICICIBANK,22.979276060666326,RECONSTRUCTED
2023-11-21,IDFCFIRSTB,1.8294976764887592,RECONSTRUCTED
2023-11-21,INDUSINDBK,6.705856998594566,RECONSTRUCTED
2023-11-21,KOTAKBANK,9.981107078373451,RECONSTRUCTED
2023-11-21,PNB,1.5869578919823002,RECONSTRUCTED
2023-11-21,SBIN,9.41236995083304,RECONSTRUCTED
2023-11-22,AUBANK,2.376011101797858,RECONSTRUCTED
2023-11-22,AXISBANK,9.861830472833596,RECONSTRUCTED
2023-11-22,BANDHANBNK,1.0855087879412924,RECONSTRUCTED
2023-11-22,BANKBARODA,2.496748628870417,RECONSTRUCTED
2023-11-22,FEDERALBNK,2.3541253795788473,RECONSTRUCTED
2023-11-22,HDFCBANK,29.497545190190795,RECONSTRUCTED
2023-11-22,ICICIBANK,23.022372480311397,RECONSTRUCTED
2023-11-22,IDFCFIRSTB,1.8091408891289482,RECONSTRUCTED
2023-11-22,INDUSINDBK,6.600745012504026,RECONSTRUCTED
2023-11-22,KOTAKBANK,9.913745107592034,RECONSTRUCTED
2023-11-22,PNB,1.5609503926935093,RECONSTRUCTED
2023-11-22,SBIN,9.421276556557267,RECONSTRUCTED
2023-11-23,AUBANK,2.3763079206782405,RECONSTRUCTED
2023-11-23,AXISBANK,9.842255013723225,RECONSTRUCTED
2023-11-23,BANDHANBNK,1.0833440161062942,RECONSTRUCTED
2023-11-23,BANKBARODA,2.4855864299554087,RECONSTRUCTED
2023-11-23,FEDERALBNK,2.3746523763268157,RECONSTRUCTED
2023-11-23,HDFCBANK,29.58114040104362,RECONSTRUCTED
2023-11-23,ICICIBANK,22.961044249691803,RECONSTRUCTED
2023-11-23,IDFCFIRSTB,1.824429541036847,RECONSTRUCTED
2023-11-23,INDUSINDBK,6.65165029743567,RECONSTRUCTED
2023-11-23,KOTAKBANK,9.848701731787582,RECONSTRUCTED
2023-11-23,PNB,1.5604475196367376,RECONSTRUCTED
2023-11-23,SBIN,9.410440502577769,RECONSTRUCTED
2023-11-24,AUBANK,2.375442967955802,RECONSTRUCTED
2023-11-24,AXISBANK,9.891855427097946,RECONSTRUCTED
2023-11-24,BANDHANBNK,1.078347188229627,RECONSTRUCTED
2023-11-24,BANKBARODA,2.458787896102613,RECONSTRUCTED
2023-11-24,FEDERALBNK,2.368272805916235,RECONSTRUCTED
2023-11-24,HDFCBANK,29.66071586442906,RECONSTRUCTED
2023-11-24,ICICIBANK,23.019032768950595,RECONSTRUCTED
2023-11-24,IDFCFIRSTB,1.8196799862330237,RECONSTRUCTED
2023-11-24,INDUSINDBK,6.578411613549406,RECONSTRUCTED
2023-11-24,KOTAKBANK,9.832080760466901,RECONSTRUCTED
2023-11-24,PNB,1.5414385599291058,RECONSTRUCTED
2023-11-24,SBIN,9.37593416113969,RECONSTRUCTED
2023-11-28,AUBANK,2.418433529365023,RECONSTRUCTED
2023-11-28,AXISBANK,9.990392732790482,RECONSTRUCTED
2023-11-28,BANDHANBNK,1.0983909173459403,RECONSTRUCTED
2023-11-28,BANKBARODA,2.4963357859317226,RECONSTRUCTED
2023-11-28,FEDERALBNK,2.4031001821116944,RECONSTRUCTED
2023-11-28,HDFCBANK,29.5184628534612,RECONSTRUCTED
2023-11-28,ICICIBANK,22.863988222540517,RECONSTRUCTED
2023-11-28,IDFCFIRSTB,1.8354941014122113,RECONSTRUCTED
2023-11-28,INDUSINDBK,6.5676377554983105,RECONSTRUCTED
2023-11-28,KOTAKBANK,9.797168814066607,RECONSTRUCTED
2023-11-28,PNB,1.590141571859084,RECONSTRUCTED
2023-11-28,SBIN,9.420453533617229,RECONSTRUCTED
2023-11-29,AUBANK,2.4170893126405133,RECONSTRUCTED
2023-11-29,AXISBANK,10.212404875654494,RECONSTRUCTED
2023-11-29,BANDHANBNK,1.1089253907146035,RECONSTRUCTED
2023-11-29,BANKBARODA,2.4685662660199497,RECONSTRUCTED
2023-11-29,FEDERALBNK,2.37086908707672,RECONSTRUCTED
2023-11-29,HDFCBANK,29.64430437825665,RECONSTRUCTED
2023-11-29,ICICIBANK,22.855264933544454,RECONSTRUCTED
2023-11-29,IDFCFIRSTB,1.7998403459721912,RECONSTRUCTED
2023-11-29,INDUSINDBK,6.492872573180922,RECONSTRUCTED
2023-11-29,KOTAKBANK,9.708478915234235,RECONSTRUCTED
2023-11-29,PNB,1.5776410886998926,RECONSTRUCTED
2023-11-29,SBIN,9.34374283300537,RECONSTRUCTED
2023-11-30,AUBANK,2.4,OFFICIAL
2023-11-30,AXISBANK,10.37,OFFICIAL
2023-11-30,BANDHANBNK,1.13,OFFICIAL
2023-11-30,BANKBARODA,2.47,OFFICIAL
2023-11-30,FEDERALBNK,2.33,OFFICIAL
2023-11-30,HDFCBANK,29.7,OFFICIAL
2023-11-30,ICICIBANK,22.79,OFFICIAL
2023-11-30,IDFCFIRSTB,1.81,OFFICIAL
2023-11-30,INDUSINDBK,6.43,OFFICIAL
2023-11-30,KOTAKBANK,9.74,OFFICIAL
2023-11-30,PNB,1.55,OFFICIAL
2023-11-30,SBIN,9.3,OFFICIAL
2023-12-01,AUBANK,2.3361899515032163,RECONSTRUCTED
2023-12-01,AXISBANK,10.665724181419982,RECONSTRUCTED
2023-12-01,BANDHANBNK,1.1206830808227632,RECONSTRUCTED
2023-12-01,BANKBARODA,2.465123115146233,RECONSTRUCTED
2023-12-01,FEDERALBNK,2.185763169374722,RECONSTRUCTED
2023-12-01,HDFCBANK,28.810089442216462,RECONSTRUCTED
2023-12-01,ICICIBANK,23.095723300139223,RECONSTRUCTED
2023-12-01,IDFCFIRSTB,2.1492014519810647,RECONSTRUCTED
2023-12-01,INDUSINDBK,6.329212580143008,RECONSTRUCTED
2023-12-01,KOTAKBANK,9.80350038361356,RECONSTRUCTED
2023-12-01,PNB,1.5706859888002405,RECONSTRUCTED
2023-12-01,SBIN,9.468103354839517,RECONSTRUCTED
2023-12-04,AUBANK,2.2892577888794388,RECONSTRUCTED
2023-12-04,AXISBANK,10.490016501698186,RECONSTRUCTED
2023-12-04,BANDHANBNK,1.1201932500152134,RECONSTRUCTED
2023-12-04,BANKBARODA,2.464259658983416,RECONSTRUCTED
2023-12-04,FEDERALBNK,2.184913596740218,RECONSTRUCTED
2023-12-04,HDFCBANK,28.773516676790383,RECONSTRUCTED
2023-12-04,ICICIBANK,23.34032609343359,RECONSTRUCTED
2023-12-04,IDFCFIRSTB,2.0949323129268387,RECONSTRUCTED
2023-12-04,INDUSINDBK,6.333201829400657,RECONSTRUCTED
2023-12-04,KOTAKBANK,9.83038974504555,RECONSTRUCTED
2023-12-04,PNB,1.5733563090915348,RECONSTRUCTED
2023-12-04,SBIN,9.505636236994972,RECONSTRUCTED
2023-12-05,AUBANK,2.28237776572622,RECONSTRUCTED
2023-12-05,AXISBANK,10.422578006796538,RECONSTRUCTED
2023-12-05,BANDHANBNK,1.1282146345463377,RECONSTRUCTED
2023-12-05,BANKBARODA,2.4545615800356657,RECONSTRUCTED
2023-12-05,FEDERALBNK,2.192752767380757,RECONSTRUCTED
2023-12-05,HDFCBANK,28.66809065528605,RECONSTRUCTED
2023-12-05,ICICIBANK,23.567416889858492,RECONSTRUCTED
2023-12-05,IDFCFIRSTB,2.1235997480503763,RECONSTRUCTED
2023-12-05,INDUSINDBK,6.221183817401804,RECONSTRUCTED
2023-12-05,KOTAKBANK,9.760961738012693,RECONSTRUCTED
2023-12-05,PNB,1.576976520382091,RECONSTRUCTED
2023-12-05,SBIN,9.601285876522972,RECONSTRUCTED
2023-12-06,AUBANK,2.2505063587144156,RECONSTRUCTED
2023-12-06,AXISBANK,10.351555616779953,RECONSTRUCTED
2023-12-06,BANDHANBNK,1.1253678625943626,RECONSTRUCTED
2023-12-06,BANKBARODA,2.4486439080278415,RECONSTRUCTED
2023-12-06,FEDERALBNK,2.1813533270426158,RECONSTRUCTED
2023-12-06,HDFCBANK,28.849059767848505,RECONSTRUCTED
2023-12-06,ICICIBANK,23.418359380692042,RECONSTRUCTED
2023-12-06,IDFCFIRSTB,2.159088835331392,RECONSTRUCTED
2023-12-06,INDUSINDBK,6.223962552595793,RECONSTRUCTED
2023-12-06,KOTAKBANK,9.76006016075873,RECONSTRUCTED
2023-12-06,PNB,1.5913144606869836,RECONSTRUCTED
2023-12-06,SBIN,9.64072776892737,RECONSTRUCTED
2023-12-07,AUBANK,2.260971265036373,RECONSTRUCTED
2023-12-07,AXISBANK,10.326742517235028,RECONSTRUCTED
2023-12-07,BANDHANBNK,1.1286492028612674,RECONSTRUCTED
2023-12-07,BANKBARODA,2.467261102319057,RECONSTRUCTED
2023-12-07,FEDERALBNK,2.1742537086188185,RECONSTRUCTED
2023-12-07,HDFCBANK,28.895097412419734,RECONSTRUCTED
2023-12-07,ICICIBANK,23.318405204669762,RECONSTRUCTED
2023-12-07,IDFCFIRSTB,2.094535536254607,RECONSTRUCTED
2023-12-07,INDUSINDBK,6.236818732930176,RECONSTRUCTED
2023-12-07,KOTAKBANK,9.788950005214858,RECONSTRUCTED
2023-12-07,PNB,1.6164032909230912,RECONSTRUCTED
2023-12-07,SBIN,9.69191202151722,RECONSTRUCTED
2023-12-08,AUBANK,2.209557927317329,RECONSTRUCTED
2023-12-08,AXISBANK,10.357249470251832,RECONSTRUCTED
2023-12-08,BANDHANBNK,1.113457323472471,RECONSTRUCTED
2023-12-08,BANKBARODA,2.4551900204677897,RECONSTRUCTED
2023-12-08,FEDERALBNK,2.15285114338217,RECONSTRUCTED
2023-12-08,HDFCBANK,29.03803988987681,RECONSTRUCTED
2023-12-08,ICICIBANK,23.38542650802299,RECONSTRUCTED
2023-12-08,IDFCFIRSTB,2.0842159882652016,RECONSTRUCTED
2023-12-08,INDUSINDBK,6.19867465352632,RECONSTRUCTED
2023-12-08,KOTAKBANK,9.763606479835596,RECONSTRUCTED
2023-12-08,PNB,1.5974316912431938,RECONSTRUCTED
2023-12-08,SBIN,9.644298904338292,RECONSTRUCTED
2023-12-11,AUBANK,2.204931462822313,RECONSTRUCTED
2023-12-11,AXISBANK,10.211594477085212,RECONSTRUCTED
2023-12-11,BANDHANBNK,1.1164752943831588,RECONSTRUCTED
2023-12-11,BANKBARODA,2.48955260809697,RECONSTRUCTED
2023-12-11,FEDERALBNK,2.145649793235492,RECONSTRUCTED
2023-12-11,HDFCBANK,28.968016951597498,RECONSTRUCTED
2023-12-11,ICICIBANK,23.504554589812436,RECONSTRUCTED
2023-12-11,IDFCFIRSTB,2.0654089942091414,RECONSTRUCTED
2023-12-11,INDUSINDBK,6.244902085358821,RECONSTRUCTED
2023-12-11,KOTAKBANK,9.782749392991832,RECONSTRUCTED
2023-12-11,PNB,1.6307329741625236,RECONSTRUCTED
2023-12-11,SBIN,9.635431376244595,RECONSTRUCTED
2023-12-12,AUBANK,2.2199141840394376,RECONSTRUCTED
2023-12-12,AXISBANK,10.391324829742137,RECONSTRUCTED
2023-12-12,BANDHANBNK,1.115432773383557,RECONSTRUCTED
2023-12-12,BANKBARODA,2.5113502787643895,RECONSTRUCTED
2023-12-12,FEDERALBNK,2.1330498526800783,RECONSTRUCTED
2023-12-12,HDFCBANK,28.810889775423014,RECONSTRUCTED
2023-12-12,ICICIBANK,23.57910451875949,RECONSTRUCTED
2023-12-12,IDFCFIRSTB,2.0629393549556365,RECONSTRUCTED
2023-12-12,INDUSINDBK,6.170907958280523,RECONSTRUCTED
2023-12-12,KOTAKBANK,9.722319309609583,RECONSTRUCTED
2023-12-12,PNB,1.632603848719507,RECONSTRUCTED
2023-12-12,SBIN,9.650163315642638,RECONSTRUCTED
2023-12-13,AUBANK,2.202427765240411,RECONSTRUCTED
2023-12-13,AXISBANK,10.243777720522958,RECONSTRUCTED
2023-12-13,BANDHANBNK,1.1310792575361928,RECONSTRUCTED
2023-12-13,BANKBARODA,2.5690847777513,RECONSTRUCTED
2023-12-13,FEDERALBNK,2.130426934854013,RECONSTRUCTED
2023-12-13,HDFCBANK,28.748017530661475,RECONSTRUCTED
2023-12-13,ICICIBANK,23.539236379948658,RECONSTRUCTED
2023-12-13,IDFCFIRSTB,2.0785481200049167,RECONSTRUCTED
2023-12-13,INDUSINDBK,6.212223801869333,RECONSTRUCTED
2023-12-13,KOTAKBANK,9.732971459081641,RECONSTRUCTED
2023-12-13,PNB,1.6438502536787192,RECONSTRUCTED
2023-12-13,SBIN,9.76835599885038,RECONSTRUCTED
2023-12-14,AUBANK,2.2452762527949166,RECONSTRUCTED
2023-12-14,AXISBANK,10.15718548405624,RECONSTRUCTED
2023-12-14,BANDHANBNK,1.1303296078340754,RECONSTRUCTED
2023-12-14,BANKBARODA,2.5237431524903124,RECONSTRUCTED
2023-12-14,FEDERALBNK,2.1059991362227723,RECONSTRUCTED
2023-12-14,HDFCBANK,28.697309820027648,RECONSTRUCTED
2023-12-14,ICICIBANK,23.675979236463103,RECONSTRUCTED
2023-12-14,IDFCFIRSTB,2.0659106821726163,RECONSTRUCTED
2023-12-14,INDUSINDBK,6.311137103693033,RECONSTRUCTED
2023-12-14,KOTAKBANK,9.747851335256291,RECONSTRUCTED
2023-12-14,PNB,1.6428230112126105,RECONSTRUCTED
2023-12-14,SBIN,9.696455177776391,RECONSTRUCTED
2023-12-15,AUBANK,2.221024077169277,RECONSTRUCTED
2023-12-15,AXISBANK,10.069099691023844,RECONSTRUCTED
2023-12-15,BANDHANBNK,1.1701919759413355,RECONSTRUCTED
2023-12-15,BANKBARODA,2.554372342831375,RECONSTRUCTED
2023-12-15,FEDERALBNK,2.1481041821159783,RECONSTRUCTED
2023-12-15,HDFCBANK,28.561323700504342,RECONSTRUCTED
2023-12-15,ICICIBANK,23.557907105631475,RECONSTRUCTED
2023-12-15,IDFCFIRSTB,2.091162363200901,RECONSTRUCTED
2023-12-15,INDUSINDBK,6.333981159197126,RECONSTRUCTED
2023-12-15,KOTAKBANK,9.647235571008189,RECONSTRUCTED
2023-12-15,PNB,1.653179375906181,RECONSTRUCTED
2023-12-15,SBIN,9.99241845546995,RECONSTRUCTED
2023-12-18,AUBANK,2.205467962844774,RECONSTRUCTED
2023-12-18,AXISBANK,10.046099841796895,RECONSTRUCTED
2023-12-18,BANDHANBNK,1.1755826712539563,RECONSTRUCTED
2023-12-18,BANKBARODA,2.5646028374644936,RECONSTRUCTED
2023-12-18,FEDERALBNK,2.153675094576716,RECONSTRUCTED
2023-12-18,HDFCBANK,28.712112388323007,RECONSTRUCTED
2023-12-18,ICICIBANK,23.330136942892125,RECONSTRUCTED
2023-12-18,IDFCFIRSTB,2.097439369934577,RECONSTRUCTED
2023-12-18,INDUSINDBK,6.312085291482869,RECONSTRUCTED
2023-12-18,KOTAKBANK,9.684008860976473,RECONSTRUCTED
2023-12-18,PNB,1.6645826788668276,RECONSTRUCTED
2023-12-18,SBIN,10.05420605958728,RECONSTRUCTED
2023-12-19,AUBANK,2.154150022523461,RECONSTRUCTED
2023-12-19,AXISBANK,10.125582967810733,RECONSTRUCTED
2023-12-19,BANDHANBNK,1.1525172314546999,RECONSTRUCTED
2023-12-19,BANKBARODA,2.5849363574689344,RECONSTRUCTED
2023-12-19,FEDERALBNK,2.165161468402381,RECONSTRUCTED
2023-12-19,HDFCBANK,28.660814216551483,RECONSTRUCTED
2023-12-19,ICICIBANK,23.190876706170798,RECONSTRUCTED
2023-12-19,IDFCFIRSTB,2.106585726688896,RECONSTRUCTED
2023-12-19,INDUSINDBK,6.352845555883764,RECONSTRUCTED
2023-12-19,KOTAKBANK,9.68098526698905,RECONSTRUCTED
2023-12-19,PNB,1.6653344378825021,RECONSTRUCTED
2023-12-19,SBIN,10.160210042173292,RECONSTRUCTED
2023-12-20,AUBANK,2.2592469486860223,RECONSTRUCTED
2023-12-20,AXISBANK,10.126678784846705,RECONSTRUCTED
2023-12-20,BANDHANBNK,1.1197408625035734,RECONSTRUCTED
2023-12-20,BANKBARODA,2.5300499360476887,RECONSTRUCTED
2023-12-20,FEDERALBNK,2.126598463022261,RECONSTRUCTED
2023-12-20,HDFCBANK,28.993832218909976,RECONSTRUCTED
2023-12-20,ICICIBANK,23.199482083845115,RECONSTRUCTED
2023-12-20,IDFCFIRSTB,2.0597640987167587,RECONSTRUCTED
2023-12-20,INDUSINDBK,6.368199526719194,RECONSTRUCTED
2023-12-20,KOTAKBANK,9.663163607329444,RECONSTRUCTED
2023-12-20,PNB,1.5968578543214194,RECONSTRUCTED
2023-12-20,SBIN,9.956385615051836,RECONSTRUCTED
2023-12-21,AUBANK,2.2739596983229173,RECONSTRUCTED
2023-12-21,AXISBANK,9.90961724148037,RECONSTRUCTED
2023-12-21,BANDHANBNK,1.1057211805737068,RECONSTRUCTED
2023-12-21,BANKBARODA,2.572890149145699,RECONSTRUCTED
2023-12-21,FEDERALBNK,2.1195531652402684,RECONSTRUCTED
2023-12-21,HDFCBANK,29.272434902507605,RECONSTRUCTED
2023-12-21,ICICIBANK,22.958546352146023,RECONSTRUCTED
2023-12-21,IDFCFIRSTB,2.066326853298183,RECONSTRUCTED
2023-12-21,INDUSINDBK,6.372395883854209,RECONSTRUCTED
2023-12-21,KOTAKBANK,9.721709702360737,RECONSTRUCTED
2023-12-21,PNB,1.6385224959639375,RECONSTRUCTED
2023-12-21,SBIN,9.988322375106351,RECONSTRUCTED
2023-12-22,AUBANK,2.2731790636598417,RECONSTRUCTED
2023-12-22,AXISBANK,9.917224870617881,RECONSTRUCTED
2023-12-22,BANDHANBNK,1.0976609144797898,RECONSTRUCTED
2023-12-22,BANKBARODA,2.5772558825802063,RECONSTRUCTED
2023-12-22,FEDERALBNK,2.135712208402925,RECONSTRUCTED
2023-12-22,HDFCBANK,29.20894392913049,RECONSTRUCTED
2023-12-22,ICICIBANK,22.893516694280752,RECONSTRUCTED
2023-12-22,IDFCFIRSTB,2.0837599718625035,RECONSTRUCTED
2023-12-22,INDUSINDBK,6.387616232103592,RECONSTRUCTED
2023-12-22,KOTAKBANK,9.833873321964722,RECONSTRUCTED
2023-12-22,PNB,1.639456657975424,RECONSTRUCTED
2023-12-22,SBIN,9.951800252941865,RECONSTRUCTED
2023-12-26,AUBANK,2.274226671546622,RECONSTRUCTED
2023-12-26,AXISBANK,9.92288990590354,RECONSTRUCTED
2023-12-26,BANDHANBNK,1.0930137939485536,RECONSTRUCTED
2023-12-26,BANKBARODA,2.584778833858153,RECONSTRUCTED
2023-12-26,FEDERALBNK,2.1246225594797377,RECONSTRUCTED
2023-12-26,HDFCBANK,29.268512053394396,RECONSTRUCTED
2023-12-26,ICICIBANK,22.800369381505572,RECONSTRUCTED
2023-12-26,IDFCFIRSTB,2.0747855303320533,RECONSTRUCTED
2023-12-26,INDUSINDBK,6.390891767112413,RECONSTRUCTED
2023-12-26,KOTAKBANK,9.924585950632196,RECONSTRUCTED
2023-12-26,PNB,1.6177636452557926,RECONSTRUCTED
2023-12-26,SBIN,9.923559907030976,RECONSTRUCTED
2023-12-27,AUBANK,2.2628086572137174,RECONSTRUCTED
2023-12-27,AXISBANK,9.917166182171773,RECONSTRUCTED
2023-12-27,BANDHANBNK,1.0944617382736177,RECONSTRUCTED
2023-12-27,BANKBARODA,2.6304329989384727,RECONSTRUCTED
2023-12-27,FEDERALBNK,2.1008558246665228,RECONSTRUCTED
2023-12-27,HDFCBANK,29.29024857130586,RECONSTRUCTED
2023-12-27,ICICIBANK,22.699937140979706,RECONSTRUCTED
2023-12-27,IDFCFIRSTB,2.059021137175669,RECONSTRUCTED
2023-12-27,INDUSINDBK,6.424528745993607,RECONSTRUCTED
2023-12-27,KOTAKBANK,9.89096982124427,RECONSTRUCTED
2023-12-27,PNB,1.658776656774597,RECONSTRUCTED
2023-12-27,SBIN,9.970792525262166,RECONSTRUCTED
2023-12-28,AUBANK,2.293147912281816,RECONSTRUCTED
2023-12-28,AXISBANK,9.884471064796752,RECONSTRUCTED
2023-12-28,BANDHANBNK,1.0955557436271683,RECONSTRUCTED
2023-12-28,BANKBARODA,2.6289322606246226,RECONSTRUCTED
2023-12-28,FEDERALBNK,2.111462357920748,RECONSTRUCTED
2023-12-28,HDFCBANK,29.18753313335989,RECONSTRUCTED
2023-12-28,ICICIBANK,22.676750386361363,RECONSTRUCTED
2023-12-28,IDFCFIRSTB,2.045994276352695,RECONSTRUCTED
2023-12-28,INDUSINDBK,6.447118265590869,RECONSTRUCTED
2023-12-28,KOTAKBANK,9.943341619056529,RECONSTRUCTED
2023-12-28,PNB,1.7176158033667184,RECONSTRUCTED
2023-12-28,SBIN,9.968077176660824,RECONSTRUCTED
2023-12-29,AUBANK,2.3,OFFICIAL
2023-12-29,AXISBANK,9.88,OFFICIAL
2023-12-29,BANDHANBNK,1.11,OFFICIAL
2023-12-29,BANKBARODA,2.62,OFFICIAL
2023-12-29,FEDERALBNK,2.13,OFFICIAL
2023-12-29,HDFCBANK,29.39,OFFICIAL
2023-12-29,ICICIBANK,22.57,OFFICIAL
2023-12-29,IDFCFIRSTB,2.06,OFFICIAL
2023-12-29,INDUSINDBK,6.43,OFFICIAL
2023-12-29,KOTAKBANK,9.92,OFFICIAL
2023-12-29,PNB,1.73,OFFICIAL
2023-12-29,SBIN,9.87,OFFICIAL
2024-01-01,AUBANK,2.3074541137860853,RECONSTRUCTED
2024-01-01,AXISBANK,9.851474468030883,RECONSTRUCTED
2024-01-01,BANDHANBNK,1.1281747258226715,RECONSTRUCTED
2024-01-01,BANKBARODA,2.6464847749499514,RECONSTRUCTED
2024-01-01,FEDERALBNK,2.1382273026039607,RECONSTRUCTED
2024-01-01,HDFCBANK,29.237620940745916,RECONSTRUCTED
2024-01-01,ICICIBANK,22.661195576627282,RECONSTRUCTED
2024-01-01,IDFCFIRSTB,2.034625017823768,RECONSTRUCTED
2024-01-01,INDUSINDBK,6.42974245045838,RECONSTRUCTED
2024-01-01,KOTAKBANK,9.933404558732843,RECONSTRUCTED
2024-01-01,PNB,1.768860787230285,RECONSTRUCTED
2024-01-01,SBIN,9.862735283187964,RECONSTRUCTED
2024-01-02,AUBANK,2.2735155701082634,RECONSTRUCTED
2024-01-02,AXISBANK,9.90863980733324,RECONSTRUCTED
2024-01-02,BANDHANBNK,1.1311718642256652,RECONSTRUCTED
2024-01-02,BANKBARODA,2.6378030033944677,RECONSTRUCTED
2024-01-02,FEDERALBNK,2.0952485855215754,RECONSTRUCTED
2024-01-02,HDFCBANK,29.54436722185526,RECONSTRUCTED
2024-01-02,ICICIBANK,22.492746824381527,RECONSTRUCTED
2024-01-02,IDFCFIRSTB,2.0149765646400395,RECONSTRUCTED
2024-01-02,INDUSINDBK,6.398951398624542,RECONSTRUCTED
2024-01-02,KOTAKBANK,9.79998778569134,RECONSTRUCTED
2024-01-02,PNB,1.7717543898513117,RECONSTRUCTED
2024-01-02,SBIN,9.930836984372764,RECONSTRUCTED
2024-01-03,AUBANK,2.286607676571397,RECONSTRUCTED
2024-01-03,AXISBANK,9.968968174500926,RECONSTRUCTED
2024-01-03,BANDHANBNK,1.1864906782802718,RECONSTRUCTED
2024-01-03,BANKBARODA,2.6655514248808614,RECONSTRUCTED
2024-01-03,FEDERALBNK,2.0956682868756746,RECONSTRUCTED
2024-01-03,HDFCBANK,29.12338110570219,RECONSTRUCTED
2024-01-03,ICICIBANK,22.560757762289825,RECONSTRUCTED
2024-01-03,IDFCFIRSTB,2.0173723251947764,RECONSTRUCTED
2024-01-03,INDUSINDBK,6.510448660702682,RECONSTRUCTED
2024-01-03,KOTAKBANK,9.816111417649331,RECONSTRUCTED
2024-01-03,PNB,1.763802990319804,RECONSTRUCTED
2024-01-03,SBIN,10.004839497032266,RECONSTRUCTED
2024-01-04,AUBANK,2.342638776263167,RECONSTRUCTED
2024-01-04,AXISBANK,10.090153965547588,RECONSTRUCTED
2024-01-04,BANDHANBNK,1.2063184647610807,RECONSTRUCTED
2024-01-04,BANKBARODA,2.6939163595125546,RECONSTRUCTED
2024-01-04,FEDERALBNK,2.116692690801205,RECONSTRUCTED
2024-01-04,HDFCBANK,29.13598151067127,RECONSTRUCTED
2024-01-04,ICICIBANK,22.401258903090678,RECONSTRUCTED
2024-01-04,IDFCFIRSTB,2.0188518100933615,RECONSTRUCTED
2024-01-04,INDUSINDBK,6.634890828959317,RECONSTRUCTED
2024-01-04,KOTAKBANK,9.70412931200093,RECONSTRUCTED
2024-01-04,PNB,1.7630294148927337,RECONSTRUCTED
2024-01-04,SBIN,9.892137963406105,RECONSTRUCTED
2024-01-05,AUBANK,2.355310526512563,RECONSTRUCTED
2024-01-05,AXISBANK,10.219672036245628,RECONSTRUCTED
2024-01-05,BANDHANBNK,1.1651177624902727,RECONSTRUCTED
2024-01-05,BANKBARODA,2.6608252910360797,RECONSTRUCTED
2024-01-05,FEDERALBNK,2.1148925593646366,RECONSTRUCTED
2024-01-05,HDFCBANK,29.009110939183664,RECONSTRUCTED
2024-01-05,ICICIBANK,22.567153588846278,RECONSTRUCTED
2024-01-05,IDFCFIRSTB,2.0122733837557214,RECONSTRUCTED
2024-01-05,INDUSINDBK,6.618419686814509,RECONSTRUCTED
2024-01-05,KOTAKBANK,9.628176569283369,RECONSTRUCTED
2024-01-05,PNB,1.761661367813053,RECONSTRUCTED
2024-01-05,SBIN,9.887386288654247,RECONSTRUCTED
2024-01-08,AUBANK,2.39243185843799,RECONSTRUCTED
2024-01-08,AXISBANK,10.235936780028638,RECONSTRUCTED
2024-01-08,BANDHANBNK,1.095135926096612,RECONSTRUCTED
2024-01-08,BANKBARODA,2.5716703954497193,RECONSTRUCTED
2024-01-08,FEDERALBNK,2.0853929329051573,RECONSTRUCTED
2024-01-08,HDFCBANK,29.11425535079829,RECONSTRUCTED
2024-01-08,ICICIBANK,22.634563709923665,RECONSTRUCTED
2024-01-08,IDFCFIRSTB,2.012885621040081,RECONSTRUCTED
2024-01-08,INDUSINDBK,6.651464339877738,RECONSTRUCTED
2024-01-08,KOTAKBANK,9.65828005275317,RECONSTRUCTED
2024-01-08,PNB,1.7466085066336081,RECONSTRUCTED
2024-01-08,SBIN,9.80137452605535,RECONSTRUCTED
2024-01-09,AUBANK,2.329812246733991,RECONSTRUCTED
2024-01-09,AXISBANK,10.23098567524863,RECONSTRUCTED
2024-01-09,BANDHANBNK,1.108442916225035,RECONSTRUCTED
2024-01-09,BANKBARODA,2.58008313155311,RECONSTRUCTED
2024-01-09,FEDERALBNK,2.111989745310173,RECONSTRUCTED
2024-01-09,HDFCBANK,29.014562523926767,RECONSTRUCTED
2024-01-09,ICICIBANK,22.681954494040163,RECONSTRUCTED
2024-01-09,IDFCFIRSTB,1.9933405551845356,RECONSTRUCTED
2024-01-09,INDUSINDBK,6.672486058008843,RECONSTRUCTED
2024-01-09,KOTAKBANK,9.703650400897287,RECONSTRUCTED
2024-01-09,PNB,1.7533616265454348,RECONSTRUCTED
2024-01-09,SBIN,9.819330626326037,RECONSTRUCTED
2024-01-10,AUBANK,2.3094976181167404,RECONSTRUCTED
2024-01-10,AXISBANK,10.118166149207813,RECONSTRUCTED
2024-01-10,BANDHANBNK,1.0875548597769318,RECONSTRUCTED
2024-01-10,BANKBARODA,2.5811395942810624,RECONSTRUCTED
2024-01-10,FEDERALBNK,2.1108924778699727,RECONSTRUCTED
2024-01-10,HDFCBANK,29.03772597951273,RECONSTRUCTED
2024-01-10,ICICIBANK,22.932489505871402,RECONSTRUCTED
2024-01-10,IDFCFIRSTB,1.9801059968287755,RECONSTRUCTED
2024-01-10,INDUSINDBK,6.717474678629598,RECONSTRUCTED
2024-01-10,KOTAKBANK,9.648436215251124,RECONSTRUCTED
2024-01-10,PNB,1.7388551573836928,RECONSTRUCTED
2024-01-10,SBIN,9.737661767270158,RECONSTRUCTED
2024-01-11,AUBANK,2.318114870712198,RECONSTRUCTED
2024-01-11,AXISBANK,10.272746400641271,RECONSTRUCTED
2024-01-11,BANDHANBNK,1.094003224661506,RECONSTRUCTED
2024-01-11,BANKBARODA,2.6022518809686432,RECONSTRUCTED
2024-01-11,FEDERALBNK,2.088003732073467,RECONSTRUCTED
2024-01-11,HDFCBANK,28.86864927919799,RECONSTRUCTED
2024-01-11,ICICIBANK,22.851246682153874,RECONSTRUCTED
2024-01-11,IDFCFIRSTB,2.041669640384196,RECONSTRUCTED
2024-01-11,INDUSINDBK,6.778882854851617,RECONSTRUCTED
2024-01-11,KOTAKBANK,9.643530171564036,RECONSTRUCTED
2024-01-11,PNB,1.7433724409493079,RECONSTRUCTED
2024-01-11,SBIN,9.697528821841917,RECONSTRUCTED
2024-01-12,AUBANK,2.3398054921820557,RECONSTRUCTED
2024-01-12,AXISBANK,10.16532918881259,RECONSTRUCTED
2024-01-12,BANDHANBNK,1.0753992337535427,RECONSTRUCTED
2024-01-12,BANKBARODA,2.6315214134848195,RECONSTRUCTED
2024-01-12,FEDERALBNK,2.0864857348282677,RECONSTRUCTED
2024-01-12,HDFCBANK,28.56869709246692,RECONSTRUCTED
2024-01-12,ICICIBANK,23.004405135658565,RECONSTRUCTED
2024-01-12,IDFCFIRSTB,2.0417727936235024,RECONSTRUCTED
2024-01-12,INDUSINDBK,6.80599250252161,RECONSTRUCTED
2024-01-12,KOTAKBANK,9.64339424228425,RECONSTRUCTED
2024-01-12,PNB,1.7864856008889953,RECONSTRUCTED
2024-01-12,SBIN,9.850711569494884,RECONSTRUCTED
2024-01-15,AUBANK,2.2700885508670323,RECONSTRUCTED
2024-01-15,AXISBANK,10.063024117365028,RECONSTRUCTED
2024-01-15,BANDHANBNK,1.0693193120264617,RECONSTRUCTED
2024-01-15,BANKBARODA,2.620623127934361,RECONSTRUCTED
2024-01-15,FEDERALBNK,2.0923634437178795,RECONSTRUCTED
2024-01-15,HDFCBANK,28.84759636652326,RECONSTRUCTED
2024-01-15,ICICIBANK,22.934389680760294,RECONSTRUCTED
2024-01-15,IDFCFIRSTB,2.0134747678612896,RECONSTRUCTED
2024-01-15,INDUSINDBK,6.802425245006057,RECONSTRUCTED
2024-01-15,KOTAKBANK,9.64869618420588,RECONSTRUCTED
2024-01-15,PNB,1.7789065374369493,RECONSTRUCTED
2024-01-15,SBIN,9.859092666295513,RECONSTRUCTED
2024-01-16,AUBANK,2.2819534855261425,RECONSTRUCTED
2024-01-16,AXISBANK,10.066370846477426,RECONSTRUCTED
2024-01-16,BANDHANBNK,1.0642669236694857,RECONSTRUCTED
2024-01-16,BANKBARODA,2.624133828495735,RECONSTRUCTED
2024-01-16,FEDERALBNK,2.049316596493605,RECONSTRUCTED
2024-01-16,HDFCBANK,28.977086769703597,RECONSTRUCTED
2024-01-16,ICICIBANK,22.93203620527361,RECONSTRUCTED
2024-01-16,IDFCFIRSTB,2.050864776367,RECONSTRUCTED
2024-01-16,INDUSINDBK,6.7192521655684585,RECONSTRUCTED
2024-01-16,KOTAKBANK,9.637102909781298,RECONSTRUCTED
2024-01-16,PNB,1.7810405887587037,RECONSTRUCTED
2024-01-16,SBIN,9.816574903884941,RECONSTRUCTED
2024-01-17,AUBANK,2.3282467683913217,RECONSTRUCTED
2024-01-17,AXISBANK,10.17087720624489,RECONSTRUCTED
2024-01-17,BANDHANBNK,1.1048610891194568,RECONSTRUCTED
2024-01-17,BANKBARODA,2.673360379129289,RECONSTRUCTED
2024-01-17,FEDERALBNK,2.08664837432107,RECONSTRUCTED
2024-01-17,HDFCBANK,27.71960736754603,RECONSTRUCTED
2024-01-17,ICICIBANK,23.30974725386875,RECONSTRUCTED
2024-01-17,IDFCFIRSTB,2.067391088282491,RECONSTRUCTED
2024-01-17,INDUSINDBK,6.922363999150649,RECONSTRUCTED
2024-01-17,KOTAKBANK,9.695849176300483,RECONSTRUCTED
2024-01-17,PNB,1.8408323815980319,RECONSTRUCTED
2024-01-17,SBIN,10.08021491604752,RECONSTRUCTED
2024-01-18,AUBANK,2.2739481272233624,RECONSTRUCTED
2024-01-18,AXISBANK,10.392903693047852,RECONSTRUCTED
2024-01-18,BANDHANBNK,1.10993014435654,RECONSTRUCTED
2024-01-18,BANKBARODA,2.720167284087207,RECONSTRUCTED
2024-01-18,FEDERALBNK,2.1163600341226227,RECONSTRUCTED
2024-01-18,HDFCBANK,26.999530808023188,RECONSTRUCTED
2024-01-18,ICICIBANK,23.59876767843645,RECONSTRUCTED
2024-01-18,IDFCFIRSTB,2.112605513620665,RECONSTRUCTED
2024-01-18,INDUSINDBK,6.843970042477557,RECONSTRUCTED
2024-01-18,KOTAKBANK,9.757114388359318,RECONSTRUCTED
2024-01-18,PNB,1.8797748388390327,RECONSTRUCTED
2024-01-18,SBIN,10.194927447406226,RECONSTRUCTED
2024-01-19,AUBANK,2.2635625983165224,RECONSTRUCTED
2024-01-19,AXISBANK,10.576154456149474,RECONSTRUCTED
2024-01-19,BANDHANBNK,1.1034006213639262,RECONSTRUCTED
2024-01-19,BANKBARODA,2.7561527057357855,RECONSTRUCTED
2024-01-19,FEDERALBNK,2.1126067271820608,RECONSTRUCTED
2024-01-19,HDFCBANK,26.72514889324647,RECONSTRUCTED
2024-01-19,ICICIBANK,23.912662599289106,RECONSTRUCTED
2024-01-19,IDFCFIRSTB,2.096055236286711,RECONSTRUCTED
2024-01-19,INDUSINDBK,6.625957051847031,RECONSTRUCTED
2024-01-19,KOTAKBANK,9.68863382987551,RECONSTRUCTED
2024-01-19,PNB,1.9509122348246448,RECONSTRUCTED
2024-01-19,SBIN,10.188753045882738,RECONSTRUCTED
2024-01-20,AUBANK,2.298126815306085,RECONSTRUCTED
2024-01-20,AXISBANK,10.535992442908817,RECONSTRUCTED
2024-01-20,BANDHANBNK,1.1115456473979373,RECONSTRUCTED
2024-01-20,BANKBARODA,2.756722198956505,RECONSTRUCTED
2024-01-20,FEDERALBNK,2.0819259307104563,RECONSTRUCTED
2024-01-20,HDFCBANK,26.66583336656408,RECONSTRUCTED
2024-01-20,ICICIBANK,23.952881206891917,RECONSTRUCTED
2024-01-20,IDFCFIRSTB,2.1283435111356925,RECONSTRUCTED
2024-01-20,INDUSINDBK,6.466146131119436,RECONSTRUCTED
2024-01-20,KOTAKBANK,9.845106520236715,RECONSTRUCTED
2024-01-20,PNB,1.9888240572891334,RECONSTRUCTED
2024-01-20,SBIN,10.168552171483215,RECONSTRUCTED
2024-01-23,AUBANK,2.2538586302291996,RECONSTRUCTED
2024-01-23,AXISBANK,10.474784347664386,RECONSTRUCTED
2024-01-23,BANDHANBNK,1.107833569207442,RECONSTRUCTED
2024-01-23,BANKBARODA,2.6980656528815006,RECONSTRUCTED
2024-01-23,FEDERALBNK,2.0525966638560917,RECONSTRUCTED
2024-01-23,HDFCBANK,26.33353719715894,RECONSTRUCTED
2024-01-23,ICICIBANK,25.002296487563108,RECONSTRUCTED
2024-01-23,IDFCFIRSTB,2.0311552426736617,RECONSTRUCTED
2024-01-23,INDUSINDBK,6.212418501653685,RECONSTRUCTED
2024-01-23,KOTAKBANK,9.948888735616338,RECONSTRUCTED
2024-01-23,PNB,1.9137793052450705,RECONSTRUCTED
2024-01-23,SBIN,9.970785666250572,RECONSTRUCTED
2024-01-24,AUBANK,2.3156686949944385,RECONSTRUCTED
2024-01-24,AXISBANK,10.170121900600147,RECONSTRUCTED
2024-01-24,BANDHANBNK,1.1096411539050561,RECONSTRUCTED
2024-01-24,BANKBARODA,2.7697470089299228,RECONSTRUCTED
2024-01-24,FEDERALBNK,2.0780285551977475,RECONSTRUCTED
2024-01-24,HDFCBANK,26.820164134790158,RECONSTRUCTED
2024-01-24,ICICIBANK,24.240803730067128,RECONSTRUCTED
2024-01-24,IDFCFIRSTB,1.9735768767339938,RECONSTRUCTED
2024-01-24,INDUSINDBK,6.414619816507637,RECONSTRUCTED
2024-01-24,KOTAKBANK,9.956860304609867,RECONSTRUCTED
2024-01-24,PNB,1.9776835968227455,RECONSTRUCTED
2024-01-24,SBIN,10.173084226841155,RECONSTRUCTED
2024-01-25,AUBANK,2.2340495498811164,RECONSTRUCTED
2024-01-25,AXISBANK,10.056121530668412,RECONSTRUCTED
2024-01-25,BANDHANBNK,1.0978515772522692,RECONSTRUCTED
2024-01-25,BANKBARODA,2.7636327088111394,RECONSTRUCTED
2024-01-25,FEDERALBNK,2.0821790242686995,RECONSTRUCTED
2024-01-25,HDFCBANK,26.560817783264206,RECONSTRUCTED
2024-01-25,ICICIBANK,24.619792309402442,RECONSTRUCTED
2024-01-25,IDFCFIRSTB,1.994308031228182,RECONSTRUCTED
2024-01-25,INDUSINDBK,6.537003005456595,RECONSTRUCTED
2024-01-25,KOTAKBANK,9.891897677803854,RECONSTRUCTED
2024-01-25,PNB,2.031945838482112,RECONSTRUCTED
2024-01-25,SBIN,10.130400963480984,RECONSTRUCTED
2024-01-29,AUBANK,1.9517742061858756,RECONSTRUCTED
2024-01-29,AXISBANK,10.109676069989987,RECONSTRUCTED
2024-01-29,BANDHANBNK,1.0954669384379918,RECONSTRUCTED
2024-01-29,BANKBARODA,2.815135769660342,RECONSTRUCTED
2024-01-29,FEDERALBNK,2.1087082126599688,RECONSTRUCTED
2024-01-29,HDFCBANK,26.58515800024765,RECONSTRUCTED
2024-01-29,ICICIBANK,24.463021409856292,RECONSTRUCTED
2024-01-29,IDFCFIRSTB,2.053895318634845,RECONSTRUCTED
2024-01-29,INDUSINDBK,6.517333911406387,RECONSTRUCTED
2024-01-29,KOTAKBANK,10.06752882340272,RECONSTRUCTED
2024-01-29,PNB,2.0637886945965174,RECONSTRUCTED
2024-01-29,SBIN,10.168512644921423,RECONSTRUCTED
2024-01-30,AUBANK,1.951550644114228,RECONSTRUCTED
2024-01-30,AXISBANK,10.05807763621684,RECONSTRUCTED
2024-01-30,BANDHANBNK,1.0980055719137334,RECONSTRUCTED
2024-01-30,BANKBARODA,2.8582851470388095,RECONSTRUCTED
2024-01-30,FEDERALBNK,2.107093509924076,RECONSTRUCTED
2024-01-30,HDFCBANK,26.43941117201297,RECONSTRUCTED
2024-01-30,ICICIBANK,24.51530605636161,RECONSTRUCTED
2024-01-30,IDFCFIRSTB,2.0375626552757433,RECONSTRUCTED
2024-01-30,INDUSINDBK,6.498550066477615,RECONSTRUCTED
2024-01-30,KOTAKBANK,10.087957719915195,RECONSTRUCTED
2024-01-30,PNB,2.1008345133679933,RECONSTRUCTED
2024-01-30,SBIN,10.247365307381177,RECONSTRUCTED
2024-01-31,AUBANK,1.96,OFFICIAL
2024-01-31,AXISBANK,10.05,OFFICIAL
2024-01-31,BANDHANBNK,1.11,OFFICIAL
2024-01-31,BANKBARODA,2.94,OFFICIAL
2024-01-31,FEDERALBNK,2.11,OFFICIAL
2024-01-31,HDFCBANK,26.41,OFFICIAL
2024-01-31,ICICIBANK,24.45,OFFICIAL
2024-01-31,IDFCFIRSTB,2.05,OFFICIAL
2024-01-31,INDUSINDBK,6.47,OFFICIAL
2024-01-31,KOTAKBANK,9.96,OFFICIAL
2024-01-31,PNB,2.17,OFFICIAL
2024-01-31,SBIN,10.33,OFFICIAL
2024-02-01,AUBANK,1.9468706522277914,RECONSTRUCTED
2024-02-01,AXISBANK,10.159955600453149,RECONSTRUCTED
2024-02-01,BANDHANBNK,1.0827156539373655,RECONSTRUCTED
2024-02-01,BANKBARODA,3.032515524596657,RECONSTRUCTED
2024-02-01,FEDERALBNK,2.0862193191771428,RECONSTRUCTED
2024-02-01,HDFCBANK,26.362190140409176,RECONSTRUCTED
2024-02-01,ICICIBANK,24.270557003090723,RECONSTRUCTED
2024-02-01,IDFCFIRSTB,2.0239479171277774,RECONSTRUCTED
2024-02-01,INDUSINDBK,6.478791594019112,RECONSTRUCTED
2024-02-01,KOTAKBANK,9.899593229916166,RECONSTRUCTED
2024-02-01,PNB,2.2496020924693805,RECONSTRUCTED
2024-02-01,SBIN,10.407041272575555,RECONSTRUCTED
2024-02-02,AUBANK,1.9377583696898435,RECONSTRUCTED
2024-02-02,AXISBANK,10.046124462926263,RECONSTRUCTED
2024-02-02,BANDHANBNK,1.1035100066315842,RECONSTRUCTED
2024-02-02,BANKBARODA,3.038540677820317,RECONSTRUCTED
2024-02-02,FEDERALBNK,2.081823230625937,RECONSTRUCTED
2024-02-02,HDFCBANK,26.122130305317054,RECONSTRUCTED
2024-02-02,ICICIBANK,24.358115699653954,RECONSTRUCTED
2024-02-02,IDFCFIRSTB,2.0128052866845008,RECONSTRUCTED
2024-02-02,INDUSINDBK,6.47821086540596,RECONSTRUCTED
2024-02-02,KOTAKBANK,9.947556283018551,RECONSTRUCTED
2024-02-02,PNB,2.384819217745488,RECONSTRUCTED
2024-02-02,SBIN,10.488605594480543,RECONSTRUCTED
2024-02-05,AUBANK,1.9241276692341287,RECONSTRUCTED
2024-02-05,AXISBANK,10.025581580920049,RECONSTRUCTED
2024-02-05,BANDHANBNK,1.0767849454637535,RECONSTRUCTED
2024-02-05,BANKBARODA,3.0744539518374743,RECONSTRUCTED
2024-02-05,FEDERALBNK,2.108475276710793,RECONSTRUCTED
2024-02-05,HDFCBANK,26.18145658004819,RECONSTRUCTED
2024-02-05,ICICIBANK,24.423470276569745,RECONSTRUCTED
2024-02-05,IDFCFIRSTB,2.036313880295015,RECONSTRUCTED
2024-02-05,INDUSINDBK,6.515926151266435,RECONSTRUCTED
2024-02-05,KOTAKBANK,9.899196181392101,RECONSTRUCTED
2024-02-05,PNB,2.320843372487197,RECONSTRUCTED
2024-02-05,SBIN,10.413370133775128,RECONSTRUCTED
2024-02-06,AUBANK,1.9108972859926954,RECONSTRUCTED
2024-02-06,AXISBANK,9.946700704431418,RECONSTRUCTED
2024-02-06,BANDHANBNK,1.0593473969820366,RECONSTRUCTED
2024-02-06,BANKBARODA,2.997888252574944,RECONSTRUCTED
2024-02-06,FEDERALBNK,2.10966986560287,RECONSTRUCTED
2024-02-06,HDFCBANK,26.245074162157117,RECONSTRUCTED
2024-02-06,ICICIBANK,24.56493744114946,RECONSTRUCTED
2024-02-06,IDFCFIRSTB,2.0361889015652803,RECONSTRUCTED
2024-02-06,INDUSINDBK,6.422959876543577,RECONSTRUCTED
2024-02-06,KOTAKBANK,9.81118550748508,RECONSTRUCTED
2024-02-06,PNB,2.332474575794007,RECONSTRUCTED
2024-02-06,SBIN,10.562676029721498,RECONSTRUCTED
2024-02-07,AUBANK,1.912988990400636,RECONSTRUCTED
2024-02-07,AXISBANK,10.098924507866544,RECONSTRUCTED
2024-02-07,BANDHANBNK,1.0459950061614474,RECONSTRUCTED
2024-02-07,BANKBARODA,2.922049280320741,RECONSTRUCTED
2024-02-07,FEDERALBNK,2.1367280538474778,RECONSTRUCTED
2024-02-07,HDFCBANK,25.915471436021992,RECONSTRUCTED
2024-02-07,ICICIBANK,24.395031166534007,RECONSTRUCTED
2024-02-07,IDFCFIRSTB,2.034182680715313,RECONSTRUCTED
2024-02-07,INDUSINDBK,6.421795473413791,RECONSTRUCTED
2024-02-07,KOTAKBANK,9.814497124815052,RECONSTRUCTED
2024-02-07,PNB,2.3641348475113584,RECONSTRUCTED
2024-02-07,SBIN,10.938201432391653,RECONSTRUCTED
2024-02-08,AUBANK,1.8739490405632953,RECONSTRUCTED
2024-02-08,AXISBANK,9.960605252487753,RECONSTRUCTED
2024-02-08,BANDHANBNK,1.054393386940269,RECONSTRUCTED
2024-02-08,BANKBARODA,3.07712799094734,RECONSTRUCTED
2024-02-08,FEDERALBNK,2.1378321104624063,RECONSTRUCTED
2024-02-08,HDFCBANK,25.883470649320284,RECONSTRUCTED
2024-02-08,ICICIBANK,24.033988725046374,RECONSTRUCTED
2024-02-08,IDFCFIRSTB,2.017083223948626,RECONSTRUCTED
2024-02-08,INDUSINDBK,6.372697647893623,RECONSTRUCTED
2024-02-08,KOTAKBANK,9.639767184925887,RECONSTRUCTED
2024-02-08,PNB,2.414255150199771,RECONSTRUCTED
2024-02-08,SBIN,11.534829637264371,RECONSTRUCTED
2024-02-09,AUBANK,1.8741424992140387,RECONSTRUCTED
2024-02-09,AXISBANK,9.97172654869065,RECONSTRUCTED
2024-02-09,BANDHANBNK,1.0499648884088064,RECONSTRUCTED
2024-02-09,BANKBARODA,3.159864989684265,RECONSTRUCTED
2024-02-09,FEDERALBNK,2.1180137118085174,RECONSTRUCTED
2024-02-09,HDFCBANK,25.540371655674416,RECONSTRUCTED
2024-02-09,ICICIBANK,24.21891046285678,RECONSTRUCTED
2024-02-09,IDFCFIRSTB,1.995706445921057,RECONSTRUCTED
2024-02-09,INDUSINDBK,6.323841489984577,RECONSTRUCTED
2024-02-09,KOTAKBANK,9.578347220451025,RECONSTRUCTED
2024-02-09,PNB,2.373656310094517,RECONSTRUCTED
2024-02-09,SBIN,11.795453777211348,RECONSTRUCTED
2024-02-12,AUBANK,1.8765275656251075,RECONSTRUCTED
2024-02-12,AXISBANK,10.093552410376795,RECONSTRUCTED
2024-02-12,BANDHANBNK,0.9910279190328108,RECONSTRUCTED
2024-02-12,BANKBARODA,3.1055339614047104,RECONSTRUCTED
2024-02-12,FEDERALBNK,2.1440135132169145,RECONSTRUCTED
2024-02-12,HDFCBANK,25.716868482065657,RECONSTRUCTED
2024-02-12,ICICIBANK,24.269157854519218,RECONSTRUCTED
2024-02-12,IDFCFIRSTB,1.9779618116006914,RECONSTRUCTED
2024-02-12,INDUSINDBK,6.260688375119069,RECONSTRUCTED
2024-02-12,KOTAKBANK,9.55501755768223,RECONSTRUCTED
2024-02-12,PNB,2.3033880514555283,RECONSTRUCTED
2024-02-12,SBIN,11.706262497901266,RECONSTRUCTED
2024-02-13,AUBANK,1.8481507731588402,RECONSTRUCTED
2024-02-13,AXISBANK,10.18474351260557,RECONSTRUCTED
2024-02-13,BANDHANBNK,0.9694845536246187,RECONSTRUCTED
2024-02-13,BANKBARODA,3.122138906114461,RECONSTRUCTED
2024-02-13,FEDERALBNK,2.129933976282869,RECONSTRUCTED
2024-02-13,HDFCBANK,25.447576308319842,RECONSTRUCTED
2024-02-13,ICICIBANK,24.50794906737373,RECONSTRUCTED
2024-02-13,IDFCFIRSTB,1.983027771297096,RECONSTRUCTED
2024-02-13,INDUSINDBK,6.246836573628126,RECONSTRUCTED
2024-02-13,KOTAKBANK,9.57694951114735,RECONSTRUCTED
2024-02-13,PNB,2.3459665708715907,RECONSTRUCTED
2024-02-13,SBIN,11.637242475575915,RECONSTRUCTED
2024-02-14,AUBANK,1.822397443165261,RECONSTRUCTED
2024-02-14,AXISBANK,10.340735150197673,RECONSTRUCTED
2024-02-14,BANDHANBNK,0.9570487716186296,RECONSTRUCTED
2024-02-14,BANKBARODA,3.1922747871106245,RECONSTRUCTED
2024-02-14,FEDERALBNK,2.136110562552387,RECONSTRUCTED
2024-02-14,HDFCBANK,25.034413449279867,RECONSTRUCTED
2024-02-14,ICICIBANK,24.360285814537445,RECONSTRUCTED
2024-02-14,IDFCFIRSTB,1.9740361533218589,RECONSTRUCTED
2024-02-14,INDUSINDBK,6.266031176989875,RECONSTRUCTED
2024-02-14,KOTAKBANK,9.556732568034016,RECONSTRUCTED
2024-02-14,PNB,2.3414066661303323,RECONSTRUCTED
2024-02-14,SBIN,12.01852745706202,RECONSTRUCTED
2024-02-15,AUBANK,1.783032443977129,RECONSTRUCTED
2024-02-15,AXISBANK,10.040411203737731,RECONSTRUCTED
2024-02-15,BANDHANBNK,0.9463014951198827,RECONSTRUCTED
2024-02-15,BANKBARODA,3.264359511667289,RECONSTRUCTED
2024-02-15,FEDERALBNK,2.2232642632656816,RECONSTRUCTED
2024-02-15,HDFCBANK,25.405159639200427,RECONSTRUCTED
2024-02-15,ICICIBANK,24.053435244530572,RECONSTRUCTED
2024-02-15,IDFCFIRSTB,1.9704706433743686,RECONSTRUCTED
2024-02-15,INDUSINDBK,6.204806038969021,RECONSTRUCTED
2024-02-15,KOTAKBANK,9.439860417008338,RECONSTRUCTED
2024-02-15,PNB,2.4372734726299856,RECONSTRUCTED
2024-02-15,SBIN,12.231625626519579,RECONSTRUCTED
2024-02-16,AUBANK,1.7761985901496462,RECONSTRUCTED
2024-02-16,AXISBANK,9.972316763064004,RECONSTRUCTED
2024-02-16,BANDHANBNK,0.9594013927557956,RECONSTRUCTED
2024-02-16,BANKBARODA,3.2520967238486866,RECONSTRUCTED
2024-02-16,FEDERALBNK,2.329899398374614,RECONSTRUCTED
2024-02-16,HDFCBANK,25.419041015073784,RECONSTRUCTED
2024-02-16,ICICIBANK,24.12301788286443,RECONSTRUCTED
2024-02-16,IDFCFIRSTB,2.0020888764150877,RECONSTRUCTED
2024-02-16,INDUSINDBK,6.252525919311419,RECONSTRUCTED
2024-02-16,KOTAKBANK,9.384472246244774,RECONSTRUCTED
2024-02-16,PNB,2.4530604571556363,RECONSTRUCTED
2024-02-16,SBIN,12.075880734742105,RECONSTRUCTED
2024-02-19,AUBANK,1.8240128351915619,RECONSTRUCTED
2024-02-19,AXISBANK,9.886100587741367,RECONSTRUCTED
2024-02-19,BANDHANBNK,0.9703457428939655,RECONSTRUCTED
2024-02-19,BANKBARODA,3.183361533913199,RECONSTRUCTED
2024-02-19,FEDERALBNK,2.2976833977486417,RECONSTRUCTED
2024-02-19,HDFCBANK,25.286816212409246,RECONSTRUCTED
2024-02-19,ICICIBANK,24.526672117361855,RECONSTRUCTED
2024-02-19,IDFCFIRSTB,1.9787487751867334,RECONSTRUCTED
2024-02-19,INDUSINDBK,6.190357539630725,RECONSTRUCTED
2024-02-19,KOTAKBANK,9.33334814215712,RECONSTRUCTED
2024-02-19,PNB,2.413184011666603,RECONSTRUCTED
2024-02-19,SBIN,12.109369104098981,RECONSTRUCTED
2024-02-20,AUBANK,1.8016187004068178,RECONSTRUCTED
2024-02-20,AXISBANK,10.004530205373499,RECONSTRUCTED
2024-02-20,BANDHANBNK,0.9538911450296218,RECONSTRUCTED
2024-02-20,BANKBARODA,3.1752217452790235,RECONSTRUCTED
2024-02-20,FEDERALBNK,2.1512916843989762,RECONSTRUCTED
2024-02-20,HDFCBANK,25.64270518288197,RECONSTRUCTED
2024-02-20,ICICIBANK,24.35175645874334,RECONSTRUCTED
2024-02-20,IDFCFIRSTB,1.9457499757994454,RECONSTRUCTED
2024-02-20,INDUSINDBK,6.201841664143217,RECONSTRUCTED
2024-02-20,KOTAKBANK,9.388265421077346,RECONSTRUCTED
2024-02-20,PNB,2.4040432699932346,RECONSTRUCTED
2024-02-20,SBIN,11.97908454687352,RECONSTRUCTED
2024-02-21,AUBANK,1.7714913570526742,RECONSTRUCTED
2024-02-21,AXISBANK,9.97987605677561,RECONSTRUCTED
2024-02-21,BANDHANBNK,0.9452683347130804,RECONSTRUCTED
2024-02-21,BANKBARODA,3.2017827086023756,RECONSTRUCTED
2024-02-21,FEDERALBNK,2.145628365114525,RECONSTRUCTED
2024-02-21,HDFCBANK,25.41577002460273,RECONSTRUCTED
2024-02-21,ICICIBANK,24.46475048752478,RECONSTRUCTED
2024-02-21,IDFCFIRSTB,1.9297608900517949,RECONSTRUCTED
2024-02-21,INDUSINDBK,6.2655559295963545,RECONSTRUCTED
2024-02-21,KOTAKBANK,9.315640512712903,RECONSTRUCTED
2024-02-21,PNB,2.386468793615856,RECONSTRUCTED
2024-02-21,SBIN,12.178006539637312,RECONSTRUCTED
2024-02-22,AUBANK,1.7883930439797195,RECONSTRUCTED
2024-02-22,AXISBANK,10.155172322916178,RECONSTRUCTED
2024-02-22,BANDHANBNK,0.9619235089355394,RECONSTRUCTED
2024-02-22,BANKBARODA,3.214431376150926,RECONSTRUCTED
2024-02-22,FEDERALBNK,2.1480989064872924,RECONSTRUCTED
2024-02-22,HDFCBANK,25.123005012786848,RECONSTRUCTED
2024-02-22,ICICIBANK,24.767379249321824,RECONSTRUCTED
2024-02-22,IDFCFIRSTB,1.9386475130668015,RECONSTRUCTED
2024-02-22,INDUSINDBK,6.162608684520374,RECONSTRUCTED
2024-02-22,KOTAKBANK,9.22132742766892,RECONSTRUCTED
2024-02-22,PNB,2.4036613371746025,RECONSTRUCTED
2024-02-22,SBIN,12.115351616990974,RECONSTRUCTED
2024-02-23,AUBANK,1.8150619995318016,RECONSTRUCTED
2024-02-23,AXISBANK,10.140716858141895,RECONSTRUCTED
2024-02-23,BANDHANBNK,0.9859228314804817,RECONSTRUCTED
2024-02-23,BANKBARODA,3.1429449598230463,RECONSTRUCTED
2024-02-23,FEDERALBNK,2.136939744343991,RECONSTRUCTED
2024-02-23,HDFCBANK,25.199648947273438,RECONSTRUCTED
2024-02-23,ICICIBANK,24.791872366008345,RECONSTRUCTED
2024-02-23,IDFCFIRSTB,1.9838308081017157,RECONSTRUCTED
2024-02-23,INDUSINDBK,6.1401315291197145,RECONSTRUCTED
2024-02-23,KOTAKBANK,9.238603751037637,RECONSTRUCTED
2024-02-23,PNB,2.389602408143292,RECONSTRUCTED
2024-02-23,SBIN,12.03472379699464,RECONSTRUCTED
2024-02-26,AUBANK,1.782419262173505,RECONSTRUCTED
2024-02-26,AXISBANK,10.084134884386518,RECONSTRUCTED
2024-02-26,BANDHANBNK,0.9640176842833944,RECONSTRUCTED
2024-02-26,BANKBARODA,3.167041227659069,RECONSTRUCTED
2024-02-26,FEDERALBNK,2.134347484555728,RECONSTRUCTED
2024-02-26,HDFCBANK,25.35721403359219,RECONSTRUCTED
2024-02-26,ICICIBANK,24.750377142480307,RECONSTRUCTED
2024-02-26,IDFCFIRSTB,2.0203214001634917,RECONSTRUCTED
2024-02-26,INDUSINDBK,6.113608842984134,RECONSTRUCTED
2024-02-26,KOTAKBANK,9.189928143929066,RECONSTRUCTED
2024-02-26,PNB,2.3434816093723216,RECONSTRUCTED
2024-02-26,SBIN,12.093108284420277,RECONSTRUCTED
2024-02-27,AUBANK,1.794746062910186,RECONSTRUCTED
2024-02-27,AXISBANK,10.024507332989536,RECONSTRUCTED
2024-02-27,BANDHANBNK,0.9568816020095546,RECONSTRUCTED
2024-02-27,BANKBARODA,3.17565534689956,RECONSTRUCTED
2024-02-27,FEDERALBNK,2.17184823996742,RECONSTRUCTED
2024-02-27,HDFCBANK,25.312623080209473,RECONSTRUCTED
2024-02-27,ICICIBANK,24.885090059619827,RECONSTRUCTED
2024-02-27,IDFCFIRSTB,2.004182994396469,RECONSTRUCTED
2024-02-27,INDUSINDBK,6.222752684046838,RECONSTRUCTED
2024-02-27,KOTAKBANK,9.190078988558168,RECONSTRUCTED
2024-02-27,PNB,2.3156918676782974,RECONSTRUCTED
2024-02-27,SBIN,11.945941740714666,RECONSTRUCTED
2024-02-28,AUBANK,1.7598373601713329,RECONSTRUCTED
2024-02-28,AXISBANK,10.115149558449795,RECONSTRUCTED
2024-02-28,BANDHANBNK,0.9481953254291628,RECONSTRUCTED
2024-02-28,BANKBARODA,3.116444309467309,RECONSTRUCTED
2024-02-28,FEDERALBNK,2.145703816733662,RECONSTRUCTED
2024-02-28,HDFCBANK,25.46260851872768,RECONSTRUCTED
2024-02-28,ICICIBANK,24.89039703427729,RECONSTRUCTED
2024-02-28,IDFCFIRSTB,1.9643714240439873,RECONSTRUCTED
2024-02-28,INDUSINDBK,6.122125187306247,RECONSTRUCTED
2024-02-28,KOTAKBANK,9.188697223361538,RECONSTRUCTED
2024-02-28,PNB,2.2967749446746932,RECONSTRUCTED
2024-02-28,SBIN,11.989695297357313,RECONSTRUCTED
2024-02-29,AUBANK,1.75,OFFICIAL
2024-02-29,AXISBANK,10.09,OFFICIAL
2024-02-29,BANDHANBNK,0.94,OFFICIAL
2024-02-29,BANKBARODA,3.15,OFFICIAL
2024-02-29,FEDERALBNK,2.14,OFFICIAL
2024-02-29,HDFCBANK,25.27,OFFICIAL
2024-02-29,ICICIBANK,24.95,OFFICIAL
2024-02-29,IDFCFIRSTB,1.97,OFFICIAL
2024-02-29,INDUSINDBK,6.21,OFFICIAL
2024-02-29,KOTAKBANK,9.19,OFFICIAL
2024-02-29,PNB,2.31,OFFICIAL
2024-02-29,SBIN,12.04,OFFICIAL
2024-03-01,AUBANK,1.8599645035788652,RECONSTRUCTED
2024-03-01,AXISBANK,9.625012628360938,RECONSTRUCTED
2024-03-01,BANDHANBNK,1.1077725601647719,RECONSTRUCTED
2024-03-01,BANKBARODA,3.3913326149414966,RECONSTRUCTED
2024-03-01,FEDERALBNK,2.301067793838571,RECONSTRUCTED
2024-03-01,HDFCBANK,28.59184232838968,RECONSTRUCTED
2024-03-01,ICICIBANK,23.537857795568808,RECONSTRUCTED
2024-03-01,IDFCFIRSTB,2.186328846661381,RECONSTRUCTED
2024-03-01,INDUSINDBK,6.7872379732705035,RECONSTRUCTED
2024-03-01,KOTAKBANK,8.795201861693405,RECONSTRUCTED
2024-03-01,PNB,2.4933685044334464,RECONSTRUCTED
2024-03-01,SBIN,9.323012589098143,RECONSTRUCTED
2024-03-02,AUBANK,1.8675457864485594,RECONSTRUCTED
2024-03-02,AXISBANK,9.600956437259466,RECONSTRUCTED
2024-03-02,BANDHANBNK,1.1125609863991728,RECONSTRUCTED
2024-03-02,BANKBARODA,3.399475668838485,RECONSTRUCTED
2024-03-02,FEDERALBNK,2.3127147060424362,RECONSTRUCTED
2024-03-02,HDFCBANK,28.586695930515454,RECONSTRUCTED
2024-03-02,ICICIBANK,23.484903962319684,RECONSTRUCTED
2024-03-02,IDFCFIRSTB,2.1952428281728427,RECONSTRUCTED
2024-03-02,INDUSINDBK,6.783127027893129,RECONSTRUCTED
2024-03-02,KOTAKBANK,8.773259632931541,RECONSTRUCTED
2024-03-02,PNB,2.5118886623032157,RECONSTRUCTED
2024-03-02,SBIN,9.371628370876012,RECONSTRUCTED
2024-03-04,AUBANK,1.868167959339503,RECONSTRUCTED
2024-03-04,AXISBANK,9.657079805569243,RECONSTRUCTED
2024-03-04,BANDHANBNK,1.0992361015385996,RECONSTRUCTED
2024-03-04,BANKBARODA,3.405123978001305,RECONSTRUCTED
2024-03-04,FEDERALBNK,2.30811557786335,RECONSTRUCTED
2024-03-04,HDFCBANK,28.531532714196402,RECONSTRUCTED
2024-03-04,ICICIBANK,23.573855387013314,RECONSTRUCTED
2024-03-04,IDFCFIRSTB,2.176097152084041,RECONSTRUCTED
2024-03-04,INDUSINDBK,6.7843045161141,RECONSTRUCTED
2024-03-04,KOTAKBANK,8.762167755574659,RECONSTRUCTED
2024-03-04,PNB,2.5086046829987994,RECONSTRUCTED
2024-03-04,SBIN,9.325714369706697,RECONSTRUCTED
2024-03-05,AUBANK,1.8364498035488346,RECONSTRUCTED
2024-03-05,AXISBANK,9.579978747665365,RECONSTRUCTED
2024-03-05,BANDHANBNK,1.090569249630421,RECONSTRUCTED
2024-03-05,BANKBARODA,3.4571088804801113,RECONSTRUCTED
2024-03-05,FEDERALBNK,2.326043800012822,RECONSTRUCTED
2024-03-05,HDFCBANK,28.61860414780386,RECONSTRUCTED
2024-03-05,ICICIBANK,23.419493072624693,RECONSTRUCTED
2024-03-05,IDFCFIRSTB,2.1558519044880535,RECONSTRUCTED
2024-03-05,INDUSINDBK,6.815786539309141,RECONSTRUCTED
2024-03-05,KOTAKBANK,8.68100728370807,RECONSTRUCTED
2024-03-05,PNB,2.574478028313556,RECONSTRUCTED
2024-03-05,SBIN,9.444628542415058,RECONSTRUCTED
2024-03-06,AUBANK,1.806303131791699,RECONSTRUCTED
2024-03-06,AXISBANK,9.713965388440988,RECONSTRUCTED
2024-03-06,BANDHANBNK,1.0653626952139217,RECONSTRUCTED
2024-03-06,BANKBARODA,3.484939837384816,RECONSTRUCTED
2024-03-06,FEDERALBNK,2.3383242309323227,RECONSTRUCTED
2024-03-06,HDFCBANK,28.42912604831393,RECONSTRUCTED
2024-03-06,ICICIBANK,23.429485758341585,RECONSTRUCTED
2024-03-06,IDFCFIRSTB,2.145537781866157,RECONSTRUCTED
2024-03-06,INDUSINDBK,6.815496282583489,RECONSTRUCTED
2024-03-06,KOTAKBANK,8.83420855552185,RECONSTRUCTED
2024-03-06,PNB,2.5671317241314497,RECONSTRUCTED
2024-03-06,SBIN,9.370118565477782,RECONSTRUCTED
2024-03-07,AUBANK,1.8251670753598872,RECONSTRUCTED
2024-03-07,AXISBANK,9.621650532447171,RECONSTRUCTED
2024-03-07,BANDHANBNK,1.0689249653446138,RECONSTRUCTED
2024-03-07,BANKBARODA,3.4840109998308595,RECONSTRUCTED
2024-03-07,FEDERALBNK,2.3309211414705766,RECONSTRUCTED
2024-03-07,HDFCBANK,28.571400354253974,RECONSTRUCTED
2024-03-07,ICICIBANK,23.293840503629905,RECONSTRUCTED
2024-03-07,IDFCFIRSTB,2.1247598105432957,RECONSTRUCTED
2024-03-07,INDUSINDBK,6.87346510610566,RECONSTRUCTED
2024-03-07,KOTAKBANK,8.798044291948875,RECONSTRUCTED
2024-03-07,PNB,2.563862271498903,RECONSTRUCTED
2024-03-07,SBIN,9.44395294756628,RECONSTRUCTED
2024-03-11,AUBANK,1.8863490408928054,RECONSTRUCTED
2024-03-11,AXISBANK,9.668193142999778,RECONSTRUCTED
2024-03-11,BANDHANBNK,1.0622676572658578,RECONSTRUCTED
2024-03-11,BANKBARODA,3.466619213411723,RECONSTRUCTED
2024-03-11,FEDERALBNK,2.341341699545621,RECONSTRUCTED
2024-03-11,HDFCBANK,28.509176220375814,RECONSTRUCTED
2024-03-11,ICICIBANK,23.34086409453844,RECONSTRUCTED
2024-03-11,IDFCFIRSTB,2.139333308285761,RECONSTRUCTED
2024-03-11,INDUSINDBK,6.845563913145762,RECONSTRUCTED
2024-03-11,KOTAKBANK,8.797810730889871,RECONSTRUCTED
2024-03-11,PNB,2.5721112274419697,RECONSTRUCTED
2024-03-11,SBIN,9.370369751206606,RECONSTRUCTED
2024-03-12,AUBANK,1.8597678170369076,RECONSTRUCTED
2024-03-12,AXISBANK,9.595959593842647,RECONSTRUCTED
2024-03-12,BANDHANBNK,1.0449494945519806,RECONSTRUCTED
2024-03-12,BANKBARODA,3.3936534607675117,RECONSTRUCTED
2024-03-12,FEDERALBNK,2.2860226519091054,RECONSTRUCTED
2024-03-12,HDFCBANK,29.13897777621925,RECONSTRUCTED
2024-03-12,ICICIBANK,23.297510046173368,RECONSTRUCTED
2024-03-12,IDFCFIRSTB,2.1124563575959523,RECONSTRUCTED
2024-03-12,INDUSINDBK,6.809055332189853,RECONSTRUCTED
2024-03-12,KOTAKBANK,8.749258324898959,RECONSTRUCTED
2024-03-12,PNB,2.512887486967011,RECONSTRUCTED
2024-03-12,SBIN,9.199501657847462,RECONSTRUCTED
2024-03-13,AUBANK,1.8745977513486687,RECONSTRUCTED
2024-03-13,AXISBANK,9.512077153334575,RECONSTRUCTED
2024-03-13,BANDHANBNK,0.995994541432871,RECONSTRUCTED
2024-03-13,BANKBARODA,3.281110162155792,RECONSTRUCTED
2024-03-13,FEDERALBNK,2.2515795164357044,RECONSTRUCTED
2024-03-13,HDFCBANK,29.345138590701573,RECONSTRUCTED
2024-03-13,ICICIBANK,23.603290453417795,RECONSTRUCTED
2024-03-13,IDFCFIRSTB,2.072675552769633,RECONSTRUCTED
2024-03-13,INDUSINDBK,6.717340843039755,RECONSTRUCTED
2024-03-13,KOTAKBANK,8.85312415959733,RECONSTRUCTED
2024-03-13,PNB,2.3856147881295806,RECONSTRUCTED
2024-03-13,SBIN,9.107456487636737,RECONSTRUCTED
2024-03-14,AUBANK,1.905039487689945,RECONSTRUCTED
2024-03-14,AXISBANK,9.354053133188632,RECONSTRUCTED
2024-03-14,BANDHANBNK,1.00526461066361,RECONSTRUCTED
2024-03-14,BANKBARODA,3.2726721193427393,RECONSTRUCTED
2024-03-14,FEDERALBNK,2.223223699281371,RECONSTRUCTED
2024-03-14,HDFCBANK,29.361781177567824,RECONSTRUCTED
2024-03-14,ICICIBANK,23.689345606570654,RECONSTRUCTED
2024-03-14,IDFCFIRSTB,2.1064120811121447,RECONSTRUCTED
2024-03-14,INDUSINDBK,6.627767967607292,RECONSTRUCTED
2024-03-14,KOTAKBANK,8.954308694254589,RECONSTRUCTED
2024-03-14,PNB,2.4323830616944613,RECONSTRUCTED
2024-03-14,SBIN,9.067748361026734,RECONSTRUCTED
2024-03-15,AUBANK,1.893652286309467,RECONSTRUCTED
2024-03-15,AXISBANK,9.2846505359607,RECONSTRUCTED
2024-03-15,BANDHANBNK,1.0287654513885491,RECONSTRUCTED
2024-03-15,BANKBARODA,3.2192706619219824,RECONSTRUCTED
2024-03-15,FEDERALBNK,2.2989528792495793,RECONSTRUCTED
2024-03-15,HDFCBANK,29.41727032666148,RECONSTRUCTED
2024-03-15,ICICIBANK,23.70854049903042,RECONSTRUCTED
2024-03-15,IDFCFIRSTB,2.121198918903282,RECONSTRUCTED
2024-03-15,INDUSINDBK,6.687332369027317,RECONSTRUCTED
2024-03-15,KOTAKBANK,8.967372403050117,RECONSTRUCTED
2024-03-15,PNB,2.3829878922197074,RECONSTRUCTED
2024-03-15,SBIN,8.990005776277393,RECONSTRUCTED
2024-03-18,AUBANK,1.8673738106729554,RECONSTRUCTED
2024-03-18,AXISBANK,9.423507298140898,RECONSTRUCTED
2024-03-18,BANDHANBNK,1.0193260517248064,RECONSTRUCTED
2024-03-18,BANKBARODA,3.2277335599091552,RECONSTRUCTED
2024-03-18,FEDERALBNK,2.2530671412353156,RECONSTRUCTED
2024-03-18,HDFCBANK,29.302913880959462,RECONSTRUCTED
2024-03-18,ICICIBANK,23.74283072935144,RECONSTRUCTED
2024-03-18,IDFCFIRSTB,2.1023687874260912,RECONSTRUCTED
2024-03-18,INDUSINDBK,6.675284565206753,RECONSTRUCTED
2024-03-18,KOTAKBANK,8.971217270424237,RECONSTRUCTED
2024-03-18,PNB,2.430123145982079,RECONSTRUCTED
2024-03-18,SBIN,8.984253758966817,RECONSTRUCTED
2024-03-19,AUBANK,1.8431754194434342,RECONSTRUCTED
2024-03-19,AXISBANK,9.368404408438858,RECONSTRUCTED
2024-03-19,BANDHANBNK,1.0184602165652397,RECONSTRUCTED
2024-03-19,BANKBARODA,3.1723072029171053,RECONSTRUCTED
2024-03-19,FEDERALBNK,2.2646841087126153,RECONSTRUCTED
2024-03-19,HDFCBANK,29.491196472859606,RECONSTRUCTED
2024-03-19,ICICIBANK,23.90161945810494,RECONSTRUCTED
2024-03-19,IDFCFIRSTB,2.0758528209376887,RECONSTRUCTED
2024-03-19,INDUSINDBK,6.491929013465933,RECONSTRUCTED
2024-03-19,KOTAKBANK,9.069208603912125,RECONSTRUCTED
2024-03-19,PNB,2.37001411438678,RECONSTRUCTED
2024-03-19,SBIN,8.933148160255664,RECONSTRUCTED
2024-03-20,AUBANK,1.8469167944467773,RECONSTRUCTED
2024-03-20,AXISBANK,9.248164242092772,RECONSTRUCTED
2024-03-20,BANDHANBNK,1.006272456598054,RECONSTRUCTED
2024-03-20,BANKBARODA,3.1897408241230565,RECONSTRUCTED
2024-03-20,FEDERALBNK,2.269524745908708,RECONSTRUCTED
2024-03-20,HDFCBANK,29.19096544583671,RECONSTRUCTED
2024-03-20,ICICIBANK,23.97298797340012,RECONSTRUCTED
2024-03-20,IDFCFIRSTB,2.0728504682562185,RECONSTRUCTED
2024-03-20,INDUSINDBK,6.541819698723075,RECONSTRUCTED
2024-03-20,KOTAKBANK,9.173516907696152,RECONSTRUCTED
2024-03-20,PNB,2.3779237850939023,RECONSTRUCTED
2024-03-20,SBIN,9.109316657824456,RECONSTRUCTED
2024-03-21,AUBANK,1.8510445610779913,RECONSTRUCTED
2024-03-21,AXISBANK,9.177282218975293,RECONSTRUCTED
2024-03-21,BANDHANBNK,1.0123263678717953,RECONSTRUCTED
2024-03-21,BANKBARODA,3.2367467281296762,RECONSTRUCTED
2024-03-21,FEDERALBNK,2.288434899552669,RECONSTRUCTED
2024-03-21,HDFCBANK,29.240769575590548,RECONSTRUCTED
2024-03-21,ICICIBANK,23.710544908051638,RECONSTRUCTED
2024-03-21,IDFCFIRSTB,2.0969995482778185,RECONSTRUCTED
2024-03-21,INDUSINDBK,6.677808667580912,RECONSTRUCTED
2024-03-21,KOTAKBANK,9.130512790790684,RECONSTRUCTED
2024-03-21,PNB,2.446695528132187,RECONSTRUCTED
2024-03-21,SBIN,9.13083420596879,RECONSTRUCTED
2024-03-22,AUBANK,1.8386578008099583,RECONSTRUCTED
2024-03-22,AXISBANK,9.123027967339723,RECONSTRUCTED
2024-03-22,BANDHANBNK,1.0158477275605284,RECONSTRUCTED
2024-03-22,BANKBARODA,3.276481104241078,RECONSTRUCTED
2024-03-22,FEDERALBNK,2.2746480921208145,RECONSTRUCTED
2024-03-22,HDFCBANK,29.074169135985862,RECONSTRUCTED
2024-03-22,ICICIBANK,23.808448833150543,RECONSTRUCTED
2024-03-22,IDFCFIRSTB,2.093265510764466,RECONSTRUCTED
2024-03-22,INDUSINDBK,6.778628779264445,RECONSTRUCTED
2024-03-22,KOTAKBANK,9.118554243681713,RECONSTRUCTED
2024-03-22,PNB,2.4718787642348277,RECONSTRUCTED
2024-03-22,SBIN,9.126392040846053,RECONSTRUCTED
2024-03-26,AUBANK,1.8449928240734645,RECONSTRUCTED
2024-03-26,AXISBANK,9.23915974212022,RECONSTRUCTED
2024-03-26,BANDHANBNK,1.0216109965968267,RECONSTRUCTED
2024-03-26,BANKBARODA,3.3172651859591307,RECONSTRUCTED
2024-03-26,FEDERALBNK,2.290611213687669,RECONSTRUCTED
2024-03-26,HDFCBANK,28.885495967822067,RECONSTRUCTED
2024-03-26,ICICIBANK,23.798583478199152,RECONSTRUCTED
2024-03-26,IDFCFIRSTB,2.0957012621025664,RECONSTRUCTED
2024-03-26,INDUSINDBK,6.846841530247307,RECONSTRUCTED
2024-03-26,KOTAKBANK,9.053103156504257,RECONSTRUCTED
2024-03-26,PNB,2.5102047233368325,RECONSTRUCTED
2024-03-26,SBIN,9.096429919350498,RECONSTRUCTED
2024-03-27,AUBANK,1.8318283871867138,RECONSTRUCTED
2024-03-27,AXISBANK,9.306465284237534,RECONSTRUCTED
2024-03-27,BANDHANBNK,1.0119950548791063,RECONSTRUCTED
2024-03-27,BANKBARODA,3.267040834681005,RECONSTRUCTED
2024-03-27,FEDERALBNK,2.2803427032376598,RECONSTRUCTED
2024-03-27,HDFCBANK,29.064668122481734,RECONSTRUCTED
2024-03-27,ICICIBANK,23.692990643635834,RECONSTRUCTED
2024-03-27,IDFCFIRSTB,2.0889915866307183,RECONSTRUCTED
2024-03-27,INDUSINDBK,6.882797010255155,RECONSTRUCTED
2024-03-27,KOTAKBANK,9.125066563385928,RECONSTRUCTED
2024-03-27,PNB,2.4747586440464286,RECONSTRUCTED
2024-03-27,SBIN,8.973055165342197,RECONSTRUCTED
2024-03-28,AUBANK,1.83,OFFICIAL
2024-03-28,AXISBANK,9.19,OFFICIAL
2024-03-28,BANDHANBNK,1.0,OFFICIAL
2024-03-28,BANKBARODA,3.31,OFFICIAL
2024-03-28,FEDERALBNK,2.27,OFFICIAL
2024-03-28,HDFCBANK,29.0,OFFICIAL
2024-03-28,ICICIBANK,23.73,OFFICIAL
2024-03-28,IDFCFIRSTB,2.01,OFFICIAL
2024-03-28,INDUSINDBK,6.92,OFFICIAL
2024-03-28,KOTAKBANK,9.11,OFFICIAL
2024-03-28,PNB,2.49,OFFICIAL
2024-03-28,SBIN,9.14,OFFICIAL
2024-04-01,AUBANK,1.892793734905444,RECONSTRUCTED
2024-04-01,AXISBANK,9.152657842818597,RECONSTRUCTED
2024-04-01,BANDHANBNK,1.0253807811042477,RECONSTRUCTED
2024-04-01,BANKBARODA,3.3154694378622707,RECONSTRUCTED
2024-04-01,FEDERALBNK,2.2762862438528972,RECONSTRUCTED
2024-04-01,HDFCBANK,29.166114808388087,RECONSTRUCTED
2024-04-01,ICICIBANK,23.639400677350515,RECONSTRUCTED
2024-04-01,IDFCFIRSTB,2.0470550405457897,RECONSTRUCTED
2024-04-01,INDUSINDBK,6.814477779324451,RECONSTRUCTED
2024-04-01,KOTAKBANK,9.055569387944267,RECONSTRUCTED
2024-04-01,PNB,2.4961427152503926,RECONSTRUCTED
2024-04-01,SBIN,9.118651550653041,RECONSTRUCTED
2024-04-02,AUBANK,1.9013339720520506,RECONSTRUCTED
2024-04-02,AXISBANK,9.107674246155025,RECONSTRUCTED
2024-04-02,BANDHANBNK,1.0547668895226674,RECONSTRUCTED
2024-04-02,BANKBARODA,3.3743539482038,RECONSTRUCTED
2024-04-02,FEDERALBNK,2.303277996378083,RECONSTRUCTED
2024-04-02,HDFCBANK,29.377817083393467,RECONSTRUCTED
2024-04-02,ICICIBANK,23.25885124183603,RECONSTRUCTED
2024-04-02,IDFCFIRSTB,2.092083322702984,RECONSTRUCTED
2024-04-02,INDUSINDBK,6.894350106532292,RECONSTRUCTED
2024-04-02,KOTAKBANK,8.893317389278705,RECONSTRUCTED
2024-04-02,PNB,2.5197452110521117,RECONSTRUCTED
2024-04-02,SBIN,9.222428592892786,RECONSTRUCTED
2024-04-03,AUBANK,1.941339123845662,RECONSTRUCTED
2024-04-03,AXISBANK,9.231943665025955,RECONSTRUCTED
2024-04-03,BANDHANBNK,1.0388410284545269,RECONSTRUCTED
2024-04-03,BANKBARODA,3.4053940811515417,RECONSTRUCTED
2024-04-03,FEDERALBNK,2.3061791364208224,RECONSTRUCTED
2024-04-03,HDFCBANK,29.371748480498894,RECONSTRUCTED
2024-04-03,ICICIBANK,23.134412112985675,RECONSTRUCTED
2024-04-03,IDFCFIRSTB,2.0688262590314426,RECONSTRUCTED
2024-04-03,INDUSINDBK,6.808996429627724,RECONSTRUCTED
2024-04-03,KOTAKBANK,8.745965682851557,RECONSTRUCTED
2024-04-03,PNB,2.6833415940094443,RECONSTRUCTED
2024-04-03,SBIN,9.263012406096744,RECONSTRUCTED
2024-04-04,AUBANK,1.9742644523402642,RECONSTRUCTED
2024-04-04,AXISBANK,9.14553557288189,RECONSTRUCTED
2024-04-04,BANDHANBNK,1.0696659523745,RECONSTRUCTED
2024-04-04,BANKBARODA,3.315411818787023,RECONSTRUCTED
2024-04-04,FEDERALBNK,2.2549168740884094,RECONSTRUCTED
2024-04-04,HDFCBANK,29.994518485310845,RECONSTRUCTED
2024-04-04,ICICIBANK,22.95946382476619,RECONSTRUCTED
2024-04-04,IDFCFIRSTB,2.0774970299702207,RECONSTRUCTED
2024-04-04,INDUSINDBK,6.755042857296671,RECONSTRUCTED
2024-04-04,KOTAKBANK,8.756663802951769,RECONSTRUCTED
2024-04-04,PNB,2.6579928869102867,RECONSTRUCTED
2024-04-04,SBIN,9.039026442321942,RECONSTRUCTED
2024-04-05,AUBANK,2.000151093063015,RECONSTRUCTED
2024-04-05,AXISBANK,9.031183674144174,RECONSTRUCTED
2024-04-05,BANDHANBNK,1.0569177629074544,RECONSTRUCTED
2024-04-05,BANKBARODA,3.279151601864937,RECONSTRUCTED
2024-04-05,FEDERALBNK,2.2656014663595996,RECONSTRUCTED
2024-04-05,HDFCBANK,30.154299145499547,RECONSTRUCTED
2024-04-05,ICICIBANK,22.85077357139391,RECONSTRUCTED
2024-04-05,IDFCFIRSTB,2.090076978205286,RECONSTRUCTED
2024-04-05,INDUSINDBK,6.729290696182769,RECONSTRUCTED
2024-04-05,KOTAKBANK,8.857226193745342,RECONSTRUCTED
2024-04-05,PNB,2.6625732819475783,RECONSTRUCTED
2024-04-05,SBIN,9.022754534686372,RECONSTRUCTED
2024-04-08,AUBANK,1.9938238661083092,RECONSTRUCTED
2024-04-08,AXISBANK,9.1589587458746,RECONSTRUCTED
2024-04-08,BANDHANBNK,0.9886995714036404,RECONSTRUCTED
2024-04-08,BANKBARODA,3.2573374049222976,RECONSTRUCTED
2024-04-08,FEDERALBNK,2.2592679830481885,RECONSTRUCTED
2024-04-08,HDFCBANK,30.04191372159814,RECONSTRUCTED
2024-04-08,ICICIBANK,22.887981299545313,RECONSTRUCTED
2024-04-08,IDFCFIRSTB,2.1341149224485862,RECONSTRUCTED
2024-04-08,INDUSINDBK,6.7860114477178195,RECONSTRUCTED
2024-04-08,KOTAKBANK,8.857142394299066,RECONSTRUCTED
2024-04-08,PNB,2.5866685948168566,RECONSTRUCTED
2024-04-08,SBIN,9.048080048217177,RECONSTRUCTED
2024-04-09,AUBANK,1.9825589257642935,RECONSTRUCTED
2024-04-09,AXISBANK,9.164497020852004,RECONSTRUCTED
2024-04-09,BANDHANBNK,0.9736879277680182,RECONSTRUCTED
2024-04-09,BANKBARODA,3.2219024762485478,RECONSTRUCTED
2024-04-09,FEDERALBNK,2.27278907441665,RECONSTRUCTED
2024-04-09,HDFCBANK,29.987899663945562,RECONSTRUCTED
2024-04-09,ICICIBANK,23.235738698427642,RECONSTRUCTED
2024-04-09,IDFCFIRSTB,2.118569177872432,RECONSTRUCTED
2024-04-09,INDUSINDBK,6.7074779897696475,RECONSTRUCTED
2024-04-09,KOTAKBANK,8.791572512566875,RECONSTRUCTED
2024-04-09,PNB,2.571004965777388,RECONSTRUCTED
2024-04-09,SBIN,8.972301566590959,RECONSTRUCTED
2024-04-10,AUBANK,1.9790558383185153,RECONSTRUCTED
2024-04-10,AXISBANK,9.182423379899285,RECONSTRUCTED
2024-04-10,BANDHANBNK,0.9683320233218995,RECONSTRUCTED
2024-04-10,BANKBARODA,3.269037518982692,RECONSTRUCTED
2024-04-10,FEDERALBNK,2.307343127959932,RECONSTRUCTED
2024-04-10,HDFCBANK,29.59609148538778,RECONSTRUCTED
2024-04-10,ICICIBANK,23.163319041139665,RECONSTRUCTED
2024-04-10,IDFCFIRSTB,2.1729106674933187,RECONSTRUCTED
2024-04-10,INDUSINDBK,6.663397380386102,RECONSTRUCTED
2024-04-10,KOTAKBANK,8.968348050542858,RECONSTRUCTED
2024-04-10,PNB,2.630911703187973,RECONSTRUCTED
2024-04-10,SBIN,9.098829783379971,RECONSTRUCTED
2024-04-12,AUBANK,2.0097853596945257,RECONSTRUCTED
2024-04-12,AXISBANK,9.140042140272312,RECONSTRUCTED
2024-04-12,BANDHANBNK,0.9783520306593149,RECONSTRUCTED
2024-04-12,BANKBARODA,3.262744944526339,RECONSTRUCTED
2024-04-12,FEDERALBNK,2.282751083581908,RECONSTRUCTED
2024-04-12,HDFCBANK,29.515204293584528,RECONSTRUCTED
2024-04-12,ICICIBANK,23.259327000547454,RECONSTRUCTED
2024-04-12,IDFCFIRSTB,2.182738293209339,RECONSTRUCTED
2024-04-12,INDUSINDBK,6.733427985960411,RECONSTRUCTED
2024-04-12,KOTAKBANK,8.982381023663208,RECONSTRUCTED
2024-04-12,PNB,2.6255451246972146,RECONSTRUCTED
2024-04-12,SBIN,9.027700719603438,RECONSTRUCTED
2024-04-15,AUBANK,2.022440714182596,RECONSTRUCTED
2024-04-15,AXISBANK,9.157256374504456,RECONSTRUCTED
2024-04-15,BANDHANBNK,0.9565019521524807,RECONSTRUCTED
2024-04-15,BANKBARODA,3.2357041051347784,RECONSTRUCTED
2024-04-15,FEDERALBNK,2.30642177346731,RECONSTRUCTED
2024-04-15,HDFCBANK,29.525020138806696,RECONSTRUCTED
2024-04-15,ICICIBANK,23.086831952332062,RECONSTRUCTED
2024-04-15,IDFCFIRSTB,2.1767995338206685,RECONSTRUCTED
2024-04-15,INDUSINDBK,6.775645846930793,RECONSTRUCTED
2024-04-15,KOTAKBANK,9.056105271244522,RECONSTRUCTED
2024-04-15,PNB,2.629444129763805,RECONSTRUCTED
2024-04-15,SBIN,9.071828207659811,RECONSTRUCTED
2024-04-16,AUBANK,1.9739117945714955,RECONSTRUCTED
2024-04-16,AXISBANK,9.160222824605857,RECONSTRUCTED
2024-04-16,BANDHANBNK,0.9508294775606108,RECONSTRUCTED
2024-04-16,BANKBARODA,3.171929414227681,RECONSTRUCTED
2024-04-16,FEDERALBNK,2.277023946034894,RECONSTRUCTED
2024-04-16,HDFCBANK,29.993607585461827,RECONSTRUCTED
2024-04-16,ICICIBANK,22.983741151808598,RECONSTRUCTED
2024-04-16,IDFCFIRSTB,2.188705330026579,RECONSTRUCTED
2024-04-16,INDUSINDBK,6.600131842844749,RECONSTRUCTED
2024-04-16,KOTAKBANK,9.083020401366921,RECONSTRUCTED
2024-04-16,PNB,2.559798747807947,RECONSTRUCTED
2024-04-16,SBIN,9.057077483682843,RECONSTRUCTED
2024-04-18,AUBANK,2.016326682481068,RECONSTRUCTED
2024-04-18,AXISBANK,8.995948018054413,RECONSTRUCTED
2024-04-18,BANDHANBNK,0.9561849472837662,RECONSTRUCTED
2024-04-18,BANKBARODA,3.2539414263876782,RECONSTRUCTED
2024-04-18,FEDERALBNK,2.297871496738883,RECONSTRUCTED
2024-04-18,HDFCBANK,29.966564254086464,RECONSTRUCTED
2024-04-18,ICICIBANK,22.934486119986637,RECONSTRUCTED
2024-04-18,IDFCFIRSTB,2.205348511862118,RECONSTRUCTED
2024-04-18,INDUSINDBK,6.584461330746421,RECONSTRUCTED
2024-04-18,KOTAKBANK,9.133265570998178,RECONSTRUCTED
2024-04-18,PNB,2.6024749399160556,RECONSTRUCTED
2024-04-18,SBIN,9.053126701458316,RECONSTRUCTED
2024-04-19,AUBANK,1.974381204677828,RECONSTRUCTED
2024-04-19,AXISBANK,8.944848427228221,RECONSTRUCTED
2024-04-19,BANDHANBNK,0.9474065539476164,RECONSTRUCTED
2024-04-19,BANKBARODA,3.19394193024641,RECONSTRUCTED
2024-04-19,FEDERALBNK,2.2690131068427837,RECONSTRUCTED
2024-04-19,HDFCBANK,30.374674153470334,RECONSTRUCTED
2024-04-19,ICICIBANK,22.944887874237335,RECONSTRUCTED
2024-04-19,IDFCFIRSTB,2.1621424039790376,RECONSTRUCTED
2024-04-19,INDUSINDBK,6.548415260200822,RECONSTRUCTED
2024-04-19,KOTAKBANK,9.066219460500566,RECONSTRUCTED
2024-04-19,PNB,2.5490299579021487,RECONSTRUCTED
2024-04-19,SBIN,9.025039666766887,RECONSTRUCTED
2024-04-22,AUBANK,1.9372914644323909,RECONSTRUCTED
2024-04-22,AXISBANK,9.093787898173598,RECONSTRUCTED
2024-04-22,BANDHANBNK,0.9797597584291785,RECONSTRUCTED
2024-04-22,BANKBARODA,3.224238863385267,RECONSTRUCTED
2024-04-22,FEDERALBNK,2.276879217301536,RECONSTRUCTED
2024-04-22,HDFCBANK,29.776248742569102,RECONSTRUCTED
2024-04-22,ICICIBANK,23.19096740431144,RECONSTRUCTED
2024-04-22,IDFCFIRSTB,2.1817166281799523,RECONSTRUCTED
2024-04-22,INDUSINDBK,6.4805258993519,RECONSTRUCTED
2024-04-22,KOTAKBANK,9.086710768056795,RECONSTRUCTED
2024-04-22,PNB,2.6260623073446383,RECONSTRUCTED
2024-04-22,SBIN,9.145811048464191,RECONSTRUCTED
2024-04-23,AUBANK,1.9415075711669723,RECONSTRUCTED
2024-04-23,AXISBANK,9.100684973165448,RECONSTRUCTED
2024-04-23,BANDHANBNK,0.9899296106304089,RECONSTRUCTED
2024-04-23,BANKBARODA,3.2070062599946185,RECONSTRUCTED
2024-04-23,FEDERALBNK,2.278425939443779,RECONSTRUCTED
2024-04-23,HDFCBANK,29.657535405533785,RECONSTRUCTED
2024-04-23,ICICIBANK,23.245744240276125,RECONSTRUCTED
2024-04-23,IDFCFIRSTB,2.1861982136355684,RECONSTRUCTED
2024-04-23,INDUSINDBK,6.461237673652073,RECONSTRUCTED
2024-04-23,KOTAKBANK,9.093646899990992,RECONSTRUCTED
2024-04-23,PNB,2.6186454910370154,RECONSTRUCTED
2024-04-23,SBIN,9.21943772147322,RECONSTRUCTED
2024-04-24,AUBANK,1.962666848610619,RECONSTRUCTED
2024-04-24,AXISBANK,9.123763590535049,RECONSTRUCTED
2024-04-24,BANDHANBNK,0.9908288092549763,RECONSTRUCTED
2024-04-24,BANKBARODA,3.17957469168223,RECONSTRUCTED
2024-04-24,FEDERALBNK,2.265878656919864,RECONSTRUCTED
2024-04-24,HDFCBANK,29.603303857304088,RECONSTRUCTED
2024-04-24,ICICIBANK,23.278266935658383,RECONSTRUCTED
2024-04-24,IDFCFIRSTB,2.1736741434149858,RECONSTRUCTED
2024-04-24,INDUSINDBK,6.432585034469648,RECONSTRUCTED
2024-04-24,KOTAKBANK,9.20093897651712,RECONSTRUCTED
2024-04-24,PNB,2.6097110920978137,RECONSTRUCTED
2024-04-24,SBIN,9.178807363535226,RECONSTRUCTED
2024-04-25,AUBANK,1.918462923837471,RECONSTRUCTED
2024-04-25,AXISBANK,9.609806185233314,RECONSTRUCTED
2024-04-25,BANDHANBNK,0.9885958171284431,RECONSTRUCTED
2024-04-25,BANKBARODA,3.275974736214383,RECONSTRUCTED
2024-04-25,FEDERALBNK,2.2860350907363483,RECONSTRUCTED
2024-04-25,HDFCBANK,29.39809934929641,RECONSTRUCTED
2024-04-25,ICICIBANK,23.48998819153368,RECONSTRUCTED
2024-04-25,IDFCFIRSTB,2.1612597538864224,RECONSTRUCTED
2024-04-25,INDUSINDBK,6.484989604847162,RECONSTRUCTED
2024-04-25,KOTAKBANK,8.148884921365811,RECONSTRUCTED
2024-04-25,PNB,2.6497953138088643,RECONSTRUCTED
2024-04-25,SBIN,9.588108112111708,RECONSTRUCTED
2024-04-26,AUBANK,1.9014735992146066,RECONSTRUCTED
2024-04-26,AXISBANK,9.696727221444396,RECONSTRUCTED
2024-04-26,BANDHANBNK,0.9924701100908772,RECONSTRUCTED
2024-04-26,BANKBARODA,3.2885939154502433,RECONSTRUCTED
2024-04-26,FEDERALBNK,2.316938130232018,RECONSTRUCTED
2024-04-26,HDFCBANK,29.55880073007328,RECONSTRUCTED
2024-04-26,ICICIBANK,23.509120506849992,RECONSTRUCTED
2024-04-26,IDFCFIRSTB,2.2109427965533066,RECONSTRUCTED
2024-04-26,INDUSINDBK,6.307798519079781,RECONSTRUCTED
2024-04-26,KOTAKBANK,8.029117820252681,RECONSTRUCTED
2024-04-26,PNB,2.6767459198439263,RECONSTRUCTED
2024-04-26,SBIN,9.5112707309149,RECONSTRUCTED
2024-04-29,AUBANK,1.9723693000274327,RECONSTRUCTED
2024-04-29,AXISBANK,9.698985487420513,RECONSTRUCTED
2024-04-29,BANDHANBNK,0.9663340737176793,RECONSTRUCTED
2024-04-29,BANKBARODA,3.261655156994342,RECONSTRUCTED
2024-04-29,FEDERALBNK,2.3077870241767138,RECONSTRUCTED
2024-04-29,HDFCBANK,29.203481153501958,RECONSTRUCTED
2024-04-29,ICICIBANK,24.00864875928363,RECONSTRUCTED
2024-04-29,IDFCFIRSTB,2.07613503358214,RECONSTRUCTED
2024-04-29,INDUSINDBK,6.325445688996682,RECONSTRUCTED
2024-04-29,KOTAKBANK,7.985723704693333,RECONSTRUCTED
2024-04-29,PNB,2.625812529797477,RECONSTRUCTED
2024-04-29,SBIN,9.567622087808106,RECONSTRUCTED
2024-04-30,AUBANK,1.96,OFFICIAL
2024-04-30,AXISBANK,9.76,OFFICIAL
2024-04-30,BANDHANBNK,0.99,OFFICIAL
2024-04-30,BANKBARODA,3.37,OFFICIAL
2024-04-30,FEDERALBNK,2.34,OFFICIAL
2024-04-30,HDFCBANK,29.04,OFFICIAL
2024-04-30,ICICIBANK,23.82,OFFICIAL
2024-04-30,IDFCFIRSTB,2.09,OFFICIAL
2024-04-30,INDUSINDBK,6.45,OFFICIAL
2024-04-30,KOTAKBANK,7.91,OFFICIAL
2024-04-30,PNB,2.7,OFFICIAL
2024-04-30,SBIN,9.57,OFFICIAL
2024-05-02,AUBANK,2.310051283012889,RECONSTRUCTED
2024-05-02,AXISBANK,9.626970377711668,RECONSTRUCTED
2024-05-02,BANDHANBNK,1.0078270353772605,RECONSTRUCTED
2024-05-02,BANKBARODA,3.3473945463557446,RECONSTRUCTED
2024-05-02,FEDERALBNK,2.423817330125372,RECONSTRUCTED
2024-05-02,HDFCBANK,29.282819902601926,RECONSTRUCTED
2024-05-02,ICICIBANK,23.591567958355853,RECONSTRUCTED
2024-05-02,IDFCFIRSTB,2.0707944667492377,RECONSTRUCTED
2024-05-02,INDUSINDBK,6.40240573057656,RECONSTRUCTED
2024-05-02,KOTAKBANK,7.677480001161824,RECONSTRUCTED
2024-05-02,PNB,2.6418337312041333,RECONSTRUCTED
2024-05-02,SBIN,9.617037636767536,RECONSTRUCTED
2024-05-03,AUBANK,2.323492414840464,RECONSTRUCTED
2024-05-03,AXISBANK,9.617140259003031,RECONSTRUCTED
2024-05-03,BANDHANBNK,0.9974149648356652,RECONSTRUCTED
2024-05-03,BANKBARODA,3.3244332072968645,RECONSTRUCTED
2024-05-03,FEDERALBNK,2.409292060907189,RECONSTRUCTED
2024-05-03,HDFCBANK,29.22362857925628,RECONSTRUCTED
2024-05-03,ICICIBANK,23.794042874855094,RECONSTRUCTED
2024-05-03,IDFCFIRSTB,2.067203065278381,RECONSTRUCTED
2024-05-03,INDUSINDBK,6.350627911979177,RECONSTRUCTED
2024-05-03,KOTAKBANK,7.583795503527224,RECONSTRUCTED
2024-05-03,PNB,2.6151128105018113,RECONSTRUCTED
2024-05-03,SBIN,9.693816347718794,RECONSTRUCTED
2024-05-06,AUBANK,2.284830094137831,RECONSTRUCTED
2024-05-06,AXISBANK,9.640837941648446,RECONSTRUCTED
2024-05-06,BANDHANBNK,0.9940031535561232,RECONSTRUCTED
2024-05-06,BANKBARODA,3.2051271221300976,RECONSTRUCTED
2024-05-06,FEDERALBNK,2.3780034829871015,RECONSTRUCTED
2024-05-06,HDFCBANK,29.299253520828493,RECONSTRUCTED
2024-05-06,ICICIBANK,23.896430206492667,RECONSTRUCTED
2024-05-06,IDFCFIRSTB,2.0466688000059756,RECONSTRUCTED
2024-05-06,INDUSINDBK,6.41341017382772,RECONSTRUCTED
2024-05-06,KOTAKBANK,7.96890017851007,RECONSTRUCTED
2024-05-06,PNB,2.4489945742395025,RECONSTRUCTED
2024-05-06,SBIN,9.423540751635967,RECONSTRUCTED
2024-05-07,AUBANK,2.300006097791516,RECONSTRUCTED
2024-05-07,AXISBANK,9.626471225006064,RECONSTRUCTED
2024-05-07,BANDHANBNK,0.9758540899883992,RECONSTRUCTED
2024-05-07,BANKBARODA,3.164384071174372,RECONSTRUCTED
2024-05-07,FEDERALBNK,2.3499388544638937,RECONSTRUCTED
2024-05-07,HDFCBANK,29.347869767322393,RECONSTRUCTED
2024-05-07,ICICIBANK,23.894320463233118,RECONSTRUCTED
2024-05-07,IDFCFIRSTB,2.015564673842189,RECONSTRUCTED
2024-05-07,INDUSINDBK,6.299486713541688,RECONSTRUCTED
2024-05-07,KOTAKBANK,8.166941150013956,RECONSTRUCTED
2024-05-07,PNB,2.386275694153719,RECONSTRUCTED
2024-05-07,SBIN,9.472887199468678,RECONSTRUCTED
2024-05-08,AUBANK,2.2932074497808825,RECONSTRUCTED
2024-05-08,AXISBANK,9.687580970825357,RECONSTRUCTED
2024-05-08,BANDHANBNK,0.9766181653275381,RECONSTRUCTED
2024-05-08,BANKBARODA,3.224166222161775,RECONSTRUCTED
2024-05-08,FEDERALBNK,2.3258883978479847,RECONSTRUCTED
2024-05-08,HDFCBANK,29.04888865842445,RECONSTRUCTED
2024-05-08,ICICIBANK,23.83685218283804,RECONSTRUCTED
2024-05-08,IDFCFIRSTB,2.003222863196605,RECONSTRUCTED
2024-05-08,INDUSINDBK,6.290315351134446,RECONSTRUCTED
2024-05-08,KOTAKBANK,8.23409713801366,RECONSTRUCTED
2024-05-08,PNB,2.448450165113156,RECONSTRUCTED
2024-05-08,SBIN,9.630712435336111,RECONSTRUCTED
2024-05-09,AUBANK,2.3304611207814774,RECONSTRUCTED
2024-05-09,AXISBANK,9.683520063082135,RECONSTRUCTED
2024-05-09,BANDHANBNK,1.0012775759627142,RECONSTRUCTED
2024-05-09,BANKBARODA,3.2622312869998455,RECONSTRUCTED
2024-05-09,FEDERALBNK,2.349012816358459,RECONSTRUCTED
2024-05-09,HDFCBANK,28.67864841853724,RECONSTRUCTED
2024-05-09,ICICIBANK,23.94781020468364,RECONSTRUCTED
2024-05-09,IDFCFIRSTB,1.9967581079843328,RECONSTRUCTED
2024-05-09,INDUSINDBK,6.179928235283765,RECONSTRUCTED
2024-05-09,KOTAKBANK,8.300032189529176,RECONSTRUCTED
2024-05-09,PNB,2.4233680752294187,RECONSTRUCTED
2024-05-09,SBIN,9.84695190556779,RECONSTRUCTED
2024-05-10,AUBANK,2.3603181487334672,RECONSTRUCTED
2024-05-10,AXISBANK,9.735846544318441,RECONSTRUCTED
2024-05-10,BANDHANBNK,1.0260006761989469,RECONSTRUCTED
2024-05-10,BANKBARODA,3.169812817331579,RECONSTRUCTED
2024-05-10,FEDERALBNK,2.395760089489784,RECONSTRUCTED
2024-05-10,HDFCBANK,28.52859784176883,RECONSTRUCTED
2024-05-10,ICICIBANK,24.010578460571878,RECONSTRUCTED
2024-05-10,IDFCFIRSTB,2.0180257443069594,RECONSTRUCTED
2024-05-10,INDUSINDBK,6.227056001932041,RECONSTRUCTED
2024-05-10,KOTAKBANK,8.23509244666921,RECONSTRUCTED
2024-05-10,PNB,2.4615510849716657,RECONSTRUCTED
2024-05-10,SBIN,9.831360143707203,RECONSTRUCTED
2024-05-13,AUBANK,2.3392452350940096,RECONSTRUCTED
2024-05-13,AXISBANK,9.770666175475244,RECONSTRUCTED
2024-05-13,BANDHANBNK,1.0248374400897742,RECONSTRUCTED
2024-05-13,BANKBARODA,3.1995831553954317,RECONSTRUCTED
2024-05-13,FEDERALBNK,2.4050822168016497,RECONSTRUCTED
2024-05-13,HDFCBANK,28.67148432907981,RECONSTRUCTED
2024-05-13,ICICIBANK,24.076864895214424,RECONSTRUCTED
2024-05-13,IDFCFIRSTB,2.0196599967684037,RECONSTRUCTED
2024-05-13,INDUSINDBK,6.159074958854649,RECONSTRUCTED
2024-05-13,KOTAKBANK,8.244223386866908,RECONSTRUCTED
2024-05-13,PNB,2.428602432083925,RECONSTRUCTED
2024-05-13,SBIN,9.660675778275788,RECONSTRUCTED
2024-05-14,AUBANK,2.351950888049842,RECONSTRUCTED
2024-05-14,AXISBANK,9.670336036576877,RECONSTRUCTED
2024-05-14,BANDHANBNK,1.0247534070033955,RECONSTRUCTED
2024-05-14,BANKBARODA,3.2147168010974494,RECONSTRUCTED
2024-05-14,FEDERALBNK,2.432433268470395,RECONSTRUCTED
2024-05-14,HDFCBANK,28.72036769373791,RECONSTRUCTED
2024-05-14,ICICIBANK,23.865148982948643,RECONSTRUCTED
2024-05-14,IDFCFIRSTB,2.0243523653694266,RECONSTRUCTED
2024-05-14,INDUSINDBK,6.217480578769458,RECONSTRUCTED
2024-05-14,KOTAKBANK,8.251621422693047,RECONSTRUCTED
2024-05-14,PNB,2.475417405111777,RECONSTRUCTED
2024-05-14,SBIN,9.75142115017175,RECONSTRUCTED
2024-05-15,AUBANK,2.302228606210239,RECONSTRUCTED
2024-05-15,AXISBANK,9.750167921015537,RECONSTRUCTED
2024-05-15,BANDHANBNK,1.0358138696352297,RECONSTRUCTED
2024-05-15,BANKBARODA,3.264037895105935,RECONSTRUCTED
2024-05-15,FEDERALBNK,2.42407973752317,RECONSTRUCTED
2024-05-15,HDFCBANK,28.381048262720427,RECONSTRUCTED
2024-05-15,ICICIBANK,24.03246714457945,RECONSTRUCTED
2024-05-15,IDFCFIRSTB,2.0159263885802874,RECONSTRUCTED
2024-05-15,INDUSINDBK,6.222784775988837,RECONSTRUCTED
2024-05-15,KOTAKBANK,8.304025990525192,RECONSTRUCTED
2024-05-15,PNB,2.45570106291444,RECONSTRUCTED
2024-05-15,SBIN,9.81171834520125,RECONSTRUCTED
2024-05-16,AUBANK,2.2835539823575717,RECONSTRUCTED
2024-05-16,AXISBANK,9.787954272625205,RECONSTRUCTED
2024-05-16,BANDHANBNK,0.9737179552932292,RECONSTRUCTED
2024-05-16,BANKBARODA,3.2320381394270368,RECONSTRUCTED
2024-05-16,FEDERALBNK,2.4294310291763486,RECONSTRUCTED
2024-05-16,HDFCBANK,28.63623183767486,RECONSTRUCTED
2024-05-16,ICICIBANK,24.029720866216284,RECONSTRUCTED
2024-05-16,IDFCFIRSTB,2.007664140372674,RECONSTRUCTED
2024-05-16,INDUSINDBK,6.148770739817771,RECONSTRUCTED
2024-05-16,KOTAKBANK,8.360140739283652,RECONSTRUCTED
2024-05-16,PNB,2.457566692583256,RECONSTRUCTED
2024-05-16,SBIN,9.6532096051721,RECONSTRUCTED
2024-05-17,AUBANK,2.28686557734711,RECONSTRUCTED
2024-05-17,AXISBANK,9.777320559934545,RECONSTRUCTED
2024-05-17,BANDHANBNK,0.9792923483568073,RECONSTRUCTED
2024-05-17,BANKBARODA,3.2043404403898537,RECONSTRUCTED
2024-05-17,FEDERALBNK,2.4187423871737117,RECONSTRUCTED
2024-05-17,HDFCBANK,28.62902595089935,RECONSTRUCTED
2024-05-17,ICICIBANK,23.9488500788924,RECONSTRUCTED
2024-05-17,IDFCFIRSTB,2.005778149772009,RECONSTRUCTED
2024-05-17,INDUSINDBK,6.146726398839571,RECONSTRUCTED
2024-05-17,KOTAKBANK,8.458204256676035,RECONSTRUCTED
2024-05-17,PNB,2.4495084662493762,RECONSTRUCTED
2024-05-17,SBIN,9.695345385469224,RECONSTRUCTED
2024-05-18,AUBANK,2.282704977713531,RECONSTRUCTED
2024-05-18,AXISBANK,9.780837594141822,RECONSTRUCTED
2024-05-18,BANDHANBNK,0.9875726229872422,RECONSTRUCTED
2024-05-18,BANKBARODA,3.212227567475783,RECONSTRUCTED
2024-05-18,FEDERALBNK,2.414535221916085,RECONSTRUCTED
2024-05-18,HDFCBANK,28.617292562372775,RECONSTRUCTED
2024-05-18,ICICIBANK,23.912480264800156,RECONSTRUCTED
2024-05-18,IDFCFIRSTB,2.0087733927787412,RECONSTRUCTED
2024-05-18,INDUSINDBK,6.157540326942135,RECONSTRUCTED
2024-05-18,KOTAKBANK,8.44548278363238,RECONSTRUCTED
2024-05-18,PNB,2.464794131628529,RECONSTRUCTED
2024-05-18,SBIN,9.715758553610822,RECONSTRUCTED
2024-05-21,AUBANK,2.25761272099286,RECONSTRUCTED
2024-05-21,AXISBANK,9.759297275967665,RECONSTRUCTED
2024-05-21,BANDHANBNK,0.9966362426967067,RECONSTRUCTED
2024-05-21,BANKBARODA,3.2591658264261434,RECONSTRUCTED
2024-05-21,FEDERALBNK,2.4191792251678264,RECONSTRUCTED
2024-05-21,HDFCBANK,28.565409294557387,RECONSTRUCTED
2024-05-21,ICICIBANK,23.779855148730384,RECONSTRUCTED
2024-05-21,IDFCFIRSTB,2.0150966575111418,RECONSTRUCTED
2024-05-21,INDUSINDBK,6.12985426609179,RECONSTRUCTED
2024-05-21,KOTAKBANK,8.478557959820913,RECONSTRUCTED
2024-05-21,PNB,2.4784352314044087,RECONSTRUCTED
2024-05-21,SBIN,9.860900150632778,RECONSTRUCTED
2024-05-22,AUBANK,2.225192745664975,RECONSTRUCTED
2024-05-22,AXISBANK,9.71317448495701,RECONSTRUCTED
2024-05-22,BANDHANBNK,0.9989226949789423,RECONSTRUCTED
2024-05-22,BANKBARODA,3.2507844904327468,RECONSTRUCTED
2024-05-22,FEDERALBNK,2.4140762499482564,RECONSTRUCTED
2024-05-22,HDFCBANK,28.732435558791348,RECONSTRUCTED
2024-05-22,ICICIBANK,23.70222055249324,RECONSTRUCTED
2024-05-22,IDFCFIRSTB,2.018474721148072,RECONSTRUCTED
2024-05-22,INDUSINDBK,6.15721339507044,RECONSTRUCTED
2024-05-22,KOTAKBANK,8.532322057877376,RECONSTRUCTED
2024-05-22,PNB,2.4813992339200386,RECONSTRUCTED
2024-05-22,SBIN,9.773783814717536,RECONSTRUCTED
2024-05-23,AUBANK,2.2385409517200374,RECONSTRUCTED
2024-05-23,AXISBANK,9.84841606263977,RECONSTRUCTED
2024-05-23,BANDHANBNK,1.0053832430769802,RECONSTRUCTED
2024-05-23,BANKBARODA,3.2563797446961424,RECONSTRUCTED
2024-05-23,FEDERALBNK,2.371067050562626,RECONSTRUCTED
2024-05-23,HDFCBANK,28.795560339793404,RECONSTRUCTED
2024-05-23,ICICIBANK,23.71181860436617,RECONSTRUCTED
2024-05-23,IDFCFIRSTB,2.000712880610544,RECONSTRUCTED
2024-05-23,INDUSINDBK,6.186807225523793,RECONSTRUCTED
2024-05-23,KOTAKBANK,8.406448155683266,RECONSTRUCTED
2024-05-23,PNB,2.4466570286766904,RECONSTRUCTED
2024-05-23,SBIN,9.732208712650609,RECONSTRUCTED
2024-05-24,AUBANK,2.2335757669816103,RECONSTRUCTED
2024-05-24,AXISBANK,9.881218801054992,RECONSTRUCTED
2024-05-24,BANDHANBNK,0.9895284513954571,RECONSTRUCTED
2024-05-24,BANKBARODA,3.2392616118219566,RECONSTRUCTED
2024-05-24,FEDERALBNK,2.370661259663595,RECONSTRUCTED
2024-05-24,HDFCBANK,29.1487592778908,RECONSTRUCTED
2024-05-24,ICICIBANK,23.56040493682454,RECONSTRUCTED
2024-05-24,IDFCFIRSTB,1.9834808986148205,RECONSTRUCTED
2024-05-24,INDUSINDBK,6.165211464627549,RECONSTRUCTED
2024-05-24,KOTAKBANK,8.344153865094848,RECONSTRUCTED
2024-05-24,PNB,2.432662592091437,RECONSTRUCTED
2024-05-24,SBIN,9.6510810739384,RECONSTRUCTED
2024-05-27,AUBANK,2.2694068410506176,RECONSTRUCTED
2024-05-27,AXISBANK,9.927765278473775,RECONSTRUCTED
2024-05-27,BANDHANBNK,0.9978160264711701,RECONSTRUCTED
2024-05-27,BANKBARODA,3.2380263341172126,RECONSTRUCTED
2024-05-27,FEDERALBNK,2.3586252850140945,RECONSTRUCTED
2024-05-27,HDFCBANK,29.16578572494664,RECONSTRUCTED
2024-05-27,ICICIBANK,23.36767154585287,RECONSTRUCTED
2024-05-27,IDFCFIRSTB,1.9950973564098782,RECONSTRUCTED
2024-05-27,INDUSINDBK,6.2254190032078505,RECONSTRUCTED
2024-05-27,KOTAKBANK,8.328394435266166,RECONSTRUCTED
2024-05-27,PNB,2.4766168482121937,RECONSTRUCTED
2024-05-27,SBIN,9.649375320977542,RECONSTRUCTED
2024-05-28,AUBANK,2.2821335488948593,RECONSTRUCTED
2024-05-28,AXISBANK,9.925789521863873,RECONSTRUCTED
2024-05-28,BANDHANBNK,1.0072686023998043,RECONSTRUCTED
2024-05-28,BANKBARODA,3.172215745014554,RECONSTRUCTED
2024-05-28,FEDERALBNK,2.3125739969770547,RECONSTRUCTED
2024-05-28,HDFCBANK,29.30229600419513,RECONSTRUCTED
2024-05-28,ICICIBANK,23.374979149844144,RECONSTRUCTED
2024-05-28,IDFCFIRSTB,1.9829611279339048,RECONSTRUCTED
2024-05-28,INDUSINDBK,6.218612510113782,RECONSTRUCTED
2024-05-28,KOTAKBANK,8.31618933595249,RECONSTRUCTED
2024-05-28,PNB,2.4577751337772287,RECONSTRUCTED
2024-05-28,SBIN,9.647205323033166,RECONSTRUCTED
2024-05-29,AUBANK,2.355704404552309,RECONSTRUCTED
2024-05-29,AXISBANK,9.855930747608342,RECONSTRUCTED
2024-05-29,BANDHANBNK,1.028083494347535,RECONSTRUCTED
2024-05-29,BANKBARODA,3.203178119713422,RECONSTRUCTED
2024-05-29,FEDERALBNK,2.335802441986302,RECONSTRUCTED
2024-05-29,HDFCBANK,29.25875306524517,RECONSTRUCTED
2024-05-29,ICICIBANK,23.15943414927814,RECONSTRUCTED
2024-05-29,IDFCFIRSTB,1.9885374618544445,RECONSTRUCTED
2024-05-29,INDUSINDBK,6.304650466249962,RECONSTRUCTED
2024-05-29,KOTAKBANK,8.347907040158756,RECONSTRUCTED
2024-05-29,PNB,2.4873303493372276,RECONSTRUCTED
2024-05-29,SBIN,9.674688259668413,RECONSTRUCTED
2024-05-30,AUBANK,2.311833193831696,RECONSTRUCTED
2024-05-30,AXISBANK,9.888725503302865,RECONSTRUCTED
2024-05-30,BANDHANBNK,0.9956770100829118,RECONSTRUCTED
2024-05-30,BANKBARODA,3.1846089297154005,RECONSTRUCTED
2024-05-30,FEDERALBNK,2.3387928188359464,RECONSTRUCTED
2024-05-30,HDFCBANK,29.27659213611755,RECONSTRUCTED
2024-05-30,ICICIBANK,23.318326442470784,RECONSTRUCTED
2024-05-30,IDFCFIRSTB,1.9914181332460479,RECONSTRUCTED
2024-05-30,INDUSINDBK,6.223362631339627,RECONSTRUCTED
2024-05-30,KOTAKBANK,8.327966442623095,RECONSTRUCTED
2024-05-30,PNB,2.466473959057556,RECONSTRUCTED
2024-05-30,SBIN,9.67622279937651,RECONSTRUCTED
2024-05-31,AUBANK,2.35,OFFICIAL
2024-05-31,AXISBANK,9.78,OFFICIAL
2024-05-31,BANDHANBNK,1.0,OFFICIAL
2024-05-31,BANKBARODA,3.19,OFFICIAL
2024-05-31,FEDERALBNK,2.35,OFFICIAL
2024-05-31,HDFCBANK,29.42,OFFICIAL
2024-05-31,ICICIBANK,23.33,OFFICIAL
2024-05-31,IDFCFIRSTB,1.95,OFFICIAL
2024-05-31,INDUSINDBK,6.25,OFFICIAL
2024-05-31,KOTAKBANK,8.23,OFFICIAL
2024-05-31,PNB,2.49,OFFICIAL
2024-05-31,SBIN,9.67,OFFICIAL
2024-06-03,AUBANK,2.0945586674740713,RECONSTRUCTED
2024-06-03,AXISBANK,9.918077265420637,RECONSTRUCTED
2024-06-03,BANDHANBNK,0.9323219315623745,RECONSTRUCTED
2024-06-03,BANKBARODA,3.228197847638545,RECONSTRUCTED
2024-06-03,FEDERALBNK,2.28166880493517,RECONSTRUCTED
2024-06-03,HDFCBANK,27.169870995019256,RECONSTRUCTED
2024-06-03,ICICIBANK,23.259878316380767,RECONSTRUCTED
2024-06-03,IDFCFIRSTB,1.8128482262531935,RECONSTRUCTED
2024-06-03,INDUSINDBK,5.92242978394831,RECONSTRUCTED
2024-06-03,KOTAKBANK,9.929151377112227,RECONSTRUCTED
2024-06-03,PNB,2.381785178321393,RECONSTRUCTED
2024-06-03,SBIN,11.069211605934047,RECONSTRUCTED
2024-06-04,AUBANK,2.2200023134347475,RECONSTRUCTED
2024-06-04,AXISBANK,9.960465996181366,RECONSTRUCTED
2024-06-04,BANDHANBNK,0.9205464386849644,RECONSTRUCTED
2024-06-04,BANKBARODA,2.93228098186175,RECONSTRUCTED
2024-06-04,FEDERALBNK,2.3327722109042943,RECONSTRUCTED
2024-06-04,HDFCBANK,27.848664489624962,RECONSTRUCTED
2024-06-04,ICICIBANK,23.34322579022566,RECONSTRUCTED
2024-06-04,IDFCFIRSTB,1.8297314012146606,RECONSTRUCTED
2024-06-04,INDUSINDBK,5.853510165478216,RECONSTRUCTED
2024-06-04,KOTAKBANK,10.285288685037365,RECONSTRUCTED
2024-06-04,PNB,2.178909199591314,RECONSTRUCTED
2024-06-04,SBIN,10.294602327760701,RECONSTRUCTED
2024-06-05,AUBANK,2.2624533187079283,RECONSTRUCTED
2024-06-05,AXISBANK,9.981074881858119,RECONSTRUCTED
2024-06-05,BANDHANBNK,0.9475834168470341,RECONSTRUCTED
2024-06-05,BANKBARODA,2.9390762832711603,RECONSTRUCTED
2024-06-05,FEDERALBNK,2.397079691819462,RECONSTRUCTED
2024-06-05,HDFCBANK,27.885358242700924,RECONSTRUCTED
2024-06-05,ICICIBANK,23.115569986575636,RECONSTRUCTED
2024-06-05,IDFCFIRSTB,1.864530948838747,RECONSTRUCTED
2024-06-05,INDUSINDBK,6.04255448692881,RECONSTRUCTED
2024-06-05,KOTAKBANK,10.324890801623361,RECONSTRUCTED
2024-06-05,PNB,2.202765424518336,RECONSTRUCTED
2024-06-05,SBIN,10.037062516310492,RECONSTRUCTED
2024-06-06,AUBANK,2.220497834927697,RECONSTRUCTED
2024-06-06,AXISBANK,9.815866521093353,RECONSTRUCTED
2024-06-06,BANDHANBNK,0.9471327258498341,RECONSTRUCTED
2024-06-06,BANKBARODA,3.0239621915453276,RECONSTRUCTED
2024-06-06,FEDERALBNK,2.3631403930937234,RECONSTRUCTED
2024-06-06,HDFCBANK,27.882364301287684,RECONSTRUCTED
2024-06-06,ICICIBANK,23.032317728077718,RECONSTRUCTED
2024-06-06,IDFCFIRSTB,1.854887783325636,RECONSTRUCTED
2024-06-06,INDUSINDBK,5.931803779249223,RECONSTRUCTED
2024-06-06,KOTAKBANK,10.370732974391611,RECONSTRUCTED
2024-06-06,PNB,2.2282405237895047,RECONSTRUCTED
2024-06-06,SBIN,10.329053243368683,RECONSTRUCTED
2024-06-07,AUBANK,2.2255936174841136,RECONSTRUCTED
2024-06-07,AXISBANK,9.845616673714206,RECONSTRUCTED
2024-06-07,BANDHANBNK,0.9617824032125833,RECONSTRUCTED
2024-06-07,BANKBARODA,3.0137644587652246,RECONSTRUCTED
2024-06-07,FEDERALBNK,2.3457528785425104,RECONSTRUCTED
2024-06-07,HDFCBANK,27.834854906153367,RECONSTRUCTED
2024-06-07,ICICIBANK,23.025549427670104,RECONSTRUCTED
2024-06-07,IDFCFIRSTB,1.8463552423739622,RECONSTRUCTED
2024-06-07,INDUSINDBK,5.91391961485578,RECONSTRUCTED
2024-06-07,KOTAKBANK,10.375653693598872,RECONSTRUCTED
2024-06-07,PNB,2.2265023806045914,RECONSTRUCTED
2024-06-07,SBIN,10.384654703024685,RECONSTRUCTED
2024-06-10,AUBANK,2.2279807055456313,RECONSTRUCTED
2024-06-10,AXISBANK,9.959101570545672,RECONSTRUCTED
2024-06-10,BANDHANBNK,0.9708314185227894,RECONSTRUCTED
2024-06-10,BANKBARODA,3.0773168569439386,RECONSTRUCTED
2024-06-10,FEDERALBNK,2.3438467421863014,RECONSTRUCTED
2024-06-10,HDFCBANK,27.632711783595195,RECONSTRUCTED
2024-06-10,ICICIBANK,23.077876241039196,RECONSTRUCTED
2024-06-10,IDFCFIRSTB,1.843051875170891,RECONSTRUCTED
2024-06-10,INDUSINDBK,5.891501403608016,RECONSTRUCTED
2024-06-10,KOTAKBANK,10.33215395790799,RECONSTRUCTED
2024-06-10,PNB,2.231665371978132,RECONSTRUCTED
2024-06-10,SBIN,10.411962072956255,RECONSTRUCTED
2024-06-11,AUBANK,2.2391458355323577,RECONSTRUCTED
2024-06-11,AXISBANK,9.93207153912485,RECONSTRUCTED
2024-06-11,BANDHANBNK,0.9732105881643354,RECONSTRUCTED
2024-06-11,BANKBARODA,3.0649918111269905,RECONSTRUCTED
2024-06-11,FEDERALBNK,2.3870788971339785,RECONSTRUCTED
2024-06-11,HDFCBANK,27.74433999994317,RECONSTRUCTED
2024-06-11,ICICIBANK,23.00407173591382,RECONSTRUCTED
2024-06-11,IDFCFIRSTB,1.8458819587781894,RECONSTRUCTED
2024-06-11,INDUSINDBK,5.8830040908538965,RECONSTRUCTED
2024-06-11,KOTAKBANK,10.198599940285652,RECONSTRUCTED
2024-06-11,PNB,2.249938379589509,RECONSTRUCTED
2024-06-11,SBIN,10.477665223553249,RECONSTRUCTED
2024-06-12,AUBANK,2.2159650963797146,RECONSTRUCTED
2024-06-12,AXISBANK,9.840791840245643,RECONSTRUCTED
2024-06-12,BANDHANBNK,0.9600299934465799,RECONSTRUCTED
2024-06-12,BANKBARODA,3.1495265263445913,RECONSTRUCTED
2024-06-12,FEDERALBNK,2.4674660288484116,RECONSTRUCTED
2024-06-12,HDFCBANK,27.809585045143915,RECONSTRUCTED
2024-06-12,ICICIBANK,22.948883116822046,RECONSTRUCTED
2024-06-12,IDFCFIRSTB,1.84658902108277,RECONSTRUCTED
2024-06-12,INDUSINDBK,5.874478543971772,RECONSTRUCTED
2024-06-12,KOTAKBANK,10.136755027965979,RECONSTRUCTED
2024-06-12,PNB,2.2656493015224215,RECONSTRUCTED
2024-06-12,SBIN,10.484280458226179,RECONSTRUCTED
2024-06-13,AUBANK,2.221665698192442,RECONSTRUCTED
2024-06-13,AXISBANK,9.739997737586343,RECONSTRUCTED
2024-06-13,BANDHANBNK,0.9499594699759986,RECONSTRUCTED
2024-06-13,BANKBARODA,3.1446436826966484,RECONSTRUCTED
2024-06-13,FEDERALBNK,2.447012341355706,RECONSTRUCTED
2024-06-13,HDFCBANK,27.951929700366584,RECONSTRUCTED
2024-06-13,ICICIBANK,22.719730716708625,RECONSTRUCTED
2024-06-13,IDFCFIRSTB,1.839741161817488,RECONSTRUCTED
2024-06-13,INDUSINDBK,5.971009563638667,RECONSTRUCTED
2024-06-13,KOTAKBANK,10.208783709269868,RECONSTRUCTED
2024-06-13,PNB,2.251550134925563,RECONSTRUCTED
2024-06-13,SBIN,10.553976083466086,RECONSTRUCTED
2024-06-14,AUBANK,2.1927159283326985,RECONSTRUCTED
2024-06-14,AXISBANK,9.766312268825567,RECONSTRUCTED
2024-06-14,BANDHANBNK,0.947900853134403,RECONSTRUCTED
2024-06-14,BANKBARODA,3.1754339173188915,RECONSTRUCTED
2024-06-14,FEDERALBNK,2.470643859272479,RECONSTRUCTED
2024-06-14,HDFCBANK,28.160364714064773,RECONSTRUCTED
2024-06-14,ICICIBANK,22.62287986743494,RECONSTRUCTED
2024-06-14,IDFCFIRSTB,1.8475056902695475,RECONSTRUCTED
2024-06-14,INDUSINDBK,5.935339218947446,RECONSTRUCTED
2024-06-14,KOTAKBANK,10.12693407360747,RECONSTRUCTED
2024-06-14,PNB,2.2874439276164225,RECONSTRUCTED
2024-06-14,SBIN,10.466525681175384,RECONSTRUCTED
2024-06-18,AUBANK,2.1845624546838565,RECONSTRUCTED
2024-06-18,AXISBANK,9.771358240653704,RECONSTRUCTED
2024-06-18,BANDHANBNK,0.957649148992221,RECONSTRUCTED
2024-06-18,BANKBARODA,3.1597011158562873,RECONSTRUCTED
2024-06-18,FEDERALBNK,2.4591091321301737,RECONSTRUCTED
2024-06-18,HDFCBANK,28.10899849701257,RECONSTRUCTED
2024-06-18,ICICIBANK,22.777431857429573,RECONSTRUCTED
2024-06-18,IDFCFIRSTB,1.912882884812127,RECONSTRUCTED
2024-06-18,INDUSINDBK,5.906085890881642,RECONSTRUCTED
2024-06-18,KOTAKBANK,10.052794829141366,RECONSTRUCTED
2024-06-18,PNB,2.262339896472716,RECONSTRUCTED
2024-06-18,SBIN,10.447086051933764,RECONSTRUCTED
2024-06-19,AUBANK,2.1199362661228283,RECONSTRUCTED
2024-06-19,AXISBANK,9.870900784121728,RECONSTRUCTED
2024-06-19,BANDHANBNK,0.9437488368718778,RECONSTRUCTED
2024-06-19,BANKBARODA,3.065301925680144,RECONSTRUCTED
2024-06-19,FEDERALBNK,2.4063418296160908,RECONSTRUCTED
2024-06-19,HDFCBANK,28.449824327556716,RECONSTRUCTED
2024-06-19,ICICIBANK,22.78771838219854,RECONSTRUCTED
2024-06-19,IDFCFIRSTB,1.8939925662055312,RECONSTRUCTED
2024-06-19,INDUSINDBK,5.8752779894872305,RECONSTRUCTED
2024-06-19,KOTAKBANK,10.024188489281167,RECONSTRUCTED
2024-06-19,PNB,2.214773902119079,RECONSTRUCTED
2024-06-19,SBIN,10.347994700739067,RECONSTRUCTED
2024-06-20,AUBANK,2.1357294893864434,RECONSTRUCTED
2024-06-20,AXISBANK,9.900916252752918,RECONSTRUCTED
2024-06-20,BANDHANBNK,0.9808582595042448,RECONSTRUCTED
2024-06-20,BANKBARODA,3.056142768920628,RECONSTRUCTED
2024-06-20,FEDERALBNK,2.4478904949008307,RECONSTRUCTED
2024-06-20,HDFCBANK,28.436391797167143,RECONSTRUCTED
2024-06-20,ICICIBANK,22.86414852121882,RECONSTRUCTED
2024-06-20,IDFCFIRSTB,1.9182666885942046,RECONSTRUCTED
2024-06-20,INDUSINDBK,5.830713143202868,RECONSTRUCTED
2024-06-20,KOTAKBANK,10.061803030095978,RECONSTRUCTED
2024-06-20,PNB,2.201905385843888,RECONSTRUCTED
2024-06-20,SBIN,10.165234168412027,RECONSTRUCTED
2024-06-21,AUBANK,2.1432077226826127,RECONSTRUCTED
2024-06-21,AXISBANK,9.906522574222747,RECONSTRUCTED
2024-06-21,BANDHANBNK,0.9879976735034854,RECONSTRUCTED
2024-06-21,BANKBARODA,3.000112294545471,RECONSTRUCTED
2024-06-21,FEDERALBNK,2.4209668131086692,RECONSTRUCTED
2024-06-21,HDFCBANK,28.43816877686648,RECONSTRUCTED
2024-06-21,ICICIBANK,22.951640678401738,RECONSTRUCTED
2024-06-21,IDFCFIRSTB,1.914048096608076,RECONSTRUCTED
2024-06-21,INDUSINDBK,5.84100221970617,RECONSTRUCTED
2024-06-21,KOTAKBANK,10.137846700322683,RECONSTRUCTED
2024-06-21,PNB,2.1606015500153117,RECONSTRUCTED
2024-06-21,SBIN,10.097884900016552,RECONSTRUCTED
2024-06-24,AUBANK,2.179769524758988,RECONSTRUCTED
2024-06-24,AXISBANK,9.824274367917594,RECONSTRUCTED
2024-06-24,BANDHANBNK,0.9811675679933121,RECONSTRUCTED
2024-06-24,BANKBARODA,3.011269875929711,RECONSTRUCTED
2024-06-24,FEDERALBNK,2.409826469193159,RECONSTRUCTED
2024-06-24,HDFCBANK,28.53022141974447,RECONSTRUCTED
2024-06-24,ICICIBANK,23.161017109935404,RECONSTRUCTED
2024-06-24,IDFCFIRSTB,1.900463976943274,RECONSTRUCTED
2024-06-24,INDUSINDBK,5.696153636139726,RECONSTRUCTED
2024-06-24,KOTAKBANK,10.112534738405714,RECONSTRUCTED
2024-06-24,PNB,2.14644799125692,RECONSTRUCTED
2024-06-24,SBIN,10.04685332178174,RECONSTRUCTED
2024-06-25,AUBANK,2.151338644716423,RECONSTRUCTED
2024-06-25,AXISBANK,9.998664259326405,RECONSTRUCTED
2024-06-25,BANDHANBNK,0.9437104997763451,RECONSTRUCTED
2024-06-25,BANKBARODA,2.960758655480803,RECONSTRUCTED
2024-06-25,FEDERALBNK,2.3711373478187783,RECONSTRUCTED
2024-06-25,HDFCBANK,28.699859497277913,RECONSTRUCTED
2024-06-25,ICICIBANK,23.310376495198266,RECONSTRUCTED
2024-06-25,IDFCFIRSTB,1.867576817191488,RECONSTRUCTED
2024-06-25,INDUSINDBK,5.618957379660519,RECONSTRUCTED
2024-06-25,KOTAKBANK,9.993573429726409,RECONSTRUCTED
2024-06-25,PNB,2.094208527073688,RECONSTRUCTED
2024-06-25,SBIN,9.989838446752964,RECONSTRUCTED
2024-06-26,AUBANK,2.1720952900247648,RECONSTRUCTED
2024-06-26,AXISBANK,10.054821980290857,RECONSTRUCTED
2024-06-26,BANDHANBNK,0.9484931953394962,RECONSTRUCTED
2024-06-26,BANKBARODA,2.948223395675464,RECONSTRUCTED
2024-06-26,FEDERALBNK,2.3742564105983046,RECONSTRUCTED
2024-06-26,HDFCBANK,28.383521429282254,RECONSTRUCTED
2024-06-26,ICICIBANK,23.57497686671259,RECONSTRUCTED
2024-06-26,IDFCFIRSTB,1.8538750791480207,RECONSTRUCTED
2024-06-26,INDUSINDBK,5.597975743823787,RECONSTRUCTED
2024-06-26,KOTAKBANK,10.031290053626131,RECONSTRUCTED
2024-06-26,PNB,2.0869751234699745,RECONSTRUCTED
2024-06-26,SBIN,9.973495432008358,RECONSTRUCTED
2024-06-27,AUBANK,2.0907146560568535,RECONSTRUCTED
2024-06-27,AXISBANK,10.088742486636528,RECONSTRUCTED
2024-06-27,BANDHANBNK,0.9247414161494355,RECONSTRUCTED
2024-06-27,BANKBARODA,2.9384718782620376,RECONSTRUCTED
2024-06-27,FEDERALBNK,2.3736935313907495,RECONSTRUCTED
2024-06-27,HDFCBANK,28.311537476988164,RECONSTRUCTED
2024-06-27,ICICIBANK,23.6261574579133,RECONSTRUCTED
2024-06-27,IDFCFIRSTB,1.842899461713239,RECONSTRUCTED
2024-06-27,INDUSINDBK,5.619527540178349,RECONSTRUCTED
2024-06-27,KOTAKBANK,10.218269256156972,RECONSTRUCTED
2024-06-27,PNB,2.0016018333572205,RECONSTRUCTED
2024-06-27,SBIN,9.963643005197142,RECONSTRUCTED
2024-06-28,AUBANK,2.13,OFFICIAL
2024-06-28,AXISBANK,10.0,OFFICIAL
2024-06-28,BANDHANBNK,0.95,OFFICIAL
2024-06-28,BANKBARODA,2.92,OFFICIAL
2024-06-28,FEDERALBNK,2.4,OFFICIAL
2024-06-28,HDFCBANK,28.38,OFFICIAL
2024-06-28,ICICIBANK,23.46,OFFICIAL
2024-06-28,IDFCFIRSTB,1.86,OFFICIAL
2024-06-28,INDUSINDBK,5.53,OFFICIAL
2024-06-28,KOTAKBANK,10.16,OFFICIAL
2024-06-28,PNB,2.09,OFFICIAL
2024-06-28,SBIN,10.12,OFFICIAL
2024-07-01,AUBANK,2.1273361186518973,RECONSTRUCTED
2024-07-01,AXISBANK,9.900256933863064,RECONSTRUCTED
2024-07-01,BANDHANBNK,0.9533865736774866,RECONSTRUCTED
2024-07-01,BANKBARODA,2.8721809405674006,RECONSTRUCTED
2024-07-01,FEDERALBNK,2.388537328486579,RECONSTRUCTED
2024-07-01,HDFCBANK,28.54112569094085,RECONSTRUCTED
2024-07-01,ICICIBANK,23.533126809847616,RECONSTRUCTED
2024-07-01,IDFCFIRSTB,2.0626258768696712,RECONSTRUCTED
2024-07-01,INDUSINDBK,5.46299351904059,RECONSTRUCTED
2024-07-01,KOTAKBANK,10.120533706346029,RECONSTRUCTED
2024-07-01,PNB,2.0634930208562285,RECONSTRUCTED
2024-07-01,SBIN,9.974403480852583,RECONSTRUCTED
2024-07-02,AUBANK,2.1422743511021216,RECONSTRUCTED
2024-07-02,AXISBANK,9.91071091197725,RECONSTRUCTED
2024-07-02,BANDHANBNK,0.9439689566579413,RECONSTRUCTED
2024-07-02,BANKBARODA,2.8186615021557118,RECONSTRUCTED
2024-07-02,FEDERALBNK,2.370435426877246,RECONSTRUCTED
2024-07-02,HDFCBANK,29.193493318032683,RECONSTRUCTED
2024-07-02,ICICIBANK,23.301841222622706,RECONSTRUCTED
2024-07-02,IDFCFIRSTB,2.0211614544952186,RECONSTRUCTED
2024-07-02,INDUSINDBK,5.402110999699537,RECONSTRUCTED
2024-07-02,KOTAKBANK,9.982737967795673,RECONSTRUCTED
2024-07-02,PNB,2.0486023646423868,RECONSTRUCTED
2024-07-02,SBIN,9.864001523941548,RECONSTRUCTED
2024-07-03,AUBANK,2.0830299073642404,RECONSTRUCTED
2024-07-03,AXISBANK,9.945277309485352,RECONSTRUCTED
2024-07-03,BANDHANBNK,0.9683501254831677,RECONSTRUCTED
2024-07-03,BANKBARODA,2.7995002482796223,RECONSTRUCTED
2024-07-03,FEDERALBNK,2.414977928763893,RECONSTRUCTED
2024-07-03,HDFCBANK,29.317239501761733,RECONSTRUCTED
2024-07-03,ICICIBANK,23.108730611627948,RECONSTRUCTED
2024-07-03,IDFCFIRSTB,2.036160477888698,RECONSTRUCTED
2024-07-03,INDUSINDBK,5.405035542130786,RECONSTRUCTED
2024-07-03,KOTAKBANK,10.037206827997485,RECONSTRUCTED
2024-07-03,PNB,2.0298809277084597,RECONSTRUCTED
2024-07-03,SBIN,9.854610591508607,RECONSTRUCTED
2024-07-04,AUBANK,2.104949259615876,RECONSTRUCTED
2024-07-04,AXISBANK,9.949474520128518,RECONSTRUCTED
2024-07-04,BANDHANBNK,0.9540014844522264,RECONSTRUCTED
2024-07-04,BANKBARODA,2.8227461411741173,RECONSTRUCTED
2024-07-04,FEDERALBNK,2.4077801882746748,RECONSTRUCTED
2024-07-04,HDFCBANK,28.6212913305203,RECONSTRUCTED
2024-07-04,ICICIBANK,23.705943099773243,RECONSTRUCTED
2024-07-04,IDFCFIRSTB,2.042887249051194,RECONSTRUCTED
2024-07-04,INDUSINDBK,5.356554389069226,RECONSTRUCTED
2024-07-04,KOTAKBANK,10.162678161171932,RECONSTRUCTED
2024-07-04,PNB,2.0274756187978604,RECONSTRUCTED
2024-07-04,SBIN,9.844218557970835,RECONSTRUCTED
2024-07-05,AUBANK,2.1199429952308124,RECONSTRUCTED
2024-07-05,AXISBANK,10.081180326212644,RECONSTRUCTED
2024-07-05,BANDHANBNK,0.9447646545053723,RECONSTRUCTED
2024-07-05,BANKBARODA,2.8849038287074595,RECONSTRUCTED
2024-07-05,FEDERALBNK,2.498029990029015,RECONSTRUCTED
2024-07-05,HDFCBANK,27.540623776798707,RECONSTRUCTED
2024-07-05,ICICIBANK,23.912729487116525,RECONSTRUCTED
2024-07-05,IDFCFIRSTB,2.060546591677024,RECONSTRUCTED
2024-07-05,INDUSINDBK,5.36933176698361,RECONSTRUCTED
2024-07-05,KOTAKBANK,10.353340801176229,RECONSTRUCTED
2024-07-05,PNB,2.065863178897694,RECONSTRUCTED
2024-07-05,SBIN,10.168742602664915,RECONSTRUCTED
2024-07-08,AUBANK,2.0348355545845314,RECONSTRUCTED
2024-07-08,AXISBANK,10.132927704048635,RECONSTRUCTED
2024-07-08,BANDHANBNK,0.9496745432819453,RECONSTRUCTED
2024-07-08,BANKBARODA,2.7767236693179598,RECONSTRUCTED
2024-07-08,FEDERALBNK,2.534494921318523,RECONSTRUCTED
2024-07-08,HDFCBANK,27.450775998210343,RECONSTRUCTED
2024-07-08,ICICIBANK,24.052678389737274,RECONSTRUCTED
2024-07-08,IDFCFIRSTB,2.0333809024213356,RECONSTRUCTED
2024-07-08,INDUSINDBK,5.40783042556054,RECONSTRUCTED
2024-07-08,KOTAKBANK,10.40282750895775,RECONSTRUCTED
2024-07-08,PNB,2.050843183129281,RECONSTRUCTED
2024-07-08,SBIN,10.173007199431892,RECONSTRUCTED
2024-07-09,AUBANK,2.0209798785397832,RECONSTRUCTED
2024-07-09,AXISBANK,10.11776056718694,RECONSTRUCTED
2024-07-09,BANDHANBNK,0.9299282832574649,RECONSTRUCTED
2024-07-09,BANKBARODA,2.7623734202082164,RECONSTRUCTED
2024-07-09,FEDERALBNK,2.5234924479102543,RECONSTRUCTED
2024-07-09,HDFCBANK,27.39598945699166,RECONSTRUCTED
2024-07-09,ICICIBANK,24.24418275953005,RECONSTRUCTED
2024-07-09,IDFCFIRSTB,2.0134043757511986,RECONSTRUCTED
2024-07-09,INDUSINDBK,5.378993347332335,RECONSTRUCTED
2024-07-09,KOTAKBANK,10.344818856277888,RECONSTRUCTED
2024-07-09,PNB,2.06267065777864,RECONSTRUCTED
2024-07-09,SBIN,10.20540594923557,RECONSTRUCTED
2024-07-10,AUBANK,2.003576966880428,RECONSTRUCTED
2024-07-10,AXISBANK,10.209240688411725,RECONSTRUCTED
2024-07-10,BANDHANBNK,0.897835787045006,RECONSTRUCTED
2024-07-10,BANKBARODA,2.7277373184072857,RECONSTRUCTED
2024-07-10,FEDERALBNK,2.554193269994174,RECONSTRUCTED
2024-07-10,HDFCBANK,27.420166845340933,RECONSTRUCTED
2024-07-10,ICICIBANK,24.321975036077337,RECONSTRUCTED
2024-07-10,IDFCFIRSTB,2.0029717015443516,RECONSTRUCTED
2024-07-10,INDUSINDBK,5.386818073859394,RECONSTRUCTED
2024-07-10,KOTAKBANK,10.318665374301078,RECONSTRUCTED
2024-07-10,PNB,2.0238808252742033,RECONSTRUCTED
2024-07-10,SBIN,10.132938112864075,RECONSTRUCTED
2024-07-11,AUBANK,2.0114225006367645,RECONSTRUCTED
2024-07-11,AXISBANK,10.233640251060802,RECONSTRUCTED
2024-07-11,BANDHANBNK,0.9164271409397916,RECONSTRUCTED
2024-07-11,BANKBARODA,2.725095269892251,RECONSTRUCTED
2024-07-11,FEDERALBNK,2.6042985968743424,RECONSTRUCTED
2024-07-11,HDFCBANK,27.306888178258298,RECONSTRUCTED
2024-07-11,ICICIBANK,24.191433799090518,RECONSTRUCTED
2024-07-11,IDFCFIRSTB,2.0001180728987293,RECONSTRUCTED
2024-07-11,INDUSINDBK,5.392788787290804,RECONSTRUCTED
2024-07-11,KOTAKBANK,10.385131328971898,RECONSTRUCTED
2024-07-11,PNB,2.0237899736263727,RECONSTRUCTED
2024-07-11,SBIN,10.208966100459426,RECONSTRUCTED
2024-07-12,AUBANK,2.04412506574888,RECONSTRUCTED
2024-07-12,AXISBANK,10.394170284301344,RECONSTRUCTED
2024-07-12,BANDHANBNK,0.8970919430911569,RECONSTRUCTED
2024-07-12,BANKBARODA,2.659917301029176,RECONSTRUCTED
2024-07-12,FEDERALBNK,2.641999905515808,RECONSTRUCTED
2024-07-12,HDFCBANK,27.316032492246006,RECONSTRUCTED
2024-07-12,ICICIBANK,24.079209802367014,RECONSTRUCTED
2024-07-12,IDFCFIRSTB,2.0010797756750502,RECONSTRUCTED
2024-07-12,INDUSINDBK,5.410037084702555,RECONSTRUCTED
2024-07-12,KOTAKBANK,10.3179044949616,RECONSTRUCTED
2024-07-12,PNB,1.9953376211164588,RECONSTRUCTED
2024-07-12,SBIN,10.243094229244964,RECONSTRUCTED
2024-07-15,AUBANK,2.0279113661108137,RECONSTRUCTED
2024-07-15,AXISBANK,10.28173282538454,RECONSTRUCTED
2024-07-15,BANDHANBNK,0.906699713298202,RECONSTRUCTED
2024-07-15,BANKBARODA,2.7350652965302023,RECONSTRUCTED
2024-07-15,FEDERALBNK,2.623276224196574,RECONSTRUCTED
2024-07-15,HDFCBANK,27.21404497087282,RECONSTRUCTED
2024-07-15,ICICIBANK,23.940759524568,RECONSTRUCTED
2024-07-15,IDFCFIRSTB,1.9915430968103314,RECONSTRUCTED
2024-07-15,INDUSINDBK,5.427537996918979,RECONSTRUCTED
2024-07-15,KOTAKBANK,10.343215897663242,RECONSTRUCTED
2024-07-15,PNB,2.042502053254274,RECONSTRUCTED
2024-07-15,SBIN,10.465711034392013,RECONSTRUCTED
2024-07-16,AUBANK,2.0099325225063627,RECONSTRUCTED
2024-07-16,AXISBANK,10.266213965263848,RECONSTRUCTED
2024-07-16,BANDHANBNK,0.922179768838968,RECONSTRUCTED
2024-07-16,BANKBARODA,2.7344556878390764,RECONSTRUCTED
2024-07-16,FEDERALBNK,2.634337822988866,RECONSTRUCTED
2024-07-16,HDFCBANK,27.205390090980263,RECONSTRUCTED
2024-07-16,ICICIBANK,24.161763141110058,RECONSTRUCTED
2024-07-16,IDFCFIRSTB,1.9884412906698057,RECONSTRUCTED
2024-07-16,INDUSINDBK,5.440645064927667,RECONSTRUCTED
2024-07-16,KOTAKBANK,10.140083851780956,RECONSTRUCTED
2024-07-16,PNB,2.0267221660463597,RECONSTRUCTED
2024-07-16,SBIN,10.469834627047755,RECONSTRUCTED
2024-07-18,AUBANK,1.9969952185802171,RECONSTRUCTED
2024-07-18,AXISBANK,10.265024558911186,RECONSTRUCTED
2024-07-18,BANDHANBNK,0.9067010788143648,RECONSTRUCTED
2024-07-18,BANKBARODA,2.6938629370529905,RECONSTRUCTED
2024-07-18,FEDERALBNK,2.6399548624138918,RECONSTRUCTED
2024-07-18,HDFCBANK,27.00726748290433,RECONSTRUCTED
2024-07-18,ICICIBANK,24.261135862543384,RECONSTRUCTED
2024-07-18,IDFCFIRSTB,1.9746772634930767,RECONSTRUCTED
2024-07-18,INDUSINDBK,5.458795390508206,RECONSTRUCTED
2024-07-18,KOTAKBANK,10.217066411182726,RECONSTRUCTED
2024-07-18,PNB,2.0009559281625036,RECONSTRUCTED
2024-07-18,SBIN,10.577563005433134,RECONSTRUCTED
2024-07-19,AUBANK,2.0125413165017823,RECONSTRUCTED
2024-07-19,AXISBANK,10.20056334623033,RECONSTRUCTED
2024-07-19,BANDHANBNK,0.8966799589904018,RECONSTRUCTED
2024-07-19,BANKBARODA,2.6607679991636832,RECONSTRUCTED
2024-07-19,FEDERALBNK,2.5886305907923473,RECONSTRUCTED
2024-07-19,HDFCBANK,27.06544696900816,RECONSTRUCTED
2024-07-19,ICICIBANK,24.394615319734072,RECONSTRUCTED
2024-07-19,IDFCFIRSTB,1.9441770336704918,RECONSTRUCTED
2024-07-19,INDUSINDBK,5.403845185841541,RECONSTRUCTED
2024-07-19,KOTAKBANK,10.257853015334828,RECONSTRUCTED
2024-07-19,PNB,1.9751243184792975,RECONSTRUCTED
2024-07-19,SBIN,10.59975494625306,RECONSTRUCTED
2024-07-22,AUBANK,2.080936830414088,RECONSTRUCTED
2024-07-22,AXISBANK,10.11948655721992,RECONSTRUCTED
2024-07-22,BANDHANBNK,0.9219560271153324,RECONSTRUCTED
2024-07-22,BANKBARODA,2.6853664407577997,RECONSTRUCTED
2024-07-22,FEDERALBNK,2.607511305555596,RECONSTRUCTED
2024-07-22,HDFCBANK,27.649924606607595,RECONSTRUCTED
2024-07-22,ICICIBANK,24.240111780418943,RECONSTRUCTED
2024-07-22,IDFCFIRSTB,1.9836762293937147,RECONSTRUCTED
2024-07-22,INDUSINDBK,5.3679378905917385,RECONSTRUCTED
2024-07-22,KOTAKBANK,9.893916416671866,RECONSTRUCTED
2024-07-22,PNB,2.0024367645408594,RECONSTRUCTED
2024-07-22,SBIN,10.44673915071254,RECONSTRUCTED
2024-07-23,AUBANK,2.103857949673245,RECONSTRUCTED
2024-07-23,AXISBANK,10.064334163342183,RECONSTRUCTED
2024-07-23,BANDHANBNK,0.9195227265930985,RECONSTRUCTED
2024-07-23,BANKBARODA,2.691066227225113,RECONSTRUCTED
2024-07-23,FEDERALBNK,2.701459854991349,RECONSTRUCTED
2024-07-23,HDFCBANK,27.507800109709034,RECONSTRUCTED
2024-07-23,ICICIBANK,24.19140266795276,RECONSTRUCTED
2024-07-23,IDFCFIRSTB,1.9771141484205828,RECONSTRUCTED
2024-07-23,INDUSINDBK,5.381195701906881,RECONSTRUCTED
2024-07-23,KOTAKBANK,10.054453438346714,RECONSTRUCTED
2024-07-23,PNB,2.01485538757074,RECONSTRUCTED
2024-07-23,SBIN,10.392937624268308,RECONSTRUCTED
2024-07-24,AUBANK,2.1334580948046717,RECONSTRUCTED
2024-07-24,AXISBANK,9.961940972035773,RECONSTRUCTED
2024-07-24,BANDHANBNK,0.8925845594697353,RECONSTRUCTED
2024-07-24,BANKBARODA,2.692025064190389,RECONSTRUCTED
2024-07-24,FEDERALBNK,2.7707867071452945,RECONSTRUCTED
2024-07-24,HDFCBANK,27.509150982518626,RECONSTRUCTED
2024-07-24,ICICIBANK,24.334405239788694,RECONSTRUCTED
2024-07-24,IDFCFIRSTB,1.9706763591830945,RECONSTRUCTED
2024-07-24,INDUSINDBK,5.366016933915091,RECONSTRUCTED
2024-07-24,KOTAKBANK,10.01471199989826,RECONSTRUCTED
2024-07-24,PNB,2.0122620570708287,RECONSTRUCTED
2024-07-24,SBIN,10.34198102997954,RECONSTRUCTED
2024-07-25,AUBANK,2.0604295582105197,RECONSTRUCTED
2024-07-25,AXISBANK,9.532357147581909,RECONSTRUCTED
2024-07-25,BANDHANBNK,0.88924468886182,RECONSTRUCTED
2024-07-25,BANKBARODA,2.6754565946359934,RECONSTRUCTED
2024-07-25,FEDERALBNK,2.8419042178937404,RECONSTRUCTED
2024-07-25,HDFCBANK,27.958041073647582,RECONSTRUCTED
2024-07-25,ICICIBANK,24.03586315375669,RECONSTRUCTED
2024-07-25,IDFCFIRSTB,1.9610191472701397,RECONSTRUCTED
2024-07-25,INDUSINDBK,5.343245029393722,RECONSTRUCTED
2024-07-25,KOTAKBANK,10.266547390056854,RECONSTRUCTED
2024-07-25,PNB,2.0495918837859692,RECONSTRUCTED
2024-07-25,SBIN,10.386300114905067,RECONSTRUCTED
2024-07-26,AUBANK,2.1047989830446,RECONSTRUCTED
2024-07-26,AXISBANK,9.468568492140346,RECONSTRUCTED
2024-07-26,BANDHANBNK,0.9138712368486478,RECONSTRUCTED
2024-07-26,BANKBARODA,2.701339762505525,RECONSTRUCTED
2024-07-26,FEDERALBNK,2.727528259459841,RECONSTRUCTED
2024-07-26,HDFCBANK,27.763343303572125,RECONSTRUCTED
2024-07-26,ICICIBANK,24.030743408294192,RECONSTRUCTED
2024-07-26,IDFCFIRSTB,1.9408069473670475,RECONSTRUCTED
2024-07-26,INDUSINDBK,5.396278155460734,RECONSTRUCTED
2024-07-26,KOTAKBANK,10.40733538745839,RECONSTRUCTED
2024-07-26,PNB,2.071887704649794,RECONSTRUCTED
2024-07-26,SBIN,10.473498359198755,RECONSTRUCTED
2024-07-29,AUBANK,2.0991455489939215,RECONSTRUCTED
2024-07-29,AXISBANK,9.38963812557765,RECONSTRUCTED
2024-07-29,BANDHANBNK,1.0368267890595184,RECONSTRUCTED
2024-07-29,BANKBARODA,2.7624641580438545,RECONSTRUCTED
2024-07-29,FEDERALBNK,2.763041636458994,RECONSTRUCTED
2024-07-29,HDFCBANK,27.479400187969766,RECONSTRUCTED
2024-07-29,ICICIBANK,24.088350076222213,RECONSTRUCTED
2024-07-29,IDFCFIRSTB,1.9457368881196868,RECONSTRUCTED
2024-07-29,INDUSINDBK,5.413831481780578,RECONSTRUCTED
2024-07-29,KOTAKBANK,10.27074881377876,RECONSTRUCTED
2024-07-29,PNB,2.1889476684302576,RECONSTRUCTED
2024-07-29,SBIN,10.561868625564804,RECONSTRUCTED
2024-07-30,AUBANK,2.099797528928026,RECONSTRUCTED
2024-07-30,AXISBANK,9.37196888098427,RECONSTRUCTED
2024-07-30,BANDHANBNK,1.0391755551321258,RECONSTRUCTED
2024-07-30,BANKBARODA,2.761154970388053,RECONSTRUCTED
2024-07-30,FEDERALBNK,2.769348077824968,RECONSTRUCTED
2024-07-30,HDFCBANK,27.608297656520463,RECONSTRUCTED
2024-07-30,ICICIBANK,23.979611214852124,RECONSTRUCTED
2024-07-30,IDFCFIRSTB,1.9735631049713966,RECONSTRUCTED
2024-07-30,INDUSINDBK,5.473552777121604,RECONSTRUCTED
2024-07-30,KOTAKBANK,10.20728381923245,RECONSTRUCTED
2024-07-30,PNB,2.1592877933062447,RECONSTRUCTED
2024-07-30,SBIN,10.556958620738282,RECONSTRUCTED
2024-07-31,AUBANK,2.08,OFFICIAL
2024-07-31,AXISBANK,9.33,OFFICIAL
2024-07-31,BANDHANBNK,1.03,OFFICIAL
2024-07-31,BANKBARODA,2.73,OFFICIAL
2024-07-31,FEDERALBNK,2.76,OFFICIAL
2024-07-31,HDFCBANK,27.58,OFFICIAL
2024-07-31,ICICIBANK,24.06,OFFICIAL
2024-07-31,IDFCFIRSTB,1.97,OFFICIAL
2024-07-31,INDUSINDBK,5.46,OFFICIAL
2024-07-31,KOTAKBANK,10.32,OFFICIAL
2024-07-31,PNB,2.13,OFFICIAL
2024-07-31,SBIN,10.54,OFFICIAL
2024-08-01,AUBANK,2.069949707222194,RECONSTRUCTED
2024-08-01,AXISBANK,9.37834167042242,RECONSTRUCTED
2024-08-01,BANDHANBNK,1.0095156401342822,RECONSTRUCTED
2024-08-01,BANKBARODA,2.701479612011019,RECONSTRUCTED
2024-08-01,FEDERALBNK,2.7521363588125123,RECONSTRUCTED
2024-08-01,HDFCBANK,27.97931158347331,RECONSTRUCTED
2024-08-01,ICICIBANK,23.963235859860195,RECONSTRUCTED
2024-08-01,IDFCFIRSTB,1.9524001638006216,RECONSTRUCTED
2024-08-01,INDUSINDBK,5.427305817423226,RECONSTRUCTED
2024-08-01,KOTAKBANK,10.236503799636026,RECONSTRUCTED
2024-08-01,PNB,2.1114623676384148,RECONSTRUCTED
2024-08-01,SBIN,10.418357419565776,RECONSTRUCTED
2024-08-02,AUBANK,2.0555159722407423,RECONSTRUCTED
2024-08-02,AXISBANK,9.32540057435933,RECONSTRUCTED
2024-08-02,BANDHANBNK,1.008120750680724,RECONSTRUCTED
2024-08-02,BANKBARODA,2.6312084642433256,RECONSTRUCTED
2024-08-02,FEDERALBNK,2.7217431247527997,RECONSTRUCTED
2024-08-02,HDFCBANK,28.444665128746404,RECONSTRUCTED
2024-08-02,ICICIBANK,23.79354525397285,RECONSTRUCTED
2024-08-02,IDFCFIRSTB,1.9324419554135344,RECONSTRUCTED
2024-08-02,INDUSINDBK,5.390211775000683,RECONSTRUCTED
2024-08-02,KOTAKBANK,10.341043313853609,RECONSTRUCTED
2024-08-02,PNB,2.0738632531379064,RECONSTRUCTED
2024-08-02,SBIN,10.282240433598105,RECONSTRUCTED
2024-08-05,AUBANK,2.0886330790147465,RECONSTRUCTED
2024-08-05,AXISBANK,9.334379229637861,RECONSTRUCTED
2024-08-05,BANDHANBNK,0.9834038286293681,RECONSTRUCTED
2024-08-05,BANKBARODA,2.6557855822407817,RECONSTRUCTED
2024-08-05,FEDERALBNK,2.7215145961325233,RECONSTRUCTED
2024-08-05,HDFCBANK,28.396307128147548,RECONSTRUCTED
2024-08-05,ICICIBANK,23.90290701394721,RECONSTRUCTED
2024-08-05,IDFCFIRSTB,1.9196609644892801,RECONSTRUCTED
2024-08-05,INDUSINDBK,5.467154938746136,RECONSTRUCTED
2024-08-05,KOTAKBANK,10.425591411084902,RECONSTRUCTED
2024-08-05,PNB,2.014223498410578,RECONSTRUCTED
2024-08-05,SBIN,10.090438729519066,RECONSTRUCTED
2024-08-06,AUBANK,2.1160450619249014,RECONSTRUCTED
2024-08-06,AXISBANK,9.337527381935216,RECONSTRUCTED
2024-08-06,BANDHANBNK,0.9845204193680248,RECONSTRUCTED
2024-08-06,BANKBARODA,2.6691242168784717,RECONSTRUCTED
2024-08-06,FEDERALBNK,2.7192923119758006,RECONSTRUCTED
2024-08-06,HDFCBANK,28.335070327244566,RECONSTRUCTED
2024-08-06,ICICIBANK,23.9500749032429,RECONSTRUCTED
2024-08-06,IDFCFIRSTB,1.926216799270783,RECONSTRUCTED
2024-08-06,INDUSINDBK,5.471459018745697,RECONSTRUCTED
2024-08-06,KOTAKBANK,10.479293069178317,RECONSTRUCTED
2024-08-06,PNB,2.0258294475074052,RECONSTRUCTED
2024-08-06,SBIN,9.985547042727921,RECONSTRUCTED
2024-08-07,AUBANK,2.08371292539137,RECONSTRUCTED
2024-08-07,AXISBANK,9.35652723740958,RECONSTRUCTED
2024-08-07,BANDHANBNK,0.9895338308190076,RECONSTRUCTED
2024-08-07,BANKBARODA,2.6925236903221643,RECONSTRUCTED
2024-08-07,FEDERALBNK,2.717937363867007,RECONSTRUCTED
2024-08-07,HDFCBANK,28.51718793785885,RECONSTRUCTED
2024-08-07,ICICIBANK,23.88701420323265,RECONSTRUCTED
2024-08-07,IDFCFIRSTB,1.9324848815407383,RECONSTRUCTED
2024-08-07,INDUSINDBK,5.2900025264873936,RECONSTRUCTED
2024-08-07,KOTAKBANK,10.437029641908838,RECONSTRUCTED
2024-08-07,PNB,2.048301974481626,RECONSTRUCTED
2024-08-07,SBIN,10.047743786680762,RECONSTRUCTED
2024-08-08,AUBANK,2.066465965766988,RECONSTRUCTED
2024-08-08,AXISBANK,9.360583007636073,RECONSTRUCTED
2024-08-08,BANDHANBNK,0.9672751837353734,RECONSTRUCTED
2024-08-08,BANKBARODA,2.6678354386294516,RECONSTRUCTED
2024-08-08,FEDERALBNK,2.7311116560868447,RECONSTRUCTED
2024-08-08,HDFCBANK,28.832708205913672,RECONSTRUCTED
2024-08-08,ICICIBANK,23.709210769274108,RECONSTRUCTED
2024-08-08,IDFCFIRSTB,1.9177174371362737,RECONSTRUCTED
2024-08-08,INDUSINDBK,5.294467029341989,RECONSTRUCTED
2024-08-08,KOTAKBANK,10.406860926229779,RECONSTRUCTED
2024-08-08,PNB,2.013037936004335,RECONSTRUCTED
2024-08-08,SBIN,10.032726444245103,RECONSTRUCTED
2024-08-09,AUBANK,2.0525552198690122,RECONSTRUCTED
2024-08-09,AXISBANK,9.337385277018955,RECONSTRUCTED
2024-08-09,BANDHANBNK,0.9625379701671488,RECONSTRUCTED
2024-08-09,BANKBARODA,2.6999305909925755,RECONSTRUCTED
2024-08-09,FEDERALBNK,2.7663057186157207,RECONSTRUCTED
2024-08-09,HDFCBANK,28.776264408234155,RECONSTRUCTED
2024-08-09,ICICIBANK,23.696834069581595,RECONSTRUCTED
2024-08-09,IDFCFIRSTB,1.9272187936881175,RECONSTRUCTED
2024-08-09,INDUSINDBK,5.269847103358289,RECONSTRUCTED
2024-08-09,KOTAKBANK,10.321202289749486,RECONSTRUCTED
2024-08-09,PNB,2.021891603100002,RECONSTRUCTED
2024-08-09,SBIN,10.168026955624937,RECONSTRUCTED
2024-08-12,AUBANK,1.9957369909248888,RECONSTRUCTED
2024-08-12,AXISBANK,9.495880452689455,RECONSTRUCTED
2024-08-12,BANDHANBNK,0.9489595522591786,RECONSTRUCTED
2024-08-12,BANKBARODA,2.6839769844482335,RECONSTRUCTED
2024-08-12,FEDERALBNK,2.81262451477779,RECONSTRUCTED
2024-08-12,HDFCBANK,28.89537760111722,RECONSTRUCTED
2024-08-12,ICICIBANK,23.677247498925976,RECONSTRUCTED
2024-08-12,IDFCFIRSTB,1.8954053432981257,RECONSTRUCTED
2024-08-12,INDUSINDBK,5.264195509283043,RECONSTRUCTED
2024-08-12,KOTAKBANK,10.319001991347191,RECONSTRUCTED
2024-08-12,PNB,2.006422942647536,RECONSTRUCTED
2024-08-12,SBIN,10.00517061828136,RECONSTRUCTED
2024-08-13,AUBANK,2.0329298474442945,RECONSTRUCTED
2024-08-13,AXISBANK,9.599166015127366,RECONSTRUCTED
2024-08-13,BANDHANBNK,0.9414180056662761,RECONSTRUCTED
2024-08-13,BANKBARODA,2.6896769230227497,RECONSTRUCTED
2024-08-13,FEDERALBNK,2.8683593254581385,RECONSTRUCTED
2024-08-13,HDFCBANK,28.322839011710858,RECONSTRUCTED
2024-08-13,ICICIBANK,23.940607938318838,RECONSTRUCTED
2024-08-13,IDFCFIRSTB,1.9125323905362523,RECONSTRUCTED
2024-08-13,INDUSINDBK,5.342033211051977,RECONSTRUCTED
2024-08-13,KOTAKBANK,10.352390668806036,RECONSTRUCTED
2024-08-13,PNB,2.0311362304753593,RECONSTRUCTED
2024-08-13,SBIN,9.966910432381868,RECONSTRUCTED
2024-08-14,AUBANK,2.00757318741847,RECONSTRUCTED
2024-08-14,AXISBANK,9.565416392116825,RECONSTRUCTED
2024-08-14,BANDHANBNK,0.9306118368565606,RECONSTRUCTED
2024-08-14,BANKBARODA,2.6696854052531704,RECONSTRUCTED
2024-08-14,FEDERALBNK,2.881920765843404,RECONSTRUCTED
2024-08-14,HDFCBANK,28.463789290365284,RECONSTRUCTED
2024-08-14,ICICIBANK,23.853335697268125,RECONSTRUCTED
2024-08-14,IDFCFIRSTB,1.8958737577507225,RECONSTRUCTED
2024-08-14,INDUSINDBK,5.303713070677913,RECONSTRUCTED
2024-08-14,KOTAKBANK,10.349571064439724,RECONSTRUCTED
2024-08-14,PNB,2.022404673527801,RECONSTRUCTED
2024-08-14,SBIN,10.056104858482005,RECONSTRUCTED
2024-08-16,AUBANK,2.009454873605759,RECONSTRUCTED
2024-08-16,AXISBANK,9.528180703246544,RECONSTRUCTED
2024-08-16,BANDHANBNK,0.9237803360448607,RECONSTRUCTED
2024-08-16,BANKBARODA,2.671856143061837,RECONSTRUCTED
2024-08-16,FEDERALBNK,2.850027994664,RECONSTRUCTED
2024-08-16,HDFCBANK,28.442351730887832,RECONSTRUCTED
2024-08-16,ICICIBANK,23.997944702174536,RECONSTRUCTED
2024-08-16,IDFCFIRSTB,1.902190092714682,RECONSTRUCTED
2024-08-16,INDUSINDBK,5.322450413497324,RECONSTRUCTED
2024-08-16,KOTAKBANK,10.359160360015993,RECONSTRUCTED
2024-08-16,PNB,1.9815025237635069,RECONSTRUCTED
2024-08-16,SBIN,10.011100126323118,RECONSTRUCTED
2024-08-19,AUBANK,2.0221189507600164,RECONSTRUCTED
2024-08-19,AXISBANK,9.444900414994576,RECONSTRUCTED
2024-08-19,BANDHANBNK,0.928584236349075,RECONSTRUCTED
2024-08-19,BANKBARODA,2.7226647747910433,RECONSTRUCTED
2024-08-19,FEDERALBNK,2.8446795497050155,RECONSTRUCTED
2024-08-19,HDFCBANK,28.516622796494868,RECONSTRUCTED
2024-08-19,ICICIBANK,23.838626312302754,RECONSTRUCTED
2024-08-19,IDFCFIRSTB,1.9091257574067564,RECONSTRUCTED
2024-08-19,INDUSINDBK,5.273384816692441,RECONSTRUCTED
2024-08-19,KOTAKBANK,10.413387718944128,RECONSTRUCTED
2024-08-19,PNB,2.0254970874564684,RECONSTRUCTED
2024-08-19,SBIN,10.060407584102855,RECONSTRUCTED
2024-08-20,AUBANK,2.024038748521471,RECONSTRUCTED
2024-08-20,AXISBANK,9.483835636243644,RECONSTRUCTED
2024-08-20,BANDHANBNK,0.9440823308774502,RECONSTRUCTED
2024-08-20,BANKBARODA,2.775755799154056,RECONSTRUCTED
2024-08-20,FEDERALBNK,2.8343880801922765,RECONSTRUCTED
2024-08-20,HDFCBANK,28.379145094412017,RECONSTRUCTED
2024-08-20,ICICIBANK,23.705964305204606,RECONSTRUCTED
2024-08-20,IDFCFIRSTB,1.9280091927661964,RECONSTRUCTED
2024-08-20,INDUSINDBK,5.358999665011929,RECONSTRUCTED
2024-08-20,KOTAKBANK,10.465105448785405,RECONSTRUCTED
2024-08-20,PNB,2.0454637925652,RECONSTRUCTED
2024-08-20,SBIN,10.055211906265761,RECONSTRUCTED
2024-08-21,AUBANK,2.0419672309835293,RECONSTRUCTED
2024-08-21,AXISBANK,9.5579484651214,RECONSTRUCTED
2024-08-21,BANDHANBNK,0.9792414966334272,RECONSTRUCTED
2024-08-21,BANKBARODA,2.7718108504638486,RECONSTRUCTED
2024-08-21,FEDERALBNK,2.834694782230107,RECONSTRUCTED
2024-08-21,HDFCBANK,28.23836482239241,RECONSTRUCTED
2024-08-21,ICICIBANK,23.668349775615468,RECONSTRUCTED
2024-08-21,IDFCFIRSTB,1.939863844661404,RECONSTRUCTED
2024-08-21,INDUSINDBK,5.381945236369677,RECONSTRUCTED
2024-08-21,KOTAKBANK,10.53181760860468,RECONSTRUCTED
2024-08-21,PNB,2.0337916395673923,RECONSTRUCTED
2024-08-21,SBIN,10.020204247356663,RECONSTRUCTED
2024-08-22,AUBANK,2.0565720159985164,RECONSTRUCTED
2024-08-22,AXISBANK,9.465684124495866,RECONSTRUCTED
2024-08-22,BANDHANBNK,0.9814077736304714,RECONSTRUCTED
2024-08-22,BANKBARODA,2.7631070375685174,RECONSTRUCTED
2024-08-22,FEDERALBNK,2.8189794832485258,RECONSTRUCTED
2024-08-22,HDFCBANK,28.167112326819517,RECONSTRUCTED
2024-08-22,ICICIBANK,23.85447408232668,RECONSTRUCTED
2024-08-22,IDFCFIRSTB,1.973755721678652,RECONSTRUCTED
2024-08-22,INDUSINDBK,5.342147377136395,RECONSTRUCTED
2024-08-22,KOTAKBANK,10.519200722362672,RECONSTRUCTED
2024-08-22,PNB,2.0383198474802167,RECONSTRUCTED
2024-08-22,SBIN,10.019239487253982,RECONSTRUCTED
2024-08-23,AUBANK,2.0339782811051665,RECONSTRUCTED
2024-08-23,AXISBANK,9.442989833623392,RECONSTRUCTED
2024-08-23,BANDHANBNK,0.964671563024506,RECONSTRUCTED
2024-08-23,BANKBARODA,2.7485226219023033,RECONSTRUCTED
2024-08-23,FEDERALBNK,2.769683850288743,RECONSTRUCTED
2024-08-23,HDFCBANK,28.087954111476176,RECONSTRUCTED
2024-08-23,ICICIBANK,24.127515623751975,RECONSTRUCTED
2024-08-23,IDFCFIRSTB,1.951133866996372,RECONSTRUCTED
2024-08-23,INDUSINDBK,5.373356564299569,RECONSTRUCTED
2024-08-23,KOTAKBANK,10.509748778081146,RECONSTRUCTED
2024-08-23,PNB,2.0214583348873387,RECONSTRUCTED
2024-08-23,SBIN,9.968986570563299,RECONSTRUCTED
2024-08-26,AUBANK,2.050200907230345,RECONSTRUCTED
2024-08-26,AXISBANK,9.438438033628078,RECONSTRUCTED
2024-08-26,BANDHANBNK,0.9527174281489718,RECONSTRUCTED
2024-08-26,BANKBARODA,2.725062925503661,RECONSTRUCTED
2024-08-26,FEDERALBNK,2.7465876597309253,RECONSTRUCTED
2024-08-26,HDFCBANK,28.226518476145053,RECONSTRUCTED
2024-08-26,ICICIBANK,24.22189052891155,RECONSTRUCTED
2024-08-26,IDFCFIRSTB,1.934851076173404,RECONSTRUCTED
2024-08-26,INDUSINDBK,5.335196581690119,RECONSTRUCTED
2024-08-26,KOTAKBANK,10.43397519087405,RECONSTRUCTED
2024-08-26,PNB,2.0110693805337103,RECONSTRUCTED
2024-08-26,SBIN,9.92349181143015,RECONSTRUCTED
2024-08-27,AUBANK,2.0503054923782247,RECONSTRUCTED
2024-08-27,AXISBANK,9.502483558385197,RECONSTRUCTED
2024-08-27,BANDHANBNK,0.9550407554917841,RECONSTRUCTED
2024-08-27,BANKBARODA,2.715959430329991,RECONSTRUCTED
2024-08-27,FEDERALBNK,2.714639977477154,RECONSTRUCTED
2024-08-27,HDFCBANK,28.11685213577168,RECONSTRUCTED
2024-08-27,ICICIBANK,24.420056042404635,RECONSTRUCTED
2024-08-27,IDFCFIRSTB,1.9421621701877574,RECONSTRUCTED
2024-08-27,INDUSINDBK,5.316610293850239,RECONSTRUCTED
2024-08-27,KOTAKBANK,10.354859014106967,RECONSTRUCTED
2024-08-27,PNB,2.002493147076251,RECONSTRUCTED
2024-08-27,SBIN,9.90853798254011,RECONSTRUCTED
2024-08-28,AUBANK,2.0474570210382006,RECONSTRUCTED
2024-08-28,AXISBANK,9.444459920327395,RECONSTRUCTED
2024-08-28,BANDHANBNK,0.936603407272712,RECONSTRUCTED
2024-08-28,BANKBARODA,2.708485212133431,RECONSTRUCTED
2024-08-28,FEDERALBNK,2.702999178140466,RECONSTRUCTED
2024-08-28,HDFCBANK,28.179791082663165,RECONSTRUCTED
2024-08-28,ICICIBANK,24.43452409030925,RECONSTRUCTED
2024-08-28,IDFCFIRSTB,1.9344886145334739,RECONSTRUCTED
2024-08-28,INDUSINDBK,5.456069446371828,RECONSTRUCTED
2024-08-28,KOTAKBANK,10.312784996064831,RECONSTRUCTED
2024-08-28,PNB,1.9868221712490204,RECONSTRUCTED
2024-08-28,SBIN,9.855514859896243,RECONSTRUCTED
2024-08-29,AUBANK,2.072343466977507,RECONSTRUCTED
2024-08-29,AXISBANK,9.478701608910118,RECONSTRUCTED
2024-08-29,BANDHANBNK,0.9234408543615985,RECONSTRUCTED
2024-08-29,BANKBARODA,2.707471772550677,RECONSTRUCTED
2024-08-29,FEDERALBNK,2.7075036179406338,RECONSTRUCTED
2024-08-29,HDFCBANK,28.19984020060015,RECONSTRUCTED
2024-08-29,ICICIBANK,24.391344816588585,RECONSTRUCTED
2024-08-29,IDFCFIRSTB,1.911701169454139,RECONSTRUCTED
2024-08-29,INDUSINDBK,5.461669998396123,RECONSTRUCTED
2024-08-29,KOTAKBANK,10.230115782476615,RECONSTRUCTED
2024-08-29,PNB,1.9999791369967757,RECONSTRUCTED
2024-08-29,SBIN,9.915887574747085,RECONSTRUCTED
2024-08-30,AUBANK,2.22,OFFICIAL
2024-08-30,AXISBANK,9.44,OFFICIAL
2024-08-30,BANDHANBNK,0.95,OFFICIAL
2024-08-30,BANKBARODA,2.7,OFFICIAL
2024-08-30,FEDERALBNK,2.68,OFFICIAL
2024-08-30,HDFCBANK,28.06,OFFICIAL
2024-08-30,ICICIBANK,24.44,OFFICIAL
2024-08-30,IDFCFIRSTB,1.92,OFFICIAL
2024-08-30,INDUSINDBK,5.47,OFFICIAL
2024-08-30,KOTAKBANK,10.21,OFFICIAL
2024-08-30,PNB,2.01,OFFICIAL
2024-08-30,SBIN,9.89,OFFICIAL
2024-09-30,AUBANK,2.46,OFFICIAL
2024-09-30,AXISBANK,9.32,OFFICIAL
2024-09-30,BANKBARODA,2.74,OFFICIAL
2024-09-30,CANBK,2.23,OFFICIAL
2024-09-30,FEDERALBNK,2.86,OFFICIAL
2024-09-30,HDFCBANK,28.1,OFFICIAL
2024-09-30,ICICIBANK,23.81,OFFICIAL
2024-09-30,IDFCFIRSTB,1.99,OFFICIAL
2024-09-30,INDUSINDBK,5.68,OFFICIAL
2024-09-30,KOTAKBANK,9.37,OFFICIAL
2024-09-30,PNB,1.89,OFFICIAL
2024-09-30,SBIN,9.53,OFFICIAL
2024-10-01,AUBANK,2.420786950327205,RECONSTRUCTED
2024-10-01,AXISBANK,9.210684370898498,RECONSTRUCTED
2024-10-01,BANKBARODA,2.730624337388515,RECONSTRUCTED
2024-10-01,CANBK,2.188507241616837,RECONSTRUCTED
2024-10-01,FEDERALBNK,2.8401206584845147,RECONSTRUCTED
2024-10-01,HDFCBANK,27.77712692742775,RECONSTRUCTED
2024-10-01,ICICIBANK,23.64905697546975,RECONSTRUCTED
2024-10-01,IDFCFIRSTB,2.849987944649104,RECONSTRUCTED
2024-10-01,INDUSINDBK,5.4954766586074575,RECONSTRUCTED
2024-10-01,KOTAKBANK,9.43161809630722,RECONSTRUCTED
2024-10-01,PNB,1.8400290458438895,RECONSTRUCTED
2024-10-01,SBIN,9.565980792979257,RECONSTRUCTED
2024-10-03,AUBANK,2.467709816007268,RECONSTRUCTED
2024-10-03,AXISBANK,9.01152746949113,RECONSTRUCTED
2024-10-03,BANKBARODA,2.744243831114713,RECONSTRUCTED
2024-10-03,CANBK,2.1828231240271516,RECONSTRUCTED
2024-10-03,FEDERALBNK,2.8502997100550043,RECONSTRUCTED
2024-10-03,HDFCBANK,27.628216979278708,RECONSTRUCTED
2024-10-03,ICICIBANK,23.79848793221797,RECONSTRUCTED
2024-10-03,IDFCFIRSTB,2.8513652511555274,RECONSTRUCTED
2024-10-03,INDUSINDBK,5.522307163435968,RECONSTRUCTED
2024-10-03,KOTAKBANK,9.33762997511377,RECONSTRUCTED
2024-10-03,PNB,1.8755805054218007,RECONSTRUCTED
2024-10-03,SBIN,9.729808242680987,RECONSTRUCTED
2024-10-04,AUBANK,2.442647526425784,RECONSTRUCTED
2024-10-04,AXISBANK,9.099042797991853,RECONSTRUCTED
2024-10-04,BANKBARODA,2.8269301960678948,RECONSTRUCTED
2024-10-04,CANBK,2.19204638060157,RECONSTRUCTED
2024-10-04,FEDERALBNK,2.869460096596999,RECONSTRUCTED
2024-10-04,HDFCBANK,27.429682828248854,RECONSTRUCTED
2024-10-04,ICICIBANK,23.657776172263766,RECONSTRUCTED
2024-10-04,IDFCFIRSTB,2.8664736773589534,RECONSTRUCTED
2024-10-04,INDUSINDBK,5.543518212832707,RECONSTRUCTED
2024-10-04,KOTAKBANK,9.335493657465307,RECONSTRUCTED
2024-10-04,PNB,1.9036638252602718,RECONSTRUCTED
2024-10-04,SBIN,9.833264628886038,RECONSTRUCTED
2024-10-07,AUBANK,2.538305014527898,RECONSTRUCTED
2024-10-07,AXISBANK,9.01678273675316,RECONSTRUCTED
2024-10-07,BANKBARODA,2.790263108377229,RECONSTRUCTED
2024-10-07,CANBK,2.148487624574739,RECONSTRUCTED
2024-10-07,FEDERALBNK,2.7816672750999314,RECONSTRUCTED
2024-10-07,HDFCBANK,27.28541082913283,RECONSTRUCTED
2024-10-07,ICICIBANK,23.999239739158238,RECONSTRUCTED
2024-10-07,IDFCFIRSTB,2.937496067975548,RECONSTRUCTED
2024-10-07,INDUSINDBK,5.5194429666132745,RECONSTRUCTED
2024-10-07,KOTAKBANK,9.41651325405511,RECONSTRUCTED
2024-10-07,PNB,1.871006205427153,RECONSTRUCTED
2024-10-07,SBIN,9.695385178304889,RECONSTRUCTED
2024-10-08,AUBANK,2.4919396760254235,RECONSTRUCTED
2024-10-08,AXISBANK,8.98001853010669,RECONSTRUCTED
2024-10-08,BANKBARODA,2.8125616481839466,RECONSTRUCTED
2024-10-08,CANBK,2.155614821486685,RECONSTRUCTED
2024-10-08,FEDERALBNK,2.8052584590221237,RECONSTRUCTED
2024-10-08,HDFCBANK,27.549907198684743,RECONSTRUCTED
2024-10-08,ICICIBANK,23.79583838506927,RECONSTRUCTED
2024-10-08,IDFCFIRSTB,2.94286020251173,RECONSTRUCTED
2024-10-08,INDUSINDBK,5.495883976340927,RECONSTRUCTED
2024-10-08,KOTAKBANK,9.38475098559779,RECONSTRUCTED
2024-10-08,PNB,1.8587152187367704,RECONSTRUCTED
2024-10-08,SBIN,9.726650898233894,RECONSTRUCTED
2024-10-09,AUBANK,2.417278453987272,RECONSTRUCTED
2024-10-09,AXISBANK,9.114549193259244,RECONSTRUCTED
2024-10-09,BANKBARODA,2.803120109013341,RECONSTRUCTED
2024-10-09,CANBK,2.145101923429099,RECONSTRUCTED
2024-10-09,FEDERALBNK,2.777587290785088,RECONSTRUCTED
2024-10-09,HDFCBANK,27.261183461653673,RECONSTRUCTED
2024-10-09,ICICIBANK,23.94987372167768,RECONSTRUCTED
2024-10-09,IDFCFIRSTB,2.914146297071804,RECONSTRUCTED
2024-10-09,INDUSINDBK,5.425102533063762,RECONSTRUCTED
2024-10-09,KOTAKBANK,9.374646185577138,RECONSTRUCTED
2024-10-09,PNB,1.8886035719666283,RECONSTRUCTED
2024-10-09,SBIN,9.928807258515276,RECONSTRUCTED
2024-10-10,AUBANK,2.374548888342898,RECONSTRUCTED
2024-10-10,AXISBANK,9.1305796654585,RECONSTRUCTED
2024-10-10,BANKBARODA,2.771575418257243,RECONSTRUCTED
2024-10-10,CANBK,2.117798334423012,RECONSTRUCTED
2024-10-10,FEDERALBNK,2.746976520688743,RECONSTRUCTED
2024-10-10,HDFCBANK,27.46726774000069,RECONSTRUCTED
2024-10-10,ICICIBANK,23.693955801682538,RECONSTRUCTED
2024-10-10,IDFCFIRSTB,2.9143991419079214,RECONSTRUCTED
2024-10-10,INDUSINDBK,5.429379121674207,RECONSTRUCTED
2024-10-10,KOTAKBANK,9.667333201783704,RECONSTRUCTED
2024-10-10,PNB,1.8620367669002758,RECONSTRUCTED
2024-10-10,SBIN,9.824149398880278,RECONSTRUCTED
2024-10-11,AUBANK,2.358563442012906,RECONSTRUCTED
2024-10-11,AXISBANK,9.10294607478727,RECONSTRUCTED
2024-10-11,BANKBARODA,2.749821230439764,RECONSTRUCTED
2024-10-11,CANBK,2.1312050565924046,RECONSTRUCTED
2024-10-11,FEDERALBNK,2.794084722882524,RECONSTRUCTED
2024-10-11,HDFCBANK,27.47006494895275,RECONSTRUCTED
2024-10-11,ICICIBANK,23.466640694744935,RECONSTRUCTED
2024-10-11,IDFCFIRSTB,2.9039245568531347,RECONSTRUCTED
2024-10-11,INDUSINDBK,5.431953857216684,RECONSTRUCTED
2024-10-11,KOTAKBANK,9.76776720738286,RECONSTRUCTED
2024-10-11,PNB,1.897146840960246,RECONSTRUCTED
2024-10-11,SBIN,9.925881367174522,RECONSTRUCTED
2024-10-14,AUBANK,2.364987164084595,RECONSTRUCTED
2024-10-14,AXISBANK,8.927609313844687,RECONSTRUCTED
2024-10-14,BANKBARODA,2.7394770785033185,RECONSTRUCTED
2024-10-14,CANBK,2.113392372118456,RECONSTRUCTED
2024-10-14,FEDERALBNK,2.894537359768192,RECONSTRUCTED
2024-10-14,HDFCBANK,27.73797631026046,RECONSTRUCTED
2024-10-14,ICICIBANK,23.340546889328674,RECONSTRUCTED
2024-10-14,IDFCFIRSTB,2.8903903974145417,RECONSTRUCTED
2024-10-14,INDUSINDBK,5.455345428914744,RECONSTRUCTED
2024-10-14,KOTAKBANK,9.79180168676913,RECONSTRUCTED
2024-10-14,PNB,1.8753343497616748,RECONSTRUCTED
2024-10-14,SBIN,9.868601649231536,RECONSTRUCTED
2024-10-15,AUBANK,2.3434160496515313,RECONSTRUCTED
2024-10-15,AXISBANK,8.831921271960919,RECONSTRUCTED
2024-10-15,BANKBARODA,2.7265013930432116,RECONSTRUCTED
2024-10-15,CANBK,2.108554787773239,RECONSTRUCTED
2024-10-15,FEDERALBNK,2.9171830097299054,RECONSTRUCTED
2024-10-15,HDFCBANK,27.62477086912829,RECONSTRUCTED
2024-10-15,ICICIBANK,23.749768429953445,RECONSTRUCTED
2024-10-15,IDFCFIRSTB,2.877519325684608,RECONSTRUCTED
2024-10-15,INDUSINDBK,5.408034824169936,RECONSTRUCTED
2024-10-15,KOTAKBANK,9.695196815935278,RECONSTRUCTED
2024-10-15,PNB,1.8715818463784468,RECONSTRUCTED
2024-10-15,SBIN,9.845551376591173,RECONSTRUCTED
2024-10-16,AUBANK,2.3503587329208235,RECONSTRUCTED
2024-10-16,AXISBANK,8.84483434387439,RECONSTRUCTED
2024-10-16,BANKBARODA,2.735836711963579,RECONSTRUCTED
2024-10-16,CANBK,2.1116139889222056,RECONSTRUCTED
2024-10-16,FEDERALBNK,2.8609890358608854,RECONSTRUCTED
2024-10-16,HDFCBANK,27.938807701053204,RECONSTRUCTED
2024-10-16,ICICIBANK,23.56380562528972,RECONSTRUCTED
2024-10-16,IDFCFIRSTB,2.8627384516941294,RECONSTRUCTED
2024-10-16,INDUSINDBK,5.3608585249044545,RECONSTRUCTED
2024-10-16,KOTAKBANK,9.618219159958482,RECONSTRUCTED
2024-10-16,PNB,1.8766252147859808,RECONSTRUCTED
2024-10-16,SBIN,9.875312508772142,RECONSTRUCTED
2024-10-17,AUBANK,2.3414533485983577,RECONSTRUCTED
2024-10-17,AXISBANK,8.767789522282161,RECONSTRUCTED
2024-10-17,BANKBARODA,2.7383767013709623,RECONSTRUCTED
2024-10-17,CANBK,2.0944928551573705,RECONSTRUCTED
2024-10-17,FEDERALBNK,2.877821737494599,RECONSTRUCTED
2024-10-17,HDFCBANK,27.77544925624444,RECONSTRUCTED
2024-10-17,ICICIBANK,23.57134213804035,RECONSTRUCTED
2024-10-17,IDFCFIRSTB,2.87211437408069,RECONSTRUCTED
2024-10-17,INDUSINDBK,5.418625019510065,RECONSTRUCTED
2024-10-17,KOTAKBANK,9.65060511202722,RECONSTRUCTED
2024-10-17,PNB,1.848638582985758,RECONSTRUCTED
2024-10-17,SBIN,10.043291352208033,RECONSTRUCTED
2024-10-18,AUBANK,2.294183249578116,RECONSTRUCTED
2024-10-18,AXISBANK,9.127983989028019,RECONSTRUCTED
2024-10-18,BANKBARODA,2.7630113077034264,RECONSTRUCTED
2024-10-18,CANBK,2.105771031841457,RECONSTRUCTED
2024-10-18,FEDERALBNK,2.8580659900811987,RECONSTRUCTED
2024-10-18,HDFCBANK,27.48826816632487,RECONSTRUCTED
2024-10-18,ICICIBANK,23.83366369161591,RECONSTRUCTED
2024-10-18,IDFCFIRSTB,2.8210142528423283,RECONSTRUCTED
2024-10-18,INDUSINDBK,5.334463753225968,RECONSTRUCTED
2024-10-18,KOTAKBANK,9.537098898278115,RECONSTRUCTED
2024-10-18,PNB,1.8344494271710268,RECONSTRUCTED
2024-10-18,SBIN,10.002026242309558,RECONSTRUCTED
2024-10-21,AUBANK,2.236747036084434,RECONSTRUCTED
2024-10-21,AXISBANK,9.101028830443155,RECONSTRUCTED
2024-10-21,BANKBARODA,2.74543585223762,RECONSTRUCTED
2024-10-21,CANBK,2.0745999058260884,RECONSTRUCTED
2024-10-21,FEDERALBNK,2.837284811280701,RECONSTRUCTED
2024-10-21,HDFCBANK,28.325570292342643,RECONSTRUCTED
2024-10-21,ICICIBANK,23.791063797808913,RECONSTRUCTED
2024-10-21,IDFCFIRSTB,2.781927664740945,RECONSTRUCTED
2024-10-21,INDUSINDBK,5.193166306319476,RECONSTRUCTED
2024-10-21,KOTAKBANK,9.142999446349332,RECONSTRUCTED
2024-10-21,PNB,1.821644622420774,RECONSTRUCTED
2024-10-21,SBIN,9.94853143414592,RECONSTRUCTED
2024-10-22,AUBANK,2.177665327549402,RECONSTRUCTED
2024-10-22,AXISBANK,9.113518538097981,RECONSTRUCTED
2024-10-22,BANKBARODA,2.6459720603255046,RECONSTRUCTED
2024-10-22,CANBK,1.9790435949971892,RECONSTRUCTED
2024-10-22,FEDERALBNK,2.816101668646693,RECONSTRUCTED
2024-10-22,HDFCBANK,28.480409043161593,RECONSTRUCTED
2024-10-22,ICICIBANK,24.280402934620195,RECONSTRUCTED
2024-10-22,IDFCFIRSTB,2.7368945782431635,RECONSTRUCTED
2024-10-22,INDUSINDBK,5.128227083090136,RECONSTRUCTED
2024-10-22,KOTAKBANK,9.133896850993596,RECONSTRUCTED
2024-10-22,PNB,1.7142039200289418,RECONSTRUCTED
2024-10-22,SBIN,9.793664400245609,RECONSTRUCTED
2024-10-23,AUBANK,2.2246682115139422,RECONSTRUCTED
2024-10-23,AXISBANK,8.997729425296786,RECONSTRUCTED
2024-10-23,BANKBARODA,2.6957371521081863,RECONSTRUCTED
2024-10-23,CANBK,1.9981546404869428,RECONSTRUCTED
2024-10-23,FEDERALBNK,2.8078764871974182,RECONSTRUCTED
2024-10-23,HDFCBANK,28.843626754062335,RECONSTRUCTED
2024-10-23,ICICIBANK,23.98433001114584,RECONSTRUCTED
2024-10-23,IDFCFIRSTB,2.668136951564679,RECONSTRUCTED
2024-10-23,INDUSINDBK,5.1298459441059565,RECONSTRUCTED
2024-10-23,KOTAKBANK,9.161236316496527,RECONSTRUCTED
2024-10-23,PNB,1.7460564152666165,RECONSTRUCTED
2024-10-23,SBIN,9.742601690754768,RECONSTRUCTED
2024-10-24,AUBANK,2.190345660962707,RECONSTRUCTED
2024-10-24,AXISBANK,9.000309584068434,RECONSTRUCTED
2024-10-24,BANKBARODA,2.7571660555191415,RECONSTRUCTED
2024-10-24,CANBK,1.9969969328434953,RECONSTRUCTED
2024-10-24,FEDERALBNK,2.7940309275654887,RECONSTRUCTED
2024-10-24,HDFCBANK,28.908963151331502,RECONSTRUCTED
2024-10-24,ICICIBANK,23.870284741177855,RECONSTRUCTED
2024-10-24,IDFCFIRSTB,2.7115874031415452,RECONSTRUCTED
2024-10-24,INDUSINDBK,5.123782961706238,RECONSTRUCTED
2024-10-24,KOTAKBANK,9.080448608323655,RECONSTRUCTED
2024-10-24,PNB,1.7733313249756515,RECONSTRUCTED
2024-10-24,SBIN,9.792752648384306,RECONSTRUCTED
2024-10-25,AUBANK,2.0807896799767476,RECONSTRUCTED
2024-10-25,AXISBANK,9.304272386209357,RECONSTRUCTED
2024-10-25,BANKBARODA,2.737555274693372,RECONSTRUCTED
2024-10-25,CANBK,1.9447411056553539,RECONSTRUCTED
2024-10-25,FEDERALBNK,2.7956356202130794,RECONSTRUCTED
2024-10-25,HDFCBANK,29.227707654769063,RECONSTRUCTED
2024-10-25,ICICIBANK,24.272191385559953,RECONSTRUCTED
2024-10-25,IDFCFIRSTB,2.6482144855497984,RECONSTRUCTED
2024-10-25,INDUSINDBK,4.2303971521451205,RECONSTRUCTED
2024-10-25,KOTAKBANK,9.248248538115472,RECONSTRUCTED
2024-10-25,PNB,1.744101879137646,RECONSTRUCTED
2024-10-25,SBIN,9.76614483797504,RECONSTRUCTED
2024-10-28,AUBANK,2.114505338641736,RECONSTRUCTED
2024-10-28,AXISBANK,9.081076172813097,RECONSTRUCTED
2024-10-28,BANKBARODA,2.8301362399173966,RECONSTRUCTED
2024-10-28,CANBK,2.0587237455781953,RECONSTRUCTED
2024-10-28,FEDERALBNK,2.7513197848302835,RECONSTRUCTED
2024-10-28,HDFCBANK,28.805943956778922,RECONSTRUCTED
2024-10-28,ICICIBANK,24.76526178030595,RECONSTRUCTED
2024-10-28,IDFCFIRSTB,2.6891419052705983,RECONSTRUCTED
2024-10-28,INDUSINDBK,4.244587662980467,RECONSTRUCTED
2024-10-28,KOTAKBANK,9.06472273710098,RECONSTRUCTED
2024-10-28,PNB,1.7807683985890597,RECONSTRUCTED
2024-10-28,SBIN,9.813812277193309,RECONSTRUCTED
2024-10-29,AUBANK,2.076630632247091,RECONSTRUCTED
2024-10-29,AXISBANK,9.012697945548856,RECONSTRUCTED
2024-10-29,BANKBARODA,2.8242134641560535,RECONSTRUCTED
2024-10-29,CANBK,2.078465032674051,RECONSTRUCTED
2024-10-29,FEDERALBNK,2.9244299150918005,RECONSTRUCTED
2024-10-29,HDFCBANK,28.508927105544807,RECONSTRUCTED
2024-10-29,ICICIBANK,24.99488395838034,RECONSTRUCTED
2024-10-29,IDFCFIRSTB,2.6530460953740516,RECONSTRUCTED
2024-10-29,INDUSINDBK,4.092856528855031,RECONSTRUCTED
2024-10-29,KOTAKBANK,8.933399298196312,RECONSTRUCTED
2024-10-29,PNB,1.7922287743752965,RECONSTRUCTED
2024-10-29,SBIN,10.108221249556328,RECONSTRUCTED
2024-10-30,AUBANK,2.0563712120093065,RECONSTRUCTED
2024-10-30,AXISBANK,8.975822128533348,RECONSTRUCTED
2024-10-30,BANKBARODA,2.8176805297942518,RECONSTRUCTED
2024-10-30,CANBK,2.0909622999281945,RECONSTRUCTED
2024-10-30,FEDERALBNK,2.9907766000564764,RECONSTRUCTED
2024-10-30,HDFCBANK,28.507835268980212,RECONSTRUCTED
2024-10-30,ICICIBANK,24.869109642261108,RECONSTRUCTED
2024-10-30,IDFCFIRSTB,2.726492778250149,RECONSTRUCTED
2024-10-30,INDUSINDBK,4.206062752407309,RECONSTRUCTED
2024-10-30,KOTAKBANK,8.890680716317508,RECONSTRUCTED
2024-10-30,PNB,1.785511258471191,RECONSTRUCTED
2024-10-30,SBIN,10.082694812990944,RECONSTRUCTED
2024-10-31,AUBANK,2.08,OFFICIAL
2024-10-31,AXISBANK,8.95,OFFICIAL
2024-10-31,BANKBARODA,2.83,OFFICIAL
2024-10-31,CANBK,2.09,OFFICIAL
2024-10-31,FEDERALBNK,3.02,OFFICIAL
2024-10-31,HDFCBANK,28.71,OFFICIAL
2024-10-31,ICICIBANK,24.65,OFFICIAL
2024-10-31,IDFCFIRSTB,2.63,OFFICIAL
2024-10-31,INDUSINDBK,4.23,OFFICIAL
2024-10-31,KOTAKBANK,8.93,OFFICIAL
2024-10-31,PNB,1.76,OFFICIAL
2024-10-31,SBIN,10.12,OFFICIAL
2024-11-01,AUBANK,2.089558387775515,RECONSTRUCTED
2024-11-01,AXISBANK,8.989614604781089,RECONSTRUCTED
2024-11-01,BANKBARODA,2.8523883034758923,RECONSTRUCTED
2024-11-01,CANBK,2.1148858572301004,RECONSTRUCTED
2024-11-01,FEDERALBNK,3.0152074491513146,RECONSTRUCTED
2024-11-01,HDFCBANK,28.62888128645922,RECONSTRUCTED
2024-11-01,ICICIBANK,24.543425526478185,RECONSTRUCTED
2024-11-01,IDFCFIRSTB,2.6707929701854356,RECONSTRUCTED
2024-11-01,INDUSINDBK,4.234746543342753,RECONSTRUCTED
2024-11-01,KOTAKBANK,8.959392370162911,RECONSTRUCTED
2024-11-01,PNB,1.8037195468180494,RECONSTRUCTED
2024-11-01,SBIN,10.097387154139543,RECONSTRUCTED
2024-11-04,AUBANK,2.1359307575828703,RECONSTRUCTED
2024-11-04,AXISBANK,8.8351277136582,RECONSTRUCTED
2024-11-04,BANKBARODA,2.866018547173523,RECONSTRUCTED
2024-11-04,CANBK,2.0917461487390034,RECONSTRUCTED
2024-11-04,FEDERALBNK,3.0439946957775006,RECONSTRUCTED
2024-11-04,HDFCBANK,28.49949911528001,RECONSTRUCTED
2024-11-04,ICICIBANK,24.48332068686217,RECONSTRUCTED
2024-11-04,IDFCFIRSTB,2.641736987292914,RECONSTRUCTED
2024-11-04,INDUSINDBK,4.277893651105278,RECONSTRUCTED
2024-11-04,KOTAKBANK,8.961627564944065,RECONSTRUCTED
2024-11-04,PNB,1.8679896521964172,RECONSTRUCTED
2024-11-04,SBIN,10.295114479388042,RECONSTRUCTED
2024-11-05,AUBANK,2.056320614817849,RECONSTRUCTED
2024-11-05,AXISBANK,8.914143002696651,RECONSTRUCTED
2024-11-05,BANKBARODA,2.8699901658795635,RECONSTRUCTED
2024-11-05,CANBK,2.0874431060372527,RECONSTRUCTED
2024-11-05,FEDERALBNK,2.985868961627223,RECONSTRUCTED
2024-11-05,HDFCBANK,28.671621719727717,RECONSTRUCTED
2024-11-05,ICICIBANK,24.38486157233588,RECONSTRUCTED
2024-11-05,IDFCFIRSTB,2.6104424438817007,RECONSTRUCTED
2024-11-05,INDUSINDBK,4.300368875186622,RECONSTRUCTED
2024-11-05,KOTAKBANK,8.932688760890047,RECONSTRUCTED
2024-11-05,PNB,1.851239855842026,RECONSTRUCTED
2024-11-05,SBIN,10.335010921077467,RECONSTRUCTED
2024-11-06,AUBANK,2.0386180797108393,RECONSTRUCTED
2024-11-06,AXISBANK,8.855894134232962,RECONSTRUCTED
2024-11-06,BANKBARODA,2.915584248376241,RECONSTRUCTED
2024-11-06,CANBK,2.114794438434872,RECONSTRUCTED
2024-11-06,FEDERALBNK,2.986437020101055,RECONSTRUCTED
2024-11-06,HDFCBANK,28.568927221154627,RECONSTRUCTED
2024-11-06,ICICIBANK,24.439538697405254,RECONSTRUCTED
2024-11-06,IDFCFIRSTB,2.6277303451976493,RECONSTRUCTED
2024-11-06,INDUSINDBK,4.24230227293385,RECONSTRUCTED
2024-11-06,KOTAKBANK,8.941525869005918,RECONSTRUCTED
2024-11-06,PNB,1.887389922625873,RECONSTRUCTED
2024-11-06,SBIN,10.381257750820858,RECONSTRUCTED
2024-11-07,AUBANK,2.0290915992018905,RECONSTRUCTED
2024-11-07,AXISBANK,8.873778003698119,RECONSTRUCTED
2024-11-07,BANKBARODA,2.940333794873261,RECONSTRUCTED
2024-11-07,CANBK,2.127478233963626,RECONSTRUCTED
2024-11-07,FEDERALBNK,3.028163370851879,RECONSTRUCTED
2024-11-07,HDFCBANK,28.646812944730705,RECONSTRUCTED
2024-11-07,ICICIBANK,24.18100201411915,RECONSTRUCTED
2024-11-07,IDFCFIRSTB,2.6333717916044024,RECONSTRUCTED
2024-11-07,INDUSINDBK,4.192345042908445,RECONSTRUCTED
2024-11-07,KOTAKBANK,8.930304235667935,RECONSTRUCTED
2024-11-07,PNB,1.897162346134818,RECONSTRUCTED
2024-11-07,SBIN,10.520156622245791,RECONSTRUCTED
2024-11-08,AUBANK,1.9696372098818054,RECONSTRUCTED
2024-11-08,AXISBANK,8.943027112166872,RECONSTRUCTED
2024-11-08,BANKBARODA,2.89130284196029,RECONSTRUCTED
2024-11-08,CANBK,2.1140063524427903,RECONSTRUCTED
2024-11-08,FEDERALBNK,3.060282703686828,RECONSTRUCTED
2024-11-08,HDFCBANK,28.974723828343734,RECONSTRUCTED
2024-11-08,ICICIBANK,23.969701875691506,RECONSTRUCTED
2024-11-08,IDFCFIRSTB,2.6160459205581437,RECONSTRUCTED
2024-11-08,INDUSINDBK,4.209256866984826,RECONSTRUCTED
2024-11-08,KOTAKBANK,8.986192529800672,RECONSTRUCTED
2024-11-08,PNB,1.8758678365756731,RECONSTRUCTED
2024-11-08,SBIN,10.38995492190685,RECONSTRUCTED
2024-11-11,AUBANK,1.942147840744932,RECONSTRUCTED
2024-11-11,AXISBANK,8.965576530891019,RECONSTRUCTED
2024-11-11,BANKBARODA,2.893314825752044,RECONSTRUCTED
2024-11-11,CANBK,2.1052004553420076,RECONSTRUCTED
2024-11-11,FEDERALBNK,3.05579021967071,RECONSTRUCTED
2024-11-11,HDFCBANK,28.992994545005136,RECONSTRUCTED
2024-11-11,ICICIBANK,24.02167151013099,RECONSTRUCTED
2024-11-11,IDFCFIRSTB,2.6369783706843433,RECONSTRUCTED
2024-11-11,INDUSINDBK,4.2114441084458445,RECONSTRUCTED
2024-11-11,KOTAKBANK,8.92232433223383,RECONSTRUCTED
2024-11-11,PNB,1.870685004422913,RECONSTRUCTED
2024-11-11,SBIN,10.381872256676235,RECONSTRUCTED
2024-11-12,AUBANK,1.9803836582570173,RECONSTRUCTED
2024-11-12,AXISBANK,8.991814205507167,RECONSTRUCTED
2024-11-12,BANKBARODA,2.8698133702244575,RECONSTRUCTED
2024-11-12,CANBK,2.0856764499018388,RECONSTRUCTED
2024-11-12,FEDERALBNK,3.091875151564805,RECONSTRUCTED
2024-11-12,HDFCBANK,28.599833561443223,RECONSTRUCTED
2024-11-12,ICICIBANK,24.384226340058603,RECONSTRUCTED
2024-11-12,IDFCFIRSTB,2.6611831456578474,RECONSTRUCTED
2024-11-12,INDUSINDBK,4.26560043760109,RECONSTRUCTED
2024-11-12,KOTAKBANK,8.93047399656738,RECONSTRUCTED
2024-11-12,PNB,1.871536305303207,RECONSTRUCTED
2024-11-12,SBIN,10.267583377913365,RECONSTRUCTED
2024-11-13,AUBANK,1.958243765253879,RECONSTRUCTED
2024-11-13,AXISBANK,9.033142963508393,RECONSTRUCTED
2024-11-13,BANKBARODA,2.8220582752108236,RECONSTRUCTED
2024-11-13,CANBK,2.0636801667264155,RECONSTRUCTED
2024-11-13,FEDERALBNK,3.0376836894463435,RECONSTRUCTED
2024-11-13,HDFCBANK,28.584024490013576,RECONSTRUCTED
2024-11-13,ICICIBANK,24.573624165858725,RECONSTRUCTED
2024-11-13,IDFCFIRSTB,2.6104991807297546,RECONSTRUCTED
2024-11-13,INDUSINDBK,4.26272455836868,RECONSTRUCTED
2024-11-13,KOTAKBANK,8.943386828489384,RECONSTRUCTED
2024-11-13,PNB,1.853081835907569,RECONSTRUCTED
2024-11-13,SBIN,10.25785008048646,RECONSTRUCTED
2024-11-14,AUBANK,2.0003432086947317,RECONSTRUCTED
2024-11-14,AXISBANK,9.028985478446067,RECONSTRUCTED
2024-11-14,BANKBARODA,2.7960861456348667,RECONSTRUCTED
2024-11-14,CANBK,2.042330228521183,RECONSTRUCTED
2024-11-14,FEDERALBNK,2.9956607868839087,RECONSTRUCTED
2024-11-14,HDFCBANK,28.725501093510424,RECONSTRUCTED
2024-11-14,ICICIBANK,24.592525594532326,RECONSTRUCTED
2024-11-14,IDFCFIRSTB,2.5971509578916714,RECONSTRUCTED
2024-11-14,INDUSINDBK,4.174733142820246,RECONSTRUCTED
2024-11-14,KOTAKBANK,9.033169302546572,RECONSTRUCTED
2024-11-14,PNB,1.8300304206519113,RECONSTRUCTED
2024-11-14,SBIN,10.183483639866097,RECONSTRUCTED
2024-11-18,AUBANK,2.0107324218821545,RECONSTRUCTED
2024-11-18,AXISBANK,8.881584695979235,RECONSTRUCTED
2024-11-18,BANKBARODA,2.784698006661418,RECONSTRUCTED
2024-11-18,CANBK,2.0492566279695543,RECONSTRUCTED
2024-11-18,FEDERALBNK,3.034243650826313,RECONSTRUCTED
2024-11-18,HDFCBANK,28.829165474370615,RECONSTRUCTED
2024-11-18,ICICIBANK,24.434281338508928,RECONSTRUCTED
2024-11-18,IDFCFIRSTB,2.6741578174491654,RECONSTRUCTED
2024-11-18,INDUSINDBK,4.108131301477423,RECONSTRUCTED
2024-11-18,KOTAKBANK,9.078359898005655,RECONSTRUCTED
2024-11-18,PNB,1.84239177621507,RECONSTRUCTED
2024-11-18,SBIN,10.272996990654457,RECONSTRUCTED
2024-11-19,AUBANK,2.041755328420901,RECONSTRUCTED
2024-11-19,AXISBANK,8.896298444203007,RECONSTRUCTED
2024-11-19,BANKBARODA,2.7220495259336746,RECONSTRUCTED
2024-11-19,CANBK,2.030939934911531,RECONSTRUCTED
2024-11-19,FEDERALBNK,3.1149697713414555,RECONSTRUCTED
2024-11-19,HDFCBANK,29.304424004871677,RECONSTRUCTED
2024-11-19,ICICIBANK,24.223130200164995,RECONSTRUCTED
2024-11-19,IDFCFIRSTB,2.6233384179378834,RECONSTRUCTED
2024-11-19,INDUSINDBK,4.068913823758048,RECONSTRUCTED
2024-11-19,KOTAKBANK,9.05746237278347,RECONSTRUCTED
2024-11-19,PNB,1.8388477278281201,RECONSTRUCTED
2024-11-19,SBIN,10.077870447845232,RECONSTRUCTED
2024-11-21,AUBANK,2.062103812365245,RECONSTRUCTED
2024-11-21,AXISBANK,8.982088628113255,RECONSTRUCTED
2024-11-21,BANKBARODA,2.635412038614874,RECONSTRUCTED
2024-11-21,CANBK,1.9712547134338838,RECONSTRUCTED
2024-11-21,FEDERALBNK,3.1947347291870667,RECONSTRUCTED
2024-11-21,HDFCBANK,29.434208227735297,RECONSTRUCTED
2024-11-21,ICICIBANK,24.373342920656544,RECONSTRUCTED
2024-11-21,IDFCFIRSTB,2.5680004021332565,RECONSTRUCTED
2024-11-21,INDUSINDBK,4.012737995696941,RECONSTRUCTED
2024-11-21,KOTAKBANK,9.152325141706724,RECONSTRUCTED
2024-11-21,PNB,1.7658330693411113,RECONSTRUCTED
2024-11-21,SBIN,9.847958321015799,RECONSTRUCTED
2024-11-22,AUBANK,2.037512010295671,RECONSTRUCTED
2024-11-22,AXISBANK,8.873398652726166,RECONSTRUCTED
2024-11-22,BANKBARODA,2.6813265064914007,RECONSTRUCTED
2024-11-22,CANBK,1.9942825332694962,RECONSTRUCTED
2024-11-22,FEDERALBNK,3.124562674492858,RECONSTRUCTED
2024-11-22,HDFCBANK,29.068579536929427,RECONSTRUCTED
2024-11-22,ICICIBANK,24.537892549945127,RECONSTRUCTED
2024-11-22,IDFCFIRSTB,2.578341191630893,RECONSTRUCTED
2024-11-22,INDUSINDBK,4.020365780412825,RECONSTRUCTED
2024-11-22,KOTAKBANK,9.142233669227535,RECONSTRUCTED
2024-11-22,PNB,1.8017757177754126,RECONSTRUCTED
2024-11-22,SBIN,10.139729176803176,RECONSTRUCTED
2024-11-25,AUBANK,1.9976804991119705,RECONSTRUCTED
2024-11-25,AXISBANK,8.793883466144035,RECONSTRUCTED
2024-11-25,BANKBARODA,2.7497872086091917,RECONSTRUCTED
2024-11-25,CANBK,2.0332659640364628,RECONSTRUCTED
2024-11-25,FEDERALBNK,3.1117041025167023,RECONSTRUCTED
2024-11-25,HDFCBANK,29.124058692646475,RECONSTRUCTED
2024-11-25,ICICIBANK,24.464630716840897,RECONSTRUCTED
2024-11-25,IDFCFIRSTB,2.5450768402531305,RECONSTRUCTED
2024-11-25,INDUSINDBK,3.958713048509524,RECONSTRUCTED
2024-11-25,KOTAKBANK,9.103441396004918,RECONSTRUCTED
2024-11-25,PNB,1.8406204977172151,RECONSTRUCTED
2024-11-25,SBIN,10.27713756760947,RECONSTRUCTED
2024-11-26,AUBANK,1.98254336857348,RECONSTRUCTED
2024-11-26,AXISBANK,8.712110465877064,RECONSTRUCTED
2024-11-26,BANKBARODA,2.7550840690069855,RECONSTRUCTED
2024-11-26,CANBK,2.050204814657703,RECONSTRUCTED
2024-11-26,FEDERALBNK,3.1237718753414465,RECONSTRUCTED
2024-11-26,HDFCBANK,29.132184157124623,RECONSTRUCTED
2024-11-26,ICICIBANK,24.547385399346187,RECONSTRUCTED
2024-11-26,IDFCFIRSTB,2.565153946639903,RECONSTRUCTED
2024-11-26,INDUSINDBK,3.983999708047153,RECONSTRUCTED
2024-11-26,KOTAKBANK,9.069877363032997,RECONSTRUCTED
2024-11-26,PNB,1.8588705801747287,RECONSTRUCTED
2024-11-26,SBIN,10.218814252177731,RECONSTRUCTED
2024-11-27,AUBANK,1.9723437582242314,RECONSTRUCTED
2024-11-27,AXISBANK,8.730572178114585,RECONSTRUCTED
2024-11-27,BANKBARODA,2.737611304219398,RECONSTRUCTED
2024-11-27,CANBK,2.041259118002709,RECONSTRUCTED
2024-11-27,FEDERALBNK,3.1060962799382374,RECONSTRUCTED
2024-11-27,HDFCBANK,29.506278129765377,RECONSTRUCTED
2024-11-27,ICICIBANK,24.415848442757078,RECONSTRUCTED
2024-11-27,IDFCFIRSTB,2.520842147627168,RECONSTRUCTED
2024-11-27,INDUSINDBK,3.94547518650856,RECONSTRUCTED
2024-11-27,KOTAKBANK,9.048723492697054,RECONSTRUCTED
2024-11-27,PNB,1.8420682674909867,RECONSTRUCTED
2024-11-27,SBIN,10.13288169465462,RECONSTRUCTED
2024-11-28,AUBANK,1.973872960772425,RECONSTRUCTED
2024-11-28,AXISBANK,8.665772089251993,RECONSTRUCTED
2024-11-28,BANKBARODA,2.7869828664495113,RECONSTRUCTED
2024-11-28,CANBK,2.083928474982021,RECONSTRUCTED
2024-11-28,FEDERALBNK,3.102825822623558,RECONSTRUCTED
2024-11-28,HDFCBANK,29.416632207705906,RECONSTRUCTED
2024-11-28,ICICIBANK,24.330207889637375,RECONSTRUCTED
2024-11-28,IDFCFIRSTB,2.544378403666411,RECONSTRUCTED
2024-11-28,INDUSINDBK,3.9423650707585924,RECONSTRUCTED
2024-11-28,KOTAKBANK,8.994861218178011,RECONSTRUCTED
2024-11-28,PNB,1.8900479595965722,RECONSTRUCTED
2024-11-28,SBIN,10.268125036377638,RECONSTRUCTED
2024-11-29,AUBANK,1.96,OFFICIAL
2024-11-29,AXISBANK,8.67,OFFICIAL
2024-11-29,BANKBARODA,2.75,OFFICIAL
2024-11-29,CANBK,2.06,OFFICIAL
2024-11-29,FEDERALBNK,3.09,OFFICIAL
2024-11-29,HDFCBANK,29.38,OFFICIAL
2024-11-29,ICICIBANK,24.52,OFFICIAL
2024-11-29,IDFCFIRSTB,2.53,OFFICIAL
2024-11-29,INDUSINDBK,3.94,OFFICIAL
2024-11-29,KOTAKBANK,9.0,OFFICIAL
2024-11-29,PNB,1.86,OFFICIAL
2024-11-29,SBIN,10.24,OFFICIAL
2024-12-02,AUBANK,2.2648473652661987,RECONSTRUCTED
2024-12-02,AXISBANK,8.904887690590737,RECONSTRUCTED
2024-12-02,BANKBARODA,3.1903829879374817,RECONSTRUCTED
2024-12-02,CANBK,2.3804179988470406,RECONSTRUCTED
2024-12-02,FEDERALBNK,3.551546316227233,RECONSTRUCTED
2024-12-02,HDFCBANK,27.93785394208483,RECONSTRUCTED
2024-12-02,ICICIBANK,24.826539064486195,RECONSTRUCTED
2024-12-02,IDFCFIRSTB,2.7679472783216283,RECONSTRUCTED
2024-12-02,INDUSINDBK,4.544523650794976,RECONSTRUCTED
2024-12-02,KOTAKBANK,8.43733782923751,RECONSTRUCTED
2024-12-02,PNB,2.513508723288794,RECONSTRUCTED
2024-12-02,SBIN,8.68020715291738,RECONSTRUCTED
2024-12-03,AUBANK,2.2902618291868206,RECONSTRUCTED
2024-12-03,AXISBANK,8.985413333134131,RECONSTRUCTED
2024-12-03,BANKBARODA,3.2585224797101846,RECONSTRUCTED
2024-12-03,CANBK,2.432417118855032,RECONSTRUCTED
2024-12-03,FEDERALBNK,3.5261816684458935,RECONSTRUCTED
2024-12-03,HDFCBANK,27.952668316722225,RECONSTRUCTED
2024-12-03,ICICIBANK,24.616472868394695,RECONSTRUCTED
2024-12-03,IDFCFIRSTB,2.7710866898249984,RECONSTRUCTED
2024-12-03,INDUSINDBK,4.526708993853726,RECONSTRUCTED
2024-12-03,KOTAKBANK,8.32270667884822,RECONSTRUCTED
2024-12-03,PNB,2.5553908008346236,RECONSTRUCTED
2024-12-03,SBIN,8.762169222189469,RECONSTRUCTED
2024-12-04,AUBANK,2.2684985733295298,RECONSTRUCTED
2024-12-04,AXISBANK,8.880034132462589,RECONSTRUCTED
2024-12-04,BANKBARODA,3.2994513441165734,RECONSTRUCTED
2024-12-04,CANBK,2.4864067371011562,RECONSTRUCTED
2024-12-04,FEDERALBNK,3.5790202446334756,RECONSTRUCTED
2024-12-04,HDFCBANK,28.161587979773728,RECONSTRUCTED
2024-12-04,ICICIBANK,24.492176206182613,RECONSTRUCTED
2024-12-04,IDFCFIRSTB,2.7835293170901934,RECONSTRUCTED
2024-12-04,INDUSINDBK,4.479914475772509,RECONSTRUCTED
2024-12-04,KOTAKBANK,8.268303063441277,RECONSTRUCTED
2024-12-04,PNB,2.5754675700727394,RECONSTRUCTED
2024-12-04,SBIN,8.725610356023623,RECONSTRUCTED
2024-12-05,AUBANK,2.2627447153839775,RECONSTRUCTED
2024-12-05,AXISBANK,8.879300036644405,RECONSTRUCTED
2024-12-05,BANKBARODA,3.272094704016278,RECONSTRUCTED
2024-12-05,CANBK,2.4609219173616785,RECONSTRUCTED
2024-12-05,FEDERALBNK,3.549639766832502,RECONSTRUCTED
2024-12-05,HDFCBANK,28.076496118425133,RECONSTRUCTED
2024-12-05,ICICIBANK,24.722509871429548,RECONSTRUCTED
2024-12-05,IDFCFIRSTB,2.756268165158032,RECONSTRUCTED
2024-12-05,INDUSINDBK,4.449955057792617,RECONSTRUCTED
2024-12-05,KOTAKBANK,8.300891168692704,RECONSTRUCTED
2024-12-05,PNB,2.5382690856765113,RECONSTRUCTED
2024-12-05,SBIN,8.730909392586632,RECONSTRUCTED
2024-12-06,AUBANK,2.2270947728394987,RECONSTRUCTED
2024-12-06,AXISBANK,9.03178101903112,RECONSTRUCTED
2024-12-06,BANKBARODA,3.3355276667939764,RECONSTRUCTED
2024-12-06,CANBK,2.4910325900102994,RECONSTRUCTED
2024-12-06,FEDERALBNK,3.529308496995523,RECONSTRUCTED
2024-12-06,HDFCBANK,27.971844854085266,RECONSTRUCTED
2024-12-06,ICICIBANK,24.618163705988618,RECONSTRUCTED
2024-12-06,IDFCFIRSTB,2.7581318194367634,RECONSTRUCTED
2024-12-06,INDUSINDBK,4.421967508475187,RECONSTRUCTED
2024-12-06,KOTAKBANK,8.32249710666757,RECONSTRUCTED
2024-12-06,PNB,2.5660707839374437,RECONSTRUCTED
2024-12-06,SBIN,8.726579675738735,RECONSTRUCTED
2024-12-09,AUBANK,2.208483627574157,RECONSTRUCTED
2024-12-09,AXISBANK,8.88908144554551,RECONSTRUCTED
2024-12-09,BANKBARODA,3.3218396975606526,RECONSTRUCTED
2024-12-09,CANBK,2.48903074389055,RECONSTRUCTED
2024-12-09,FEDERALBNK,3.543282553356931,RECONSTRUCTED
2024-12-09,HDFCBANK,28.24773745122517,RECONSTRUCTED
2024-12-09,ICICIBANK,24.553092371729182,RECONSTRUCTED
2024-12-09,IDFCFIRSTB,2.73573622044409,RECONSTRUCTED
2024-12-09,INDUSINDBK,4.397110939101446,RECONSTRUCTED
2024-12-09,KOTAKBANK,8.38464170327318,RECONSTRUCTED
2024-12-09,PNB,2.5407051245302625,RECONSTRUCTED
2024-12-09,SBIN,8.68925812176888,RECONSTRUCTED
2024-12-10,AUBANK,2.239632740634125,RECONSTRUCTED
2024-12-10,AXISBANK,8.787356480197259,RECONSTRUCTED
2024-12-10,BANKBARODA,3.3111512639272265,RECONSTRUCTED
2024-12-10,CANBK,2.4967289699330095,RECONSTRUCTED
2024-12-10,FEDERALBNK,3.5412990694753135,RECONSTRUCTED
2024-12-10,HDFCBANK,28.12823827105858,RECONSTRUCTED
2024-12-10,ICICIBANK,24.624935859157784,RECONSTRUCTED
2024-12-10,IDFCFIRSTB,2.754110999462268,RECONSTRUCTED
2024-12-10,INDUSINDBK,4.390545666531791,RECONSTRUCTED
2024-12-10,KOTAKBANK,8.39719967327042,RECONSTRUCTED
2024-12-10,PNB,2.5721117855425626,RECONSTRUCTED
2024-12-10,SBIN,8.756689220809664,RECONSTRUCTED
2024-12-11,AUBANK,2.2430516629269084,RECONSTRUCTED
2024-12-11,AXISBANK,8.769745174689039,RECONSTRUCTED
2024-12-11,BANKBARODA,3.295651189905401,RECONSTRUCTED
2024-12-11,CANBK,2.4843796175326527,RECONSTRUCTED
2024-12-11,FEDERALBNK,3.5595549260504638,RECONSTRUCTED
2024-12-11,HDFCBANK,28.152911225404072,RECONSTRUCTED
2024-12-11,ICICIBANK,24.657884448209067,RECONSTRUCTED
2024-12-11,IDFCFIRSTB,2.7358110870196937,RECONSTRUCTED
2024-12-11,INDUSINDBK,4.408652174146757,RECONSTRUCTED
2024-12-11,KOTAKBANK,8.427120683030216,RECONSTRUCTED
2024-12-11,PNB,2.537114432820541,RECONSTRUCTED
2024-12-11,SBIN,8.728123378265186,RECONSTRUCTED
2024-12-12,AUBANK,2.25373009427246,RECONSTRUCTED
2024-12-12,AXISBANK,8.785063146255354,RECONSTRUCTED
2024-12-12,BANKBARODA,3.2861140363828345,RECONSTRUCTED
2024-12-12,CANBK,2.463548839241459,RECONSTRUCTED
2024-12-12,FEDERALBNK,3.537486442542363,RECONSTRUCTED
2024-12-12,HDFCBANK,28.183112582321446,RECONSTRUCTED
2024-12-12,ICICIBANK,24.76805894740619,RECONSTRUCTED
2024-12-12,IDFCFIRSTB,2.707796865744268,RECONSTRUCTED
2024-12-12,INDUSINDBK,4.481346752754154,RECONSTRUCTED
2024-12-12,KOTAKBANK,8.331161372681704,RECONSTRUCTED
2024-12-12,PNB,2.527281197885138,RECONSTRUCTED
2024-12-12,SBIN,8.675299722512628,RECONSTRUCTED
2024-12-13,AUBANK,2.214690721362788,RECONSTRUCTED
2024-12-13,AXISBANK,8.747929961207095,RECONSTRUCTED
2024-12-13,BANKBARODA,3.249856949407487,RECONSTRUCTED
2024-12-13,CANBK,2.4268457146619573,RECONSTRUCTED
2024-12-13,FEDERALBNK,3.5226314527572584,RECONSTRUCTED
2024-12-13,HDFCBANK,28.191147002579264,RECONSTRUCTED
2024-12-13,ICICIBANK,24.89940884228698,RECONSTRUCTED
2024-12-13,IDFCFIRSTB,2.686298013231317,RECONSTRUCTED
2024-12-13,INDUSINDBK,4.402269505045382,RECONSTRUCTED
2024-12-13,KOTAKBANK,8.450816706361568,RECONSTRUCTED
2024-12-13,PNB,2.5090229728987192,RECONSTRUCTED
2024-12-13,SBIN,8.699082158200168,RECONSTRUCTED
2024-12-16,AUBANK,2.190103311920031,RECONSTRUCTED
2024-12-16,AXISBANK,8.767522878963216,RECONSTRUCTED
2024-12-16,BANKBARODA,3.2630814273826316,RECONSTRUCTED
2024-12-16,CANBK,2.4437720473223994,RECONSTRUCTED
2024-12-16,FEDERALBNK,3.5262162076343784,RECONSTRUCTED
2024-12-16,HDFCBANK,28.08813875377511,RECONSTRUCTED
2024-12-16,ICICIBANK,24.917761094311828,RECONSTRUCTED
2024-12-16,IDFCFIRSTB,2.690481289064295,RECONSTRUCTED
2024-12-16,INDUSINDBK,4.458243382368409,RECONSTRUCTED
2024-12-16,KOTAKBANK,8.443890897632443,RECONSTRUCTED
2024-12-16,PNB,2.5191127482428226,RECONSTRUCTED
2024-12-16,SBIN,8.691675961382437,RECONSTRUCTED
2024-12-17,AUBANK,2.163699158834635,RECONSTRUCTED
2024-12-17,AXISBANK,8.779341242350787,RECONSTRUCTED
2024-12-17,BANKBARODA,3.2701354314054054,RECONSTRUCTED
2024-12-17,CANBK,2.428277944139481,RECONSTRUCTED
2024-12-17,FEDERALBNK,3.524372947527527,RECONSTRUCTED
2024-12-17,HDFCBANK,28.00064042630172,RECONSTRUCTED
2024-12-17,ICICIBANK,25.041182975414173,RECONSTRUCTED
2024-12-17,IDFCFIRSTB,2.697882499244942,RECONSTRUCTED
2024-12-17,INDUSINDBK,4.414575223524616,RECONSTRUCTED
2024-12-17,KOTAKBANK,8.467466717520912,RECONSTRUCTED
2024-12-17,PNB,2.5033077078576174,RECONSTRUCTED
2024-12-17,SBIN,8.709117725878187,RECONSTRUCTED
2024-12-18,AUBANK,2.1744661342921967,RECONSTRUCTED
2024-12-18,AXISBANK,8.789233202877927,RECONSTRUCTED
2024-12-18,BANKBARODA,3.245775216463318,RECONSTRUCTED
2024-12-18,CANBK,2.4152315332741856,RECONSTRUCTED
2024-12-18,FEDERALBNK,3.39806524178417,RECONSTRUCTED
2024-12-18,HDFCBANK,28.03277636952523,RECONSTRUCTED
2024-12-18,ICICIBANK,25.009136016585575,RECONSTRUCTED
2024-12-18,IDFCFIRSTB,2.779755995513621,RECONSTRUCTED
2024-12-18,INDUSINDBK,4.426755401026073,RECONSTRUCTED
2024-12-18,KOTAKBANK,8.563273572896643,RECONSTRUCTED
2024-12-18,PNB,2.4665298986182163,RECONSTRUCTED
2024-12-18,SBIN,8.699001417142847,RECONSTRUCTED
2024-12-19,AUBANK,2.1598804463229317,RECONSTRUCTED
2024-12-19,AXISBANK,8.77813755153351,RECONSTRUCTED
2024-12-19,BANKBARODA,3.2498170548830494,RECONSTRUCTED
2024-12-19,CANBK,2.4343619841344584,RECONSTRUCTED
2024-12-19,FEDERALBNK,3.450429937584361,RECONSTRUCTED
2024-12-19,HDFCBANK,28.065295332512424,RECONSTRUCTED
2024-12-19,ICICIBANK,24.754101925513957,RECONSTRUCTED
2024-12-19,IDFCFIRSTB,2.827485632962708,RECONSTRUCTED
2024-12-19,INDUSINDBK,4.470684671709148,RECONSTRUCTED
2024-12-19,KOTAKBANK,8.5683853980225,RECONSTRUCTED
2024-12-19,PNB,2.5049298757869622,RECONSTRUCTED
2024-12-19,SBIN,8.73649018903401,RECONSTRUCTED
2024-12-20,AUBANK,2.151186075645491,RECONSTRUCTED
2024-12-20,AXISBANK,8.625176206251416,RECONSTRUCTED
2024-12-20,BANKBARODA,3.200856771426867,RECONSTRUCTED
2024-12-20,CANBK,2.3955028292748515,RECONSTRUCTED
2024-12-20,FEDERALBNK,3.3942157915402964,RECONSTRUCTED
2024-12-20,HDFCBANK,28.179504856361586,RECONSTRUCTED
2024-12-20,ICICIBANK,25.192835772113188,RECONSTRUCTED
2024-12-20,IDFCFIRSTB,2.724507016301483,RECONSTRUCTED
2024-12-20,INDUSINDBK,4.379926621139865,RECONSTRUCTED
2024-12-20,KOTAKBANK,8.618403296057451,RECONSTRUCTED
2024-12-20,PNB,2.478714648001518,RECONSTRUCTED
2024-12-20,SBIN,8.659170115885974,RECONSTRUCTED
2024-12-23,AUBANK,2.1736066716616715,RECONSTRUCTED
2024-12-23,AXISBANK,8.589096670591214,RECONSTRUCTED
2024-12-23,BANKBARODA,3.2403850518349957,RECONSTRUCTED
2024-12-23,CANBK,2.4043112752517533,RECONSTRUCTED
2024-12-23,FEDERALBNK,3.401348993966892,RECONSTRUCTED
2024-12-23,HDFCBANK,28.33594010132878,RECONSTRUCTED
2024-12-23,ICICIBANK,25.080203331072436,RECONSTRUCTED
2024-12-23,IDFCFIRSTB,2.706553325588855,RECONSTRUCTED
2024-12-23,INDUSINDBK,4.4078408327607566,RECONSTRUCTED
2024-12-23,KOTAKBANK,8.533096339420853,RECONSTRUCTED
2024-12-23,PNB,2.4664895137227134,RECONSTRUCTED
2024-12-23,SBIN,8.661127892799064,RECONSTRUCTED
2024-12-24,AUBANK,2.2044526197139116,RECONSTRUCTED
2024-12-24,AXISBANK,8.600134955298909,RECONSTRUCTED
2024-12-24,BANKBARODA,3.2281686993779006,RECONSTRUCTED
2024-12-24,CANBK,2.3953331909583446,RECONSTRUCTED
2024-12-24,FEDERALBNK,3.4013223542220037,RECONSTRUCTED
2024-12-24,HDFCBANK,28.333234206030966,RECONSTRUCTED
2024-12-24,ICICIBANK,25.126970401262987,RECONSTRUCTED
2024-12-24,IDFCFIRSTB,2.725536521651147,RECONSTRUCTED
2024-12-24,INDUSINDBK,4.36598105224274,RECONSTRUCTED
2024-12-24,KOTAKBANK,8.564159378735592,RECONSTRUCTED
2024-12-24,PNB,2.476566764716835,RECONSTRUCTED
2024-12-24,SBIN,8.578139855788667,RECONSTRUCTED
2024-12-26,AUBANK,2.175854618125605,RECONSTRUCTED
2024-12-26,AXISBANK,8.592540487515917,RECONSTRUCTED
2024-12-26,BANKBARODA,3.254734137585977,RECONSTRUCTED
2024-12-26,CANBK,2.4095559288085426,RECONSTRUCTED
2024-12-26,FEDERALBNK,3.4218802794461602,RECONSTRUCTED
2024-12-26,HDFCBANK,28.250105318549796,RECONSTRUCTED
2024-12-26,ICICIBANK,25.158016976739496,RECONSTRUCTED
2024-12-26,IDFCFIRSTB,2.705038419851636,RECONSTRUCTED
2024-12-26,INDUSINDBK,4.3553827408413195,RECONSTRUCTED
2024-12-26,KOTAKBANK,8.592463214274934,RECONSTRUCTED
2024-12-26,PNB,2.4921206808814578,RECONSTRUCTED
2024-12-26,SBIN,8.592307197379169,RECONSTRUCTED
2024-12-27,AUBANK,2.184805231768698,RECONSTRUCTED
2024-12-27,AXISBANK,8.572918521159782,RECONSTRUCTED
2024-12-27,BANKBARODA,3.2228094878595632,RECONSTRUCTED
2024-12-27,CANBK,2.386448174577174,RECONSTRUCTED
2024-12-27,FEDERALBNK,3.395293851242377,RECONSTRUCTED
2024-12-27,HDFCBANK,28.283938020147925,RECONSTRUCTED
2024-12-27,ICICIBANK,25.280301620485208,RECONSTRUCTED
2024-12-27,IDFCFIRSTB,2.73061292592044,RECONSTRUCTED
2024-12-27,INDUSINDBK,4.442358028155528,RECONSTRUCTED
2024-12-27,KOTAKBANK,8.60157548159386,RECONSTRUCTED
2024-12-27,PNB,2.4671873065887566,RECONSTRUCTED
2024-12-27,SBIN,8.431751350500686,RECONSTRUCTED
2024-12-30,AUBANK,2.2982426817127446,RECONSTRUCTED
2024-12-30,AXISBANK,8.56738517258988,RECONSTRUCTED
2024-12-30,BANKBARODA,3.1904838974159446,RECONSTRUCTED
2024-12-30,CANBK,2.3796095821731336,RECONSTRUCTED
2024-12-30,FEDERALBNK,3.491918437381776,RECONSTRUCTED
2024-12-30,HDFCBANK,28.141703077553416,RECONSTRUCTED
2024-12-30,ICICIBANK,25.190080797342723,RECONSTRUCTED
2024-12-30,IDFCFIRSTB,2.805118490131122,RECONSTRUCTED
2024-12-30,INDUSINDBK,4.517970254479295,RECONSTRUCTED
2024-12-30,KOTAKBANK,8.561841454508269,RECONSTRUCTED
2024-12-30,PNB,2.4907103095646406,RECONSTRUCTED
2024-12-30,SBIN,8.36493584514705,RECONSTRUCTED
2024-12-31,AUBANK,2.23,OFFICIAL
2024-12-31,AXISBANK,8.54,OFFICIAL
2024-12-31,BANKBARODA,3.19,OFFICIAL
2024-12-31,CANBK,2.4,OFFICIAL
2024-12-31,FEDERALBNK,3.48,OFFICIAL
2024-12-31,HDFCBANK,28.11,OFFICIAL
2024-12-31,ICICIBANK,24.98,OFFICIAL
2024-12-31,IDFCFIRSTB,2.78,OFFICIAL
2024-12-31,INDUSINDBK,4.51,OFFICIAL
2024-12-31,KOTAKBANK,8.8,OFFICIAL
2024-12-31,PNB,2.52,OFFICIAL
2024-12-31,SBIN,8.45,OFFICIAL
2025-01-01,AUBANK,2.260227511436291,RECONSTRUCTED
2025-01-01,AXISBANK,8.560524479344602,RECONSTRUCTED
2025-01-01,BANKBARODA,3.183640149150994,RECONSTRUCTED
2025-01-01,CANBK,2.3934668803693655,RECONSTRUCTED
2025-01-01,FEDERALBNK,3.4740829668588713,RECONSTRUCTED
2025-01-01,HDFCBANK,28.15973643678103,RECONSTRUCTED
2025-01-01,ICICIBANK,24.9263871459213,RECONSTRUCTED
2025-01-01,IDFCFIRSTB,2.8192154899475046,RECONSTRUCTED
2025-01-01,INDUSINDBK,4.5400051344014845,RECONSTRUCTED
2025-01-01,KOTAKBANK,8.778577064838363,RECONSTRUCTED
2025-01-01,PNB,2.5023104490111625,RECONSTRUCTED
2025-01-01,SBIN,8.401826291939042,RECONSTRUCTED
2025-01-02,AUBANK,2.24599927947169,RECONSTRUCTED
2025-01-02,AXISBANK,8.587096291085096,RECONSTRUCTED
2025-01-02,BANKBARODA,3.1487190104131577,RECONSTRUCTED
2025-01-02,CANBK,2.385181311784533,RECONSTRUCTED
2025-01-02,FEDERALBNK,3.5339177067822685,RECONSTRUCTED
2025-01-02,HDFCBANK,28.034322562366853,RECONSTRUCTED
2025-01-02,ICICIBANK,24.796728275810313,RECONSTRUCTED
2025-01-02,IDFCFIRSTB,2.810741589858604,RECONSTRUCTED
2025-01-02,INDUSINDBK,4.5937816744912885,RECONSTRUCTED
2025-01-02,KOTAKBANK,8.922654841941858,RECONSTRUCTED
2025-01-02,PNB,2.543900156303753,RECONSTRUCTED
2025-01-02,SBIN,8.396957299690609,RECONSTRUCTED
2025-01-03,AUBANK,2.283322632953796,RECONSTRUCTED
2025-01-03,AXISBANK,8.677384354759038,RECONSTRUCTED
2025-01-03,BANKBARODA,3.193684359224988,RECONSTRUCTED
2025-01-03,CANBK,2.422394026036838,RECONSTRUCTED
2025-01-03,FEDERALBNK,3.561228326639169,RECONSTRUCTED
2025-01-03,HDFCBANK,27.66878659291746,RECONSTRUCTED
2025-01-03,ICICIBANK,24.59987533865729,RECONSTRUCTED
2025-01-03,IDFCFIRSTB,2.8623381959946257,RECONSTRUCTED
2025-01-03,INDUSINDBK,4.680075461741893,RECONSTRUCTED
2025-01-03,KOTAKBANK,9.037972912853943,RECONSTRUCTED
2025-01-03,PNB,2.5971322307345903,RECONSTRUCTED
2025-01-03,SBIN,8.41580556748636,RECONSTRUCTED
2025-01-06,AUBANK,2.278031410976868,RECONSTRUCTED
2025-01-06,AXISBANK,8.68715612524953,RECONSTRUCTED
2025-01-06,BANKBARODA,3.077256219376419,RECONSTRUCTED
2025-01-06,CANBK,2.3736752652352164,RECONSTRUCTED
2025-01-06,FEDERALBNK,3.5005119339821915,RECONSTRUCTED
2025-01-06,HDFCBANK,27.634751842836007,RECONSTRUCTED
2025-01-06,ICICIBANK,25.10663403349781,RECONSTRUCTED
2025-01-06,IDFCFIRSTB,2.8125415754143788,RECONSTRUCTED
2025-01-06,INDUSINDBK,4.646669657392418,RECONSTRUCTED
2025-01-06,KOTAKBANK,8.934873614755839,RECONSTRUCTED
2025-01-06,PNB,2.5364482891304556,RECONSTRUCTED
2025-01-06,SBIN,8.411450032152871,RECONSTRUCTED
2025-01-07,AUBANK,2.2962529067891237,RECONSTRUCTED
2025-01-07,AXISBANK,8.67199186737936,RECONSTRUCTED
2025-01-07,BANKBARODA,3.1204932734740938,RECONSTRUCTED
2025-01-07,CANBK,2.3735270017036307,RECONSTRUCTED
2025-01-07,FEDERALBNK,3.4771033780558693,RECONSTRUCTED
2025-01-07,HDFCBANK,27.52715070568997,RECONSTRUCTED
2025-01-07,ICICIBANK,25.265767416790542,RECONSTRUCTED
2025-01-07,IDFCFIRSTB,2.789254542714057,RECONSTRUCTED
2025-01-07,INDUSINDBK,4.685287076749145,RECONSTRUCTED
2025-01-07,KOTAKBANK,8.84707673248244,RECONSTRUCTED
2025-01-07,PNB,2.5562602912296226,RECONSTRUCTED
2025-01-07,SBIN,8.389834806942153,RECONSTRUCTED
2025-01-08,AUBANK,2.307261462722674,RECONSTRUCTED
2025-01-08,AXISBANK,8.79683858347128,RECONSTRUCTED
2025-01-08,BANKBARODA,3.1501056005507397,RECONSTRUCTED
2025-01-08,CANBK,2.3731766591253773,RECONSTRUCTED
2025-01-08,FEDERALBNK,3.470584707660354,RECONSTRUCTED
2025-01-08,HDFCBANK,27.420804320412156,RECONSTRUCTED
2025-01-08,ICICIBANK,25.1434933925281,RECONSTRUCTED
2025-01-08,IDFCFIRSTB,2.819250789730095,RECONSTRUCTED
2025-01-08,INDUSINDBK,4.707563738680625,RECONSTRUCTED
2025-01-08,KOTAKBANK,8.89514642409454,RECONSTRUCTED
2025-01-08,PNB,2.5466196568083674,RECONSTRUCTED
2025-01-08,SBIN,8.369154664215687,RECONSTRUCTED
2025-01-09,AUBANK,2.3374753243908857,RECONSTRUCTED
2025-01-09,AXISBANK,8.747007167593598,RECONSTRUCTED
2025-01-09,BANKBARODA,3.1452011638424717,RECONSTRUCTED
2025-01-09,CANBK,2.3546385286803417,RECONSTRUCTED
2025-01-09,FEDERALBNK,3.4570130930143725,RECONSTRUCTED
2025-01-09,HDFCBANK,27.172694244862576,RECONSTRUCTED
2025-01-09,ICICIBANK,25.284844592381106,RECONSTRUCTED
2025-01-09,IDFCFIRSTB,2.8254474428836196,RECONSTRUCTED
2025-01-09,INDUSINDBK,4.738366564392286,RECONSTRUCTED
2025-01-09,KOTAKBANK,9.063827041199064,RECONSTRUCTED
2025-01-09,PNB,2.5651833248720424,RECONSTRUCTED
2025-01-09,SBIN,8.30830151188764,RECONSTRUCTED
2025-01-10,AUBANK,2.3956147652203006,RECONSTRUCTED
2025-01-10,AXISBANK,8.708924778068367,RECONSTRUCTED
2025-01-10,BANKBARODA,3.116857417267848,RECONSTRUCTED
2025-01-10,CANBK,2.319107847468977,RECONSTRUCTED
2025-01-10,FEDERALBNK,3.432796366431793,RECONSTRUCTED
2025-01-10,HDFCBANK,27.418739402173497,RECONSTRUCTED
2025-01-10,ICICIBANK,25.428630400798745,RECONSTRUCTED
2025-01-10,IDFCFIRSTB,2.778934374763363,RECONSTRUCTED
2025-01-10,INDUSINDBK,4.600693394121275,RECONSTRUCTED
2025-01-10,KOTAKBANK,9.032038948973632,RECONSTRUCTED
2025-01-10,PNB,2.519099705603357,RECONSTRUCTED
2025-01-10,SBIN,8.248562599108833,RECONSTRUCTED
2025-01-13,AUBANK,2.3674224768205536,RECONSTRUCTED
2025-01-13,AXISBANK,8.907543354129627,RECONSTRUCTED
2025-01-13,BANKBARODA,3.053660774038884,RECONSTRUCTED
2025-01-13,CANBK,2.243330636183803,RECONSTRUCTED
2025-01-13,FEDERALBNK,3.456896250893055,RECONSTRUCTED
2025-01-13,HDFCBANK,27.379392624306632,RECONSTRUCTED
2025-01-13,ICICIBANK,25.380559593688957,RECONSTRUCTED
2025-01-13,IDFCFIRSTB,2.769535247518183,RECONSTRUCTED
2025-01-13,INDUSINDBK,4.687459734969889,RECONSTRUCTED
2025-01-13,KOTAKBANK,9.0694474612197,RECONSTRUCTED
2025-01-13,PNB,2.4720143805352133,RECONSTRUCTED
2025-01-13,SBIN,8.212737465695504,RECONSTRUCTED
2025-01-14,AUBANK,2.395652787015782,RECONSTRUCTED
2025-01-14,AXISBANK,8.801462853293431,RECONSTRUCTED
2025-01-14,BANKBARODA,3.0939442505485992,RECONSTRUCTED
2025-01-14,CANBK,2.3290903873498254,RECONSTRUCTED
2025-01-14,FEDERALBNK,3.4959663166832002,RECONSTRUCTED
2025-01-14,HDFCBANK,27.253561565547145,RECONSTRUCTED
2025-01-14,ICICIBANK,25.236926796365267,RECONSTRUCTED
2025-01-14,IDFCFIRSTB,2.850552944064306,RECONSTRUCTED
2025-01-14,INDUSINDBK,4.721397401608451,RECONSTRUCTED
2025-01-14,KOTAKBANK,9.00416412107845,RECONSTRUCTED
2025-01-14,PNB,2.513484287720969,RECONSTRUCTED
2025-01-14,SBIN,8.303796288724575,RECONSTRUCTED
2025-01-15,AUBANK,2.4438832436041493,RECONSTRUCTED
2025-01-15,AXISBANK,8.589508910183238,RECONSTRUCTED
2025-01-15,BANKBARODA,3.069012179282934,RECONSTRUCTED
2025-01-15,CANBK,2.3647225958839844,RECONSTRUCTED
2025-01-15,FEDERALBNK,3.523019345288409,RECONSTRUCTED
2025-01-15,HDFCBANK,27.182210668913882,RECONSTRUCTED
2025-01-15,ICICIBANK,25.18354714940853,RECONSTRUCTED
2025-01-15,IDFCFIRSTB,2.852912900847397,RECONSTRUCTED
2025-01-15,INDUSINDBK,4.720927807100528,RECONSTRUCTED
2025-01-15,KOTAKBANK,9.200497034407194,RECONSTRUCTED
2025-01-15,PNB,2.5082356847934113,RECONSTRUCTED
2025-01-15,SBIN,8.361522480286329,RECONSTRUCTED
2025-01-16,AUBANK,2.485507074621277,RECONSTRUCTED
2025-01-16,AXISBANK,8.590336555527482,RECONSTRUCTED
2025-01-16,BANKBARODA,3.12959242154405,RECONSTRUCTED
2025-01-16,CANBK,2.404657120370632,RECONSTRUCTED
2025-01-16,FEDERALBNK,3.5083213201883034,RECONSTRUCTED
2025-01-16,HDFCBANK,27.038807424326006,RECONSTRUCTED
2025-01-16,ICICIBANK,25.132525047168762,RECONSTRUCTED
2025-01-16,IDFCFIRSTB,2.852437188241372,RECONSTRUCTED
2025-01-16,INDUSINDBK,4.733038331968496,RECONSTRUCTED
2025-01-16,KOTAKBANK,9.183224240253306,RECONSTRUCTED
2025-01-16,PNB,2.531165443668151,RECONSTRUCTED
2025-01-16,SBIN,8.410387832122163,RECONSTRUCTED
2025-01-17,AUBANK,2.49904415242457,RECONSTRUCTED
2025-01-17,AXISBANK,8.326491327842794,RECONSTRUCTED
2025-01-17,BANKBARODA,3.1653763576713407,RECONSTRUCTED
2025-01-17,CANBK,2.4550143729011022,RECONSTRUCTED
2025-01-17,FEDERALBNK,3.4916778286796486,RECONSTRUCTED
2025-01-17,HDFCBANK,27.19570599914025,RECONSTRUCTED
2025-01-17,ICICIBANK,25.03157372768607,RECONSTRUCTED
2025-01-17,IDFCFIRSTB,2.8902638082715817,RECONSTRUCTED
2025-01-17,INDUSINDBK,4.783326678191773,RECONSTRUCTED
2025-01-17,KOTAKBANK,9.080429294097977,RECONSTRUCTED
2025-01-17,PNB,2.567343580972312,RECONSTRUCTED
2025-01-17,SBIN,8.513752872120582,RECONSTRUCTED
2025-01-20,AUBANK,2.492565111075453,RECONSTRUCTED
2025-01-20,AXISBANK,8.164995279144287,RECONSTRUCTED
2025-01-20,BANKBARODA,3.169666840074556,RECONSTRUCTED
2025-01-20,CANBK,2.4926652724668696,RECONSTRUCTED
2025-01-20,FEDERALBNK,3.4782710915048707,RECONSTRUCTED
2025-01-20,HDFCBANK,26.986177082560847,RECONSTRUCTED
2025-01-20,ICICIBANK,24.771286966986477,RECONSTRUCTED
2025-01-20,IDFCFIRSTB,2.900067402712653,RECONSTRUCTED
2025-01-20,INDUSINDBK,4.703582359820683,RECONSTRUCTED
2025-01-20,KOTAKBANK,9.753582708043112,RECONSTRUCTED
2025-01-20,PNB,2.547133442652944,RECONSTRUCTED
2025-01-20,SBIN,8.540006442957246,RECONSTRUCTED
2025-01-21,AUBANK,2.5355139778598788,RECONSTRUCTED
2025-01-21,AXISBANK,8.146225207260148,RECONSTRUCTED
2025-01-21,BANKBARODA,3.1857374404535865,RECONSTRUCTED
2025-01-21,CANBK,2.4933363584435404,RECONSTRUCTED
2025-01-21,FEDERALBNK,3.5035220950452453,RECONSTRUCTED
2025-01-21,HDFCBANK,27.27254067124384,RECONSTRUCTED
2025-01-21,ICICIBANK,24.417819365084785,RECONSTRUCTED
2025-01-21,IDFCFIRSTB,2.924010356056252,RECONSTRUCTED
2025-01-21,INDUSINDBK,4.728643909137833,RECONSTRUCTED
2025-01-21,KOTAKBANK,9.769839314870088,RECONSTRUCTED
2025-01-21,PNB,2.5706087065678767,RECONSTRUCTED
2025-01-21,SBIN,8.452202597976946,RECONSTRUCTED
2025-01-22,AUBANK,2.517937642424164,RECONSTRUCTED
2025-01-22,AXISBANK,8.029307436757675,RECONSTRUCTED
2025-01-22,BANKBARODA,3.1586808708154335,RECONSTRUCTED
2025-01-22,CANBK,2.4442459894340676,RECONSTRUCTED
2025-01-22,FEDERALBNK,3.4516224701890823,RECONSTRUCTED
2025-01-22,HDFCBANK,27.57802705344628,RECONSTRUCTED
2025-01-22,ICICIBANK,24.42833171157231,RECONSTRUCTED
2025-01-22,IDFCFIRSTB,2.891317941370129,RECONSTRUCTED
2025-01-22,INDUSINDBK,4.7652667492548515,RECONSTRUCTED
2025-01-22,KOTAKBANK,9.863518404848657,RECONSTRUCTED
2025-01-22,PNB,2.508351755147289,RECONSTRUCTED
2025-01-22,SBIN,8.36339197474005,RECONSTRUCTED
2025-01-23,AUBANK,2.433049285436296,RECONSTRUCTED
2025-01-23,AXISBANK,7.98244652392034,RECONSTRUCTED
2025-01-23,BANKBARODA,3.178304629830019,RECONSTRUCTED
2025-01-23,CANBK,2.4593287227653624,RECONSTRUCTED
2025-01-23,FEDERALBNK,3.4730796444547636,RECONSTRUCTED
2025-01-23,HDFCBANK,27.635819085009228,RECONSTRUCTED
2025-01-23,ICICIBANK,24.522959944501828,RECONSTRUCTED
2025-01-23,IDFCFIRSTB,2.912762834189707,RECONSTRUCTED
2025-01-23,INDUSINDBK,4.778551179710491,RECONSTRUCTED
2025-01-23,KOTAKBANK,9.774180345271288,RECONSTRUCTED
2025-01-23,PNB,2.546850285127926,RECONSTRUCTED
2025-01-23,SBIN,8.302667519782762,RECONSTRUCTED
2025-01-24,AUBANK,2.4955845582910077,RECONSTRUCTED
2025-01-24,AXISBANK,7.9974462431087465,RECONSTRUCTED
2025-01-24,BANKBARODA,3.137803217370277,RECONSTRUCTED
2025-01-24,CANBK,2.4353342586997386,RECONSTRUCTED
2025-01-24,FEDERALBNK,3.4406730510285715,RECONSTRUCTED
2025-01-24,HDFCBANK,27.51039419094614,RECONSTRUCTED
2025-01-24,ICICIBANK,24.78781367036211,RECONSTRUCTED
2025-01-24,IDFCFIRSTB,2.8871352984901377,RECONSTRUCTED
2025-01-24,INDUSINDBK,4.700779446360777,RECONSTRUCTED
2025-01-24,KOTAKBANK,9.774050506995755,RECONSTRUCTED
2025-01-24,PNB,2.511921749839034,RECONSTRUCTED
2025-01-24,SBIN,8.321063808507702,RECONSTRUCTED
2025-01-27,AUBANK,2.3795708904241324,RECONSTRUCTED
2025-01-27,AXISBANK,8.044527463541638,RECONSTRUCTED
2025-01-27,BANKBARODA,3.0792313405768055,RECONSTRUCTED
2025-01-27,CANBK,2.3286127035373716,RECONSTRUCTED
2025-01-27,FEDERALBNK,3.5181593142455405,RECONSTRUCTED
2025-01-27,HDFCBANK,27.34841901962068,RECONSTRUCTED
2025-01-27,ICICIBANK,25.33104845292362,RECONSTRUCTED
2025-01-27,IDFCFIRSTB,2.646875122585917,RECONSTRUCTED
2025-01-27,INDUSINDBK,4.609301168910756,RECONSTRUCTED
2025-01-27,KOTAKBANK,9.810708587861606,RECONSTRUCTED
2025-01-27,PNB,2.4731391127028797,RECONSTRUCTED
2025-01-27,SBIN,8.43040682306906,RECONSTRUCTED
2025-01-28,AUBANK,2.445388009656137,RECONSTRUCTED
2025-01-28,AXISBANK,8.210388141836189,RECONSTRUCTED
2025-01-28,BANKBARODA,3.0581875956626,RECONSTRUCTED
2025-01-28,CANBK,2.287640459999119,RECONSTRUCTED
2025-01-28,FEDERALBNK,3.332945307232439,RECONSTRUCTED
2025-01-28,HDFCBANK,27.5694988380565,RECONSTRUCTED
2025-01-28,ICICIBANK,25.29965421399792,RECONSTRUCTED
2025-01-28,IDFCFIRSTB,2.6740908931525524,RECONSTRUCTED
2025-01-28,INDUSINDBK,4.5713049765835,RECONSTRUCTED
2025-01-28,KOTAKBANK,9.682203211288618,RECONSTRUCTED
2025-01-28,PNB,2.541286788829059,RECONSTRUCTED
2025-01-28,SBIN,8.327411563705379,RECONSTRUCTED
2025-01-29,AUBANK,2.460440122417212,RECONSTRUCTED
2025-01-29,AXISBANK,8.15710979777206,RECONSTRUCTED
2025-01-29,BANKBARODA,3.0509549342129256,RECONSTRUCTED
2025-01-29,CANBK,2.2764440168395828,RECONSTRUCTED
2025-01-29,FEDERALBNK,3.3500914175173966,RECONSTRUCTED
2025-01-29,HDFCBANK,27.514927379150688,RECONSTRUCTED
2025-01-29,ICICIBANK,25.24149641044283,RECONSTRUCTED
2025-01-29,IDFCFIRSTB,2.728517787332756,RECONSTRUCTED
2025-01-29,INDUSINDBK,4.612310779438264,RECONSTRUCTED
2025-01-29,KOTAKBANK,9.789473564919097,RECONSTRUCTED
2025-01-29,PNB,2.474942013144562,RECONSTRUCTED
2025-01-29,SBIN,8.343291776812618,RECONSTRUCTED
2025-01-30,AUBANK,2.45397215917981,RECONSTRUCTED
2025-01-30,AXISBANK,8.143688413131839,RECONSTRUCTED
2025-01-30,BANKBARODA,3.0391805746311302,RECONSTRUCTED
2025-01-30,CANBK,2.244514827374304,RECONSTRUCTED
2025-01-30,FEDERALBNK,3.318276379785931,RECONSTRUCTED
2025-01-30,HDFCBANK,27.66564072024076,RECONSTRUCTED
2025-01-30,ICICIBANK,25.246118007166636,RECONSTRUCTED
2025-01-30,IDFCFIRSTB,2.782735576829824,RECONSTRUCTED
2025-01-30,INDUSINDBK,4.641074567410329,RECONSTRUCTED
2025-01-30,KOTAKBANK,9.664655645315428,RECONSTRUCTED
2025-01-30,PNB,2.436059169783495,RECONSTRUCTED
2025-01-30,SBIN,8.36408395915054,RECONSTRUCTED
2025-01-31,AUBANK,2.46,OFFICIAL
2025-01-31,AXISBANK,8.11,OFFICIAL
2025-01-31,BANKBARODA,2.9,OFFICIAL
2025-01-31,CANBK,2.29,OFFICIAL
2025-01-31,FEDERALBNK,3.34,OFFICIAL
2025-01-31,HDFCBANK,27.63,OFFICIAL
2025-01-31,ICICIBANK,25.05,OFFICIAL
2025-01-31,IDFCFIRSTB,2.86,OFFICIAL
2025-01-31,INDUSINDBK,4.78,OFFICIAL
2025-01-31,KOTAKBANK,9.61,OFFICIAL
2025-01-31,PNB,2.54,OFFICIAL
2025-01-31,SBIN,8.43,OFFICIAL
2025-02-01,AUBANK,2.4590015547886193,RECONSTRUCTED
2025-02-01,AXISBANK,8.22548201483314,RECONSTRUCTED
2025-02-01,BANKBARODA,2.8731031571077597,RECONSTRUCTED
2025-02-01,CANBK,2.2807225526421764,RECONSTRUCTED
2025-02-01,FEDERALBNK,3.2893321325339384,RECONSTRUCTED
2025-02-01,HDFCBANK,27.546502675343675,RECONSTRUCTED
2025-02-01,ICICIBANK,25.1407703225961,RECONSTRUCTED
2025-02-01,IDFCFIRSTB,2.8077482220796055,RECONSTRUCTED
2025-02-01,INDUSINDBK,4.878275849290263,RECONSTRUCTED
2025-02-01,KOTAKBANK,9.63912071467484,RECONSTRUCTED
2025-02-01,PNB,2.4978979109292254,RECONSTRUCTED
2025-02-01,SBIN,8.362042893180648,RECONSTRUCTED
2025-02-03,AUBANK,2.5061202981324606,RECONSTRUCTED
2025-02-03,AXISBANK,8.202480189880923,RECONSTRUCTED
2025-02-03,BANKBARODA,2.8513360493563162,RECONSTRUCTED
2025-02-03,CANBK,2.244665072746081,RECONSTRUCTED
2025-02-03,FEDERALBNK,3.2456883304104576,RECONSTRUCTED
2025-02-03,HDFCBANK,27.500171162872434,RECONSTRUCTED
2025-02-03,ICICIBANK,25.240815205459622,RECONSTRUCTED
2025-02-03,IDFCFIRSTB,2.838792862963372,RECONSTRUCTED
2025-02-03,INDUSINDBK,4.923700211173142,RECONSTRUCTED
2025-02-03,KOTAKBANK,9.602397716826875,RECONSTRUCTED
2025-02-03,PNB,2.4868891145183123,RECONSTRUCTED
2025-02-03,SBIN,8.35694378565999,RECONSTRUCTED
2025-02-04,AUBANK,2.4222344124108006,RECONSTRUCTED
2025-02-04,AXISBANK,8.258196965140877,RECONSTRUCTED
2025-02-04,BANKBARODA,2.863378624465198,RECONSTRUCTED
2025-02-04,CANBK,2.2564624820436463,RECONSTRUCTED
2025-02-04,FEDERALBNK,3.1961924777365875,RECONSTRUCTED
2025-02-04,HDFCBANK,27.670476732858333,RECONSTRUCTED
2025-02-04,ICICIBANK,25.064417830611603,RECONSTRUCTED
2025-02-04,IDFCFIRSTB,2.778904371948573,RECONSTRUCTED
2025-02-04,INDUSINDBK,4.995020281269992,RECONSTRUCTED
2025-02-04,KOTAKBANK,9.640970586300037,RECONSTRUCTED
2025-02-04,PNB,2.4580267110137157,RECONSTRUCTED
2025-02-04,SBIN,8.395718524200625,RECONSTRUCTED
2025-02-05,AUBANK,2.3962232404109503,RECONSTRUCTED
2025-02-05,AXISBANK,8.211603548168151,RECONSTRUCTED
2025-02-05,BANKBARODA,2.94838883004968,RECONSTRUCTED
2025-02-05,CANBK,2.3205640162338477,RECONSTRUCTED
2025-02-05,FEDERALBNK,3.2308202104003656,RECONSTRUCTED
2025-02-05,HDFCBANK,27.839400587498154,RECONSTRUCTED
2025-02-05,ICICIBANK,24.962348580220795,RECONSTRUCTED
2025-02-05,IDFCFIRSTB,2.8226090085022313,RECONSTRUCTED
2025-02-05,INDUSINDBK,5.043414705900991,RECONSTRUCTED
2025-02-05,KOTAKBANK,9.522068333736422,RECONSTRUCTED
2025-02-05,PNB,2.4788993789093503,RECONSTRUCTED
2025-02-05,SBIN,8.223659559969065,RECONSTRUCTED
2025-02-06,AUBANK,2.356774825657834,RECONSTRUCTED
2025-02-06,AXISBANK,8.26514912377966,RECONSTRUCTED
2025-02-06,BANKBARODA,2.941948519652034,RECONSTRUCTED
2025-02-06,CANBK,2.295291422136698,RECONSTRUCTED
2025-02-06,FEDERALBNK,3.2239221481606384,RECONSTRUCTED
2025-02-06,HDFCBANK,27.914629044058792,RECONSTRUCTED
2025-02-06,ICICIBANK,25.035441898816067,RECONSTRUCTED
2025-02-06,IDFCFIRSTB,2.838231407800544,RECONSTRUCTED
2025-02-06,INDUSINDBK,5.060156169115027,RECONSTRUCTED
2025-02-06,KOTAKBANK,9.535577804521509,RECONSTRUCTED
2025-02-06,PNB,2.4636335863266448,RECONSTRUCTED
2025-02-06,SBIN,8.069244049974545,RECONSTRUCTED
2025-02-07,AUBANK,2.390883472539596,RECONSTRUCTED
2025-02-07,AXISBANK,8.329579145376227,RECONSTRUCTED
2025-02-07,BANKBARODA,2.909444204852419,RECONSTRUCTED
2025-02-07,CANBK,2.2860609319037035,RECONSTRUCTED
2025-02-07,FEDERALBNK,3.31798040186528,RECONSTRUCTED
2025-02-07,HDFCBANK,27.860362107388596,RECONSTRUCTED
2025-02-07,ICICIBANK,24.840506180004777,RECONSTRUCTED
2025-02-07,IDFCFIRSTB,2.8669641922421203,RECONSTRUCTED
2025-02-07,INDUSINDBK,5.147304890401823,RECONSTRUCTED
2025-02-07,KOTAKBANK,9.644494411386061,RECONSTRUCTED
2025-02-07,PNB,2.4634286168389736,RECONSTRUCTED
2025-02-07,SBIN,7.9429914452004295,RECONSTRUCTED
2025-02-10,AUBANK,2.3493442063673062,RECONSTRUCTED
2025-02-10,AXISBANK,8.25841019678761,RECONSTRUCTED
2025-02-10,BANKBARODA,2.9050840972941767,RECONSTRUCTED
2025-02-10,CANBK,2.2724873134449193,RECONSTRUCTED
2025-02-10,FEDERALBNK,3.3018227412891643,RECONSTRUCTED
2025-02-10,HDFCBANK,27.685183177000148,RECONSTRUCTED
2025-02-10,ICICIBANK,25.04194426415991,RECONSTRUCTED
2025-02-10,IDFCFIRSTB,2.8241920546398616,RECONSTRUCTED
2025-02-10,INDUSINDBK,5.112484428865763,RECONSTRUCTED
2025-02-10,KOTAKBANK,9.833832537003653,RECONSTRUCTED
2025-02-10,PNB,2.4482862918890125,RECONSTRUCTED
2025-02-10,SBIN,7.966928691258486,RECONSTRUCTED
2025-02-11,AUBANK,2.339712426540142,RECONSTRUCTED
2025-02-11,AXISBANK,8.319053165383837,RECONSTRUCTED
2025-02-11,BANKBARODA,2.878286490327993,RECONSTRUCTED
2025-02-11,CANBK,2.223057390395387,RECONSTRUCTED
2025-02-11,FEDERALBNK,3.288684133953622,RECONSTRUCTED
2025-02-11,HDFCBANK,27.774646360671607,RECONSTRUCTED
2025-02-11,ICICIBANK,25.13711238364012,RECONSTRUCTED
2025-02-11,IDFCFIRSTB,2.799534910198662,RECONSTRUCTED
2025-02-11,INDUSINDBK,5.105189583685255,RECONSTRUCTED
2025-02-11,KOTAKBANK,9.737930200772446,RECONSTRUCTED
2025-02-11,PNB,2.3990615910890876,RECONSTRUCTED
2025-02-11,SBIN,7.997731363341852,RECONSTRUCTED
2025-02-12,AUBANK,2.269389573754454,RECONSTRUCTED
2025-02-12,AXISBANK,8.30212979182122,RECONSTRUCTED
2025-02-12,BANKBARODA,2.897854125795198,RECONSTRUCTED
2025-02-12,CANBK,2.2307238076194684,RECONSTRUCTED
2025-02-12,FEDERALBNK,3.288629542220414,RECONSTRUCTED
2025-02-12,HDFCBANK,27.819925860159906,RECONSTRUCTED
2025-02-12,ICICIBANK,25.07940028421131,RECONSTRUCTED
2025-02-12,IDFCFIRSTB,2.8188079507222783,RECONSTRUCTED
2025-02-12,INDUSINDBK,5.027219452072001,RECONSTRUCTED
2025-02-12,KOTAKBANK,9.851413128730838,RECONSTRUCTED
2025-02-12,PNB,2.4066903638987385,RECONSTRUCTED
2025-02-12,SBIN,8.007816118994192,RECONSTRUCTED
2025-02-13,AUBANK,2.2693473174630925,RECONSTRUCTED
2025-02-13,AXISBANK,8.332985174587732,RECONSTRUCTED
2025-02-13,BANKBARODA,2.8810924105018074,RECONSTRUCTED
2025-02-13,CANBK,2.1911776203460813,RECONSTRUCTED
2025-02-13,FEDERALBNK,3.2580652575202,RECONSTRUCTED
2025-02-13,HDFCBANK,27.738630852992717,RECONSTRUCTED
2025-02-13,ICICIBANK,25.081909920246144,RECONSTRUCTED
2025-02-13,IDFCFIRSTB,2.79517956945756,RECONSTRUCTED
2025-02-13,INDUSINDBK,5.076235864968106,RECONSTRUCTED
2025-02-13,KOTAKBANK,10.021834791977113,RECONSTRUCTED
2025-02-13,PNB,2.386546578825868,RECONSTRUCTED
2025-02-13,SBIN,7.966994641113567,RECONSTRUCTED
2025-02-14,AUBANK,2.206515374159076,RECONSTRUCTED
2025-02-14,AXISBANK,8.288283705208864,RECONSTRUCTED
2025-02-14,BANKBARODA,2.818883063345236,RECONSTRUCTED
2025-02-14,CANBK,2.1258325960490754,RECONSTRUCTED
2025-02-14,FEDERALBNK,3.26111606789861,RECONSTRUCTED
2025-02-14,HDFCBANK,27.838967758456302,RECONSTRUCTED
2025-02-14,ICICIBANK,25.441091371387802,RECONSTRUCTED
2025-02-14,IDFCFIRSTB,2.7693358793531364,RECONSTRUCTED
2025-02-14,INDUSINDBK,4.991818450662354,RECONSTRUCTED
2025-02-14,KOTAKBANK,9.970817492490049,RECONSTRUCTED
2025-02-14,PNB,2.338618313202384,RECONSTRUCTED
2025-02-14,SBIN,7.948719927787111,RECONSTRUCTED
2025-02-17,AUBANK,2.146532917197559,RECONSTRUCTED
2025-02-17,AXISBANK,8.223755256491195,RECONSTRUCTED
2025-02-17,BANKBARODA,2.8344048233999506,RECONSTRUCTED
2025-02-17,CANBK,2.1058307102263285,RECONSTRUCTED
2025-02-17,FEDERALBNK,3.260071399837709,RECONSTRUCTED
2025-02-17,HDFCBANK,28.11718041379896,RECONSTRUCTED
2025-02-17,ICICIBANK,25.178578012700626,RECONSTRUCTED
2025-02-17,IDFCFIRSTB,2.8013618942311904,RECONSTRUCTED
2025-02-17,INDUSINDBK,5.0914932931197106,RECONSTRUCTED
2025-02-17,KOTAKBANK,9.902381352993025,RECONSTRUCTED
2025-02-17,PNB,2.3545437813545305,RECONSTRUCTED
2025-02-17,SBIN,7.983866144649205,RECONSTRUCTED
2025-02-18,AUBANK,2.072959835120957,RECONSTRUCTED
2025-02-18,AXISBANK,8.262481835486755,RECONSTRUCTED
2025-02-18,BANKBARODA,2.832358261961423,RECONSTRUCTED
2025-02-18,CANBK,2.1022661510408804,RECONSTRUCTED
2025-02-18,FEDERALBNK,3.256152244890463,RECONSTRUCTED
2025-02-18,HDFCBANK,28.309137463621266,RECONSTRUCTED
2025-02-18,ICICIBANK,25.10303438071673,RECONSTRUCTED
2025-02-18,IDFCFIRSTB,2.720650954525682,RECONSTRUCTED
2025-02-18,INDUSINDBK,4.991585047628773,RECONSTRUCTED
2025-02-18,KOTAKBANK,10.029206917140797,RECONSTRUCTED
2025-02-18,PNB,2.329304733818434,RECONSTRUCTED
2025-02-18,SBIN,7.990862174047855,RECONSTRUCTED
2025-02-19,AUBANK,2.147767109886155,RECONSTRUCTED
2025-02-19,AXISBANK,8.323564354449744,RECONSTRUCTED
2025-02-19,BANKBARODA,2.8428777114620623,RECONSTRUCTED
2025-02-19,CANBK,2.1041697517572353,RECONSTRUCTED
2025-02-19,FEDERALBNK,3.2331816257214645,RECONSTRUCTED
2025-02-19,HDFCBANK,28.100927111481173,RECONSTRUCTED
2025-02-19,ICICIBANK,25.23049534521464,RECONSTRUCTED
2025-02-19,IDFCFIRSTB,2.7154263563031673,RECONSTRUCTED
2025-02-19,INDUSINDBK,4.9994390447287795,RECONSTRUCTED
2025-02-19,KOTAKBANK,10.04103862910869,RECONSTRUCTED
2025-02-19,PNB,2.331727579519815,RECONSTRUCTED
2025-02-19,SBIN,7.929385380367088,RECONSTRUCTED
2025-02-20,AUBANK,2.196613552918219,RECONSTRUCTED
2025-02-20,AXISBANK,8.411684713335871,RECONSTRUCTED
2025-02-20,BANKBARODA,2.9204484723982813,RECONSTRUCTED
2025-02-20,CANBK,2.175992780393179,RECONSTRUCTED
2025-02-20,FEDERALBNK,3.305996801505369,RECONSTRUCTED
2025-02-20,HDFCBANK,27.57957797571202,RECONSTRUCTED
2025-02-20,ICICIBANK,25.11587411234978,RECONSTRUCTED
2025-02-20,IDFCFIRSTB,2.790700882610874,RECONSTRUCTED
2025-02-20,INDUSINDBK,5.080779647125653,RECONSTRUCTED
2025-02-20,KOTAKBANK,10.015539715870613,RECONSTRUCTED
2025-02-20,PNB,2.4132531197344256,RECONSTRUCTED
2025-02-20,SBIN,7.99353822604572,RECONSTRUCTED
2025-02-21,AUBANK,2.223003326830147,RECONSTRUCTED
2025-02-21,AXISBANK,8.403647775783313,RECONSTRUCTED
2025-02-21,BANKBARODA,2.8960641479407445,RECONSTRUCTED
2025-02-21,CANBK,2.173520753317076,RECONSTRUCTED
2025-02-21,FEDERALBNK,3.248034418839945,RECONSTRUCTED
2025-02-21,HDFCBANK,27.867437153467318,RECONSTRUCTED
2025-02-21,ICICIBANK,24.952995243316884,RECONSTRUCTED
2025-02-21,IDFCFIRSTB,2.777391289866465,RECONSTRUCTED
2025-02-21,INDUSINDBK,5.098379900408641,RECONSTRUCTED
2025-02-21,KOTAKBANK,9.99820005716328,RECONSTRUCTED
2025-02-21,PNB,2.3950844050377507,RECONSTRUCTED
2025-02-21,SBIN,7.966241528028439,RECONSTRUCTED
2025-02-24,AUBANK,2.2188973729406785,RECONSTRUCTED
2025-02-24,AXISBANK,8.469742833933685,RECONSTRUCTED
2025-02-24,BANKBARODA,2.8929223382631197,RECONSTRUCTED
2025-02-24,CANBK,2.1787082194246232,RECONSTRUCTED
2025-02-24,FEDERALBNK,3.295288087968027,RECONSTRUCTED
2025-02-24,HDFCBANK,27.800747054360954,RECONSTRUCTED
2025-02-24,ICICIBANK,24.824381729145873,RECONSTRUCTED
2025-02-24,IDFCFIRSTB,2.7625202976890675,RECONSTRUCTED
2025-02-24,INDUSINDBK,5.061083908230442,RECONSTRUCTED
2025-02-24,KOTAKBANK,10.133120756941844,RECONSTRUCTED
2025-02-24,PNB,2.4046411125899185,RECONSTRUCTED
2025-02-24,SBIN,7.957946288511771,RECONSTRUCTED
2025-02-25,AUBANK,2.184429981563809,RECONSTRUCTED
2025-02-25,AXISBANK,8.469372605521794,RECONSTRUCTED
2025-02-25,BANKBARODA,2.8419473621620095,RECONSTRUCTED
2025-02-25,CANBK,2.132260534269439,RECONSTRUCTED
2025-02-25,FEDERALBNK,3.252204694035961,RECONSTRUCTED
2025-02-25,HDFCBANK,27.91280891047076,RECONSTRUCTED
2025-02-25,ICICIBANK,24.96494954628227,RECONSTRUCTED
2025-02-25,IDFCFIRSTB,2.714685462698651,RECONSTRUCTED
2025-02-25,INDUSINDBK,5.090730089155169,RECONSTRUCTED
2025-02-25,KOTAKBANK,10.148149383783435,RECONSTRUCTED
2025-02-25,PNB,2.3845216411860157,RECONSTRUCTED
2025-02-25,SBIN,7.903939788870693,RECONSTRUCTED
2025-02-27,AUBANK,2.3131961227361977,RECONSTRUCTED
2025-02-27,AXISBANK,8.509448262113079,RECONSTRUCTED
2025-02-27,BANKBARODA,2.8120445733283037,RECONSTRUCTED
2025-02-27,CANBK,2.08732028312581,RECONSTRUCTED
2025-02-27,FEDERALBNK,3.243167783087796,RECONSTRUCTED
2025-02-27,HDFCBANK,28.138856617811296,RECONSTRUCTED
2025-02-27,ICICIBANK,24.861006409337996,RECONSTRUCTED
2025-02-27,IDFCFIRSTB,2.7260152797121293,RECONSTRUCTED
2025-02-27,INDUSINDBK,5.137694906023456,RECONSTRUCTED
2025-02-27,KOTAKBANK,10.018609717889493,RECONSTRUCTED
2025-02-27,PNB,2.3482742099840954,RECONSTRUCTED
2025-02-27,SBIN,7.8043658348503255,RECONSTRUCTED
2025-02-28,AUBANK,2.37,OFFICIAL
2025-02-28,AXISBANK,8.57,OFFICIAL
2025-02-28,BANKBARODA,2.75,OFFICIAL
2025-02-28,CANBK,2.04,OFFICIAL
2025-02-28,FEDERALBNK,3.25,OFFICIAL
2025-02-28,HDFCBANK,28.9,OFFICIAL
2025-02-28,ICICIBANK,24.69,OFFICIAL
2025-02-28,IDFCFIRSTB,2.71,OFFICIAL
2025-02-28,INDUSINDBK,4.9,OFFICIAL
2025-02-28,KOTAKBANK,9.87,OFFICIAL
2025-02-28,PNB,2.25,OFFICIAL
2025-02-28,SBIN,7.7,OFFICIAL
2025-03-03,AUBANK,2.696159664487002,RECONSTRUCTED
2025-03-03,AXISBANK,8.201086605252312,RECONSTRUCTED
2025-03-03,BANKBARODA,3.1225125641906413,RECONSTRUCTED
2025-03-03,CANBK,2.3647916755839935,RECONSTRUCTED
2025-03-03,FEDERALBNK,3.7899034455224787,RECONSTRUCTED
2025-03-03,HDFCBANK,28.104978007731297,RECONSTRUCTED
2025-03-03,ICICIBANK,24.251842156979578,RECONSTRUCTED
2025-03-03,IDFCFIRSTB,3.072138622790499,RECONSTRUCTED
2025-03-03,INDUSINDBK,5.580042423749813,RECONSTRUCTED
2025-03-03,KOTAKBANK,8.034589372695747,RECONSTRUCTED
2025-03-03,PNB,2.589722577915777,RECONSTRUCTED
2025-03-03,SBIN,8.192232883100873,RECONSTRUCTED
2025-03-04,AUBANK,2.6442383858634453,RECONSTRUCTED
2025-03-04,AXISBANK,8.134578696916694,RECONSTRUCTED
2025-03-04,BANKBARODA,3.114198402703582,RECONSTRUCTED
2025-03-04,CANBK,2.3734367633709725,RECONSTRUCTED
2025-03-04,FEDERALBNK,3.7170749259141793,RECONSTRUCTED
2025-03-04,HDFCBANK,28.16790584728738,RECONSTRUCTED
2025-03-04,ICICIBANK,24.270249415756904,RECONSTRUCTED
2025-03-04,IDFCFIRSTB,3.0181292962203785,RECONSTRUCTED
2025-03-04,INDUSINDBK,5.5852600564360895,RECONSTRUCTED
2025-03-04,KOTAKBANK,7.984328400234393,RECONSTRUCTED
2025-03-04,PNB,2.5767777141965036,RECONSTRUCTED
2025-03-04,SBIN,8.413822095099485,RECONSTRUCTED
2025-03-05,AUBANK,2.6210421397484294,RECONSTRUCTED
2025-03-05,AXISBANK,8.193425318093782,RECONSTRUCTED
2025-03-05,BANKBARODA,3.2446511039978088,RECONSTRUCTED
2025-03-05,CANBK,2.449534843486541,RECONSTRUCTED
2025-03-05,FEDERALBNK,3.802011030871782,RECONSTRUCTED
2025-03-05,HDFCBANK,27.690192185396352,RECONSTRUCTED
2025-03-05,ICICIBANK,24.246695390065977,RECONSTRUCTED
2025-03-05,IDFCFIRSTB,3.0612192846426503,RECONSTRUCTED
2025-03-05,INDUSINDBK,5.466915639534369,RECONSTRUCTED
2025-03-05,KOTAKBANK,8.047123808466067,RECONSTRUCTED
2025-03-05,PNB,2.6410434472628315,RECONSTRUCTED
2025-03-05,SBIN,8.53614580843341,RECONSTRUCTED
2025-03-06,AUBANK,2.6454434524823602,RECONSTRUCTED
2025-03-06,AXISBANK,8.327030001983852,RECONSTRUCTED
2025-03-06,BANKBARODA,3.2654794980860706,RECONSTRUCTED
2025-03-06,CANBK,2.4516517757489606,RECONSTRUCTED
2025-03-06,FEDERALBNK,3.7953871049731136,RECONSTRUCTED
2025-03-06,HDFCBANK,27.626570350739748,RECONSTRUCTED
2025-03-06,ICICIBANK,24.22054962343875,RECONSTRUCTED
2025-03-06,IDFCFIRSTB,3.042538665235329,RECONSTRUCTED
2025-03-06,INDUSINDBK,5.4496432660230525,RECONSTRUCTED
2025-03-06,KOTAKBANK,7.975624351991977,RECONSTRUCTED
2025-03-06,PNB,2.6697825111578526,RECONSTRUCTED
2025-03-06,SBIN,8.530299398138926,RECONSTRUCTED
2025-03-07,AUBANK,2.611207881723972,RECONSTRUCTED
2025-03-07,AXISBANK,8.382340223149829,RECONSTRUCTED
2025-03-07,BANKBARODA,3.255998589348323,RECONSTRUCTED
2025-03-07,CANBK,2.4499835142981388,RECONSTRUCTED
2025-03-07,FEDERALBNK,3.781757027166803,RECONSTRUCTED
2025-03-07,HDFCBANK,27.68297328169764,RECONSTRUCTED
2025-03-07,ICICIBANK,24.22819601958932,RECONSTRUCTED
2025-03-07,IDFCFIRSTB,3.029550731968856,RECONSTRUCTED
2025-03-07,INDUSINDBK,5.27043395728225,RECONSTRUCTED
2025-03-07,KOTAKBANK,8.058173977399191,RECONSTRUCTED
2025-03-07,PNB,2.683619728648203,RECONSTRUCTED
2025-03-07,SBIN,8.565765067727488,RECONSTRUCTED
2025-03-10,AUBANK,2.6013903509500746,RECONSTRUCTED
2025-03-10,AXISBANK,8.420653329207207,RECONSTRUCTED
2025-03-10,BANKBARODA,3.246806563281705,RECONSTRUCTED
2025-03-10,CANBK,2.3920920583194007,RECONSTRUCTED
2025-03-10,FEDERALBNK,3.776338890034866,RECONSTRUCTED
2025-03-10,HDFCBANK,27.828968657480026,RECONSTRUCTED
2025-03-10,ICICIBANK,24.38725180896356,RECONSTRUCTED
2025-03-10,IDFCFIRSTB,2.9971128787452144,RECONSTRUCTED
2025-03-10,INDUSINDBK,5.098482291756106,RECONSTRUCTED
2025-03-10,KOTAKBANK,8.051880427342244,RECONSTRUCTED
2025-03-10,PNB,2.624443739704254,RECONSTRUCTED
2025-03-10,SBIN,8.574579004215344,RECONSTRUCTED
2025-03-11,AUBANK,2.5451508986545095,RECONSTRUCTED
2025-03-11,AXISBANK,8.419189937103475,RECONSTRUCTED
2025-03-11,BANKBARODA,3.254904712612657,RECONSTRUCTED
2025-03-11,CANBK,2.438594035596005,RECONSTRUCTED
2025-03-11,FEDERALBNK,3.8132314500592077,RECONSTRUCTED
2025-03-11,HDFCBANK,28.067536245712354,RECONSTRUCTED
2025-03-11,ICICIBANK,25.244761443270175,RECONSTRUCTED
2025-03-11,IDFCFIRSTB,2.9721679836923593,RECONSTRUCTED
2025-03-11,INDUSINDBK,3.750162956516963,RECONSTRUCTED
2025-03-11,KOTAKBANK,8.187446734951708,RECONSTRUCTED
2025-03-11,PNB,2.6372214002871104,RECONSTRUCTED
2025-03-11,SBIN,8.669632201543472,RECONSTRUCTED
2025-03-12,AUBANK,2.4634628479325658,RECONSTRUCTED
2025-03-12,AXISBANK,8.270182874754326,RECONSTRUCTED
2025-03-12,BANKBARODA,3.2404254025070056,RECONSTRUCTED
2025-03-12,CANBK,2.4057420002991012,RECONSTRUCTED
2025-03-12,FEDERALBNK,3.7801797745444445,RECONSTRUCTED
2025-03-12,HDFCBANK,28.390336888314703,RECONSTRUCTED
2025-03-12,ICICIBANK,25.123044247543756,RECONSTRUCTED
2025-03-12,IDFCFIRSTB,2.9222367613006774,RECONSTRUCTED
2025-03-12,INDUSINDBK,3.9001980442933215,RECONSTRUCTED
2025-03-12,KOTAKBANK,8.357063660252079,RECONSTRUCTED
2025-03-12,PNB,2.5897178845575155,RECONSTRUCTED
2025-03-12,SBIN,8.557409613700505,RECONSTRUCTED
2025-03-13,AUBANK,2.4425435343947055,RECONSTRUCTED
2025-03-13,AXISBANK,8.26270985460916,RECONSTRUCTED
2025-03-13,BANKBARODA,3.2906576172868247,RECONSTRUCTED
2025-03-13,CANBK,2.4187853911827593,RECONSTRUCTED
2025-03-13,FEDERALBNK,3.7461382475585223,RECONSTRUCTED
2025-03-13,HDFCBANK,28.317264162089366,RECONSTRUCTED
2025-03-13,ICICIBANK,25.248396966224018,RECONSTRUCTED
2025-03-13,IDFCFIRSTB,2.860965919331272,RECONSTRUCTED
2025-03-13,INDUSINDBK,3.8301768589972633,RECONSTRUCTED
2025-03-13,KOTAKBANK,8.36852730028657,RECONSTRUCTED
2025-03-13,PNB,2.5988801439394034,RECONSTRUCTED
2025-03-13,SBIN,8.614954004100136,RECONSTRUCTED
2025-03-17,AUBANK,2.375126126406829,RECONSTRUCTED
2025-03-17,AXISBANK,8.40994138320282,RECONSTRUCTED
2025-03-17,BANKBARODA,3.2752287367793578,RECONSTRUCTED
2025-03-17,CANBK,2.3929763359052103,RECONSTRUCTED
2025-03-17,FEDERALBNK,3.7401937431488452,RECONSTRUCTED
2025-03-17,HDFCBANK,28.217045126140945,RECONSTRUCTED
2025-03-17,ICICIBANK,25.4836916389684,RECONSTRUCTED
2025-03-17,IDFCFIRSTB,2.81312575443772,RECONSTRUCTED
2025-03-17,INDUSINDBK,3.8367447283568974,RECONSTRUCTED
2025-03-17,KOTAKBANK,8.35391459417693,RECONSTRUCTED
2025-03-17,PNB,2.5919295114208736,RECONSTRUCTED
2025-03-17,SBIN,8.510082321055158,RECONSTRUCTED
2025-03-18,AUBANK,2.386844363371824,RECONSTRUCTED
2025-03-18,AXISBANK,8.335372658635801,RECONSTRUCTED
2025-03-18,BANKBARODA,3.2679133498153705,RECONSTRUCTED
2025-03-18,CANBK,2.387250471722575,RECONSTRUCTED
2025-03-18,FEDERALBNK,3.726399304756261,RECONSTRUCTED
2025-03-18,HDFCBANK,28.022526688476297,RECONSTRUCTED
2025-03-18,ICICIBANK,25.79394063784314,RECONSTRUCTED
2025-03-18,IDFCFIRSTB,2.848804770246945,RECONSTRUCTED
2025-03-18,INDUSINDBK,3.784836479890661,RECONSTRUCTED
2025-03-18,KOTAKBANK,8.360019736807576,RECONSTRUCTED
2025-03-18,PNB,2.5846719207569104,RECONSTRUCTED
2025-03-18,SBIN,8.501419617676632,RECONSTRUCTED
2025-03-19,AUBANK,2.4687466825653877,RECONSTRUCTED
2025-03-19,AXISBANK,8.317706817600405,RECONSTRUCTED
2025-03-19,BANKBARODA,3.3083171494350827,RECONSTRUCTED
2025-03-19,CANBK,2.413328420449919,RECONSTRUCTED
2025-03-19,FEDERALBNK,3.8176977522356568,RECONSTRUCTED
2025-03-19,HDFCBANK,27.97325614036421,RECONSTRUCTED
2025-03-19,ICICIBANK,25.63635729033366,RECONSTRUCTED
2025-03-19,IDFCFIRSTB,2.8657605260439936,RECONSTRUCTED
2025-03-19,INDUSINDBK,3.814351358056208,RECONSTRUCTED
2025-03-19,KOTAKBANK,8.237647885981074,RECONSTRUCTED
2025-03-19,PNB,2.622156969987128,RECONSTRUCTED
2025-03-19,SBIN,8.524673006947273,RECONSTRUCTED
2025-03-20,AUBANK,2.44885147074308,RECONSTRUCTED
2025-03-20,AXISBANK,8.277371856914428,RECONSTRUCTED
2025-03-20,BANKBARODA,3.314138043040816,RECONSTRUCTED
2025-03-20,CANBK,2.403947841186253,RECONSTRUCTED
2025-03-20,FEDERALBNK,3.7980230742001235,RECONSTRUCTED
2025-03-20,HDFCBANK,28.169460464869605,RECONSTRUCTED
2025-03-20,ICICIBANK,25.62310996726247,RECONSTRUCTED
2025-03-20,IDFCFIRSTB,2.8605330469550334,RECONSTRUCTED
2025-03-20,INDUSINDBK,3.74055060352095,RECONSTRUCTED
2025-03-20,KOTAKBANK,8.236871344502134,RECONSTRUCTED
2025-03-20,PNB,2.6117588125833664,RECONSTRUCTED
2025-03-20,SBIN,8.51538347422175,RECONSTRUCTED
2025-03-21,AUBANK,2.504625117940137,RECONSTRUCTED
2025-03-21,AXISBANK,8.314934423464884,RECONSTRUCTED
2025-03-21,BANKBARODA,3.2959950574603463,RECONSTRUCTED
2025-03-21,CANBK,2.426321701828364,RECONSTRUCTED
2025-03-21,FEDERALBNK,3.774243473603512,RECONSTRUCTED
2025-03-21,HDFCBANK,27.904723289098694,RECONSTRUCTED
2025-03-21,ICICIBANK,25.769963799507146,RECONSTRUCTED
2025-03-21,IDFCFIRSTB,2.86056333969893,RECONSTRUCTED
2025-03-21,INDUSINDBK,3.7172003491591457,RECONSTRUCTED
2025-03-21,KOTAKBANK,8.325688754164018,RECONSTRUCTED
2025-03-21,PNB,2.6369690573960654,RECONSTRUCTED
2025-03-21,SBIN,8.468771636678749,RECONSTRUCTED
2025-03-24,AUBANK,2.484311290840535,RECONSTRUCTED
2025-03-24,AXISBANK,8.349455037775757,RECONSTRUCTED
2025-03-24,BANKBARODA,3.3418495842595415,RECONSTRUCTED
2025-03-24,CANBK,2.477471657116596,RECONSTRUCTED
2025-03-24,FEDERALBNK,3.861942242143617,RECONSTRUCTED
2025-03-24,HDFCBANK,27.771033451883103,RECONSTRUCTED
2025-03-24,ICICIBANK,25.506692637859402,RECONSTRUCTED
2025-03-24,IDFCFIRSTB,2.8795513061105393,RECONSTRUCTED
2025-03-24,INDUSINDBK,3.546023017342153,RECONSTRUCTED
2025-03-24,KOTAKBANK,8.530126290033477,RECONSTRUCTED
2025-03-24,PNB,2.658423675949199,RECONSTRUCTED
2025-03-24,SBIN,8.593119808686074,RECONSTRUCTED
2025-03-25,AUBANK,2.5256648608211663,RECONSTRUCTED
2025-03-25,AXISBANK,8.526799336491116,RECONSTRUCTED
2025-03-25,BANKBARODA,3.3287813966563307,RECONSTRUCTED
2025-03-25,CANBK,2.4054993473574315,RECONSTRUCTED
2025-03-25,FEDERALBNK,3.8522016545681623,RECONSTRUCTED
2025-03-25,HDFCBANK,28.167759693310828,RECONSTRUCTED
2025-03-25,ICICIBANK,25.294391983911364,RECONSTRUCTED
2025-03-25,IDFCFIRSTB,2.8593690369156737,RECONSTRUCTED
2025-03-25,INDUSINDBK,3.382302455416872,RECONSTRUCTED
2025-03-25,KOTAKBANK,8.525932377002766,RECONSTRUCTED
2025-03-25,PNB,2.6057599456535336,RECONSTRUCTED
2025-03-25,SBIN,8.525537911894764,RECONSTRUCTED
2025-03-26,AUBANK,2.6168575578859854,RECONSTRUCTED
2025-03-26,AXISBANK,8.41934432858635,RECONSTRUCTED
2025-03-26,BANKBARODA,3.312649429699957,RECONSTRUCTED
2025-03-26,CANBK,2.3900775340803553,RECONSTRUCTED
2025-03-26,FEDERALBNK,3.8304385150725957,RECONSTRUCTED
2025-03-26,HDFCBANK,28.146413485545068,RECONSTRUCTED
2025-03-26,ICICIBANK,25.335757967444962,RECONSTRUCTED
2025-03-26,IDFCFIRSTB,2.863186699138079,RECONSTRUCTED
2025-03-26,INDUSINDBK,3.50523478769374,RECONSTRUCTED
2025-03-26,KOTAKBANK,8.490381863433097,RECONSTRUCTED
2025-03-26,PNB,2.598675020442697,RECONSTRUCTED
2025-03-26,SBIN,8.490982810977133,RECONSTRUCTED
2025-03-27,AUBANK,2.508837202046071,RECONSTRUCTED
2025-03-27,AXISBANK,8.369534303154728,RECONSTRUCTED
2025-03-27,BANKBARODA,3.4454692964892466,RECONSTRUCTED
2025-03-27,CANBK,2.4369044500050636,RECONSTRUCTED
2025-03-27,FEDERALBNK,3.9046443530860384,RECONSTRUCTED
2025-03-27,HDFCBANK,28.217017130336426,RECONSTRUCTED
2025-03-27,ICICIBANK,25.15182651279155,RECONSTRUCTED
2025-03-27,IDFCFIRSTB,2.8378154535399887,RECONSTRUCTED
2025-03-27,INDUSINDBK,3.574692260659779,RECONSTRUCTED
2025-03-27,KOTAKBANK,8.360193081623295,RECONSTRUCTED
2025-03-27,PNB,2.6769314477764823,RECONSTRUCTED
2025-03-27,SBIN,8.51613450849132,RECONSTRUCTED
2025-03-28,AUBANK,2.42,OFFICIAL
2025-03-28,AXISBANK,8.4,OFFICIAL
2025-03-28,BANKBARODA,3.41,OFFICIAL
2025-03-28,CANBK,2.42,OFFICIAL
2025-03-28,FEDERALBNK,3.81,OFFICIAL
2025-03-28,HDFCBANK,28.27,OFFICIAL
2025-03-28,ICICIBANK,25.38,OFFICIAL
2025-03-28,IDFCFIRSTB,2.74,OFFICIAL
2025-03-28,INDUSINDBK,3.45,OFFICIAL
2025-03-28,KOTAKBANK,8.53,OFFICIAL
2025-03-28,PNB,2.67,OFFICIAL
2025-03-28,SBIN,8.51,OFFICIAL
2025-04-01,AUBANK,2.4291679010333413,RECONSTRUCTED
2025-04-01,AXISBANK,8.39080766089078,RECONSTRUCTED
2025-04-01,BANKBARODA,3.459719098126028,RECONSTRUCTED
2025-04-01,CANBK,2.4826066799065893,RECONSTRUCTED
2025-04-01,FEDERALBNK,3.84959266420772,RECONSTRUCTED
2025-04-01,HDFCBANK,27.742603856493265,RECONSTRUCTED
2025-04-01,ICICIBANK,25.18681508027819,RECONSTRUCTED
2025-04-01,IDFCFIRSTB,2.893534196640234,RECONSTRUCTED
2025-04-01,INDUSINDBK,3.671702934749516,RECONSTRUCTED
2025-04-01,KOTAKBANK,8.553470148778992,RECONSTRUCTED
2025-04-01,PNB,2.7065339115777407,RECONSTRUCTED
2025-04-01,SBIN,8.633445867317624,RECONSTRUCTED
2025-04-02,AUBANK,2.448099071470425,RECONSTRUCTED
2025-04-02,AXISBANK,8.296929319898865,RECONSTRUCTED
2025-04-02,BANKBARODA,3.468686501690417,RECONSTRUCTED
2025-04-02,CANBK,2.487469206239368,RECONSTRUCTED
2025-04-02,FEDERALBNK,3.8042223798710895,RECONSTRUCTED
2025-04-02,HDFCBANK,27.912558242886092,RECONSTRUCTED
2025-04-02,ICICIBANK,25.17347298130222,RECONSTRUCTED
2025-04-02,IDFCFIRSTB,2.865196748403148,RECONSTRUCTED
2025-04-02,INDUSINDBK,3.7396157185161774,RECONSTRUCTED
2025-04-02,KOTAKBANK,8.501067131433214,RECONSTRUCTED
2025-04-02,PNB,2.709711949232201,RECONSTRUCTED
2025-04-02,SBIN,8.592970749056786,RECONSTRUCTED
2025-04-03,AUBANK,2.5444297932231774,RECONSTRUCTED
2025-04-03,AXISBANK,8.297975240708828,RECONSTRUCTED
2025-04-03,BANKBARODA,3.5303608757430327,RECONSTRUCTED
2025-04-03,CANBK,2.564583583392501,RECONSTRUCTED
2025-04-03,FEDERALBNK,3.825854929495451,RECONSTRUCTED
2025-04-03,HDFCBANK,27.746067710038247,RECONSTRUCTED
2025-04-03,ICICIBANK,25.01990971286958,RECONSTRUCTED
2025-04-03,IDFCFIRSTB,3.008909851859597,RECONSTRUCTED
2025-04-03,INDUSINDBK,3.7583765754283736,RECONSTRUCTED
2025-04-03,KOTAKBANK,8.37362955248255,RECONSTRUCTED
2025-04-03,PNB,2.7426129856216828,RECONSTRUCTED
2025-04-03,SBIN,8.587289189136985,RECONSTRUCTED
2025-04-04,AUBANK,2.4977505357832346,RECONSTRUCTED
2025-04-04,AXISBANK,8.324262866193436,RECONSTRUCTED
2025-04-04,BANKBARODA,3.5000936822867743,RECONSTRUCTED
2025-04-04,CANBK,2.4606706886784937,RECONSTRUCTED
2025-04-04,FEDERALBNK,3.849854435880403,RECONSTRUCTED
2025-04-04,HDFCBANK,28.14466823908413,RECONSTRUCTED
2025-04-04,ICICIBANK,25.174226625308847,RECONSTRUCTED
2025-04-04,IDFCFIRSTB,2.887560524253018,RECONSTRUCTED
2025-04-04,INDUSINDBK,3.6198427764542678,RECONSTRUCTED
2025-04-04,KOTAKBANK,8.386438737457327,RECONSTRUCTED
2025-04-04,PNB,2.6813137802377645,RECONSTRUCTED
2025-04-04,SBIN,8.473317108382297,RECONSTRUCTED
2025-04-07,AUBANK,2.5314431643974684,RECONSTRUCTED
2025-04-07,AXISBANK,8.25696083648391,RECONSTRUCTED
2025-04-07,BANKBARODA,3.538881510982646,RECONSTRUCTED
2025-04-07,CANBK,2.4492284554526607,RECONSTRUCTED
2025-04-07,FEDERALBNK,3.891247557222571,RECONSTRUCTED
2025-04-07,HDFCBANK,28.11850922355071,RECONSTRUCTED
2025-04-07,ICICIBANK,25.07375763204992,RECONSTRUCTED
2025-04-07,IDFCFIRSTB,2.9145917628988127,RECONSTRUCTED
2025-04-07,INDUSINDBK,3.7056620641052396,RECONSTRUCTED
2025-04-07,KOTAKBANK,8.280390326663364,RECONSTRUCTED
2025-04-07,PNB,2.7212053710352424,RECONSTRUCTED
2025-04-07,SBIN,8.518122095157448,RECONSTRUCTED
2025-04-08,AUBANK,2.516813678461176,RECONSTRUCTED
2025-04-08,AXISBANK,8.383113519852412,RECONSTRUCTED
2025-04-08,BANKBARODA,3.5919738515531465,RECONSTRUCTED
2025-04-08,CANBK,2.4823426588309427,RECONSTRUCTED
2025-04-08,FEDERALBNK,3.835468809907758,RECONSTRUCTED
2025-04-08,HDFCBANK,27.936986257861772,RECONSTRUCTED
2025-04-08,ICICIBANK,24.98806474574638,RECONSTRUCTED
2025-04-08,IDFCFIRSTB,2.948845918340932,RECONSTRUCTED
2025-04-08,INDUSINDBK,3.678205968338822,RECONSTRUCTED
2025-04-08,KOTAKBANK,8.243079329380553,RECONSTRUCTED
2025-04-08,PNB,2.7424552009566585,RECONSTRUCTED
2025-04-08,SBIN,8.652650060769442,RECONSTRUCTED
2025-04-09,AUBANK,2.570728499410211,RECONSTRUCTED
2025-04-09,AXISBANK,8.301623151669107,RECONSTRUCTED
2025-04-09,BANKBARODA,3.52512494521712,RECONSTRUCTED
2025-04-09,CANBK,2.46753681042335,RECONSTRUCTED
2025-04-09,FEDERALBNK,3.844606346574143,RECONSTRUCTED
2025-04-09,HDFCBANK,28.02168435882672,RECONSTRUCTED
2025-04-09,ICICIBANK,25.140148386720252,RECONSTRUCTED
2025-04-09,IDFCFIRSTB,3.033866742591274,RECONSTRUCTED
2025-04-09,INDUSINDBK,3.692046889770939,RECONSTRUCTED
2025-04-09,KOTAKBANK,8.277631066380478,RECONSTRUCTED
2025-04-09,PNB,2.724518212971235,RECONSTRUCTED
2025-04-09,SBIN,8.400484589445172,RECONSTRUCTED
2025-04-11,AUBANK,2.5450976219167862,RECONSTRUCTED
2025-04-11,AXISBANK,8.233775007658947,RECONSTRUCTED
2025-04-11,BANKBARODA,3.5069796053267996,RECONSTRUCTED
2025-04-11,CANBK,2.488935102613632,RECONSTRUCTED
2025-04-11,FEDERALBNK,3.7967136484446202,RECONSTRUCTED
2025-04-11,HDFCBANK,28.255795812968902,RECONSTRUCTED
2025-04-11,ICICIBANK,24.970959204398405,RECONSTRUCTED
2025-04-11,IDFCFIRSTB,3.0223162367583725,RECONSTRUCTED
2025-04-11,INDUSINDBK,3.69555420537295,RECONSTRUCTED
2025-04-11,KOTAKBANK,8.38629072688967,RECONSTRUCTED
2025-04-11,PNB,2.6927654446238676,RECONSTRUCTED
2025-04-11,SBIN,8.404817383027028,RECONSTRUCTED
2025-04-15,AUBANK,2.562253315496699,RECONSTRUCTED
2025-04-15,AXISBANK,8.34616592705441,RECONSTRUCTED
2025-04-15,BANKBARODA,3.450754206386417,RECONSTRUCTED
2025-04-15,CANBK,2.4810428124840915,RECONSTRUCTED
2025-04-15,FEDERALBNK,3.7252286903765164,RECONSTRUCTED
2025-04-15,HDFCBANK,28.398364080233986,RECONSTRUCTED
2025-04-15,ICICIBANK,25.029009252688745,RECONSTRUCTED
2025-04-15,IDFCFIRSTB,3.041567600064382,RECONSTRUCTED
2025-04-15,INDUSINDBK,3.8405409736388494,RECONSTRUCTED
2025-04-15,KOTAKBANK,8.200600599062316,RECONSTRUCTED
2025-04-15,PNB,2.635882160512777,RECONSTRUCTED
2025-04-15,SBIN,8.288590382000823,RECONSTRUCTED
2025-04-16,AUBANK,2.554503317460355,RECONSTRUCTED
2025-04-16,AXISBANK,8.588891854506365,RECONSTRUCTED
2025-04-16,BANKBARODA,3.4873845106851347,RECONSTRUCTED
2025-04-16,CANBK,2.4996210088099655,RECONSTRUCTED
2025-04-16,FEDERALBNK,3.7312743093237994,RECONSTRUCTED
2025-04-16,HDFCBANK,28.20045870738389,RECONSTRUCTED
2025-04-16,ICICIBANK,24.794545235856543,RECONSTRUCTED
2025-04-16,IDFCFIRSTB,3.0666210350215244,RECONSTRUCTED
2025-04-16,INDUSINDBK,4.0565832230725185,RECONSTRUCTED
2025-04-16,KOTAKBANK,8.098851844328104,RECONSTRUCTED
2025-04-16,PNB,2.6595332908611358,RECONSTRUCTED
2025-04-16,SBIN,8.261731662690675,RECONSTRUCTED
2025-04-17,AUBANK,2.51735825453586,RECONSTRUCTED
2025-04-17,AXISBANK,8.616861847149815,RECONSTRUCTED
2025-04-17,BANKBARODA,3.4406900550036985,RECONSTRUCTED
2025-04-17,CANBK,2.4797247941567724,RECONSTRUCTED
2025-04-17,FEDERALBNK,3.64937742339432,RECONSTRUCTED
2025-04-17,HDFCBANK,28.013059704036287,RECONSTRUCTED
2025-04-17,ICICIBANK,25.15865670812034,RECONSTRUCTED
2025-04-17,IDFCFIRSTB,2.9852269194600027,RECONSTRUCTED
2025-04-17,INDUSINDBK,4.001448386675517,RECONSTRUCTED
2025-04-17,KOTAKBANK,8.16538004433029,RECONSTRUCTED
2025-04-17,PNB,2.619734696366119,RECONSTRUCTED
2025-04-17,SBIN,8.352481166770975,RECONSTRUCTED
2025-04-21,AUBANK,2.6272952731698203,RECONSTRUCTED
2025-04-21,AXISBANK,8.687594709535478,RECONSTRUCTED
2025-04-21,BANKBARODA,3.4695491904202354,RECONSTRUCTED
2025-04-21,CANBK,2.5098037768134716,RECONSTRUCTED
2025-04-21,FEDERALBNK,3.7146553172071215,RECONSTRUCTED
2025-04-21,HDFCBANK,27.7936268700823,RECONSTRUCTED
2025-04-21,ICICIBANK,24.751769900028975,RECONSTRUCTED
2025-04-21,IDFCFIRSTB,3.0998064619349703,RECONSTRUCTED
2025-04-21,INDUSINDBK,4.0936623970532455,RECONSTRUCTED
2025-04-21,KOTAKBANK,8.210911962128783,RECONSTRUCTED
2025-04-21,PNB,2.6440682189536537,RECONSTRUCTED
2025-04-21,SBIN,8.397255922671935,RECONSTRUCTED
2025-04-22,AUBANK,2.570073151333128,RECONSTRUCTED
2025-04-22,AXISBANK,8.590295803439775,RECONSTRUCTED
2025-04-22,BANKBARODA,3.4900606326413492,RECONSTRUCTED
2025-04-22,CANBK,2.536163936003792,RECONSTRUCTED
2025-04-22,FEDERALBNK,3.6844585355014488,RECONSTRUCTED
2025-04-22,HDFCBANK,28.11832110372366,RECONSTRUCTED
2025-04-22,ICICIBANK,24.71616889957541,RECONSTRUCTED
2025-04-22,IDFCFIRSTB,3.1065953410180596,RECONSTRUCTED
2025-04-22,INDUSINDBK,3.868505179335296,RECONSTRUCTED
2025-04-22,KOTAKBANK,8.260076398751625,RECONSTRUCTED
2025-04-22,PNB,2.6555187539867067,RECONSTRUCTED
2025-04-22,SBIN,8.403762264689757,RECONSTRUCTED
2025-04-23,AUBANK,2.8002916467384247,RECONSTRUCTED
2025-04-23,AXISBANK,8.563068930132971,RECONSTRUCTED
2025-04-23,BANKBARODA,3.493920457656421,RECONSTRUCTED
2025-04-23,CANBK,2.5182243493244028,RECONSTRUCTED
2025-04-23,FEDERALBNK,3.6685672871587554,RECONSTRUCTED
2025-04-23,HDFCBANK,27.71459417431963,RECONSTRUCTED
2025-04-23,ICICIBANK,24.978466677926146,RECONSTRUCTED
2025-04-23,IDFCFIRSTB,3.180226857153323,RECONSTRUCTED
2025-04-23,INDUSINDBK,3.920953914584631,RECONSTRUCTED
2025-04-23,KOTAKBANK,8.14849310900343,RECONSTRUCTED
2025-04-23,PNB,2.6592640782545276,RECONSTRUCTED
2025-04-23,SBIN,8.353928517747333,RECONSTRUCTED
2025-04-24,AUBANK,2.8747011954764696,RECONSTRUCTED
2025-04-24,AXISBANK,8.590674805671885,RECONSTRUCTED
2025-04-24,BANKBARODA,3.512129193316966,RECONSTRUCTED
2025-04-24,CANBK,2.524400159038116,RECONSTRUCTED
2025-04-24,FEDERALBNK,3.719019155257001,RECONSTRUCTED
2025-04-24,HDFCBANK,27.696743336945673,RECONSTRUCTED
2025-04-24,ICICIBANK,24.673143473496868,RECONSTRUCTED
2025-04-24,IDFCFIRSTB,3.1526686354335163,RECONSTRUCTED
2025-04-24,INDUSINDBK,4.059468326426345,RECONSTRUCTED
2025-04-24,KOTAKBANK,8.158727444914387,RECONSTRUCTED
2025-04-24,PNB,2.659367765544974,RECONSTRUCTED
2025-04-24,SBIN,8.378956508477783,RECONSTRUCTED
2025-04-25,AUBANK,2.8778008987466395,RECONSTRUCTED
2025-04-25,AXISBANK,8.381872777427432,RECONSTRUCTED
2025-04-25,BANKBARODA,3.473177878387397,RECONSTRUCTED
2025-04-25,CANBK,2.4758513951465284,RECONSTRUCTED
2025-04-25,FEDERALBNK,3.6549320606962317,RECONSTRUCTED
2025-04-25,HDFCBANK,27.88719298393491,RECONSTRUCTED
2025-04-25,ICICIBANK,24.9528953553631,RECONSTRUCTED
2025-04-25,IDFCFIRSTB,3.10976319412205,RECONSTRUCTED
2025-04-25,INDUSINDBK,4.112360587067746,RECONSTRUCTED
2025-04-25,KOTAKBANK,8.169963650985345,RECONSTRUCTED
2025-04-25,PNB,2.596332005452102,RECONSTRUCTED
2025-04-25,SBIN,8.307857212670504,RECONSTRUCTED
2025-04-28,AUBANK,2.893589909256527,RECONSTRUCTED
2025-04-28,AXISBANK,8.453451536930459,RECONSTRUCTED
2025-04-28,BANKBARODA,3.504955341730289,RECONSTRUCTED
2025-04-28,CANBK,2.4900819259830915,RECONSTRUCTED
2025-04-28,FEDERALBNK,3.665516611251048,RECONSTRUCTED
2025-04-28,HDFCBANK,27.629993223144144,RECONSTRUCTED
2025-04-28,ICICIBANK,25.02727328961299,RECONSTRUCTED
2025-04-28,IDFCFIRSTB,3.086132568881324,RECONSTRUCTED
2025-04-28,INDUSINDBK,4.095773405448915,RECONSTRUCTED
2025-04-28,KOTAKBANK,8.134155720896304,RECONSTRUCTED
2025-04-28,PNB,2.6345943576810407,RECONSTRUCTED
2025-04-28,SBIN,8.384482109183883,RECONSTRUCTED
2025-04-29,AUBANK,2.9700081622110965,RECONSTRUCTED
2025-04-29,AXISBANK,8.42079258925814,RECONSTRUCTED
2025-04-29,BANKBARODA,3.516893251009102,RECONSTRUCTED
2025-04-29,CANBK,2.51422660049083,RECONSTRUCTED
2025-04-29,FEDERALBNK,3.7341711514551137,RECONSTRUCTED
2025-04-29,HDFCBANK,27.486586257244955,RECONSTRUCTED
2025-04-29,ICICIBANK,25.063600128253107,RECONSTRUCTED
2025-04-29,IDFCFIRSTB,3.1084209219063466,RECONSTRUCTED
2025-04-29,INDUSINDBK,4.130434302144273,RECONSTRUCTED
2025-04-29,KOTAKBANK,8.064919361244536,RECONSTRUCTED
2025-04-29,PNB,2.6484437827563845,RECONSTRUCTED
2025-04-29,SBIN,8.341503492026131,RECONSTRUCTED
2025-04-30,AUBANK,2.87,OFFICIAL
2025-04-30,AXISBANK,8.45,OFFICIAL
2025-04-30,BANKBARODA,3.49,OFFICIAL
2025-04-30,CANBK,2.48,OFFICIAL
2025-04-30,FEDERALBNK,3.63,OFFICIAL
2025-04-30,HDFCBANK,27.87,OFFICIAL
2025-04-30,ICICIBANK,25.15,OFFICIAL
2025-04-30,IDFCFIRSTB,3.03,OFFICIAL
2025-04-30,INDUSINDBK,4.16,OFFICIAL
2025-04-30,KOTAKBANK,8.12,OFFICIAL
2025-04-30,PNB,2.6,OFFICIAL
2025-04-30,SBIN,8.14,OFFICIAL
2025-05-02,AUBANK,2.86261305631009,RECONSTRUCTED
2025-05-02,AXISBANK,8.424550585521438,RECONSTRUCTED
2025-05-02,BANKBARODA,3.466131863367383,RECONSTRUCTED
2025-05-02,CANBK,2.458256476530403,RECONSTRUCTED
2025-05-02,FEDERALBNK,3.5034278439836912,RECONSTRUCTED
2025-05-02,HDFCBANK,27.849423020592422,RECONSTRUCTED
2025-05-02,ICICIBANK,25.231172715595623,RECONSTRUCTED
2025-05-02,IDFCFIRSTB,3.0875075712303697,RECONSTRUCTED
2025-05-02,INDUSINDBK,4.234708742073836,RECONSTRUCTED
2025-05-02,KOTAKBANK,8.032169220682043,RECONSTRUCTED
2025-05-02,PNB,2.592441920258267,RECONSTRUCTED
2025-05-02,SBIN,8.257596983854437,RECONSTRUCTED
2025-05-05,AUBANK,2.8821657305974213,RECONSTRUCTED
2025-05-05,AXISBANK,8.390230412199745,RECONSTRUCTED
2025-05-05,BANKBARODA,3.485768661385149,RECONSTRUCTED
2025-05-05,CANBK,2.474919736558424,RECONSTRUCTED
2025-05-05,FEDERALBNK,3.549842940102965,RECONSTRUCTED
2025-05-05,HDFCBANK,28.120063072679468,RECONSTRUCTED
2025-05-05,ICICIBANK,25.268120994899963,RECONSTRUCTED
2025-05-05,IDFCFIRSTB,3.142595370166891,RECONSTRUCTED
2025-05-05,INDUSINDBK,4.21867204899316,RECONSTRUCTED
2025-05-05,KOTAKBANK,7.690825063662109,RECONSTRUCTED
2025-05-05,PNB,2.593338430859261,RECONSTRUCTED
2025-05-05,SBIN,8.18345753789545,RECONSTRUCTED
2025-05-06,AUBANK,2.8871360493676477,RECONSTRUCTED
2025-05-06,AXISBANK,8.405008066340086,RECONSTRUCTED
2025-05-06,BANKBARODA,3.1703010360657675,RECONSTRUCTED
2025-05-06,CANBK,2.381255797661031,RECONSTRUCTED
2025-05-06,FEDERALBNK,3.5130695794374627,RECONSTRUCTED
2025-05-06,HDFCBANK,28.38086797847012,RECONSTRUCTED
2025-05-06,ICICIBANK,25.609160346288068,RECONSTRUCTED
2025-05-06,IDFCFIRSTB,3.1089405054888086,RECONSTRUCTED
2025-05-06,INDUSINDBK,4.193667132229226,RECONSTRUCTED
2025-05-06,KOTAKBANK,7.741960216448172,RECONSTRUCTED
2025-05-06,PNB,2.4941421768198273,RECONSTRUCTED
2025-05-06,SBIN,8.114491115383785,RECONSTRUCTED
2025-05-07,AUBANK,2.936886129230925,RECONSTRUCTED
2025-05-07,AXISBANK,8.352036904909449,RECONSTRUCTED
2025-05-07,BANKBARODA,3.158893787798474,RECONSTRUCTED
2025-05-07,CANBK,2.3994973712200927,RECONSTRUCTED
2025-05-07,FEDERALBNK,3.5635558338565043,RECONSTRUCTED
2025-05-07,HDFCBANK,28.407382368044104,RECONSTRUCTED
2025-05-07,ICICIBANK,25.51750786595155,RECONSTRUCTED
2025-05-07,IDFCFIRSTB,3.1575165327352543,RECONSTRUCTED
2025-05-07,INDUSINDBK,4.177616755686396,RECONSTRUCTED
2025-05-07,KOTAKBANK,7.7713621131050195,RECONSTRUCTED
2025-05-07,PNB,2.4728644762096246,RECONSTRUCTED
2025-05-07,SBIN,8.084879861252592,RECONSTRUCTED
2025-05-08,AUBANK,2.9561429630243325,RECONSTRUCTED
2025-05-08,AXISBANK,8.46846441545323,RECONSTRUCTED
2025-05-08,BANKBARODA,3.070954727661678,RECONSTRUCTED
2025-05-08,CANBK,2.454067546253536,RECONSTRUCTED
2025-05-08,FEDERALBNK,3.4964948754184886,RECONSTRUCTED
2025-05-08,HDFCBANK,28.28474540063391,RECONSTRUCTED
2025-05-08,ICICIBANK,25.634419287195477,RECONSTRUCTED
2025-05-08,IDFCFIRSTB,3.146183367182727,RECONSTRUCTED
2025-05-08,INDUSINDBK,4.161234062389989,RECONSTRUCTED
2025-05-08,KOTAKBANK,7.872380840867252,RECONSTRUCTED
2025-05-08,PNB,2.4078532742862144,RECONSTRUCTED
2025-05-08,SBIN,8.047059239633183,RECONSTRUCTED
2025-05-09,AUBANK,2.9899322284375858,RECONSTRUCTED
2025-05-09,AXISBANK,8.43556934377694,RECONSTRUCTED
2025-05-09,BANKBARODA,3.1555303104586816,RECONSTRUCTED
2025-05-09,CANBK,2.548595408138816,RECONSTRUCTED
2025-05-09,FEDERALBNK,3.559101958139804,RECONSTRUCTED
2025-05-09,HDFCBANK,28.114080871402813,RECONSTRUCTED
2025-05-09,ICICIBANK,25.158784817847717,RECONSTRUCTED
2025-05-09,IDFCFIRSTB,3.1813184443679803,RECONSTRUCTED
2025-05-09,INDUSINDBK,4.177144970888762,RECONSTRUCTED
2025-05-09,KOTAKBANK,7.949634099018217,RECONSTRUCTED
2025-05-09,PNB,2.4587734259537894,RECONSTRUCTED
2025-05-09,SBIN,8.2715341215689,RECONSTRUCTED
2025-05-12,AUBANK,2.9625053621904494,RECONSTRUCTED
2025-05-12,AXISBANK,8.531377259571915,RECONSTRUCTED
2025-05-12,BANKBARODA,3.147480173179531,RECONSTRUCTED
2025-05-12,CANBK,2.547676394184544,RECONSTRUCTED
2025-05-12,FEDERALBNK,3.5741873719548165,RECONSTRUCTED
2025-05-12,HDFCBANK,28.178534810521672,RECONSTRUCTED
2025-05-12,ICICIBANK,25.39155837561623,RECONSTRUCTED
2025-05-12,IDFCFIRSTB,3.212092609283283,RECONSTRUCTED
2025-05-12,INDUSINDBK,3.8955962962545563,RECONSTRUCTED
2025-05-12,KOTAKBANK,7.846332110981121,RECONSTRUCTED
2025-05-12,PNB,2.4779887515117425,RECONSTRUCTED
2025-05-12,SBIN,8.23467048475015,RECONSTRUCTED
2025-05-13,AUBANK,2.97084490009581,RECONSTRUCTED
2025-05-13,AXISBANK,8.532820712759039,RECONSTRUCTED
2025-05-13,BANKBARODA,3.2553238487120786,RECONSTRUCTED
2025-05-13,CANBK,2.6679886896726033,RECONSTRUCTED
2025-05-13,FEDERALBNK,3.6703899862485483,RECONSTRUCTED
2025-05-13,HDFCBANK,27.90309830595778,RECONSTRUCTED
2025-05-13,ICICIBANK,25.27955169407007,RECONSTRUCTED
2025-05-13,IDFCFIRSTB,3.234186878145156,RECONSTRUCTED
2025-05-13,INDUSINDBK,3.8353028287103887,RECONSTRUCTED
2025-05-13,KOTAKBANK,7.801053191166448,RECONSTRUCTED
2025-05-13,PNB,2.5474779853544565,RECONSTRUCTED
2025-05-13,SBIN,8.301960979107632,RECONSTRUCTED
2025-05-14,AUBANK,2.939039012758244,RECONSTRUCTED
2025-05-14,AXISBANK,8.568168269832311,RECONSTRUCTED
2025-05-14,BANKBARODA,3.275112081452949,RECONSTRUCTED
2025-05-14,CANBK,2.6975027343611715,RECONSTRUCTED
2025-05-14,FEDERALBNK,3.682337887866545,RECONSTRUCTED
2025-05-14,HDFCBANK,27.799556068472103,RECONSTRUCTED
2025-05-14,ICICIBANK,25.265981595325286,RECONSTRUCTED
2025-05-14,IDFCFIRSTB,3.264509336316215,RECONSTRUCTED
2025-05-14,INDUSINDBK,3.901240732299239,RECONSTRUCTED
2025-05-14,KOTAKBANK,7.735154422456025,RECONSTRUCTED
2025-05-14,PNB,2.559194805034439,RECONSTRUCTED
2025-05-14,SBIN,8.312203053825467,RECONSTRUCTED
2025-05-15,AUBANK,2.9079234180532336,RECONSTRUCTED
2025-05-15,AXISBANK,8.57886625527241,RECONSTRUCTED
2025-05-15,BANKBARODA,3.253560791539773,RECONSTRUCTED
2025-05-15,CANBK,2.657602557847049,RECONSTRUCTED
2025-05-15,FEDERALBNK,3.6566827198538965,RECONSTRUCTED
2025-05-15,HDFCBANK,27.855368793393197,RECONSTRUCTED
2025-05-15,ICICIBANK,25.44442023879504,RECONSTRUCTED
2025-05-15,IDFCFIRSTB,3.2322853617424077,RECONSTRUCTED
2025-05-15,INDUSINDBK,3.857974123549763,RECONSTRUCTED
2025-05-15,KOTAKBANK,7.7089351542525595,RECONSTRUCTED
2025-05-15,PNB,2.5449574416755394,RECONSTRUCTED
2025-05-15,SBIN,8.301423144025138,RECONSTRUCTED
2025-05-16,AUBANK,2.8858415431303968,RECONSTRUCTED
2025-05-16,AXISBANK,8.576857820111305,RECONSTRUCTED
2025-05-16,BANKBARODA,3.2888660307132036,RECONSTRUCTED
2025-05-16,CANBK,2.723347881155243,RECONSTRUCTED
2025-05-16,FEDERALBNK,3.660228104679592,RECONSTRUCTED
2025-05-16,HDFCBANK,27.86872318769012,RECONSTRUCTED
2025-05-16,ICICIBANK,25.500899680077673,RECONSTRUCTED
2025-05-16,IDFCFIRSTB,3.22209585512456,RECONSTRUCTED
2025-05-16,INDUSINDBK,3.856545258192349,RECONSTRUCTED
2025-05-16,KOTAKBANK,7.715630812650513,RECONSTRUCTED
2025-05-16,PNB,2.5602651198070308,RECONSTRUCTED
2025-05-16,SBIN,8.140698706668013,RECONSTRUCTED
2025-05-19,AUBANK,2.889989570349755,RECONSTRUCTED
2025-05-19,AXISBANK,8.524148539447589,RECONSTRUCTED
2025-05-19,BANKBARODA,3.3273871752115216,RECONSTRUCTED
2025-05-19,CANBK,2.725161501916764,RECONSTRUCTED
2025-05-19,FEDERALBNK,3.7085979802726974,RECONSTRUCTED
2025-05-19,HDFCBANK,27.89317044443665,RECONSTRUCTED
2025-05-19,ICICIBANK,25.38302116164248,RECONSTRUCTED
2025-05-19,IDFCFIRSTB,3.190388698789671,RECONSTRUCTED
2025-05-19,INDUSINDBK,3.8709724076340635,RECONSTRUCTED
2025-05-19,KOTAKBANK,7.717432455567629,RECONSTRUCTED
2025-05-19,PNB,2.6089320862311864,RECONSTRUCTED
2025-05-19,SBIN,8.160797978499984,RECONSTRUCTED
2025-05-20,AUBANK,2.922216883306241,RECONSTRUCTED
2025-05-20,AXISBANK,8.55844828390714,RECONSTRUCTED
2025-05-20,BANKBARODA,3.3106232723616227,RECONSTRUCTED
2025-05-20,CANBK,2.7286910200682484,RECONSTRUCTED
2025-05-20,FEDERALBNK,3.675939238821403,RECONSTRUCTED
2025-05-20,HDFCBANK,27.82353211363016,RECONSTRUCTED
2025-05-20,ICICIBANK,25.44328032328992,RECONSTRUCTED
2025-05-20,IDFCFIRSTB,3.1525260991996635,RECONSTRUCTED
2025-05-20,INDUSINDBK,3.9003248531929433,RECONSTRUCTED
2025-05-20,KOTAKBANK,7.7159502223004415,RECONSTRUCTED
2025-05-20,PNB,2.6237974528019326,RECONSTRUCTED
2025-05-20,SBIN,8.144670237120287,RECONSTRUCTED
2025-05-21,AUBANK,2.9345968302455363,RECONSTRUCTED
2025-05-21,AXISBANK,8.541987470322397,RECONSTRUCTED
2025-05-21,BANKBARODA,3.366686232491066,RECONSTRUCTED
2025-05-21,CANBK,2.739216002250313,RECONSTRUCTED
2025-05-21,FEDERALBNK,3.711909960120442,RECONSTRUCTED
2025-05-21,HDFCBANK,27.89593611046426,RECONSTRUCTED
2025-05-21,ICICIBANK,25.46652165411201,RECONSTRUCTED
2025-05-21,IDFCFIRSTB,3.1173623507993655,RECONSTRUCTED
2025-05-21,INDUSINDBK,3.8252151888105836,RECONSTRUCTED
2025-05-21,KOTAKBANK,7.619096897411904,RECONSTRUCTED
2025-05-21,PNB,2.6510613831476872,RECONSTRUCTED
2025-05-21,SBIN,8.130409919824425,RECONSTRUCTED
2025-05-22,AUBANK,2.9258204781846526,RECONSTRUCTED
2025-05-22,AXISBANK,8.496300012671043,RECONSTRUCTED
2025-05-22,BANKBARODA,3.3739036021900946,RECONSTRUCTED
2025-05-22,CANBK,2.720422212688279,RECONSTRUCTED
2025-05-22,FEDERALBNK,3.7274319043218727,RECONSTRUCTED
2025-05-22,HDFCBANK,27.86371008085018,RECONSTRUCTED
2025-05-22,ICICIBANK,25.482578277159355,RECONSTRUCTED
2025-05-22,IDFCFIRSTB,3.1343261501986035,RECONSTRUCTED
2025-05-22,INDUSINDBK,3.9094803715441544,RECONSTRUCTED
2025-05-22,KOTAKBANK,7.617365537487221,RECONSTRUCTED
2025-05-22,PNB,2.617613704401217,RECONSTRUCTED
2025-05-22,SBIN,8.131047668303323,RECONSTRUCTED
2025-05-23,AUBANK,2.9313721289099157,RECONSTRUCTED
2025-05-23,AXISBANK,8.579360851975833,RECONSTRUCTED
2025-05-23,BANKBARODA,3.371181462935845,RECONSTRUCTED
2025-05-23,CANBK,2.707327218524224,RECONSTRUCTED
2025-05-23,FEDERALBNK,3.738217118556982,RECONSTRUCTED
2025-05-23,HDFCBANK,27.831075666392618,RECONSTRUCTED
2025-05-23,ICICIBANK,25.407334546085302,RECONSTRUCTED
2025-05-23,IDFCFIRSTB,3.1187005391994225,RECONSTRUCTED
2025-05-23,INDUSINDBK,3.9187232805008625,RECONSTRUCTED
2025-05-23,KOTAKBANK,7.68252979070149,RECONSTRUCTED
2025-05-23,PNB,2.5962818871605027,RECONSTRUCTED
2025-05-23,SBIN,8.117895509057,RECONSTRUCTED
2025-05-26,AUBANK,2.933539516983096,RECONSTRUCTED
2025-05-26,AXISBANK,8.588580720773717,RECONSTRUCTED
2025-05-26,BANKBARODA,3.339622979669116,RECONSTRUCTED
2025-05-26,CANBK,2.7056591099702874,RECONSTRUCTED
2025-05-26,FEDERALBNK,3.6985015819824523,RECONSTRUCTED
2025-05-26,HDFCBANK,27.838755833632455,RECONSTRUCTED
2025-05-26,ICICIBANK,25.516568764781223,RECONSTRUCTED
2025-05-26,IDFCFIRSTB,3.087169527930936,RECONSTRUCTED
2025-05-26,INDUSINDBK,3.939459484043987,RECONSTRUCTED
2025-05-26,KOTAKBANK,7.616585393360788,RECONSTRUCTED
2025-05-26,PNB,2.6031186344873984,RECONSTRUCTED
2025-05-26,SBIN,8.132438452384552,RECONSTRUCTED
2025-05-27,AUBANK,2.9548433570829093,RECONSTRUCTED
2025-05-27,AXISBANK,8.483502660407563,RECONSTRUCTED
2025-05-27,BANKBARODA,3.352703221380603,RECONSTRUCTED
2025-05-27,CANBK,2.740378372842049,RECONSTRUCTED
2025-05-27,FEDERALBNK,3.723807952687446,RECONSTRUCTED
2025-05-27,HDFCBANK,27.748716468624075,RECONSTRUCTED
2025-05-27,ICICIBANK,25.368514901483124,RECONSTRUCTED
2025-05-27,IDFCFIRSTB,3.1691744274246503,RECONSTRUCTED
2025-05-27,INDUSINDBK,4.056882733616711,RECONSTRUCTED
2025-05-27,KOTAKBANK,7.603180339928299,RECONSTRUCTED
2025-05-27,PNB,2.640861294723274,RECONSTRUCTED
2025-05-27,SBIN,8.157434269799307,RECONSTRUCTED
2025-05-28,AUBANK,2.973519476533469,RECONSTRUCTED
2025-05-28,AXISBANK,8.467300252434807,RECONSTRUCTED
2025-05-28,BANKBARODA,3.3698974364552208,RECONSTRUCTED
2025-05-28,CANBK,2.8005674554160134,RECONSTRUCTED
2025-05-28,FEDERALBNK,3.7036979049287537,RECONSTRUCTED
2025-05-28,HDFCBANK,27.676296074911566,RECONSTRUCTED
2025-05-28,ICICIBANK,25.468777411879056,RECONSTRUCTED
2025-05-28,IDFCFIRSTB,3.1594635348514997,RECONSTRUCTED
2025-05-28,INDUSINDBK,3.975407207271346,RECONSTRUCTED
2025-05-28,KOTAKBANK,7.583043271669183,RECONSTRUCTED
2025-05-28,PNB,2.6447842710267495,RECONSTRUCTED
2025-05-28,SBIN,8.177245702622308,RECONSTRUCTED
2025-05-29,AUBANK,2.9321766082206437,RECONSTRUCTED
2025-05-29,AXISBANK,8.497124471244186,RECONSTRUCTED
2025-05-29,BANKBARODA,3.36497322952692,RECONSTRUCTED
2025-05-29,CANBK,2.788771930145489,RECONSTRUCTED
2025-05-29,FEDERALBNK,3.6853797228065526,RECONSTRUCTED
2025-05-29,HDFCBANK,27.66941558988001,RECONSTRUCTED
2025-05-29,ICICIBANK,25.4567961395184,RECONSTRUCTED
2025-05-29,IDFCFIRSTB,3.147950559003599,RECONSTRUCTED
2025-05-29,INDUSINDBK,4.059765128424029,RECONSTRUCTED
2025-05-29,KOTAKBANK,7.592050155580699,RECONSTRUCTED
2025-05-29,PNB,2.6391555128846726,RECONSTRUCTED
2025-05-29,SBIN,8.166440952764795,RECONSTRUCTED
2025-05-30,AUBANK,2.9,OFFICIAL
2025-05-30,AXISBANK,8.4,OFFICIAL
2025-05-30,BANKBARODA,3.44,OFFICIAL
2025-05-30,CANBK,2.88,OFFICIAL
2025-05-30,FEDERALBNK,3.69,OFFICIAL
2025-05-30,HDFCBANK,27.82,OFFICIAL
2025-05-30,ICICIBANK,25.18,OFFICIAL
2025-05-30,IDFCFIRSTB,3.14,OFFICIAL
2025-05-30,INDUSINDBK,4.01,OFFICIAL
2025-05-30,KOTAKBANK,7.54,OFFICIAL
2025-05-30,PNB,2.72,OFFICIAL
2025-05-30,SBIN,8.29,OFFICIAL
2025-06-02,AUBANK,2.6696214689467888,RECONSTRUCTED
2025-06-02,AXISBANK,8.554626037750698,RECONSTRUCTED
2025-06-02,BANKBARODA,3.12041714900816,RECONSTRUCTED
2025-06-02,CANBK,2.6048838299061887,RECONSTRUCTED
2025-06-02,FEDERALBNK,3.3446449209014704,RECONSTRUCTED
2025-06-02,HDFCBANK,27.805097442085597,RECONSTRUCTED
2025-06-02,ICICIBANK,25.881552960634956,RECONSTRUCTED
2025-06-02,IDFCFIRSTB,2.9988002378103706,RECONSTRUCTED
2025-06-02,INDUSINDBK,3.5446265121597804,RECONSTRUCTED
2025-06-02,KOTAKBANK,8.153394676001792,RECONSTRUCTED
2025-06-02,PNB,2.4789504364429495,RECONSTRUCTED
2025-06-02,SBIN,8.843384328351268,RECONSTRUCTED
2025-06-03,AUBANK,2.7207867417743574,RECONSTRUCTED
2025-06-03,AXISBANK,8.510143765920668,RECONSTRUCTED
2025-06-03,BANKBARODA,3.1244119731556173,RECONSTRUCTED
2025-06-03,CANBK,2.598780825211057,RECONSTRUCTED
2025-06-03,FEDERALBNK,3.445938279855397,RECONSTRUCTED
2025-06-03,HDFCBANK,27.853978671211756,RECONSTRUCTED
2025-06-03,ICICIBANK,25.80199094698219,RECONSTRUCTED
2025-06-03,IDFCFIRSTB,2.9407025612529925,RECONSTRUCTED
2025-06-03,INDUSINDBK,3.5127184193938383,RECONSTRUCTED
2025-06-03,KOTAKBANK,8.12366484345954,RECONSTRUCTED
2025-06-03,PNB,2.515511252169939,RECONSTRUCTED
2025-06-03,SBIN,8.851371719612638,RECONSTRUCTED
2025-06-04,AUBANK,2.7059008045563555,RECONSTRUCTED
2025-06-04,AXISBANK,8.424224842827636,RECONSTRUCTED
2025-06-04,BANKBARODA,3.132287705634054,RECONSTRUCTED
2025-06-04,CANBK,2.627185181711361,RECONSTRUCTED
2025-06-04,FEDERALBNK,3.4363594376431306,RECONSTRUCTED
2025-06-04,HDFCBANK,28.059951985826082,RECONSTRUCTED
2025-06-04,ICICIBANK,25.64685120915393,RECONSTRUCTED
2025-06-04,IDFCFIRSTB,2.9594790394134503,RECONSTRUCTED
2025-06-04,INDUSINDBK,3.567575251012027,RECONSTRUCTED
2025-06-04,KOTAKBANK,8.120898277162345,RECONSTRUCTED
2025-06-04,PNB,2.5147383229520917,RECONSTRUCTED
2025-06-04,SBIN,8.804547942107536,RECONSTRUCTED
2025-06-05,AUBANK,2.6816670765798047,RECONSTRUCTED
2025-06-05,AXISBANK,8.322324001632628,RECONSTRUCTED
2025-06-05,BANKBARODA,3.0776887699456945,RECONSTRUCTED
2025-06-05,CANBK,2.601268089948157,RECONSTRUCTED
2025-06-05,FEDERALBNK,3.3665354630286526,RECONSTRUCTED
2025-06-05,HDFCBANK,28.128740474033542,RECONSTRUCTED
2025-06-05,ICICIBANK,26.02470647207745,RECONSTRUCTED
2025-06-05,IDFCFIRSTB,2.923751325936479,RECONSTRUCTED
2025-06-05,INDUSINDBK,3.512156588693764,RECONSTRUCTED
2025-06-05,KOTAKBANK,8.080379780841618,RECONSTRUCTED
2025-06-05,PNB,2.4981261775714336,RECONSTRUCTED
2025-06-05,SBIN,8.782655779710767,RECONSTRUCTED
2025-06-06,AUBANK,2.754492749087311,RECONSTRUCTED
2025-06-06,AXISBANK,8.464133675384339,RECONSTRUCTED
2025-06-06,BANKBARODA,2.982812160207805,RECONSTRUCTED
2025-06-06,CANBK,2.551975341924616,RECONSTRUCTED
2025-06-06,FEDERALBNK,3.3332552492379786,RECONSTRUCTED
2025-06-06,HDFCBANK,28.16978571172174,RECONSTRUCTED
2025-06-06,ICICIBANK,25.765879721800616,RECONSTRUCTED
2025-06-06,IDFCFIRSTB,3.0900992383717547,RECONSTRUCTED
2025-06-06,INDUSINDBK,3.550337697896597,RECONSTRUCTED
2025-06-06,KOTAKBANK,8.104100331479646,RECONSTRUCTED
2025-06-06,PNB,2.491206797663804,RECONSTRUCTED
2025-06-06,SBIN,8.741921325223773,RECONSTRUCTED
2025-06-09,AUBANK,2.824662184716289,RECONSTRUCTED
2025-06-09,AXISBANK,8.605823308136722,RECONSTRUCTED
2025-06-09,BANKBARODA,2.9920443820013425,RECONSTRUCTED
2025-06-09,CANBK,2.5843619222247853,RECONSTRUCTED
2025-06-09,FEDERALBNK,3.397351716136606,RECONSTRUCTED
2025-06-09,HDFCBANK,28.05017845440113,RECONSTRUCTED
2025-06-09,ICICIBANK,25.216274624365177,RECONSTRUCTED
2025-06-09,IDFCFIRSTB,3.1093480695164835,RECONSTRUCTED
2025-06-09,INDUSINDBK,3.5941897084744823,RECONSTRUCTED
2025-06-09,KOTAKBANK,8.321051896919702,RECONSTRUCTED
2025-06-09,PNB,2.5258529294246266,RECONSTRUCTED
2025-06-09,SBIN,8.778860803682651,RECONSTRUCTED
2025-06-10,AUBANK,2.8108417978635605,RECONSTRUCTED
2025-06-10,AXISBANK,8.728900620508552,RECONSTRUCTED
2025-06-10,BANKBARODA,2.9898810740000945,RECONSTRUCTED
2025-06-10,CANBK,2.5954358389731134,RECONSTRUCTED
2025-06-10,FEDERALBNK,3.3827880471558935,RECONSTRUCTED
2025-06-10,HDFCBANK,27.96014142588174,RECONSTRUCTED
2025-06-10,ICICIBANK,25.09936109120036,RECONSTRUCTED
2025-06-10,IDFCFIRSTB,3.0824039664648555,RECONSTRUCTED
2025-06-10,INDUSINDBK,3.643663956706125,RECONSTRUCTED
2025-06-10,KOTAKBANK,8.402126875507932,RECONSTRUCTED
2025-06-10,PNB,2.5254523765781216,RECONSTRUCTED
2025-06-10,SBIN,8.77900292915965,RECONSTRUCTED
2025-06-11,AUBANK,2.8502649484877387,RECONSTRUCTED
2025-06-11,AXISBANK,8.743603494314806,RECONSTRUCTED
2025-06-11,BANKBARODA,2.9456241689297635,RECONSTRUCTED
2025-06-11,CANBK,2.5879548106922146,RECONSTRUCTED
2025-06-11,FEDERALBNK,3.345876830247215,RECONSTRUCTED
2025-06-11,HDFCBANK,27.826499732767502,RECONSTRUCTED
2025-06-11,ICICIBANK,25.313506167943505,RECONSTRUCTED
2025-06-11,IDFCFIRSTB,3.0859125967351306,RECONSTRUCTED
2025-06-11,INDUSINDBK,3.6161163003415986,RECONSTRUCTED
2025-06-11,KOTAKBANK,8.403129377670055,RECONSTRUCTED
2025-06-11,PNB,2.4992737463732877,RECONSTRUCTED
2025-06-11,SBIN,8.782237825497164,RECONSTRUCTED
2025-06-12,AUBANK,2.887038662155314,RECONSTRUCTED
2025-06-12,AXISBANK,8.67014577304104,RECONSTRUCTED
2025-06-12,BANKBARODA,2.9418359449480884,RECONSTRUCTED
2025-06-12,CANBK,2.5730905116995046,RECONSTRUCTED
2025-06-12,FEDERALBNK,3.3415052895528854,RECONSTRUCTED
2025-06-12,HDFCBANK,27.913043223557544,RECONSTRUCTED
2025-06-12,ICICIBANK,25.380406928597495,RECONSTRUCTED
2025-06-12,IDFCFIRSTB,3.0870527008597857,RECONSTRUCTED
2025-06-12,INDUSINDBK,3.612569035508985,RECONSTRUCTED
2025-06-12,KOTAKBANK,8.386674094511314,RECONSTRUCTED
2025-06-12,PNB,2.4640674133761684,RECONSTRUCTED
2025-06-12,SBIN,8.742570422191884,RECONSTRUCTED
2025-06-13,AUBANK,2.8807354904380684,RECONSTRUCTED
2025-06-13,AXISBANK,8.713592799202017,RECONSTRUCTED
2025-06-13,BANKBARODA,2.9561917568123,RECONSTRUCTED
2025-06-13,CANBK,2.5071862474719397,RECONSTRUCTED
2025-06-13,FEDERALBNK,3.3590444987557624,RECONSTRUCTED
2025-06-13,HDFCBANK,27.843484758900196,RECONSTRUCTED
2025-06-13,ICICIBANK,25.49395811211066,RECONSTRUCTED
2025-06-13,IDFCFIRSTB,3.1027309241248826,RECONSTRUCTED
2025-06-13,INDUSINDBK,3.5946224454121047,RECONSTRUCTED
2025-06-13,KOTAKBANK,8.400993885830518,RECONSTRUCTED
2025-06-13,PNB,2.4584814378278375,RECONSTRUCTED
2025-06-13,SBIN,8.688977643113722,RECONSTRUCTED
2025-06-16,AUBANK,2.9068279195731477,RECONSTRUCTED
2025-06-16,AXISBANK,8.716785067865422,RECONSTRUCTED
2025-06-16,BANKBARODA,2.9510866564430724,RECONSTRUCTED
2025-06-16,CANBK,2.4833827650646927,RECONSTRUCTED
2025-06-16,FEDERALBNK,3.3387674067231226,RECONSTRUCTED
2025-06-16,HDFCBANK,27.890187158231534,RECONSTRUCTED
2025-06-16,ICICIBANK,25.494823366564262,RECONSTRUCTED
2025-06-16,IDFCFIRSTB,3.099460645929137,RECONSTRUCTED
2025-06-16,INDUSINDBK,3.5867530421195455,RECONSTRUCTED
2025-06-16,KOTAKBANK,8.462712788646572,RECONSTRUCTED
2025-06-16,PNB,2.444075970125121,RECONSTRUCTED
2025-06-16,SBIN,8.625137212714371,RECONSTRUCTED
2025-06-17,AUBANK,2.8872199489206003,RECONSTRUCTED
2025-06-17,AXISBANK,8.74877220213979,RECONSTRUCTED
2025-06-17,BANKBARODA,2.9308808530988313,RECONSTRUCTED
2025-06-17,CANBK,2.4480630472231244,RECONSTRUCTED
2025-06-17,FEDERALBNK,3.3381530499962087,RECONSTRUCTED
2025-06-17,HDFCBANK,27.915535582860517,RECONSTRUCTED
2025-06-17,ICICIBANK,25.52832891138919,RECONSTRUCTED
2025-06-17,IDFCFIRSTB,3.0786870778293047,RECONSTRUCTED
2025-06-17,INDUSINDBK,3.547750855275304,RECONSTRUCTED
2025-06-17,KOTAKBANK,8.487126482981596,RECONSTRUCTED
2025-06-17,PNB,2.432741867607444,RECONSTRUCTED
2025-06-17,SBIN,8.656740120678071,RECONSTRUCTED
2025-06-18,AUBANK,2.9619612472725954,RECONSTRUCTED
2025-06-18,AXISBANK,8.77647485272882,RECONSTRUCTED
2025-06-18,BANKBARODA,2.9071476617261673,RECONSTRUCTED
2025-06-18,CANBK,2.421349917782263,RECONSTRUCTED
2025-06-18,FEDERALBNK,3.3701360370243507,RECONSTRUCTED
2025-06-18,HDFCBANK,27.930714690622548,RECONSTRUCTED
2025-06-18,ICICIBANK,25.29560171855025,RECONSTRUCTED
2025-06-18,IDFCFIRSTB,3.1011144369910504,RECONSTRUCTED
2025-06-18,INDUSINDBK,3.722783273501239,RECONSTRUCTED
2025-06-18,KOTAKBANK,8.455413176117695,RECONSTRUCTED
2025-06-18,PNB,2.4194774512322392,RECONSTRUCTED
2025-06-18,SBIN,8.637825536450775,RECONSTRUCTED
2025-06-19,AUBANK,2.957682947128395,RECONSTRUCTED
2025-06-19,AXISBANK,8.787341481731422,RECONSTRUCTED
2025-06-19,BANKBARODA,2.85925388702057,RECONSTRUCTED
2025-06-19,CANBK,2.356504080848238,RECONSTRUCTED
2025-06-19,FEDERALBNK,3.3323697452288163,RECONSTRUCTED
2025-06-19,HDFCBANK,28.065993270508972,RECONSTRUCTED
2025-06-19,ICICIBANK,25.3763548845084,RECONSTRUCTED
2025-06-19,IDFCFIRSTB,3.066806691828116,RECONSTRUCTED
2025-06-19,INDUSINDBK,3.6809704978147324,RECONSTRUCTED
2025-06-19,KOTAKBANK,8.545960972339582,RECONSTRUCTED
2025-06-19,PNB,2.3718566099552425,RECONSTRUCTED
2025-06-19,SBIN,8.598904931087532,RECONSTRUCTED
2025-06-20,AUBANK,2.943668183742895,RECONSTRUCTED
2025-06-20,AXISBANK,8.710809002097289,RECONSTRUCTED
2025-06-20,BANKBARODA,2.8573065923108385,RECONSTRUCTED
2025-06-20,CANBK,2.3816115430122715,RECONSTRUCTED
2025-06-20,FEDERALBNK,3.35269003531175,RECONSTRUCTED
2025-06-20,HDFCBANK,28.170164182560224,RECONSTRUCTED
2025-06-20,ICICIBANK,25.370283292701874,RECONSTRUCTED
2025-06-20,IDFCFIRSTB,3.0530054163985056,RECONSTRUCTED
2025-06-20,INDUSINDBK,3.6512961146218643,RECONSTRUCTED
2025-06-20,KOTAKBANK,8.5414374184992,RECONSTRUCTED
2025-06-20,PNB,2.3464019220718106,RECONSTRUCTED
2025-06-20,SBIN,8.621326296671478,RECONSTRUCTED
2025-06-23,AUBANK,2.9585939588673766,RECONSTRUCTED
2025-06-23,AXISBANK,8.694523016925462,RECONSTRUCTED
2025-06-23,BANKBARODA,2.8637942385341697,RECONSTRUCTED
2025-06-23,CANBK,2.40345617125332,RECONSTRUCTED
2025-06-23,FEDERALBNK,3.3555333513001786,RECONSTRUCTED
2025-06-23,HDFCBANK,28.035803644192686,RECONSTRUCTED
2025-06-23,ICICIBANK,25.33562333310277,RECONSTRUCTED
2025-06-23,IDFCFIRSTB,3.0996567298352193,RECONSTRUCTED
2025-06-23,INDUSINDBK,3.6627550081081615,RECONSTRUCTED
2025-06-23,KOTAKBANK,8.628305883466094,RECONSTRUCTED
2025-06-23,PNB,2.3746283928343908,RECONSTRUCTED
2025-06-23,SBIN,8.587326271580187,RECONSTRUCTED
2025-06-24,AUBANK,2.9528359040472925,RECONSTRUCTED
2025-06-24,AXISBANK,8.683109108688754,RECONSTRUCTED
2025-06-24,BANKBARODA,2.8916782722220415,RECONSTRUCTED
2025-06-24,CANBK,2.448095930135765,RECONSTRUCTED
2025-06-24,FEDERALBNK,3.368189261788227,RECONSTRUCTED
2025-06-24,HDFCBANK,28.014798007094356,RECONSTRUCTED
2025-06-24,ICICIBANK,25.22611161287379,RECONSTRUCTED
2025-06-24,IDFCFIRSTB,3.12136362743208,RECONSTRUCTED
2025-06-24,INDUSINDBK,3.6022568498401517,RECONSTRUCTED
2025-06-24,KOTAKBANK,8.721814379941959,RECONSTRUCTED
2025-06-24,PNB,2.387447163949927,RECONSTRUCTED
2025-06-24,SBIN,8.58229988198567,RECONSTRUCTED
2025-06-25,AUBANK,2.9682152768335563,RECONSTRUCTED
2025-06-25,AXISBANK,8.60363801798751,RECONSTRUCTED
2025-06-25,BANKBARODA,2.8989049905540982,RECONSTRUCTED
2025-06-25,CANBK,2.4436913981424087,RECONSTRUCTED
2025-06-25,FEDERALBNK,3.3780377178066487,RECONSTRUCTED
2025-06-25,HDFCBANK,28.21412426968027,RECONSTRUCTED
2025-06-25,ICICIBANK,25.188012875654113,RECONSTRUCTED
2025-06-25,IDFCFIRSTB,3.1163912964872775,RECONSTRUCTED
2025-06-25,INDUSINDBK,3.583243733502635,RECONSTRUCTED
2025-06-25,KOTAKBANK,8.599290173052704,RECONSTRUCTED
2025-06-25,PNB,2.397291855834865,RECONSTRUCTED
2025-06-25,SBIN,8.609158394463917,RECONSTRUCTED
2025-06-26,AUBANK,2.9837721339791914,RECONSTRUCTED
2025-06-26,AXISBANK,8.657028567391398,RECONSTRUCTED
2025-06-26,BANKBARODA,2.8724873043138146,RECONSTRUCTED
2025-06-26,CANBK,2.426453905883464,RECONSTRUCTED
2025-06-26,FEDERALBNK,3.3372994550177637,RECONSTRUCTED
2025-06-26,HDFCBANK,28.51093600913005,RECONSTRUCTED
2025-06-26,ICICIBANK,25.16181899654608,RECONSTRUCTED
2025-06-26,IDFCFIRSTB,3.0758232320698857,RECONSTRUCTED
2025-06-26,INDUSINDBK,3.5733611173573556,RECONSTRUCTED
2025-06-26,KOTAKBANK,8.532637459184262,RECONSTRUCTED
2025-06-26,PNB,2.3796092287516597,RECONSTRUCTED
2025-06-26,SBIN,8.488772590375053,RECONSTRUCTED
2025-06-27,AUBANK,2.932415469757927,RECONSTRUCTED
2025-06-27,AXISBANK,8.561847703491821,RECONSTRUCTED
2025-06-27,BANKBARODA,2.8841670158098256,RECONSTRUCTED
2025-06-27,CANBK,2.4142723246703754,RECONSTRUCTED
2025-06-27,FEDERALBNK,3.297445754355017,RECONSTRUCTED
2025-06-27,HDFCBANK,28.293914820701282,RECONSTRUCTED
2025-06-27,ICICIBANK,25.457989440255385,RECONSTRUCTED
2025-06-27,IDFCFIRSTB,3.082458955287123,RECONSTRUCTED
2025-06-27,INDUSINDBK,3.6502310565668736,RECONSTRUCTED
2025-06-27,KOTAKBANK,8.512106911902416,RECONSTRUCTED
2025-06-27,PNB,2.371590071598535,RECONSTRUCTED
2025-06-27,SBIN,8.541560475603418,RECONSTRUCTED
2025-06-30,AUBANK,2.97,OFFICIAL
2025-06-30,AXISBANK,8.4,OFFICIAL
2025-06-30,BANKBARODA,2.98,OFFICIAL
2025-06-30,CANBK,2.49,OFFICIAL
2025-06-30,FEDERALBNK,3.38,OFFICIAL
2025-06-30,HDFCBANK,28.17,OFFICIAL
2025-06-30,ICICIBANK,25.23,OFFICIAL
2025-06-30,IDFCFIRSTB,3.11,OFFICIAL
2025-06-30,INDUSINDBK,3.72,OFFICIAL
2025-06-30,KOTAKBANK,8.36,OFFICIAL
2025-06-30,PNB,2.47,OFFICIAL
2025-06-30,SBIN,8.72,OFFICIAL
2025-07-01,AUBANK,3.038856723574724,RECONSTRUCTED
2025-07-01,AXISBANK,8.202712390874627,RECONSTRUCTED
2025-07-01,BANKBARODA,2.9592080143540067,RECONSTRUCTED
2025-07-01,CANBK,2.5152545300079625,RECONSTRUCTED
2025-07-01,FEDERALBNK,3.4617559639202806,RECONSTRUCTED
2025-07-01,HDFCBANK,28.243337092097843,RECONSTRUCTED
2025-07-01,ICICIBANK,24.91790627561768,RECONSTRUCTED
2025-07-01,IDFCFIRSTB,3.2927580616043186,RECONSTRUCTED
2025-07-01,INDUSINDBK,3.739884714533362,RECONSTRUCTED
2025-07-01,KOTAKBANK,8.415187014978184,RECONSTRUCTED
2025-07-01,PNB,2.5182171048306214,RECONSTRUCTED
2025-07-01,SBIN,8.694922113606387,RECONSTRUCTED
2025-07-02,AUBANK,2.9899491700473178,RECONSTRUCTED
2025-07-02,AXISBANK,8.283046230928143,RECONSTRUCTED
2025-07-02,BANKBARODA,2.92899526004765,RECONSTRUCTED
2025-07-02,CANBK,2.5094236243298367,RECONSTRUCTED
2025-07-02,FEDERALBNK,3.474233879841927,RECONSTRUCTED
2025-07-02,HDFCBANK,28.102090506548777,RECONSTRUCTED
2025-07-02,ICICIBANK,25.045450229500442,RECONSTRUCTED
2025-07-02,IDFCFIRSTB,3.3197775237538427,RECONSTRUCTED
2025-07-02,INDUSINDBK,3.6780951700020723,RECONSTRUCTED
2025-07-02,KOTAKBANK,8.42680988923109,RECONSTRUCTED
2025-07-02,PNB,2.5560641422380246,RECONSTRUCTED
2025-07-02,SBIN,8.686064373530881,RECONSTRUCTED
2025-07-03,AUBANK,2.9773881862391343,RECONSTRUCTED
2025-07-03,AXISBANK,8.283563478796264,RECONSTRUCTED
2025-07-03,BANKBARODA,2.9308539571128995,RECONSTRUCTED
2025-07-03,CANBK,2.517037234303712,RECONSTRUCTED
2025-07-03,FEDERALBNK,3.474741344436272,RECONSTRUCTED
2025-07-03,HDFCBANK,28.220258127302568,RECONSTRUCTED
2025-07-03,ICICIBANK,25.103392074207047,RECONSTRUCTED
2025-07-03,IDFCFIRSTB,3.3495753580363385,RECONSTRUCTED
2025-07-03,INDUSINDBK,3.7119617532885467,RECONSTRUCTED
2025-07-03,KOTAKBANK,8.291847496718386,RECONSTRUCTED
2025-07-03,PNB,2.4838215734427886,RECONSTRUCTED
2025-07-03,SBIN,8.655559416116056,RECONSTRUCTED
2025-07-04,AUBANK,2.9928001130057424,RECONSTRUCTED
2025-07-04,AXISBANK,8.294498034567217,RECONSTRUCTED
2025-07-04,BANKBARODA,2.899976081821617,RECONSTRUCTED
2025-07-04,CANBK,2.5110588375361016,RECONSTRUCTED
2025-07-04,FEDERALBNK,3.433493432043538,RECONSTRUCTED
2025-07-04,HDFCBANK,28.13264908446139,RECONSTRUCTED
2025-07-04,ICICIBANK,25.29406100180217,RECONSTRUCTED
2025-07-04,IDFCFIRSTB,3.344932801785816,RECONSTRUCTED
2025-07-04,INDUSINDBK,3.6699860823306785,RECONSTRUCTED
2025-07-04,KOTAKBANK,8.269388713582156,RECONSTRUCTED
2025-07-04,PNB,2.4872839804756612,RECONSTRUCTED
2025-07-04,SBIN,8.669871836587891,RECONSTRUCTED
2025-07-07,AUBANK,2.976481824430359,RECONSTRUCTED
2025-07-07,AXISBANK,8.288906700549115,RECONSTRUCTED
2025-07-07,BANKBARODA,2.9079257703665506,RECONSTRUCTED
2025-07-07,CANBK,2.5133855043398228,RECONSTRUCTED
2025-07-07,FEDERALBNK,3.434166996067006,RECONSTRUCTED
2025-07-07,HDFCBANK,28.146587299080377,RECONSTRUCTED
2025-07-07,ICICIBANK,25.206134061641322,RECONSTRUCTED
2025-07-07,IDFCFIRSTB,3.342477380446718,RECONSTRUCTED
2025-07-07,INDUSINDBK,3.6675884832897436,RECONSTRUCTED
2025-07-07,KOTAKBANK,8.359162276374182,RECONSTRUCTED
2025-07-07,PNB,2.5281970103365783,RECONSTRUCTED
2025-07-07,SBIN,8.628986693078216,RECONSTRUCTED
2025-07-08,AUBANK,2.982351589229081,RECONSTRUCTED
2025-07-08,AXISBANK,8.176416608630452,RECONSTRUCTED
2025-07-08,BANKBARODA,2.8763810718204796,RECONSTRUCTED
2025-07-08,CANBK,2.487446095842142,RECONSTRUCTED
2025-07-08,FEDERALBNK,3.3911376262128963,RECONSTRUCTED
2025-07-08,HDFCBANK,28.19291151164119,RECONSTRUCTED
2025-07-08,ICICIBANK,25.181023292347533,RECONSTRUCTED
2025-07-08,IDFCFIRSTB,3.330976282015649,RECONSTRUCTED
2025-07-08,INDUSINDBK,3.630209577636533,RECONSTRUCTED
2025-07-08,KOTAKBANK,8.603252726288737,RECONSTRUCTED
2025-07-08,PNB,2.503468659719309,RECONSTRUCTED
2025-07-08,SBIN,8.644424958616009,RECONSTRUCTED
2025-07-09,AUBANK,3.00606052066556,RECONSTRUCTED
2025-07-09,AXISBANK,8.177617084781085,RECONSTRUCTED
2025-07-09,BANKBARODA,2.894980454303189,RECONSTRUCTED
2025-07-09,CANBK,2.49412142063308,RECONSTRUCTED
2025-07-09,FEDERALBNK,3.3998731536491382,RECONSTRUCTED
2025-07-09,HDFCBANK,28.35214952557453,RECONSTRUCTED
2025-07-09,ICICIBANK,25.02335291204063,RECONSTRUCTED
2025-07-09,IDFCFIRSTB,3.3159140166734327,RECONSTRUCTED
2025-07-09,INDUSINDBK,3.5921221189460595,RECONSTRUCTED
2025-07-09,KOTAKBANK,8.6282651805901,RECONSTRUCTED
2025-07-09,PNB,2.482750271183787,RECONSTRUCTED
2025-07-09,SBIN,8.63279334095941,RECONSTRUCTED
2025-07-10,AUBANK,3.028609414102635,RECONSTRUCTED
2025-07-10,AXISBANK,8.211764710711785,RECONSTRUCTED
2025-07-10,BANKBARODA,2.8804501029424125,RECONSTRUCTED
2025-07-10,CANBK,2.470880415743469,RECONSTRUCTED
2025-07-10,FEDERALBNK,3.3687782614251205,RECONSTRUCTED
2025-07-10,HDFCBANK,28.40951767996175,RECONSTRUCTED
2025-07-10,ICICIBANK,24.99955064630944,RECONSTRUCTED
2025-07-10,IDFCFIRSTB,3.295638504179646,RECONSTRUCTED
2025-07-10,INDUSINDBK,3.6602923544458146,RECONSTRUCTED
2025-07-10,KOTAKBANK,8.568130077755791,RECONSTRUCTED
2025-07-10,PNB,2.4661135067494735,RECONSTRUCTED
2025-07-10,SBIN,8.640274325672664,RECONSTRUCTED
2025-07-11,AUBANK,3.012926098939942,RECONSTRUCTED
2025-07-11,AXISBANK,8.308124297717942,RECONSTRUCTED
2025-07-11,BANKBARODA,2.873720050089084,RECONSTRUCTED
2025-07-11,CANBK,2.469272603468519,RECONSTRUCTED
2025-07-11,FEDERALBNK,3.3230378545158743,RECONSTRUCTED
2025-07-11,HDFCBANK,28.190508409185274,RECONSTRUCTED
2025-07-11,ICICIBANK,25.04944170118673,RECONSTRUCTED
2025-07-11,IDFCFIRSTB,3.2469012847134318,RECONSTRUCTED
2025-07-11,INDUSINDBK,3.699114048592414,RECONSTRUCTED
2025-07-11,KOTAKBANK,8.664060742456863,RECONSTRUCTED
2025-07-11,PNB,2.485004882331174,RECONSTRUCTED
2025-07-11,SBIN,8.677888026802767,RECONSTRUCTED
2025-07-14,AUBANK,2.953466031794351,RECONSTRUCTED
2025-07-14,AXISBANK,8.298766758662529,RECONSTRUCTED
2025-07-14,BANKBARODA,2.9152861025160015,RECONSTRUCTED
2025-07-14,CANBK,2.5074076686527067,RECONSTRUCTED
2025-07-14,FEDERALBNK,3.3735151814177167,RECONSTRUCTED
2025-07-14,HDFCBANK,28.175224328258114,RECONSTRUCTED
2025-07-14,ICICIBANK,25.064073185951585,RECONSTRUCTED
2025-07-14,IDFCFIRSTB,3.204861016309229,RECONSTRUCTED
2025-07-14,INDUSINDBK,3.73609317017,RECONSTRUCTED
2025-07-14,KOTAKBANK,8.596884361102537,RECONSTRUCTED
2025-07-14,PNB,2.496031571960193,RECONSTRUCTED
2025-07-14,SBIN,8.678390623205033,RECONSTRUCTED
2025-07-15,AUBANK,2.9595925622781833,RECONSTRUCTED
2025-07-15,AXISBANK,8.215707352372355,RECONSTRUCTED
2025-07-15,BANKBARODA,2.9439089423300753,RECONSTRUCTED
2025-07-15,CANBK,2.5231480608450694,RECONSTRUCTED
2025-07-15,FEDERALBNK,3.376777977679201,RECONSTRUCTED
2025-07-15,HDFCBANK,28.232765810942382,RECONSTRUCTED
2025-07-15,ICICIBANK,25.094740358759537,RECONSTRUCTED
2025-07-15,IDFCFIRSTB,3.1337115285256685,RECONSTRUCTED
2025-07-15,INDUSINDBK,3.7777315080569487,RECONSTRUCTED
2025-07-15,KOTAKBANK,8.499494508378328,RECONSTRUCTED
2025-07-15,PNB,2.519583064376879,RECONSTRUCTED
2025-07-15,SBIN,8.722838325455367,RECONSTRUCTED
2025-07-16,AUBANK,2.906375385598053,RECONSTRUCTED
2025-07-16,AXISBANK,8.209940319573018,RECONSTRUCTED
2025-07-16,BANKBARODA,2.9927401021772626,RECONSTRUCTED
2025-07-16,CANBK,2.5632921830075324,RECONSTRUCTED
2025-07-16,FEDERALBNK,3.4152288150816057,RECONSTRUCTED
2025-07-16,HDFCBANK,28.163867560324967,RECONSTRUCTED
2025-07-16,ICICIBANK,24.94651583997544,RECONSTRUCTED
2025-07-16,IDFCFIRSTB,3.164658836514341,RECONSTRUCTED
2025-07-16,INDUSINDBK,3.761657483966868,RECONSTRUCTED
2025-07-16,KOTAKBANK,8.441656399367343,RECONSTRUCTED
2025-07-16,PNB,2.5735365875074123,RECONSTRUCTED
2025-07-16,SBIN,8.860530486906145,RECONSTRUCTED
2025-07-17,AUBANK,2.9208414816847683,RECONSTRUCTED
2025-07-17,AXISBANK,8.198295635140544,RECONSTRUCTED
2025-07-17,BANKBARODA,2.9797122341395053,RECONSTRUCTED
2025-07-17,CANBK,2.5455855694088196,RECONSTRUCTED
2025-07-17,FEDERALBNK,3.402066832438961,RECONSTRUCTED
2025-07-17,HDFCBANK,28.199052450782386,RECONSTRUCTED
2025-07-17,ICICIBANK,24.96037787689957,RECONSTRUCTED
2025-07-17,IDFCFIRSTB,3.1672238664970385,RECONSTRUCTED
2025-07-17,INDUSINDBK,3.7211596576033803,RECONSTRUCTED
2025-07-17,KOTAKBANK,8.458679238168376,RECONSTRUCTED
2025-07-17,PNB,2.562370536375224,RECONSTRUCTED
2025-07-17,SBIN,8.88463462086144,RECONSTRUCTED
2025-07-18,AUBANK,2.941584231198768,RECONSTRUCTED
2025-07-18,AXISBANK,7.846004947538083,RECONSTRUCTED
2025-07-18,BANKBARODA,2.9865222935832043,RECONSTRUCTED
2025-07-18,CANBK,2.546247425807224,RECONSTRUCTED
2025-07-18,FEDERALBNK,3.433124126120536,RECONSTRUCTED
2025-07-18,HDFCBANK,28.049812882990576,RECONSTRUCTED
2025-07-18,ICICIBANK,25.32859364068536,RECONSTRUCTED
2025-07-18,IDFCFIRSTB,3.1809691304895136,RECONSTRUCTED
2025-07-18,INDUSINDBK,3.778749321776124,RECONSTRUCTED
2025-07-18,KOTAKBANK,8.421507787214878,RECONSTRUCTED
2025-07-18,PNB,2.577218486405765,RECONSTRUCTED
2025-07-18,SBIN,8.909665726189942,RECONSTRUCTED
2025-07-21,AUBANK,2.7534052197653236,RECONSTRUCTED
2025-07-21,AXISBANK,7.75588075586379,RECONSTRUCTED
2025-07-21,BANKBARODA,2.9354914320839787,RECONSTRUCTED
2025-07-21,CANBK,2.4631064663833926,RECONSTRUCTED
2025-07-21,FEDERALBNK,3.397713337215067,RECONSTRUCTED
2025-07-21,HDFCBANK,28.33041802135481,RECONSTRUCTED
2025-07-21,ICICIBANK,25.733047750999987,RECONSTRUCTED
2025-07-21,IDFCFIRSTB,3.182281268323458,RECONSTRUCTED
2025-07-21,INDUSINDBK,3.6860391966669974,RECONSTRUCTED
2025-07-21,KOTAKBANK,8.418538130091822,RECONSTRUCTED
2025-07-21,PNB,2.530067724143726,RECONSTRUCTED
2025-07-21,SBIN,8.814010697107639,RECONSTRUCTED
2025-07-22,AUBANK,2.663504963093034,RECONSTRUCTED
2025-07-22,AXISBANK,7.771456931148686,RECONSTRUCTED
2025-07-22,BANKBARODA,2.8983514626463793,RECONSTRUCTED
2025-07-22,CANBK,2.383841257374756,RECONSTRUCTED
2025-07-22,FEDERALBNK,3.4034090946870874,RECONSTRUCTED
2025-07-22,HDFCBANK,28.522471191420273,RECONSTRUCTED
2025-07-22,ICICIBANK,25.959709824395784,RECONSTRUCTED
2025-07-22,IDFCFIRSTB,3.126422654635536,RECONSTRUCTED
2025-07-22,INDUSINDBK,3.6316352550675544,RECONSTRUCTED
2025-07-22,KOTAKBANK,8.428229227623598,RECONSTRUCTED
2025-07-22,PNB,2.465112910651139,RECONSTRUCTED
2025-07-22,SBIN,8.745855227256165,RECONSTRUCTED
2025-07-23,AUBANK,2.6822127673647644,RECONSTRUCTED
2025-07-23,AXISBANK,7.757473565953619,RECONSTRUCTED
2025-07-23,BANKBARODA,2.9184327758010014,RECONSTRUCTED
2025-07-23,CANBK,2.359434122229642,RECONSTRUCTED
2025-07-23,FEDERALBNK,3.382892590098195,RECONSTRUCTED
2025-07-23,HDFCBANK,28.53839526216808,RECONSTRUCTED
2025-07-23,ICICIBANK,26.015655310297912,RECONSTRUCTED
2025-07-23,IDFCFIRSTB,3.1127209783618204,RECONSTRUCTED
2025-07-23,INDUSINDBK,3.6367568329671363,RECONSTRUCTED
2025-07-23,KOTAKBANK,8.40076221830812,RECONSTRUCTED
2025-07-23,PNB,2.4587293318919383,RECONSTRUCTED
2025-07-23,SBIN,8.736534244557777,RECONSTRUCTED
2025-07-24,AUBANK,2.7207472321264263,RECONSTRUCTED
2025-07-24,AXISBANK,7.70880417997942,RECONSTRUCTED
2025-07-24,BANKBARODA,2.9714310265414374,RECONSTRUCTED
2025-07-24,CANBK,2.4906907896437245,RECONSTRUCTED
2025-07-24,FEDERALBNK,3.389692192027516,RECONSTRUCTED
2025-07-24,HDFCBANK,28.467797066632855,RECONSTRUCTED
2025-07-24,ICICIBANK,25.99031995334189,RECONSTRUCTED
2025-07-24,IDFCFIRSTB,3.1287461489002717,RECONSTRUCTED
2025-07-24,INDUSINDBK,3.6320297009656763,RECONSTRUCTED
2025-07-24,KOTAKBANK,8.312185923427466,RECONSTRUCTED
2025-07-24,PNB,2.4817641603062888,RECONSTRUCTED
2025-07-24,SBIN,8.705791626107011,RECONSTRUCTED
2025-07-25,AUBANK,2.7022046825359967,RECONSTRUCTED
2025-07-25,AXISBANK,7.718105455061414,RECONSTRUCTED
2025-07-25,BANKBARODA,2.958232933279326,RECONSTRUCTED
2025-07-25,CANBK,2.453444837144989,RECONSTRUCTED
2025-07-25,FEDERALBNK,3.3485437918357266,RECONSTRUCTED
2025-07-25,HDFCBANK,28.601358084830796,RECONSTRUCTED
2025-07-25,ICICIBANK,26.125878873784586,RECONSTRUCTED
2025-07-25,IDFCFIRSTB,3.0635815915260016,RECONSTRUCTED
2025-07-25,INDUSINDBK,3.5618980246790084,RECONSTRUCTED
2025-07-25,KOTAKBANK,8.322625338684421,RECONSTRUCTED
2025-07-25,PNB,2.454186725142613,RECONSTRUCTED
2025-07-25,SBIN,8.689939661495123,RECONSTRUCTED
2025-07-28,AUBANK,2.701123092343728,RECONSTRUCTED
2025-07-28,AXISBANK,7.689657442144636,RECONSTRUCTED
2025-07-28,BANKBARODA,2.9435555873578156,RECONSTRUCTED
2025-07-28,CANBK,2.465047865296809,RECONSTRUCTED
2025-07-28,FEDERALBNK,3.3403444221390917,RECONSTRUCTED
2025-07-28,HDFCBANK,28.883802144315812,RECONSTRUCTED
2025-07-28,ICICIBANK,26.534094299806004,RECONSTRUCTED
2025-07-28,IDFCFIRSTB,3.088701119480084,RECONSTRUCTED
2025-07-28,INDUSINDBK,3.495726565024941,RECONSTRUCTED
2025-07-28,KOTAKBANK,7.764666338430229,RECONSTRUCTED
2025-07-28,PNB,2.4366460113524133,RECONSTRUCTED
2025-07-28,SBIN,8.656635112308422,RECONSTRUCTED
2025-07-29,AUBANK,2.741213341044336,RECONSTRUCTED
2025-07-29,AXISBANK,7.603740287998047,RECONSTRUCTED
2025-07-29,BANKBARODA,2.95983449522678,RECONSTRUCTED
2025-07-29,CANBK,2.4519090021712953,RECONSTRUCTED
2025-07-29,FEDERALBNK,3.3194190249750664,RECONSTRUCTED
2025-07-29,HDFCBANK,29.001287850322093,RECONSTRUCTED
2025-07-29,ICICIBANK,26.43025745188139,RECONSTRUCTED
2025-07-29,IDFCFIRSTB,3.063305150304002,RECONSTRUCTED
2025-07-29,INDUSINDBK,3.513940370341383,RECONSTRUCTED
2025-07-29,KOTAKBANK,7.769755229938811,RECONSTRUCTED
2025-07-29,PNB,2.4876072270954204,RECONSTRUCTED
2025-07-29,SBIN,8.657730568701368,RECONSTRUCTED
2025-07-30,AUBANK,2.7682490433864335,RECONSTRUCTED
2025-07-30,AXISBANK,7.67850027480322,RECONSTRUCTED
2025-07-30,BANKBARODA,2.9319100687497412,RECONSTRUCTED
2025-07-30,CANBK,2.4128759341053687,RECONSTRUCTED
2025-07-30,FEDERALBNK,3.3150510548549743,RECONSTRUCTED
2025-07-30,HDFCBANK,29.0984513768451,RECONSTRUCTED
2025-07-30,ICICIBANK,26.396162754310758,RECONSTRUCTED
2025-07-30,IDFCFIRSTB,3.0205183396222544,RECONSTRUCTED
2025-07-30,INDUSINDBK,3.490977176467681,RECONSTRUCTED
2025-07-30,KOTAKBANK,7.728356371256645,RECONSTRUCTED
2025-07-30,PNB,2.4636461591250987,RECONSTRUCTED
2025-07-30,SBIN,8.695301446472708,RECONSTRUCTED
2025-07-31,AUBANK,2.76,OFFICIAL
2025-07-31,AXISBANK,7.67,OFFICIAL
2025-07-31,BANKBARODA,2.92,OFFICIAL
2025-07-31,CANBK,2.4,OFFICIAL
2025-07-31,FEDERALBNK,3.29,OFFICIAL
2025-07-31,HDFCBANK,29.09,OFFICIAL
2025-07-31,ICICIBANK,26.47,OFFICIAL
2025-07-31,IDFCFIRSTB,3.01,OFFICIAL
2025-07-31,INDUSINDBK,3.49,OFFICIAL
2025-07-31,KOTAKBANK,7.83,OFFICIAL
2025-07-31,PNB,2.41,OFFICIAL
2025-07-31,SBIN,8.67,OFFICIAL
2025-08-01,AUBANK,2.1501411770471672,RECONSTRUCTED
2025-08-01,AXISBANK,5.935610057765181,RECONSTRUCTED
2025-08-01,BANKBARODA,2.2472703291388294,RECONSTRUCTED
2025-08-01,CANBK,1.842966361143027,RECONSTRUCTED
2025-08-01,FEDERALBNK,2.4819757853735576,RECONSTRUCTED
2025-08-01,HDFCBANK,45.175661141413464,RECONSTRUCTED
2025-08-01,ICICIBANK,20.479644740878616,RECONSTRUCTED
2025-08-01,IDFCFIRSTB,2.3083596981839873,RECONSTRUCTED
2025-08-01,INDUSINDBK,2.6669293896279833,RECONSTRUCTED
2025-08-01,KOTAKBANK,6.14764753580747,RECONSTRUCTED
2025-08-01,PNB,1.8330387237314782,RECONSTRUCTED
2025-08-01,SBIN,6.730755059889236,RECONSTRUCTED
2025-08-04,AUBANK,2.187541853157819,RECONSTRUCTED
2025-08-04,AXISBANK,5.98366373775563,RECONSTRUCTED
2025-08-04,BANKBARODA,2.310177060337611,RECONSTRUCTED
2025-08-04,CANBK,1.8795524461436108,RECONSTRUCTED
2025-08-04,FEDERALBNK,2.492627552725087,RECONSTRUCTED
2025-08-04,HDFCBANK,44.822638340030565,RECONSTRUCTED
2025-08-04,ICICIBANK,20.408497930569265,RECONSTRUCTED
2025-08-04,IDFCFIRSTB,2.37345611367841,RECONSTRUCTED
2025-08-04,INDUSINDBK,2.7423282438326035,RECONSTRUCTED
2025-08-04,KOTAKBANK,6.175685932059479,RECONSTRUCTED
2025-08-04,PNB,1.8635092649836391,RECONSTRUCTED
2025-08-04,SBIN,6.760321524726291,RECONSTRUCTED
2025-08-05,AUBANK,2.170986363041419,RECONSTRUCTED
2025-08-05,AXISBANK,6.027526214498121,RECONSTRUCTED
2025-08-05,BANKBARODA,2.31732307010336,RECONSTRUCTED
2025-08-05,CANBK,1.8843550744917257,RECONSTRUCTED
2025-08-05,FEDERALBNK,2.5003838260441458,RECONSTRUCTED
2025-08-05,HDFCBANK,44.73271636128799,RECONSTRUCTED
2025-08-05,ICICIBANK,20.252263279902145,RECONSTRUCTED
2025-08-05,IDFCFIRSTB,2.3859423253211784,RECONSTRUCTED
2025-08-05,INDUSINDBK,2.8085266644342926,RECONSTRUCTED
2025-08-05,KOTAKBANK,6.226827311330647,RECONSTRUCTED
2025-08-05,PNB,1.8554137297843536,RECONSTRUCTED
2025-08-05,SBIN,6.837735779760641,RECONSTRUCTED
2025-08-06,AUBANK,2.1458090315569462,RECONSTRUCTED
2025-08-06,AXISBANK,6.019118265981105,RECONSTRUCTED
2025-08-06,BANKBARODA,2.324234066745716,RECONSTRUCTED
2025-08-06,CANBK,1.9043102028214551,RECONSTRUCTED
2025-08-06,FEDERALBNK,2.513366306004213,RECONSTRUCTED
2025-08-06,HDFCBANK,44.83587201435077,RECONSTRUCTED
2025-08-06,ICICIBANK,20.209036982073087,RECONSTRUCTED
2025-08-06,IDFCFIRSTB,2.361896863370265,RECONSTRUCTED
2025-08-06,INDUSINDBK,2.7499992432388662,RECONSTRUCTED
2025-08-06,KOTAKBANK,6.215117867888637,RECONSTRUCTED
2025-08-06,PNB,1.8555175907501573,RECONSTRUCTED
2025-08-06,SBIN,6.8657215652187755,RECONSTRUCTED
2025-08-07,AUBANK,2.1635060819415917,RECONSTRUCTED
2025-08-07,AXISBANK,6.032176293162761,RECONSTRUCTED
2025-08-07,BANKBARODA,2.3208982373108342,RECONSTRUCTED
2025-08-07,CANBK,1.8997440506380339,RECONSTRUCTED
2025-08-07,FEDERALBNK,2.5226507132864935,RECONSTRUCTED
2025-08-07,HDFCBANK,44.94351943360494,RECONSTRUCTED
2025-08-07,ICICIBANK,20.108947393919372,RECONSTRUCTED
2025-08-07,IDFCFIRSTB,2.3723751444784504,RECONSTRUCTED
2025-08-07,INDUSINDBK,2.7563049049382693,RECONSTRUCTED
2025-08-07,KOTAKBANK,6.166621606049298,RECONSTRUCTED
2025-08-07,PNB,1.8658857748804638,RECONSTRUCTED
2025-08-07,SBIN,6.847370365789489,RECONSTRUCTED
2025-08-08,AUBANK,2.172051630134555,RECONSTRUCTED
2025-08-08,AXISBANK,5.988392469722494,RECONSTRUCTED
2025-08-08,BANKBARODA,2.316066373315,RECONSTRUCTED
2025-08-08,CANBK,1.902172480396073,RECONSTRUCTED
2025-08-08,FEDERALBNK,2.5179418059307195,RECONSTRUCTED
2025-08-08,HDFCBANK,44.89156652146847,RECONSTRUCTED
2025-08-08,ICICIBANK,20.242450045074563,RECONSTRUCTED
2025-08-08,IDFCFIRSTB,2.3912910037806743,RECONSTRUCTED
2025-08-08,INDUSINDBK,2.69727052525453,RECONSTRUCTED
2025-08-08,KOTAKBANK,6.103433181416022,RECONSTRUCTED
2025-08-08,PNB,1.8707116506119064,RECONSTRUCTED
2025-08-08,SBIN,6.9066523128950035,RECONSTRUCTED
2025-08-11,AUBANK,2.137572469152673,RECONSTRUCTED
2025-08-11,AXISBANK,6.016665354030514,RECONSTRUCTED
2025-08-11,BANKBARODA,2.3395973863330477,RECONSTRUCTED
2025-08-11,CANBK,1.911853789104428,RECONSTRUCTED
2025-08-11,FEDERALBNK,2.4983210633761117,RECONSTRUCTED
2025-08-11,HDFCBANK,44.953581185461275,RECONSTRUCTED
2025-08-11,ICICIBANK,20.059769066779836,RECONSTRUCTED
2025-08-11,IDFCFIRSTB,2.388090963547914,RECONSTRUCTED
2025-08-11,INDUSINDBK,2.6743577433905417,RECONSTRUCTED
2025-08-11,KOTAKBANK,6.117230082847384,RECONSTRUCTED
2025-08-11,PNB,1.8990930132123083,RECONSTRUCTED
2025-08-11,SBIN,7.003867882763972,RECONSTRUCTED
2025-08-12,AUBANK,2.130119933990572,RECONSTRUCTED
2025-08-12,AXISBANK,6.055185954813109,RECONSTRUCTED
2025-08-12,BANKBARODA,2.3532220480829107,RECONSTRUCTED
2025-08-12,CANBK,1.9312622390447183,RECONSTRUCTED
2025-08-12,FEDERALBNK,2.5129665184546837,RECONSTRUCTED
2025-08-12,HDFCBANK,44.79648725114487,RECONSTRUCTED
2025-08-12,ICICIBANK,20.044657645220614,RECONSTRUCTED
2025-08-12,IDFCFIRSTB,2.3893417789932814,RECONSTRUCTED
2025-08-12,INDUSINDBK,2.6990912768882884,RECONSTRUCTED
2025-08-12,KOTAKBANK,6.1225631059180285,RECONSTRUCTED
2025-08-12,PNB,1.919125531091496,RECONSTRUCTED
2025-08-12,SBIN,7.045976716357423,RECONSTRUCTED
2025-08-13,AUBANK,2.16215694841878,RECONSTRUCTED
2025-08-13,AXISBANK,6.013757254681719,RECONSTRUCTED
2025-08-13,BANKBARODA,2.333634948193692,RECONSTRUCTED
2025-08-13,CANBK,1.9154044923698463,RECONSTRUCTED
2025-08-13,FEDERALBNK,2.507822520675372,RECONSTRUCTED
2025-08-13,HDFCBANK,44.89270236711235,RECONSTRUCTED
2025-08-13,ICICIBANK,19.965352258028453,RECONSTRUCTED
2025-08-13,IDFCFIRSTB,2.4108703771227664,RECONSTRUCTED
2025-08-13,INDUSINDBK,2.65769600424526,RECONSTRUCTED
2025-08-13,KOTAKBANK,6.192908363637038,RECONSTRUCTED
2025-08-13,PNB,1.9129677200289277,RECONSTRUCTED
2025-08-13,SBIN,7.034726745485793,RECONSTRUCTED
2025-08-14,AUBANK,2.191450504764806,RECONSTRUCTED
2025-08-14,AXISBANK,6.005283507449126,RECONSTRUCTED
2025-08-14,BANKBARODA,2.3347798348911413,RECONSTRUCTED
2025-08-14,CANBK,1.9134948497002207,RECONSTRUCTED
2025-08-14,FEDERALBNK,2.4949275198012972,RECONSTRUCTED
2025-08-14,HDFCBANK,44.98110150268046,RECONSTRUCTED
2025-08-14,ICICIBANK,19.987181064632225,RECONSTRUCTED
2025-08-14,IDFCFIRSTB,2.363676087859211,RECONSTRUCTED
2025-08-14,INDUSINDBK,2.6358155124922753,RECONSTRUCTED
2025-08-14,KOTAKBANK,6.141949849106975,RECONSTRUCTED
2025-08-14,PNB,1.8999024525441757,RECONSTRUCTED
2025-08-14,SBIN,7.050437314078067,RECONSTRUCTED
2025-08-18,AUBANK,2.2081446187762084,RECONSTRUCTED
2025-08-18,AXISBANK,6.044424384561916,RECONSTRUCTED
2025-08-18,BANKBARODA,2.3187392762524737,RECONSTRUCTED
2025-08-18,CANBK,1.9017400632695833,RECONSTRUCTED
2025-08-18,FEDERALBNK,2.4769011475965743,RECONSTRUCTED
2025-08-18,HDFCBANK,44.95251779710228,RECONSTRUCTED
2025-08-18,ICICIBANK,19.951386972784675,RECONSTRUCTED
2025-08-18,IDFCFIRSTB,2.38600911151381,RECONSTRUCTED
2025-08-18,INDUSINDBK,2.681980428990064,RECONSTRUCTED
2025-08-18,KOTAKBANK,6.171289906661558,RECONSTRUCTED
2025-08-18,PNB,1.8955488674333814,RECONSTRUCTED
2025-08-18,SBIN,7.011317425057487,RECONSTRUCTED
2025-08-19,AUBANK,2.1984003551733156,RECONSTRUCTED
2025-08-19,AXISBANK,6.045297623789103,RECONSTRUCTED
2025-08-19,BANKBARODA,2.358651993767862,RECONSTRUCTED
2025-08-19,CANBK,1.9414701236743963,RECONSTRUCTED
2025-08-19,FEDERALBNK,2.529757156611553,RECONSTRUCTED
2025-08-19,HDFCBANK,44.653775076918144,RECONSTRUCTED
2025-08-19,ICICIBANK,19.9668490955735,RECONSTRUCTED
2025-08-19,IDFCFIRSTB,2.4324596577960054,RECONSTRUCTED
2025-08-19,INDUSINDBK,2.670174201789183,RECONSTRUCTED
2025-08-19,KOTAKBANK,6.2566059913153325,RECONSTRUCTED
2025-08-19,PNB,1.9148259149170879,RECONSTRUCTED
2025-08-19,SBIN,7.031732808674512,RECONSTRUCTED
2025-08-20,AUBANK,2.2061138224697014,RECONSTRUCTED
2025-08-20,AXISBANK,6.044527079558559,RECONSTRUCTED
2025-08-20,BANKBARODA,2.3441286622188815,RECONSTRUCTED
2025-08-20,CANBK,1.9572473717168193,RECONSTRUCTED
2025-08-20,FEDERALBNK,2.5321487123266198,RECONSTRUCTED
2025-08-20,HDFCBANK,44.706873216169186,RECONSTRUCTED
2025-08-20,ICICIBANK,19.940301234062925,RECONSTRUCTED
2025-08-20,IDFCFIRSTB,2.4375358912935368,RECONSTRUCTED
2025-08-20,INDUSINDBK,2.6523678288760086,RECONSTRUCTED
2025-08-20,KOTAKBANK,6.2348617065357566,RECONSTRUCTED
2025-08-20,PNB,1.905842423875567,RECONSTRUCTED
2025-08-20,SBIN,7.038052050896448,RECONSTRUCTED
2025-08-21,AUBANK,2.1834495553300446,RECONSTRUCTED
2025-08-21,AXISBANK,6.030438073566933,RECONSTRUCTED
2025-08-21,BANKBARODA,2.3269488643233167,RECONSTRUCTED
2025-08-21,CANBK,1.933969411419954,RECONSTRUCTED
2025-08-21,FEDERALBNK,2.5257444072314352,RECONSTRUCTED
2025-08-21,HDFCBANK,44.723792617519045,RECONSTRUCTED
2025-08-21,ICICIBANK,20.132203024377013,RECONSTRUCTED
2025-08-21,IDFCFIRSTB,2.39480280397753,RECONSTRUCTED
2025-08-21,INDUSINDBK,2.6127757099226434,RECONSTRUCTED
2025-08-21,KOTAKBANK,6.2287501927867694,RECONSTRUCTED
2025-08-21,PNB,1.9045798708539512,RECONSTRUCTED
2025-08-21,SBIN,7.002545468691354,RECONSTRUCTED
2025-08-22,AUBANK,2.1788822343344325,RECONSTRUCTED
2025-08-22,AXISBANK,6.054905121357078,RECONSTRUCTED
2025-08-22,BANKBARODA,2.323569348916941,RECONSTRUCTED
2025-08-22,CANBK,1.9362427812657166,RECONSTRUCTED
2025-08-22,FEDERALBNK,2.5153501642255116,RECONSTRUCTED
2025-08-22,HDFCBANK,44.636346048398465,RECONSTRUCTED
2025-08-22,ICICIBANK,20.229686830350815,RECONSTRUCTED
2025-08-22,IDFCFIRSTB,2.4086547925329858,RECONSTRUCTED
2025-08-22,INDUSINDBK,2.617661748481716,RECONSTRUCTED
2025-08-22,KOTAKBANK,6.203317098186444,RECONSTRUCTED
2025-08-22,PNB,1.8929727645317325,RECONSTRUCTED
2025-08-22,SBIN,7.0024110674181825,RECONSTRUCTED
2025-08-25,AUBANK,2.201487228035655,RECONSTRUCTED
2025-08-25,AXISBANK,6.05101466273883,RECONSTRUCTED
2025-08-25,BANKBARODA,2.332252591602929,RECONSTRUCTED
2025-08-25,CANBK,1.9170714926097128,RECONSTRUCTED
2025-08-25,FEDERALBNK,2.498806066933245,RECONSTRUCTED
2025-08-25,HDFCBANK,44.633823909144084,RECONSTRUCTED
2025-08-25,ICICIBANK,20.188616885507138,RECONSTRUCTED
2025-08-25,IDFCFIRSTB,2.4298763625156905,RECONSTRUCTED
2025-08-25,INDUSINDBK,2.6552087764046184,RECONSTRUCTED
2025-08-25,KOTAKBANK,6.19423911693567,RECONSTRUCTED
2025-08-25,PNB,1.8920889144220143,RECONSTRUCTED
2025-08-25,SBIN,7.005513993150421,RECONSTRUCTED
2025-08-26,AUBANK,2.8531326136632407,RECONSTRUCTED
2025-08-26,AXISBANK,7.741203194996875,RECONSTRUCTED
2025-08-26,BANKBARODA,2.9653386384089764,RECONSTRUCTED
2025-08-26,CANBK,2.4345001361985683,RECONSTRUCTED
2025-08-26,FEDERALBNK,3.214767224731621,RECONSTRUCTED
2025-08-26,HDFCBANK,28.83534972490284,RECONSTRUCTED
2025-08-26,ICICIBANK,26.01239772434945,RECONSTRUCTED
2025-08-26,IDFCFIRSTB,3.0990006873873495,RECONSTRUCTED
2025-08-26,INDUSINDBK,3.3963598592120543,RECONSTRUCTED
2025-08-26,KOTAKBANK,8.002951285634591,RECONSTRUCTED
2025-08-26,PNB,2.4090342879000803,RECONSTRUCTED
2025-08-26,SBIN,9.035964622614353,RECONSTRUCTED
2025-08-28,AUBANK,2.8245646638178865,RECONSTRUCTED
2025-08-28,AXISBANK,7.8452605981001815,RECONSTRUCTED
2025-08-28,BANKBARODA,2.9758149810223906,RECONSTRUCTED
2025-08-28,CANBK,2.4309403616355043,RECONSTRUCTED
2025-08-28,FEDERALBNK,3.240575781261437,RECONSTRUCTED
2025-08-28,HDFCBANK,28.705414625702335,RECONSTRUCTED
2025-08-28,ICICIBANK,25.99183941865769,RECONSTRUCTED
2025-08-28,IDFCFIRSTB,3.102909038842214,RECONSTRUCTED
2025-08-28,INDUSINDBK,3.391605065670025,RECONSTRUCTED
2025-08-28,KOTAKBANK,8.010150210681857,RECONSTRUCTED
2025-08-28,PNB,2.4059344271975958,RECONSTRUCTED
2025-08-28,SBIN,9.074990827410874,RECONSTRUCTED
2025-08-29,AUBANK,2.79,OFFICIAL
2025-08-29,AXISBANK,7.82,OFFICIAL
2025-08-29,BANKBARODA,2.98,OFFICIAL
2025-08-29,CANBK,2.42,OFFICIAL
2025-08-29,FEDERALBNK,3.25,OFFICIAL
2025-08-29,HDFCBANK,28.61,OFFICIAL
2025-08-29,ICICIBANK,26.05,OFFICIAL
2025-08-29,IDFCFIRSTB,3.11,OFFICIAL
2025-08-29,INDUSINDBK,3.37,OFFICIAL
2025-08-29,KOTAKBANK,8.1,OFFICIAL
2025-08-29,PNB,2.4,OFFICIAL
2025-08-29,SBIN,9.11,OFFICIAL
2025-09-01,AUBANK,2.6647249619067517,RECONSTRUCTED
2025-09-01,AXISBANK,8.332037759791612,RECONSTRUCTED
2025-09-01,BANKBARODA,2.8435329480848464,RECONSTRUCTED
2025-09-01,CANBK,2.330033206828557,RECONSTRUCTED
2025-09-01,FEDERALBNK,3.126375160697007,RECONSTRUCTED
2025-09-01,HDFCBANK,28.80974379304661,RECONSTRUCTED
2025-09-01,ICICIBANK,25.816685052388017,RECONSTRUCTED
2025-09-01,IDFCFIRSTB,2.9888450338244814,RECONSTRUCTED
2025-09-01,INDUSINDBK,3.2512888661231525,RECONSTRUCTED
2025-09-01,KOTAKBANK,8.954745006032818,RECONSTRUCTED
2025-09-01,PNB,2.3112066853813236,RECONSTRUCTED
2025-09-01,SBIN,8.570781525894825,RECONSTRUCTED
2025-09-02,AUBANK,2.632778750088783,RECONSTRUCTED
2025-09-02,AXISBANK,8.344274010868222,RECONSTRUCTED
2025-09-02,BANKBARODA,2.889468584288521,RECONSTRUCTED
2025-09-02,CANBK,2.367915556153051,RECONSTRUCTED
2025-09-02,FEDERALBNK,3.1463525397362906,RECONSTRUCTED
2025-09-02,HDFCBANK,28.810759780029333,RECONSTRUCTED
2025-09-02,ICICIBANK,25.6749557814054,RECONSTRUCTED
2025-09-02,IDFCFIRSTB,3.0322541132729093,RECONSTRUCTED
2025-09-02,INDUSINDBK,3.2652304986113845,RECONSTRUCTED
2025-09-02,KOTAKBANK,8.893402192434701,RECONSTRUCTED
2025-09-02,PNB,2.3391781007066728,RECONSTRUCTED
2025-09-02,SBIN,8.603430092404738,RECONSTRUCTED
2025-09-03,AUBANK,2.6339682419075814,RECONSTRUCTED
2025-09-03,AXISBANK,8.270217935227334,RECONSTRUCTED
2025-09-03,BANKBARODA,2.8891032579801865,RECONSTRUCTED
2025-09-03,CANBK,2.3982787430808616,RECONSTRUCTED
2025-09-03,FEDERALBNK,3.117539301067533,RECONSTRUCTED
2025-09-03,HDFCBANK,28.89691933419748,RECONSTRUCTED
2025-09-03,ICICIBANK,25.53445813851362,RECONSTRUCTED
2025-09-03,IDFCFIRSTB,3.057257916649109,RECONSTRUCTED
2025-09-03,INDUSINDBK,3.313764525192226,RECONSTRUCTED
2025-09-03,KOTAKBANK,8.907439981271704,RECONSTRUCTED
2025-09-03,PNB,2.3542180875669714,RECONSTRUCTED
2025-09-03,SBIN,8.6268345373454,RECONSTRUCTED
2025-09-04,AUBANK,2.568116324663562,RECONSTRUCTED
2025-09-04,AXISBANK,8.234731973296473,RECONSTRUCTED
2025-09-04,BANKBARODA,2.8342073039662647,RECONSTRUCTED
2025-09-04,CANBK,2.3479625898915284,RECONSTRUCTED
2025-09-04,FEDERALBNK,3.063155857883034,RECONSTRUCTED
2025-09-04,HDFCBANK,29.096547700379872,RECONSTRUCTED
2025-09-04,ICICIBANK,25.68430609411146,RECONSTRUCTED
2025-09-04,IDFCFIRSTB,3.1276147900662923,RECONSTRUCTED
2025-09-04,INDUSINDBK,3.2559017084667685,RECONSTRUCTED
2025-09-04,KOTAKBANK,8.857824238166033,RECONSTRUCTED
2025-09-04,PNB,2.3338538917534857,RECONSTRUCTED
2025-09-04,SBIN,8.59577752735524,RECONSTRUCTED
2025-09-05,AUBANK,2.559051947474764,RECONSTRUCTED
2025-09-05,AXISBANK,8.271799486614867,RECONSTRUCTED
2025-09-05,BANKBARODA,2.836009750282986,RECONSTRUCTED
2025-09-05,CANBK,2.369691208526054,RECONSTRUCTED
2025-09-05,FEDERALBNK,3.070910478805129,RECONSTRUCTED
2025-09-05,HDFCBANK,29.140312552099445,RECONSTRUCTED
2025-09-05,ICICIBANK,25.616229034192884,RECONSTRUCTED
2025-09-05,IDFCFIRSTB,3.1413383578012795,RECONSTRUCTED
2025-09-05,INDUSINDBK,3.2630042794097744,RECONSTRUCTED
2025-09-05,KOTAKBANK,8.832282577874706,RECONSTRUCTED
2025-09-05,PNB,2.3395896386938366,RECONSTRUCTED
2025-09-05,SBIN,8.559780688224263,RECONSTRUCTED
2025-09-08,AUBANK,2.575672504834306,RECONSTRUCTED
2025-09-08,AXISBANK,8.257550611002134,RECONSTRUCTED
2025-09-08,BANKBARODA,2.8367915770362866,RECONSTRUCTED
2025-09-08,CANBK,2.3879310394774347,RECONSTRUCTED
2025-09-08,FEDERALBNK,3.0683920357576246,RECONSTRUCTED
2025-09-08,HDFCBANK,29.179677531657333,RECONSTRUCTED
2025-09-08,ICICIBANK,25.57997027623275,RECONSTRUCTED
2025-09-08,IDFCFIRSTB,3.122855934012862,RECONSTRUCTED
2025-09-08,INDUSINDBK,3.2315004337242854,RECONSTRUCTED
2025-09-08,KOTAKBANK,8.841264850885471,RECONSTRUCTED
2025-09-08,PNB,2.346803774030114,RECONSTRUCTED
2025-09-08,SBIN,8.571589431349405,RECONSTRUCTED
2025-09-09,AUBANK,2.565804976375134,RECONSTRUCTED
2025-09-09,AXISBANK,8.227239379795503,RECONSTRUCTED
2025-09-09,BANKBARODA,2.8334303085445045,RECONSTRUCTED
2025-09-09,CANBK,2.3850820208434707,RECONSTRUCTED
2025-09-09,FEDERALBNK,3.082965827740887,RECONSTRUCTED
2025-09-09,HDFCBANK,29.138085039521556,RECONSTRUCTED
2025-09-09,ICICIBANK,25.584231027838022,RECONSTRUCTED
2025-09-09,IDFCFIRSTB,3.1755670751980625,RECONSTRUCTED
2025-09-09,INDUSINDBK,3.209946918459894,RECONSTRUCTED
2025-09-09,KOTAKBANK,8.883110037019291,RECONSTRUCTED
2025-09-09,PNB,2.347098058928848,RECONSTRUCTED
2025-09-09,SBIN,8.567439329734828,RECONSTRUCTED
2025-09-10,AUBANK,2.610664884403213,RECONSTRUCTED
2025-09-10,AXISBANK,8.318484654516617,RECONSTRUCTED
2025-09-10,BANKBARODA,2.8592190735853404,RECONSTRUCTED
2025-09-10,CANBK,2.428258567354171,RECONSTRUCTED
2025-09-10,FEDERALBNK,3.1361911795985886,RECONSTRUCTED
2025-09-10,HDFCBANK,28.99094533112724,RECONSTRUCTED
2025-09-10,ICICIBANK,25.43889611133742,RECONSTRUCTED
2025-09-10,IDFCFIRSTB,3.1210118154451667,RECONSTRUCTED
2025-09-10,INDUSINDBK,3.2130701825227175,RECONSTRUCTED
2025-09-10,KOTAKBANK,8.889503051507516,RECONSTRUCTED
2025-09-10,PNB,2.3777382423814553,RECONSTRUCTED
2025-09-10,SBIN,8.616016906220551,RECONSTRUCTED
2025-09-11,AUBANK,2.5938236566893687,RECONSTRUCTED
2025-09-11,AXISBANK,8.432104666615206,RECONSTRUCTED
2025-09-11,BANKBARODA,2.8552779871475775,RECONSTRUCTED
2025-09-11,CANBK,2.453572745751641,RECONSTRUCTED
2025-09-11,FEDERALBNK,3.1375451627697144,RECONSTRUCTED
2025-09-11,HDFCBANK,28.97628022815672,RECONSTRUCTED
2025-09-11,ICICIBANK,25.334537530245694,RECONSTRUCTED
2025-09-11,IDFCFIRSTB,3.102601441569832,RECONSTRUCTED
2025-09-11,INDUSINDBK,3.193834103846115,RECONSTRUCTED
2025-09-11,KOTAKBANK,8.863069330341123,RECONSTRUCTED
2025-09-11,PNB,2.4053518789987534,RECONSTRUCTED
2025-09-11,SBIN,8.652001267868247,RECONSTRUCTED
2025-09-12,AUBANK,2.571294147555974,RECONSTRUCTED
2025-09-12,AXISBANK,8.548163884618077,RECONSTRUCTED
2025-09-12,BANKBARODA,2.8382593832364957,RECONSTRUCTED
2025-09-12,CANBK,2.4228248796470457,RECONSTRUCTED
2025-09-12,FEDERALBNK,3.09277933784325,RECONSTRUCTED
2025-09-12,HDFCBANK,28.884457340656322,RECONSTRUCTED
2025-09-12,ICICIBANK,25.55755129570087,RECONSTRUCTED
2025-09-12,IDFCFIRSTB,3.077281756657203,RECONSTRUCTED
2025-09-12,INDUSINDBK,3.150892625736848,RECONSTRUCTED
2025-09-12,KOTAKBANK,8.83954999110926,RECONSTRUCTED
2025-09-12,PNB,2.388950990122963,RECONSTRUCTED
2025-09-12,SBIN,8.627994367115692,RECONSTRUCTED
2025-09-15,AUBANK,2.5923336562275354,RECONSTRUCTED
2025-09-15,AXISBANK,8.52961567033651,RECONSTRUCTED
2025-09-15,BANKBARODA,2.853147245578796,RECONSTRUCTED
2025-09-15,CANBK,2.4533363669004156,RECONSTRUCTED
2025-09-15,FEDERALBNK,3.1189352777514228,RECONSTRUCTED
2025-09-15,HDFCBANK,28.8378148746233,RECONSTRUCTED
2025-09-15,ICICIBANK,25.553482651295766,RECONSTRUCTED
2025-09-15,IDFCFIRSTB,3.055190324419796,RECONSTRUCTED
2025-09-15,INDUSINDBK,3.1440682399050783,RECONSTRUCTED
2025-09-15,KOTAKBANK,8.820843775491568,RECONSTRUCTED
2025-09-15,PNB,2.4123882477585465,RECONSTRUCTED
2025-09-15,SBIN,8.628843669711264,RECONSTRUCTED
2025-09-16,AUBANK,2.571584556925684,RECONSTRUCTED
2025-09-16,AXISBANK,8.61662954920592,RECONSTRUCTED
2025-09-16,BANKBARODA,2.857236738210001,RECONSTRUCTED
2025-09-16,CANBK,2.456850594212792,RECONSTRUCTED
2025-09-16,FEDERALBNK,3.1057557900898756,RECONSTRUCTED
2025-09-16,HDFCBANK,28.689553518186102,RECONSTRUCTED
2025-09-16,ICICIBANK,25.466776658661907,RECONSTRUCTED
2025-09-16,IDFCFIRSTB,3.037140332447683,RECONSTRUCTED
2025-09-16,INDUSINDBK,3.1384875502966127,RECONSTRUCTED
2025-09-16,KOTAKBANK,9.00400143753576,RECONSTRUCTED
2025-09-16,PNB,2.398933544487024,RECONSTRUCTED
2025-09-16,SBIN,8.657049729740649,RECONSTRUCTED
2025-09-17,AUBANK,2.547074412237783,RECONSTRUCTED
2025-09-17,AXISBANK,8.600668788943238,RECONSTRUCTED
2025-09-17,BANKBARODA,2.902465538751281,RECONSTRUCTED
2025-09-17,CANBK,2.5069732574244816,RECONSTRUCTED
2025-09-17,FEDERALBNK,3.1270210721698533,RECONSTRUCTED
2025-09-17,HDFCBANK,28.504015556975816,RECONSTRUCTED
2025-09-17,ICICIBANK,25.2685119493323,RECONSTRUCTED
2025-09-17,IDFCFIRSTB,3.030826282735986,RECONSTRUCTED
2025-09-17,INDUSINDBK,3.105871798235373,RECONSTRUCTED
2025-09-17,KOTAKBANK,9.075608564123455,RECONSTRUCTED
2025-09-17,PNB,2.461897042188318,RECONSTRUCTED
2025-09-17,SBIN,8.869065736882114,RECONSTRUCTED
2025-09-18,AUBANK,2.575159216467055,RECONSTRUCTED
2025-09-18,AXISBANK,8.617036600150382,RECONSTRUCTED
2025-09-18,BANKBARODA,2.9259879319189905,RECONSTRUCTED
2025-09-18,CANBK,2.4781887184793,RECONSTRUCTED
2025-09-18,FEDERALBNK,3.1051653776934254,RECONSTRUCTED
2025-09-18,HDFCBANK,28.687221882888974,RECONSTRUCTED
2025-09-18,ICICIBANK,25.2045079307205,RECONSTRUCTED
2025-09-18,IDFCFIRSTB,3.0224540998001594,RECONSTRUCTED
2025-09-18,INDUSINDBK,3.0774928397403647,RECONSTRUCTED
2025-09-18,KOTAKBANK,9.055654055689105,RECONSTRUCTED
2025-09-18,PNB,2.4489347747725447,RECONSTRUCTED
2025-09-18,SBIN,8.802196571679193,RECONSTRUCTED
2025-09-19,AUBANK,2.5847469564047842,RECONSTRUCTED
2025-09-19,AXISBANK,8.682719258584623,RECONSTRUCTED
2025-09-19,BANKBARODA,2.9777375801224393,RECONSTRUCTED
2025-09-19,CANBK,2.5414195320090345,RECONSTRUCTED
2025-09-19,FEDERALBNK,3.1128250796788604,RECONSTRUCTED
2025-09-19,HDFCBANK,28.536951354444618,RECONSTRUCTED
2025-09-19,ICICIBANK,24.98433843969132,RECONSTRUCTED
2025-09-19,IDFCFIRSTB,3.0292732730726533,RECONSTRUCTED
2025-09-19,INDUSINDBK,3.1306743504808963,RECONSTRUCTED
2025-09-19,KOTAKBANK,8.996842022040562,RECONSTRUCTED
2025-09-19,PNB,2.4929866042945377,RECONSTRUCTED
2025-09-19,SBIN,8.92948554917567,RECONSTRUCTED
2025-09-22,AUBANK,2.54698773296764,RECONSTRUCTED
2025-09-22,AXISBANK,8.774341167461149,RECONSTRUCTED
2025-09-22,BANKBARODA,2.975671118783497,RECONSTRUCTED
2025-09-22,CANBK,2.5731898949634866,RECONSTRUCTED
2025-09-22,FEDERALBNK,3.076243110800231,RECONSTRUCTED
2025-09-22,HDFCBANK,28.543955130146347,RECONSTRUCTED
2025-09-22,ICICIBANK,25.0479392754075,RECONSTRUCTED
2025-09-22,IDFCFIRSTB,3.0033523271094453,RECONSTRUCTED
2025-09-22,INDUSINDBK,3.097605216634906,RECONSTRUCTED
2025-09-22,KOTAKBANK,8.982927416107936,RECONSTRUCTED
2025-09-22,PNB,2.4948428350505822,RECONSTRUCTED
2025-09-22,SBIN,8.882944774567294,RECONSTRUCTED
2025-09-23,AUBANK,2.6286684187098044,RECONSTRUCTED
2025-09-23,AXISBANK,8.940471355309858,RECONSTRUCTED
2025-09-23,BANKBARODA,2.9883071197161164,RECONSTRUCTED
2025-09-23,CANBK,2.628114696168912,RECONSTRUCTED
2025-09-23,FEDERALBNK,3.065851547548089,RECONSTRUCTED
2025-09-23,HDFCBANK,28.222192345688967,RECONSTRUCTED
2025-09-23,ICICIBANK,24.81853611169857,RECONSTRUCTED
2025-09-23,IDFCFIRSTB,2.973920161692885,RECONSTRUCTED
2025-09-23,INDUSINDBK,3.1731040061572076,RECONSTRUCTED
2025-09-23,KOTAKBANK,9.061676300481517,RECONSTRUCTED
2025-09-23,PNB,2.493331420178068,RECONSTRUCTED
2025-09-23,SBIN,9.00582651665,RECONSTRUCTED
2025-09-24,AUBANK,2.663578643700332,RECONSTRUCTED
2025-09-24,AXISBANK,8.912313242306672,RECONSTRUCTED
2025-09-24,BANKBARODA,3.023031981099861,RECONSTRUCTED
2025-09-24,CANBK,2.6686683498552974,RECONSTRUCTED
2025-09-24,FEDERALBNK,3.0630517909341757,RECONSTRUCTED
2025-09-24,HDFCBANK,28.23957683013804,RECONSTRUCTED
2025-09-24,ICICIBANK,24.786469642482867,RECONSTRUCTED
2025-09-24,IDFCFIRSTB,2.9750310658634382,RECONSTRUCTED
2025-09-24,INDUSINDBK,3.134238281201032,RECONSTRUCTED
2025-09-24,KOTAKBANK,9.052802791557223,RECONSTRUCTED
2025-09-24,PNB,2.4574288786675345,RECONSTRUCTED
2025-09-24,SBIN,9.023808502193532,RECONSTRUCTED
2025-09-25,AUBANK,2.690364582276112,RECONSTRUCTED
2025-09-25,AXISBANK,8.995155174648689,RECONSTRUCTED
2025-09-25,BANKBARODA,3.0125238012905404,RECONSTRUCTED
2025-09-25,CANBK,2.643695020559567,RECONSTRUCTED
2025-09-25,FEDERALBNK,3.0671521033835027,RECONSTRUCTED
2025-09-25,HDFCBANK,28.27822006341999,RECONSTRUCTED
2025-09-25,ICICIBANK,24.72772855652555,RECONSTRUCTED
2025-09-25,IDFCFIRSTB,2.9781811061192163,RECONSTRUCTED
2025-09-25,INDUSINDBK,3.142492276126416,RECONSTRUCTED
2025-09-25,KOTAKBANK,8.997105919884403,RECONSTRUCTED
2025-09-25,PNB,2.4725566685633016,RECONSTRUCTED
2025-09-25,SBIN,8.994824727202722,RECONSTRUCTED
2025-09-26,AUBANK,2.724999486077931,RECONSTRUCTED
2025-09-26,AXISBANK,8.993149318122237,RECONSTRUCTED
2025-09-26,BANKBARODA,2.992108712988292,RECONSTRUCTED
2025-09-26,CANBK,2.5980364916189282,RECONSTRUCTED
2025-09-26,FEDERALBNK,3.075737425854339,RECONSTRUCTED
2025-09-26,HDFCBANK,28.436172304698648,RECONSTRUCTED
2025-09-26,ICICIBANK,24.697863347100608,RECONSTRUCTED
2025-09-26,IDFCFIRSTB,2.952348945687556,RECONSTRUCTED
2025-09-26,INDUSINDBK,3.0560404098648117,RECONSTRUCTED
2025-09-26,KOTAKBANK,9.008860598284555,RECONSTRUCTED
2025-09-26,PNB,2.4180141774945363,RECONSTRUCTED
2025-09-26,SBIN,9.04666878220758,RECONSTRUCTED
2025-09-29,AUBANK,2.704483043045292,RECONSTRUCTED
2025-09-29,AXISBANK,8.81375546709566,RECONSTRUCTED
2025-09-29,BANKBARODA,3.055532003375766,RECONSTRUCTED
2025-09-29,CANBK,2.6479861682454726,RECONSTRUCTED
2025-09-29,FEDERALBNK,3.044553744420324,RECONSTRUCTED
2025-09-29,HDFCBANK,28.563336152225737,RECONSTRUCTED
2025-09-29,ICICIBANK,24.462575958042265,RECONSTRUCTED
2025-09-29,IDFCFIRSTB,2.9882954897786997,RECONSTRUCTED
2025-09-29,INDUSINDBK,3.0983624601491795,RECONSTRUCTED
2025-09-29,KOTAKBANK,8.984718522340042,RECONSTRUCTED
2025-09-29,PNB,2.4539516465961797,RECONSTRUCTED
2025-09-29,SBIN,9.182449344685386,RECONSTRUCTED
2025-09-30,AUBANK,2.67,OFFICIAL
2025-09-30,AXISBANK,8.78,OFFICIAL
2025-09-30,BANKBARODA,3.1,OFFICIAL
2025-09-30,CANBK,2.71,OFFICIAL
2025-09-30,FEDERALBNK,3.08,OFFICIAL
2025-09-30,HDFCBANK,28.49,OFFICIAL
2025-09-30,ICICIBANK,24.38,OFFICIAL
2025-09-30,IDFCFIRSTB,2.99,OFFICIAL
2025-09-30,INDUSINDBK,3.14,OFFICIAL
2025-09-30,KOTAKBANK,8.96,OFFICIAL
2025-09-30,PNB,2.52,OFFICIAL
2025-09-30,SBIN,9.17,OFFICIAL
2025-10-01,AUBANK,2.6106002270294884,RECONSTRUCTED
2025-10-01,AXISBANK,8.885388104689214,RECONSTRUCTED
2025-10-01,BANKBARODA,3.0661663040331906,RECONSTRUCTED
2025-10-01,CANBK,2.668870898717033,RECONSTRUCTED
2025-10-01,FEDERALBNK,3.0517499209279086,RECONSTRUCTED
2025-10-01,HDFCBANK,28.545183244177487,RECONSTRUCTED
2025-10-01,ICICIBANK,24.496344638248498,RECONSTRUCTED
2025-10-01,IDFCFIRSTB,2.925288720171326,RECONSTRUCTED
2025-10-01,INDUSINDBK,3.133093472031133,RECONSTRUCTED
2025-10-01,KOTAKBANK,9.159580014838099,RECONSTRUCTED
2025-10-01,PNB,2.4857188098614413,RECONSTRUCTED
2025-10-01,SBIN,8.97201564527519,RECONSTRUCTED
2025-10-03,AUBANK,2.6615127793861326,RECONSTRUCTED
2025-10-03,AXISBANK,9.01086993022512,RECONSTRUCTED
2025-10-03,BANKBARODA,3.1040153400567645,RECONSTRUCTED
2025-10-03,CANBK,2.7032372895892274,RECONSTRUCTED
2025-10-03,FEDERALBNK,3.016708418461974,RECONSTRUCTED
2025-10-03,HDFCBANK,28.41836016476545,RECONSTRUCTED
2025-10-03,ICICIBANK,24.26915334466052,RECONSTRUCTED
2025-10-03,IDFCFIRSTB,2.9134377176666035,RECONSTRUCTED
2025-10-03,INDUSINDBK,3.137336753057063,RECONSTRUCTED
2025-10-03,KOTAKBANK,9.28425462354064,RECONSTRUCTED
2025-10-03,PNB,2.514952544064696,RECONSTRUCTED
2025-10-03,SBIN,8.966161094525818,RECONSTRUCTED
2025-10-06,AUBANK,2.711874618725607,RECONSTRUCTED
2025-10-06,AXISBANK,9.168459181188366,RECONSTRUCTED
2025-10-06,BANKBARODA,3.106366413843309,RECONSTRUCTED
2025-10-06,CANBK,2.69668993615422,RECONSTRUCTED
2025-10-06,FEDERALBNK,3.0090282293105357,RECONSTRUCTED
2025-10-06,HDFCBANK,28.399336447048647,RECONSTRUCTED
2025-10-06,ICICIBANK,24.014413265482084,RECONSTRUCTED
2025-10-06,IDFCFIRSTB,2.972376466790914,RECONSTRUCTED
2025-10-06,INDUSINDBK,3.0748157303073427,RECONSTRUCTED
2025-10-06,KOTAKBANK,9.398194283464498,RECONSTRUCTED
2025-10-06,PNB,2.495543799157894,RECONSTRUCTED
2025-10-06,SBIN,8.952901628526583,RECONSTRUCTED
2025-10-07,AUBANK,2.709110646947649,RECONSTRUCTED
2025-10-07,AXISBANK,8.950443607323253,RECONSTRUCTED
2025-10-07,BANKBARODA,3.0437219101337445,RECONSTRUCTED
2025-10-07,CANBK,2.717829052834356,RECONSTRUCTED
2025-10-07,FEDERALBNK,3.087238015617708,RECONSTRUCTED
2025-10-07,HDFCBANK,28.594793057947832,RECONSTRUCTED
2025-10-07,ICICIBANK,24.176610656218703,RECONSTRUCTED
2025-10-07,IDFCFIRSTB,3.0028063735065897,RECONSTRUCTED
2025-10-07,INDUSINDBK,3.107706965082517,RECONSTRUCTED
2025-10-07,KOTAKBANK,9.292265879594853,RECONSTRUCTED
2025-10-07,PNB,2.4815319678162964,RECONSTRUCTED
2025-10-07,SBIN,8.835941866976487,RECONSTRUCTED
2025-10-08,AUBANK,2.732972813835579,RECONSTRUCTED
2025-10-08,AXISBANK,8.938819923804326,RECONSTRUCTED
2025-10-08,BANKBARODA,3.0563161564124095,RECONSTRUCTED
2025-10-08,CANBK,2.685513997139833,RECONSTRUCTED
2025-10-08,FEDERALBNK,3.1529526816268763,RECONSTRUCTED
2025-10-08,HDFCBANK,28.596598220547076,RECONSTRUCTED
2025-10-08,ICICIBANK,24.173224763283848,RECONSTRUCTED
2025-10-08,IDFCFIRSTB,3.014655674831718,RECONSTRUCTED
2025-10-08,INDUSINDBK,3.086437821955286,RECONSTRUCTED
2025-10-08,KOTAKBANK,9.289019764903243,RECONSTRUCTED
2025-10-08,PNB,2.468848464019337,RECONSTRUCTED
2025-10-08,SBIN,8.804639717640478,RECONSTRUCTED
2025-10-09,AUBANK,2.6971927795654413,RECONSTRUCTED
2025-10-09,AXISBANK,8.811538103038743,RECONSTRUCTED
2025-10-09,BANKBARODA,3.0730386251372623,RECONSTRUCTED
2025-10-09,CANBK,2.6799688984744696,RECONSTRUCTED
2025-10-09,FEDERALBNK,3.2165795450822072,RECONSTRUCTED
2025-10-09,HDFCBANK,28.461541866879696,RECONSTRUCTED
2025-10-09,ICICIBANK,24.202214799157947,RECONSTRUCTED
2025-10-09,IDFCFIRSTB,3.0662811074508527,RECONSTRUCTED
2025-10-09,INDUSINDBK,3.1109428928771288,RECONSTRUCTED
2025-10-09,KOTAKBANK,9.377474023286291,RECONSTRUCTED
2025-10-09,PNB,2.486446477758778,RECONSTRUCTED
2025-10-09,SBIN,8.816780881291168,RECONSTRUCTED
2025-10-10,AUBANK,2.688737986316051,RECONSTRUCTED
2025-10-10,AXISBANK,8.843913968803314,RECONSTRUCTED
2025-10-10,BANKBARODA,3.0826953189551256,RECONSTRUCTED
2025-10-10,CANBK,2.685914986091908,RECONSTRUCTED
2025-10-10,FEDERALBNK,3.207626150286025,RECONSTRUCTED
2025-10-10,HDFCBANK,28.361383917870732,RECONSTRUCTED
2025-10-10,ICICIBANK,24.09518800997069,RECONSTRUCTED
2025-10-10,IDFCFIRSTB,3.0842633970731343,RECONSTRUCTED
2025-10-10,INDUSINDBK,3.1465181324549905,RECONSTRUCTED
2025-10-10,KOTAKBANK,9.332145494890034,RECONSTRUCTED
2025-10-10,PNB,2.5315818211357923,RECONSTRUCTED
2025-10-10,SBIN,8.940030816152223,RECONSTRUCTED
2025-10-13,AUBANK,2.7015721365344976,RECONSTRUCTED
2025-10-13,AXISBANK,8.910440605436762,RECONSTRUCTED
2025-10-13,BANKBARODA,3.0951407810010556,RECONSTRUCTED
2025-10-13,CANBK,2.6904605971870583,RECONSTRUCTED
2025-10-13,FEDERALBNK,3.279425517010421,RECONSTRUCTED
2025-10-13,HDFCBANK,28.24100604218469,RECONSTRUCTED
2025-10-13,ICICIBANK,24.072986305404477,RECONSTRUCTED
2025-10-13,IDFCFIRSTB,3.053604365372665,RECONSTRUCTED
2025-10-13,INDUSINDBK,3.1314529377640654,RECONSTRUCTED
2025-10-13,KOTAKBANK,9.338308242433339,RECONSTRUCTED
2025-10-13,PNB,2.524639079845636,RECONSTRUCTED
2025-10-13,SBIN,8.96096338982533,RECONSTRUCTED
2025-10-14,AUBANK,2.727307589281701,RECONSTRUCTED
2025-10-14,AXISBANK,8.834614632370297,RECONSTRUCTED
2025-10-14,BANKBARODA,3.054161415444485,RECONSTRUCTED
2025-10-14,CANBK,2.6454543170536353,RECONSTRUCTED
2025-10-14,FEDERALBNK,3.324225357409966,RECONSTRUCTED
2025-10-14,HDFCBANK,28.309588898801515,RECONSTRUCTED
2025-10-14,ICICIBANK,24.209952767338674,RECONSTRUCTED
2025-10-14,IDFCFIRSTB,3.0227655382380805,RECONSTRUCTED
2025-10-14,INDUSINDBK,3.0993383948244557,RECONSTRUCTED
2025-10-14,KOTAKBANK,9.35824449072194,RECONSTRUCTED
2025-10-14,PNB,2.4940324162723373,RECONSTRUCTED
2025-10-14,SBIN,8.920314182242905,RECONSTRUCTED
2025-10-15,AUBANK,2.816138223117846,RECONSTRUCTED
2025-10-15,AXISBANK,8.733663380347368,RECONSTRUCTED
2025-10-15,BANKBARODA,3.089064455328202,RECONSTRUCTED
2025-10-15,CANBK,2.6983578961030408,RECONSTRUCTED
2025-10-15,FEDERALBNK,3.3201293719916722,RECONSTRUCTED
2025-10-15,HDFCBANK,28.190080874046323,RECONSTRUCTED
2025-10-15,ICICIBANK,24.329435233969548,RECONSTRUCTED
2025-10-15,IDFCFIRSTB,3.0136413633379147,RECONSTRUCTED
2025-10-15,INDUSINDBK,3.040469939989628,RECONSTRUCTED
2025-10-15,KOTAKBANK,9.298743675924841,RECONSTRUCTED
2025-10-15,PNB,2.5050299344721445,RECONSTRUCTED
2025-10-15,SBIN,8.965245651371458,RECONSTRUCTED
2025-10-16,AUBANK,2.7730996694118777,RECONSTRUCTED
2025-10-16,AXISBANK,8.836174823415694,RECONSTRUCTED
2025-10-16,BANKBARODA,3.029954011952118,RECONSTRUCTED
2025-10-16,CANBK,2.647481671782557,RECONSTRUCTED
2025-10-16,FEDERALBNK,3.256346872920028,RECONSTRUCTED
2025-10-16,HDFCBANK,28.343328544979236,RECONSTRUCTED
2025-10-16,ICICIBANK,24.39088211291814,RECONSTRUCTED
2025-10-16,IDFCFIRSTB,2.932758369422645,RECONSTRUCTED
2025-10-16,INDUSINDBK,3.0050631010481585,RECONSTRUCTED
2025-10-16,KOTAKBANK,9.436677231035484,RECONSTRUCTED
2025-10-16,PNB,2.471693823720851,RECONSTRUCTED
2025-10-16,SBIN,8.876539767393215,RECONSTRUCTED
2025-10-17,AUBANK,2.7382206605903208,RECONSTRUCTED
2025-10-17,AXISBANK,8.82030969473591,RECONSTRUCTED
2025-10-17,BANKBARODA,2.9959961949129195,RECONSTRUCTED
2025-10-17,CANBK,2.59526044368492,RECONSTRUCTED
2025-10-17,FEDERALBNK,3.2079160561039233,RECONSTRUCTED
2025-10-17,HDFCBANK,28.433061794545722,RECONSTRUCTED
2025-10-17,ICICIBANK,24.598441766804374,RECONSTRUCTED
2025-10-17,IDFCFIRSTB,2.9216380545965577,RECONSTRUCTED
2025-10-17,INDUSINDBK,3.0364166850355705,RECONSTRUCTED
2025-10-17,KOTAKBANK,9.390827815419572,RECONSTRUCTED
2025-10-17,PNB,2.4081943140880706,RECONSTRUCTED
2025-10-17,SBIN,8.853716519482129,RECONSTRUCTED
2025-10-20,AUBANK,2.973118468680806,RECONSTRUCTED
2025-10-20,AXISBANK,8.960243511436184,RECONSTRUCTED
2025-10-20,BANKBARODA,3.0577681856384413,RECONSTRUCTED
2025-10-20,CANBK,2.6241435946530096,RECONSTRUCTED
2025-10-20,FEDERALBNK,3.4110445773222047,RECONSTRUCTED
2025-10-20,HDFCBANK,28.287593403742612,RECONSTRUCTED
2025-10-20,ICICIBANK,23.674422187667275,RECONSTRUCTED
2025-10-20,IDFCFIRSTB,3.1096621481555347,RECONSTRUCTED
2025-10-20,INDUSINDBK,3.0548597166088336,RECONSTRUCTED
2025-10-20,KOTAKBANK,9.372927528379495,RECONSTRUCTED
2025-10-20,PNB,2.4875973773688425,RECONSTRUCTED
2025-10-20,SBIN,8.986619300346744,RECONSTRUCTED
2025-10-21,AUBANK,2.961214071450218,RECONSTRUCTED
2025-10-21,AXISBANK,9.04687933373885,RECONSTRUCTED
2025-10-21,BANKBARODA,3.0450504958377476,RECONSTRUCTED
2025-10-21,CANBK,2.6156479209361807,RECONSTRUCTED
2025-10-21,FEDERALBNK,3.4179822151047152,RECONSTRUCTED
2025-10-21,HDFCBANK,28.434292018345324,RECONSTRUCTED
2025-10-21,ICICIBANK,23.543626036457994,RECONSTRUCTED
2025-10-21,IDFCFIRSTB,3.104584307227493,RECONSTRUCTED
2025-10-21,INDUSINDBK,3.0509982672959257,RECONSTRUCTED
2025-10-21,KOTAKBANK,9.305964154075962,RECONSTRUCTED
2025-10-21,PNB,2.479650020682033,RECONSTRUCTED
2025-10-21,SBIN,8.994111158847565,RECONSTRUCTED
2025-10-23,AUBANK,2.9897041026931843,RECONSTRUCTED
2025-10-23,AXISBANK,9.192847076355529,RECONSTRUCTED
2025-10-23,BANKBARODA,3.004188951356331,RECONSTRUCTED
2025-10-23,CANBK,2.594369939726172,RECONSTRUCTED
2025-10-23,FEDERALBNK,3.4201138364710335,RECONSTRUCTED
2025-10-23,HDFCBANK,28.430582043089476,RECONSTRUCTED
2025-10-23,ICICIBANK,23.203508889535758,RECONSTRUCTED
2025-10-23,IDFCFIRSTB,3.189250068563697,RECONSTRUCTED
2025-10-23,INDUSINDBK,3.0518942287759416,RECONSTRUCTED
2025-10-23,KOTAKBANK,9.415598859283305,RECONSTRUCTED
2025-10-23,PNB,2.488198974075047,RECONSTRUCTED
2025-10-23,SBIN,9.019743030074528,RECONSTRUCTED
2025-10-24,AUBANK,2.9735402260820494,RECONSTRUCTED
2025-10-24,AXISBANK,9.128909895734015,RECONSTRUCTED
2025-10-24,BANKBARODA,3.015960948944313,RECONSTRUCTED
2025-10-24,CANBK,2.6002145700091797,RECONSTRUCTED
2025-10-24,FEDERALBNK,3.4355946744148667,RECONSTRUCTED
2025-10-24,HDFCBANK,28.218480033838624,RECONSTRUCTED
2025-10-24,ICICIBANK,23.595461432787,RECONSTRUCTED
2025-10-24,IDFCFIRSTB,3.17926829392732,RECONSTRUCTED
2025-10-24,INDUSINDBK,3.053509150638213,RECONSTRUCTED
2025-10-24,KOTAKBANK,9.312978707658894,RECONSTRUCTED
2025-10-24,PNB,2.4774005700530943,RECONSTRUCTED
2025-10-24,SBIN,9.008681495912436,RECONSTRUCTED
2025-10-27,AUBANK,2.965537770282788,RECONSTRUCTED
2025-10-27,AXISBANK,9.1528217389119,RECONSTRUCTED
2025-10-27,BANKBARODA,3.07824836930599,RECONSTRUCTED
2025-10-27,CANBK,2.652110430792001,RECONSTRUCTED
2025-10-27,FEDERALBNK,3.510686851808302,RECONSTRUCTED
2025-10-27,HDFCBANK,28.248116444639532,RECONSTRUCTED
2025-10-27,ICICIBANK,23.42542577857059,RECONSTRUCTED
2025-10-27,IDFCFIRSTB,3.1497245509133314,RECONSTRUCTED
2025-10-27,INDUSINDBK,3.0919536992543852,RECONSTRUCTED
2025-10-27,KOTAKBANK,9.084184395822763,RECONSTRUCTED
2025-10-27,PNB,2.516307947182847,RECONSTRUCTED
2025-10-27,SBIN,9.124882022515573,RECONSTRUCTED
2025-10-28,AUBANK,3.0142363045360105,RECONSTRUCTED
2025-10-28,AXISBANK,9.080300311435877,RECONSTRUCTED
2025-10-28,BANKBARODA,3.1100284073049522,RECONSTRUCTED
2025-10-28,CANBK,2.6649911189421025,RECONSTRUCTED
2025-10-28,FEDERALBNK,3.53072381988655,RECONSTRUCTED
2025-10-28,HDFCBANK,28.21655624845277,RECONSTRUCTED
2025-10-28,ICICIBANK,23.13912104013162,RECONSTRUCTED
2025-10-28,IDFCFIRSTB,3.191471210679447,RECONSTRUCTED
2025-10-28,INDUSINDBK,3.2057015435683747,RECONSTRUCTED
2025-10-28,KOTAKBANK,9.120102551903392,RECONSTRUCTED
2025-10-28,PNB,2.543490878907468,RECONSTRUCTED
2025-10-28,SBIN,9.183276564251443,RECONSTRUCTED
2025-10-29,AUBANK,3.014106216225928,RECONSTRUCTED
2025-10-29,AXISBANK,9.071831472575827,RECONSTRUCTED
2025-10-29,BANKBARODA,3.074595490992886,RECONSTRUCTED
2025-10-29,CANBK,2.6324394813663945,RECONSTRUCTED
2025-10-29,FEDERALBNK,3.507379470461348,RECONSTRUCTED
2025-10-29,HDFCBANK,28.254352538400557,RECONSTRUCTED
2025-10-29,ICICIBANK,23.194817331084746,RECONSTRUCTED
2025-10-29,IDFCFIRSTB,3.1881382603368076,RECONSTRUCTED
2025-10-29,INDUSINDBK,3.2270741389794013,RECONSTRUCTED
2025-10-29,KOTAKBANK,9.050010104852989,RECONSTRUCTED
2025-10-29,PNB,2.535403450725055,RECONSTRUCTED
2025-10-29,SBIN,9.249852043998082,RECONSTRUCTED
2025-10-30,AUBANK,3.018243480180789,RECONSTRUCTED
2025-10-30,AXISBANK,9.052657772136579,RECONSTRUCTED
2025-10-30,BANKBARODA,3.0725230914575525,RECONSTRUCTED
2025-10-30,CANBK,2.7332474063367673,RECONSTRUCTED
2025-10-30,FEDERALBNK,3.5272868760179827,RECONSTRUCTED
2025-10-30,HDFCBANK,28.153229060451103,RECONSTRUCTED
2025-10-30,ICICIBANK,23.200170940517754,RECONSTRUCTED
2025-10-30,IDFCFIRSTB,3.1906213147363154,RECONSTRUCTED
2025-10-30,INDUSINDBK,3.2206360737452893,RECONSTRUCTED
2025-10-30,KOTAKBANK,9.048940361652779,RECONSTRUCTED
2025-10-30,PNB,2.529605063750964,RECONSTRUCTED
2025-10-30,SBIN,9.25283855901613,RECONSTRUCTED
2025-10-31,AUBANK,3.03,OFFICIAL
2025-10-31,AXISBANK,9.05,OFFICIAL
2025-10-31,BANKBARODA,3.15,OFFICIAL
2025-10-31,CANBK,2.83,OFFICIAL
2025-10-31,FEDERALBNK,3.57,OFFICIAL
2025-10-31,HDFCBANK,27.97,OFFICIAL
2025-10-31,ICICIBANK,23.01,OFFICIAL
2025-10-31,IDFCFIRSTB,3.32,OFFICIAL
2025-10-31,INDUSINDBK,3.21,OFFICIAL
2025-10-31,KOTAKBANK,8.94,OFFICIAL
2025-10-31,PNB,2.6,OFFICIAL
2025-10-31,SBIN,9.32,OFFICIAL
2025-11-03,AUBANK,2.977336417564761,RECONSTRUCTED
2025-11-03,AXISBANK,9.02200386974667,RECONSTRUCTED
2025-11-03,BANKBARODA,3.286096640596982,RECONSTRUCTED
2025-11-03,CANBK,2.8792363798795924,RECONSTRUCTED
2025-11-03,FEDERALBNK,3.575960709060234,RECONSTRUCTED
2025-11-03,HDFCBANK,28.013240233334475,RECONSTRUCTED
2025-11-03,ICICIBANK,22.930971422112776,RECONSTRUCTED
2025-11-03,IDFCFIRSTB,3.1462784375284123,RECONSTRUCTED
2025-11-03,INDUSINDBK,3.207286332653831,RECONSTRUCTED
2025-11-03,KOTAKBANK,8.952291898785257,RECONSTRUCTED
2025-11-03,PNB,2.6017665985909737,RECONSTRUCTED
2025-11-03,SBIN,9.40753106014603,RECONSTRUCTED
2025-11-04,AUBANK,3.0374987347076914,RECONSTRUCTED
2025-11-04,AXISBANK,9.012555452577168,RECONSTRUCTED
2025-11-04,BANKBARODA,3.2665082866968738,RECONSTRUCTED
2025-11-04,CANBK,2.892869657494491,RECONSTRUCTED
2025-11-04,FEDERALBNK,3.592288872183235,RECONSTRUCTED
2025-11-04,HDFCBANK,27.936062104049974,RECONSTRUCTED
2025-11-04,ICICIBANK,22.876986643297904,RECONSTRUCTED
2025-11-04,IDFCFIRSTB,3.1280183254709626,RECONSTRUCTED
2025-11-04,INDUSINDBK,3.195379740442461,RECONSTRUCTED
2025-11-04,KOTAKBANK,8.922757887446622,RECONSTRUCTED
2025-11-04,PNB,2.6083719672175376,RECONSTRUCTED
2025-11-04,SBIN,9.530702328415073,RECONSTRUCTED
2025-11-06,AUBANK,3.0542996800129196,RECONSTRUCTED
2025-11-06,AXISBANK,9.069231436597384,RECONSTRUCTED
2025-11-06,BANKBARODA,3.2620305786977633,RECONSTRUCTED
2025-11-06,CANBK,2.8990639603715933,RECONSTRUCTED
2025-11-06,FEDERALBNK,3.578635638620707,RECONSTRUCTED
2025-11-06,HDFCBANK,28.05116893030878,RECONSTRUCTED
2025-11-06,ICICIBANK,22.701562270977107,RECONSTRUCTED
2025-11-06,IDFCFIRSTB,3.1133798870175506,RECONSTRUCTED
2025-11-06,INDUSINDBK,3.1942494293181127,RECONSTRUCTED
2025-11-06,KOTAKBANK,8.90768454718294,RECONSTRUCTED
2025-11-06,PNB,2.561390470324962,RECONSTRUCTED
2025-11-06,SBIN,9.607303170570182,RECONSTRUCTED
2025-11-07,AUBANK,3.1328210775081153,RECONSTRUCTED
2025-11-07,AXISBANK,8.97697632311511,RECONSTRUCTED
2025-11-07,BANKBARODA,3.2744860144042045,RECONSTRUCTED
2025-11-07,CANBK,2.9125580877177657,RECONSTRUCTED
2025-11-07,FEDERALBNK,3.5803236184581366,RECONSTRUCTED
2025-11-07,HDFCBANK,27.8286762363853,RECONSTRUCTED
2025-11-07,ICICIBANK,22.961780875702324,RECONSTRUCTED
2025-11-07,IDFCFIRSTB,3.1384498199590363,RECONSTRUCTED
2025-11-07,INDUSINDBK,3.2211402902515833,RECONSTRUCTED
2025-11-07,KOTAKBANK,8.879859127285965,RECONSTRUCTED
2025-11-07,PNB,2.5877523113485514,RECONSTRUCTED
2025-11-07,SBIN,9.505176217863912,RECONSTRUCTED
2025-11-10,AUBANK,3.1498341977100406,RECONSTRUCTED
2025-11-10,AXISBANK,8.924967856777576,RECONSTRUCTED
2025-11-10,BANKBARODA,3.2557530855026378,RECONSTRUCTED
2025-11-10,CANBK,2.9171370974062953,RECONSTRUCTED
2025-11-10,FEDERALBNK,3.5946344303032958,RECONSTRUCTED
2025-11-10,HDFCBANK,27.861568209102316,RECONSTRUCTED
2025-11-10,ICICIBANK,23.022945236268395,RECONSTRUCTED
2025-11-10,IDFCFIRSTB,3.125132361645253,RECONSTRUCTED
2025-11-10,INDUSINDBK,3.2262166203785836,RECONSTRUCTED
2025-11-10,KOTAKBANK,8.889177834395493,RECONSTRUCTED
2025-11-10,PNB,2.5841764551637234,RECONSTRUCTED
2025-11-10,SBIN,9.4484566153464,RECONSTRUCTED
2025-11-11,AUBANK,3.052425860939568,RECONSTRUCTED
2025-11-11,AXISBANK,8.934216095340219,RECONSTRUCTED
2025-11-11,BANKBARODA,3.223601119647393,RECONSTRUCTED
2025-11-11,CANBK,2.903518235946127,RECONSTRUCTED
2025-11-11,FEDERALBNK,3.543563527466373,RECONSTRUCTED
2025-11-11,HDFCBANK,27.968015561113752,RECONSTRUCTED
2025-11-11,ICICIBANK,23.118422234715364,RECONSTRUCTED
2025-11-11,IDFCFIRSTB,3.094354906804361,RECONSTRUCTED
2025-11-11,INDUSINDBK,3.322619958899738,RECONSTRUCTED
2025-11-11,KOTAKBANK,8.833804056002409,RECONSTRUCTED
2025-11-11,PNB,2.5684801410641382,RECONSTRUCTED
2025-11-11,SBIN,9.436978302060558,RECONSTRUCTED
2025-11-12,AUBANK,3.0201507811702855,RECONSTRUCTED
2025-11-12,AXISBANK,8.906847798502717,RECONSTRUCTED
2025-11-12,BANKBARODA,3.206530561410921,RECONSTRUCTED
2025-11-12,CANBK,2.9522774269512047,RECONSTRUCTED
2025-11-12,FEDERALBNK,3.5810218763333275,RECONSTRUCTED
2025-11-12,HDFCBANK,27.840982672860086,RECONSTRUCTED
2025-11-12,ICICIBANK,23.074771628517595,RECONSTRUCTED
2025-11-12,IDFCFIRSTB,3.121199518429058,RECONSTRUCTED
2025-11-12,INDUSINDBK,3.468568116712191,RECONSTRUCTED
2025-11-12,KOTAKBANK,8.803096130442224,RECONSTRUCTED
2025-11-12,PNB,2.5715288624183197,RECONSTRUCTED
2025-11-12,SBIN,9.453024626252093,RECONSTRUCTED
2025-11-13,AUBANK,3.030391677600098,RECONSTRUCTED
2025-11-13,AXISBANK,8.916381250607495,RECONSTRUCTED
2025-11-13,BANKBARODA,3.1808784718751015,RECONSTRUCTED
2025-11-13,CANBK,2.9442904677229085,RECONSTRUCTED
2025-11-13,FEDERALBNK,3.52720037497341,RECONSTRUCTED
2025-11-13,HDFCBANK,27.70885094766427,RECONSTRUCTED
2025-11-13,ICICIBANK,23.489211718731088,RECONSTRUCTED
2025-11-13,IDFCFIRSTB,3.0550227736098727,RECONSTRUCTED
2025-11-13,INDUSINDBK,3.458273192206324,RECONSTRUCTED
2025-11-13,KOTAKBANK,8.747423205770517,RECONSTRUCTED
2025-11-13,PNB,2.5377906376939317,RECONSTRUCTED
2025-11-13,SBIN,9.40428528154498,RECONSTRUCTED
2025-11-14,AUBANK,3.0366772220718756,RECONSTRUCTED
2025-11-14,AXISBANK,9.01482355183002,RECONSTRUCTED
2025-11-14,BANKBARODA,3.2127317835483638,RECONSTRUCTED
2025-11-14,CANBK,2.991128111681355,RECONSTRUCTED
2025-11-14,FEDERALBNK,3.526052985285841,RECONSTRUCTED
2025-11-14,HDFCBANK,27.727388516152,RECONSTRUCTED
2025-11-14,ICICIBANK,23.216725670921445,RECONSTRUCTED
2025-11-14,IDFCFIRSTB,3.0643362491692585,RECONSTRUCTED
2025-11-14,INDUSINDBK,3.3895329298821526,RECONSTRUCTED
2025-11-14,KOTAKBANK,8.746106400800684,RECONSTRUCTED
2025-11-14,PNB,2.55575887430784,RECONSTRUCTED
2025-11-14,SBIN,9.518737704349176,RECONSTRUCTED
2025-11-17,AUBANK,3.0885348992752424,RECONSTRUCTED
2025-11-17,AXISBANK,9.004405918174022,RECONSTRUCTED
2025-11-17,BANKBARODA,3.2018180423311122,RECONSTRUCTED
2025-11-17,CANBK,3.0305287032405177,RECONSTRUCTED
2025-11-17,FEDERALBNK,3.5409033366519855,RECONSTRUCTED
2025-11-17,HDFCBANK,27.711299753353767,RECONSTRUCTED
2025-11-17,ICICIBANK,23.142124208278613,RECONSTRUCTED
2025-11-17,IDFCFIRSTB,3.0631305277812815,RECONSTRUCTED
2025-11-17,INDUSINDBK,3.386942375123139,RECONSTRUCTED
2025-11-17,KOTAKBANK,8.776901149703896,RECONSTRUCTED
2025-11-17,PNB,2.5528586346669133,RECONSTRUCTED
2025-11-17,SBIN,9.500552451419523,RECONSTRUCTED
2025-11-18,AUBANK,3.11704496113678,RECONSTRUCTED
2025-11-18,AXISBANK,9.127920565778155,RECONSTRUCTED
2025-11-18,BANKBARODA,3.2107765445617242,RECONSTRUCTED
2025-11-18,CANBK,3.0312988088127444,RECONSTRUCTED
2025-11-18,FEDERALBNK,3.6254653210143957,RECONSTRUCTED
2025-11-18,HDFCBANK,27.62653465505774,RECONSTRUCTED
2025-11-18,ICICIBANK,23.072569921841662,RECONSTRUCTED
2025-11-18,IDFCFIRSTB,3.032309851454934,RECONSTRUCTED
2025-11-18,INDUSINDBK,3.3663148188844736,RECONSTRUCTED
2025-11-18,KOTAKBANK,8.745256209819576,RECONSTRUCTED
2025-11-18,PNB,2.542682168591288,RECONSTRUCTED
2025-11-18,SBIN,9.501826173046513,RECONSTRUCTED
2025-11-19,AUBANK,3.1188445476705513,RECONSTRUCTED
2025-11-19,AXISBANK,9.11479686064381,RECONSTRUCTED
2025-11-19,BANKBARODA,3.247237759914406,RECONSTRUCTED
2025-11-19,CANBK,3.0429516231018914,RECONSTRUCTED
2025-11-19,FEDERALBNK,3.6282736172760712,RECONSTRUCTED
2025-11-19,HDFCBANK,27.537766830901454,RECONSTRUCTED
2025-11-19,ICICIBANK,23.110800900334166,RECONSTRUCTED
2025-11-19,IDFCFIRSTB,2.997208503801812,RECONSTRUCTED
2025-11-19,INDUSINDBK,3.3152737990246135,RECONSTRUCTED
2025-11-19,KOTAKBANK,8.751505931749916,RECONSTRUCTED
2025-11-19,PNB,2.58441670753438,RECONSTRUCTED
2025-11-19,SBIN,9.550922918046927,RECONSTRUCTED
2025-11-20,AUBANK,3.090524960918176,RECONSTRUCTED
2025-11-20,AXISBANK,9.200370102019432,RECONSTRUCTED
2025-11-20,BANKBARODA,3.1841932220559546,RECONSTRUCTED
2025-11-20,CANBK,2.9868860462277556,RECONSTRUCTED
2025-11-20,FEDERALBNK,3.604123558899596,RECONSTRUCTED
2025-11-20,HDFCBANK,27.869869419935444,RECONSTRUCTED
2025-11-20,ICICIBANK,23.0574707853671,RECONSTRUCTED
2025-11-20,IDFCFIRSTB,2.9649645633871793,RECONSTRUCTED
2025-11-20,INDUSINDBK,3.2676766488198754,RECONSTRUCTED
2025-11-20,KOTAKBANK,8.702088215505256,RECONSTRUCTED
2025-11-20,PNB,2.5538963264850634,RECONSTRUCTED
2025-11-20,SBIN,9.517936150379153,RECONSTRUCTED
2025-11-21,AUBANK,3.1023394843317296,RECONSTRUCTED
2025-11-21,AXISBANK,9.207554918458037,RECONSTRUCTED
2025-11-21,BANKBARODA,3.164498520225771,RECONSTRUCTED
2025-11-21,CANBK,2.9670736886710194,RECONSTRUCTED
2025-11-21,FEDERALBNK,3.6354423069719215,RECONSTRUCTED
2025-11-21,HDFCBANK,27.796350127906642,RECONSTRUCTED
2025-11-21,ICICIBANK,23.018587084967447,RECONSTRUCTED
2025-11-21,IDFCFIRSTB,2.966420199976542,RECONSTRUCTED
2025-11-21,INDUSINDBK,3.362441959813405,RECONSTRUCTED
2025-11-21,KOTAKBANK,8.727485807052812,RECONSTRUCTED
2025-11-21,PNB,2.543749180968054,RECONSTRUCTED
2025-11-21,SBIN,9.508056720656617,RECONSTRUCTED
2025-11-24,AUBANK,3.137089729218221,RECONSTRUCTED
2025-11-24,AXISBANK,9.16345956232102,RECONSTRUCTED
2025-11-24,BANKBARODA,3.141148279222688,RECONSTRUCTED
2025-11-24,CANBK,2.9870163243691974,RECONSTRUCTED
2025-11-24,FEDERALBNK,3.6835810830702123,RECONSTRUCTED
2025-11-24,HDFCBANK,27.84211947349705,RECONSTRUCTED
2025-11-24,ICICIBANK,23.012606792794273,RECONSTRUCTED
2025-11-24,IDFCFIRSTB,2.954392573955653,RECONSTRUCTED
2025-11-24,INDUSINDBK,3.322542609951943,RECONSTRUCTED
2025-11-24,KOTAKBANK,8.730140971313661,RECONSTRUCTED
2025-11-24,PNB,2.5322374190745887,RECONSTRUCTED
2025-11-24,SBIN,9.493665181211512,RECONSTRUCTED
2025-11-25,AUBANK,3.202254067469378,RECONSTRUCTED
2025-11-25,AXISBANK,9.146543031563816,RECONSTRUCTED
2025-11-25,BANKBARODA,3.201665298553339,RECONSTRUCTED
2025-11-25,CANBK,3.029009218179943,RECONSTRUCTED
2025-11-25,FEDERALBNK,3.8007253114896686,RECONSTRUCTED
2025-11-25,HDFCBANK,27.589357005535526,RECONSTRUCTED
2025-11-25,ICICIBANK,22.840788123965634,RECONSTRUCTED
2025-11-25,IDFCFIRSTB,3.00753111672869,RECONSTRUCTED
2025-11-25,INDUSINDBK,3.3387847315607218,RECONSTRUCTED
2025-11-25,KOTAKBANK,8.659808285013726,RECONSTRUCTED
2025-11-25,PNB,2.559997845034534,RECONSTRUCTED
2025-11-25,SBIN,9.623535964905026,RECONSTRUCTED
2025-11-26,AUBANK,3.1967002172660166,RECONSTRUCTED
2025-11-26,AXISBANK,9.208395900546876,RECONSTRUCTED
2025-11-26,BANKBARODA,3.176272231486633,RECONSTRUCTED
2025-11-26,CANBK,3.022592938481579,RECONSTRUCTED
2025-11-26,FEDERALBNK,3.7611205749781966,RECONSTRUCTED
2025-11-26,HDFCBANK,27.649746500926426,RECONSTRUCTED
2025-11-26,ICICIBANK,22.85517490858741,RECONSTRUCTED
2025-11-26,IDFCFIRSTB,3.009980879563418,RECONSTRUCTED
2025-11-26,INDUSINDBK,3.3415182741354092,RECONSTRUCTED
2025-11-26,KOTAKBANK,8.697009289424406,RECONSTRUCTED
2025-11-26,PNB,2.5694479232286476,RECONSTRUCTED
2025-11-26,SBIN,9.512040361375004,RECONSTRUCTED
2025-11-27,AUBANK,3.163450258436044,RECONSTRUCTED
2025-11-27,AXISBANK,9.155490185277007,RECONSTRUCTED
2025-11-27,BANKBARODA,3.15965026036792,RECONSTRUCTED
2025-11-27,CANBK,3.0440908419645303,RECONSTRUCTED
2025-11-27,FEDERALBNK,3.7260069343017803,RECONSTRUCTED
2025-11-27,HDFCBANK,27.70651547100082,RECONSTRUCTED
2025-11-27,ICICIBANK,23.05995032346319,RECONSTRUCTED
2025-11-27,IDFCFIRSTB,3.0042808930993052,RECONSTRUCTED
2025-11-27,INDUSINDBK,3.3562252413495033,RECONSTRUCTED
2025-11-27,KOTAKBANK,8.692886090139734,RECONSTRUCTED
2025-11-27,PNB,2.559211500833672,RECONSTRUCTED
2025-11-27,SBIN,9.37224199976649,RECONSTRUCTED
2025-11-28,AUBANK,3.19,OFFICIAL
2025-11-28,AXISBANK,9.1,OFFICIAL
2025-11-28,BANKBARODA,3.18,OFFICIAL
2025-11-28,CANBK,3.04,OFFICIAL
2025-11-28,FEDERALBNK,3.77,OFFICIAL
2025-11-28,HDFCBANK,27.65,OFFICIAL
2025-11-28,ICICIBANK,23.0,OFFICIAL
2025-11-28,IDFCFIRSTB,2.99,OFFICIAL
2025-11-28,INDUSINDBK,3.36,OFFICIAL
2025-11-28,KOTAKBANK,8.75,OFFICIAL
2025-11-28,PNB,2.55,OFFICIAL
2025-11-28,SBIN,9.43,OFFICIAL
2025-12-31,AUBANK,3.6,OFFICIAL
2025-12-31,AXISBANK,9.29,OFFICIAL
2025-12-31,BANKBARODA,3.49,OFFICIAL
2025-12-31,CANBK,3.34,OFFICIAL
2025-12-31,FEDERALBNK,4.31,OFFICIAL
2025-12-31,HDFCBANK,25.14,OFFICIAL
2025-12-31,ICICIBANK,20.17,OFFICIAL
2025-12-31,IDFCFIRSTB,3.59,OFFICIAL
2025-12-31,INDUSINDBK,3.69,OFFICIAL
2025-12-31,KOTAKBANK,9.23,OFFICIAL
2025-12-31,PNB,2.85,OFFICIAL
2025-12-31,SBIN,9.63,OFFICIAL
2025-12-31,UNIONBANK,0.8,OFFICIAL
2025-12-31,YESBANK,0.87,OFFICIAL
2026-01-01,AUBANK,2.7611515432316427,RECONSTRUCTED
2026-01-01,AXISBANK,6.745778082029055,RECONSTRUCTED
2026-01-01,BANKBARODA,2.798650845380157,RECONSTRUCTED
2026-01-01,CANBK,2.5298396333807114,RECONSTRUCTED
2026-01-01,FEDERALBNK,3.352629612597528,RECONSTRUCTED
2026-01-01,HDFCBANK,16.95242007685388,RECONSTRUCTED
2026-01-01,ICICIBANK,12.957412133142965,RECONSTRUCTED
2026-01-01,IDFCFIRSTB,2.794611909153929,RECONSTRUCTED
2026-01-01,INDUSINDBK,2.9756838279271665,RECONSTRUCTED
2026-01-01,KOTAKBANK,34.72266594281464,RECONSTRUCTED
2026-01-01,PNB,2.2580653698443425,RECONSTRUCTED
2026-01-01,SBIN,6.875829485620838,RECONSTRUCTED
2026-01-01,UNIONBANK,1.0363981058411658,RECONSTRUCTED
2026-01-01,YESBANK,1.2388634321819791,RECONSTRUCTED
2026-01-02,AUBANK,2.7540115511156227,RECONSTRUCTED
2026-01-02,AXISBANK,6.689071911081161,RECONSTRUCTED
2026-01-02,BANKBARODA,2.831466025432181,RECONSTRUCTED
2026-01-02,CANBK,2.5337310609043437,RECONSTRUCTED
2026-01-02,FEDERALBNK,3.3529195027678047,RECONSTRUCTED
2026-01-02,HDFCBANK,17.087710502819885,RECONSTRUCTED
2026-01-02,ICICIBANK,13.092629611008494,RECONSTRUCTED
2026-01-02,IDFCFIRSTB,2.7976186746803444,RECONSTRUCTED
2026-01-02,INDUSINDBK,3.008981971141813,RECONSTRUCTED
2026-01-02,KOTAKBANK,34.280112166640194,RECONSTRUCTED
2026-01-02,PNB,2.277962646868149,RECONSTRUCTED
2026-01-02,SBIN,6.957289919035532,RECONSTRUCTED
2026-01-02,UNIONBANK,1.0547710112030502,RECONSTRUCTED
2026-01-02,YESBANK,1.281723445301434,RECONSTRUCTED
2026-01-05,AUBANK,2.800864660808434,RECONSTRUCTED
2026-01-05,AXISBANK,6.798576893388997,RECONSTRUCTED
2026-01-05,BANKBARODA,2.8522495280242826,RECONSTRUCTED
2026-01-05,CANBK,2.526871396910257,RECONSTRUCTED
2026-01-05,FEDERALBNK,3.3174679343970204,RECONSTRUCTED
2026-01-05,HDFCBANK,16.70041993090648,RECONSTRUCTED
2026-01-05,ICICIBANK,13.267108359614182,RECONSTRUCTED
2026-01-05,IDFCFIRSTB,2.7693410147851507,RECONSTRUCTED
2026-01-05,INDUSINDBK,3.0049405294865545,RECONSTRUCTED
2026-01-05,KOTAKBANK,34.26348577968028,RECONSTRUCTED
2026-01-05,PNB,2.276308899983501,RECONSTRUCTED
2026-01-05,SBIN,7.013278482780712,RECONSTRUCTED
2026-01-05,UNIONBANK,1.0944332912455375,RECONSTRUCTED
2026-01-05,YESBANK,1.3146532979886094,RECONSTRUCTED
2026-01-06,AUBANK,2.7976364865157803,RECONSTRUCTED
2026-01-06,AXISBANK,6.87498886015801,RECONSTRUCTED
2026-01-06,BANKBARODA,2.849657584276816,RECONSTRUCTED
2026-01-06,CANBK,2.5337089061551534,RECONSTRUCTED
2026-01-06,FEDERALBNK,3.244893098248221,RECONSTRUCTED
2026-01-06,HDFCBANK,16.52099644038046,RECONSTRUCTED
2026-01-06,ICICIBANK,13.719215931208925,RECONSTRUCTED
2026-01-06,IDFCFIRSTB,2.776596549546713,RECONSTRUCTED
2026-01-06,INDUSINDBK,3.067910802211056,RECONSTRUCTED
2026-01-06,KOTAKBANK,33.73493731210623,RECONSTRUCTED
2026-01-06,PNB,2.294792814668627,RECONSTRUCTED
2026-01-06,SBIN,7.141825516032093,RECONSTRUCTED
2026-01-06,UNIONBANK,1.1227882178621316,RECONSTRUCTED
2026-01-06,YESBANK,1.3200514806297747,RECONSTRUCTED
2026-01-07,AUBANK,2.790677258562964,RECONSTRUCTED
2026-01-07,AXISBANK,6.895608383296131,RECONSTRUCTED
2026-01-07,BANKBARODA,2.8843971235667563,RECONSTRUCTED
2026-01-07,CANBK,2.522799492558722,RECONSTRUCTED
2026-01-07,FEDERALBNK,3.2737792130796994,RECONSTRUCTED
2026-01-07,HDFCBANK,16.322636090812278,RECONSTRUCTED
2026-01-07,ICICIBANK,13.902983362701656,RECONSTRUCTED
2026-01-07,IDFCFIRSTB,2.7704373878914956,RECONSTRUCTED
2026-01-07,INDUSINDBK,3.0179487903495352,RECONSTRUCTED
2026-01-07,KOTAKBANK,33.7539302399511,RECONSTRUCTED
2026-01-07,PNB,2.3025023126635005,RECONSTRUCTED
2026-01-07,SBIN,7.071347015643757,RECONSTRUCTED
2026-01-07,UNIONBANK,1.1286815329274058,RECONSTRUCTED
2026-01-07,YESBANK,1.3622717959950112,RECONSTRUCTED
2026-01-08,AUBANK,2.771895157952265,RECONSTRUCTED
2026-01-08,AXISBANK,6.88857702376555,RECONSTRUCTED
2026-01-08,BANKBARODA,2.819061739509193,RECONSTRUCTED
2026-01-08,CANBK,2.495796735986547,RECONSTRUCTED
2026-01-08,FEDERALBNK,3.256895183999517,RECONSTRUCTED
2026-01-08,HDFCBANK,16.375587002052246,RECONSTRUCTED
2026-01-08,ICICIBANK,14.054203558761463,RECONSTRUCTED
2026-01-08,IDFCFIRSTB,2.8414563622785365,RECONSTRUCTED
2026-01-08,INDUSINDBK,2.9865744761906923,RECONSTRUCTED
2026-01-08,KOTAKBANK,33.773317112073705,RECONSTRUCTED
2026-01-08,PNB,2.2628247971270694,RECONSTRUCTED
2026-01-08,SBIN,7.0472849029160445,RECONSTRUCTED
2026-01-08,UNIONBANK,1.1019174861100025,RECONSTRUCTED
2026-01-08,YESBANK,1.324608461277167,RECONSTRUCTED
2026-01-09,AUBANK,2.807456171748096,RECONSTRUCTED
2026-01-09,AXISBANK,6.847700975267738,RECONSTRUCTED
2026-01-09,BANKBARODA,2.8453499050054734,RECONSTRUCTED
2026-01-09,CANBK,2.5111882818456297,RECONSTRUCTED
2026-01-09,FEDERALBNK,3.2694760765868724,RECONSTRUCTED
2026-01-09,HDFCBANK,16.333877771263158,RECONSTRUCTED
2026-01-09,ICICIBANK,13.830995619212977,RECONSTRUCTED
2026-01-09,IDFCFIRSTB,2.855136318807477,RECONSTRUCTED
2026-01-09,INDUSINDBK,2.999316182153518,RECONSTRUCTED
2026-01-09,KOTAKBANK,33.86481625154918,RECONSTRUCTED
2026-01-09,PNB,2.2772373083574684,RECONSTRUCTED
2026-01-09,SBIN,7.10473020036099,RECONSTRUCTED
2026-01-09,UNIONBANK,1.1136143223877126,RECONSTRUCTED
2026-01-09,YESBANK,1.3391046154537043,RECONSTRUCTED
2026-01-12,AUBANK,2.8222637265604136,RECONSTRUCTED
2026-01-12,AXISBANK,6.836879996466755,RECONSTRUCTED
2026-01-12,BANKBARODA,2.850569363103477,RECONSTRUCTED
2026-01-12,CANBK,2.494245548594352,RECONSTRUCTED
2026-01-12,FEDERALBNK,3.228039636517806,RECONSTRUCTED
2026-01-12,HDFCBANK,16.24436745708701,RECONSTRUCTED
2026-01-12,ICICIBANK,13.871682009013892,RECONSTRUCTED
2026-01-12,IDFCFIRSTB,2.805002551942343,RECONSTRUCTED
2026-01-12,INDUSINDBK,3.068016825143276,RECONSTRUCTED
2026-01-12,KOTAKBANK,33.85608103318016,RECONSTRUCTED
2026-01-12,PNB,2.2745148044984678,RECONSTRUCTED
2026-01-12,SBIN,7.184944150519554,RECONSTRUCTED
2026-01-12,UNIONBANK,1.1217004614859443,RECONSTRUCTED
2026-01-12,YESBANK,1.3416924358865276,RECONSTRUCTED
2026-01-13,AUBANK,2.718847471143439,RECONSTRUCTED
2026-01-13,AXISBANK,6.763903318439081,RECONSTRUCTED
2026-01-13,BANKBARODA,2.8441075381727643,RECONSTRUCTED
2026-01-13,CANBK,2.505427431431224,RECONSTRUCTED
2026-01-13,FEDERALBNK,3.178556883028729,RECONSTRUCTED
2026-01-13,HDFCBANK,16.233264058209276,RECONSTRUCTED
2026-01-13,ICICIBANK,14.09063860699565,RECONSTRUCTED
2026-01-13,IDFCFIRSTB,2.742063456598375,RECONSTRUCTED
2026-01-13,INDUSINDBK,3.0818730328013624,RECONSTRUCTED
2026-01-13,KOTAKBANK,33.80740505595808,RECONSTRUCTED
2026-01-13,PNB,2.2970787263915224,RECONSTRUCTED
2026-01-13,SBIN,7.270998252390287,RECONSTRUCTED
2026-01-13,UNIONBANK,1.135556073234456,RECONSTRUCTED
2026-01-13,YESBANK,1.3302800952057316,RECONSTRUCTED
2026-01-14,AUBANK,3.7384853758196286,RECONSTRUCTED
2026-01-14,AXISBANK,9.52860999815409,RECONSTRUCTED
2026-01-14,BANKBARODA,3.9685473372920743,RECONSTRUCTED
2026-01-14,CANBK,3.498383048024408,RECONSTRUCTED
2026-01-14,FEDERALBNK,4.308142663629744,RECONSTRUCTED
2026-01-14,HDFCBANK,21.9384663793545,RECONSTRUCTED
2026-01-14,ICICIBANK,19.038023840976994,RECONSTRUCTED
2026-01-14,IDFCFIRSTB,3.758393112575538,RECONSTRUCTED
2026-01-14,INDUSINDBK,4.3758471318835515,RECONSTRUCTED
2026-01-14,KOTAKBANK,9.135530323926307,RECONSTRUCTED
2026-01-14,PNB,3.2493542055571165,RECONSTRUCTED
2026-01-14,SBIN,9.951786392722921,RECONSTRUCTED
2026-01-14,UNIONBANK,1.6767200226229413,RECONSTRUCTED
2026-01-14,YESBANK,1.8337101674601823,RECONSTRUCTED
2026-01-16,AUBANK,3.8901310186838156,RECONSTRUCTED
2026-01-16,AXISBANK,9.407396030506407,RECONSTRUCTED
2026-01-16,BANKBARODA,3.939017532868405,RECONSTRUCTED
2026-01-16,CANBK,3.539132567951812,RECONSTRUCTED
2026-01-16,FEDERALBNK,4.673082060666871,RECONSTRUCTED
2026-01-16,HDFCBANK,21.869073865842996,RECONSTRUCTED
2026-01-16,ICICIBANK,18.76157762772817,RECONSTRUCTED
2026-01-16,IDFCFIRSTB,3.756046354698711,RECONSTRUCTED
2026-01-16,INDUSINDBK,4.3784563391000555,RECONSTRUCTED
2026-01-16,KOTAKBANK,8.99117511174375,RECONSTRUCTED
2026-01-16,PNB,3.311490562163219,RECONSTRUCTED
2026-01-16,SBIN,9.993867585010094,RECONSTRUCTED
2026-01-16,UNIONBANK,1.632361485884877,RECONSTRUCTED
2026-01-16,YESBANK,1.8571918571508126,RECONSTRUCTED
2026-01-19,AUBANK,3.8850620068577277,RECONSTRUCTED
2026-01-19,AXISBANK,9.533059312198938,RECONSTRUCTED
2026-01-19,BANKBARODA,3.936932004558818,RECONSTRUCTED
2026-01-19,CANBK,3.54382686902771,RECONSTRUCTED
2026-01-19,FEDERALBNK,4.851239736916356,RECONSTRUCTED
2026-01-19,HDFCBANK,21.860384948428273,RECONSTRUCTED
2026-01-19,ICICIBANK,18.41595896109629,RECONSTRUCTED
2026-01-19,IDFCFIRSTB,3.7373765244604193,RECONSTRUCTED
2026-01-19,INDUSINDBK,4.373163054155326,RECONSTRUCTED
2026-01-19,KOTAKBANK,9.206215743473969,RECONSTRUCTED
2026-01-19,PNB,3.2134305023172445,RECONSTRUCTED
2026-01-19,SBIN,9.98684014560543,RECONSTRUCTED
2026-01-19,UNIONBANK,1.6492379144083222,RECONSTRUCTED
2026-01-19,YESBANK,1.8072722764951512,RECONSTRUCTED
2026-01-20,AUBANK,3.844993137576035,RECONSTRUCTED
2026-01-20,AXISBANK,9.517362021851927,RECONSTRUCTED
2026-01-20,BANKBARODA,3.907021428942566,RECONSTRUCTED
2026-01-20,CANBK,3.503782962655213,RECONSTRUCTED
2026-01-20,FEDERALBNK,4.7827755448081595,RECONSTRUCTED
2026-01-20,HDFCBANK,22.13905894938152,RECONSTRUCTED
2026-01-20,ICICIBANK,18.520014965046975,RECONSTRUCTED
2026-01-20,IDFCFIRSTB,3.7248701110621716,RECONSTRUCTED
2026-01-20,INDUSINDBK,4.205751607839217,RECONSTRUCTED
2026-01-20,KOTAKBANK,9.223069993008002,RECONSTRUCTED
2026-01-20,PNB,3.1851210963216214,RECONSTRUCTED
2026-01-20,SBIN,10.058897482963443,RECONSTRUCTED
2026-01-20,UNIONBANK,1.6483966584563943,RECONSTRUCTED
2026-01-20,YESBANK,1.7388840400867573,RECONSTRUCTED
2026-01-21,AUBANK,3.8584539482599065,RECONSTRUCTED
2026-01-21,AXISBANK,9.547734543957022,RECONSTRUCTED
2026-01-21,BANKBARODA,3.90653401625407,RECONSTRUCTED
2026-01-21,CANBK,3.4712574419327646,RECONSTRUCTED
2026-01-21,FEDERALBNK,4.8805311203322095,RECONSTRUCTED
2026-01-21,HDFCBANK,22.09785178796579,RECONSTRUCTED
2026-01-21,ICICIBANK,18.339134186354567,RECONSTRUCTED
2026-01-21,IDFCFIRSTB,3.735189336326373,RECONSTRUCTED
2026-01-21,INDUSINDBK,4.256797777556423,RECONSTRUCTED
2026-01-21,KOTAKBANK,9.266079130931766,RECONSTRUCTED
2026-01-21,PNB,3.1711471727010063,RECONSTRUCTED
2026-01-21,SBIN,10.082574936386427,RECONSTRUCTED
2026-01-21,UNIONBANK,1.6338426554940344,RECONSTRUCTED
2026-01-21,YESBANK,1.752871945547635,RECONSTRUCTED
2026-01-22,AUBANK,3.8523057158385985,RECONSTRUCTED
2026-01-22,AXISBANK,9.551723801312082,RECONSTRUCTED
2026-01-22,BANKBARODA,3.95933880402079,RECONSTRUCTED
2026-01-22,CANBK,3.535761128113051,RECONSTRUCTED
2026-01-22,FEDERALBNK,4.952286340593695,RECONSTRUCTED
2026-01-22,HDFCBANK,21.898724230411528,RECONSTRUCTED
2026-01-22,ICICIBANK,18.15928058480742,RECONSTRUCTED
2026-01-22,IDFCFIRSTB,3.8305565473967094,RECONSTRUCTED
2026-01-22,INDUSINDBK,4.204120176252237,RECONSTRUCTED
2026-01-22,KOTAKBANK,9.295078460574494,RECONSTRUCTED
2026-01-22,PNB,3.1779228595158817,RECONSTRUCTED
2026-01-22,SBIN,10.201362635710186,RECONSTRUCTED
2026-01-22,UNIONBANK,1.6437526284557746,RECONSTRUCTED
2026-01-22,YESBANK,1.7377860869975594,RECONSTRUCTED
2026-01-23,AUBANK,3.7686893436004185,RECONSTRUCTED
2026-01-23,AXISBANK,9.402557868775409,RECONSTRUCTED
2026-01-23,BANKBARODA,3.8912927753618356,RECONSTRUCTED
2026-01-23,CANBK,3.5158913235302625,RECONSTRUCTED
2026-01-23,FEDERALBNK,4.9526565221827035,RECONSTRUCTED
2026-01-23,HDFCBANK,22.124542049277228,RECONSTRUCTED
2026-01-23,ICICIBANK,18.369891438120575,RECONSTRUCTED
2026-01-23,IDFCFIRSTB,3.8252679320718914,RECONSTRUCTED
2026-01-23,INDUSINDBK,4.212327946281437,RECONSTRUCTED
2026-01-23,KOTAKBANK,9.346838705961128,RECONSTRUCTED
2026-01-23,PNB,3.090920823699666,RECONSTRUCTED
2026-01-23,SBIN,10.14996503619814,RECONSTRUCTED
2026-01-23,UNIONBANK,1.6462635679659485,RECONSTRUCTED
2026-01-23,YESBANK,1.7028946669733604,RECONSTRUCTED
2026-01-27,AUBANK,3.7129153375297976,RECONSTRUCTED
2026-01-27,AXISBANK,9.71466410875145,RECONSTRUCTED
2026-01-27,BANKBARODA,3.9197795871459924,RECONSTRUCTED
2026-01-27,CANBK,3.5395989061091906,RECONSTRUCTED
2026-01-27,FEDERALBNK,5.004679165769829,RECONSTRUCTED
2026-01-27,HDFCBANK,22.100519709683457,RECONSTRUCTED
2026-01-27,ICICIBANK,18.389059806223358,RECONSTRUCTED
2026-01-27,IDFCFIRSTB,3.801851101345435,RECONSTRUCTED
2026-01-27,INDUSINDBK,4.171694739447599,RECONSTRUCTED
2026-01-27,KOTAKBANK,8.92497360976699,RECONSTRUCTED
2026-01-27,PNB,3.124389513975105,RECONSTRUCTED
2026-01-27,SBIN,10.256541947926339,RECONSTRUCTED
2026-01-27,UNIONBANK,1.649158725372721,RECONSTRUCTED
2026-01-27,YESBANK,1.6901737409527287,RECONSTRUCTED
2026-01-28,AUBANK,3.682411405257303,RECONSTRUCTED
2026-01-28,AXISBANK,9.676192433526214,RECONSTRUCTED
2026-01-28,BANKBARODA,3.946556784105097,RECONSTRUCTED
2026-01-28,CANBK,3.583504032923128,RECONSTRUCTED
2026-01-28,FEDERALBNK,4.961031491533224,RECONSTRUCTED
2026-01-28,HDFCBANK,22.095527924072673,RECONSTRUCTED
2026-01-28,ICICIBANK,18.345227063632162,RECONSTRUCTED
2026-01-28,IDFCFIRSTB,3.7495466333300476,RECONSTRUCTED
2026-01-28,INDUSINDBK,4.174758426357261,RECONSTRUCTED
2026-01-28,KOTAKBANK,8.942921634752963,RECONSTRUCTED
2026-01-28,PNB,3.1416981443958423,RECONSTRUCTED
2026-01-28,SBIN,10.285056654628638,RECONSTRUCTED
2026-01-28,UNIONBANK,1.7004597334115024,RECONSTRUCTED
2026-01-28,YESBANK,1.7151076380739507,RECONSTRUCTED
2026-01-29,AUBANK,3.759329082896765,RECONSTRUCTED
2026-01-29,AXISBANK,9.942905594859688,RECONSTRUCTED
2026-01-29,BANKBARODA,3.8767238058287434,RECONSTRUCTED
2026-01-29,CANBK,3.3961036057037646,RECONSTRUCTED
2026-01-29,FEDERALBNK,4.9883053502208545,RECONSTRUCTED
2026-01-29,HDFCBANK,22.039630050840515,RECONSTRUCTED
2026-01-29,ICICIBANK,18.45614105213483,RECONSTRUCTED
2026-01-29,IDFCFIRSTB,3.753147305445941,RECONSTRUCTED
2026-01-29,INDUSINDBK,4.136539028429865,RECONSTRUCTED
2026-01-29,KOTAKBANK,8.893598672911967,RECONSTRUCTED
2026-01-29,PNB,3.143192223703175,RECONSTRUCTED
2026-01-29,SBIN,10.254298960634483,RECONSTRUCTED
2026-01-29,UNIONBANK,1.6679360528209248,RECONSTRUCTED
2026-01-29,YESBANK,1.6921492135684926,RECONSTRUCTED
2026-01-30,AUBANK,3.76,OFFICIAL
2026-01-30,AXISBANK,10.05,OFFICIAL
2026-01-30,BANKBARODA,3.86,OFFICIAL
2026-01-30,CANBK,3.35,OFFICIAL
2026-01-30,FEDERALBNK,5.02,OFFICIAL
2026-01-30,HDFCBANK,22.02,OFFICIAL
2026-01-30,ICICIBANK,18.18,OFFICIAL
2026-01-30,IDFCFIRSTB,3.78,OFFICIAL
2026-01-30,INDUSINDBK,4.15,OFFICIAL
2026-01-30,KOTAKBANK,8.85,OFFICIAL
2026-01-30,PNB,3.16,OFFICIAL
2026-01-30,SBIN,10.42,OFFICIAL
2026-01-30,UNIONBANK,1.69,OFFICIAL
2026-01-30,YESBANK,1.71,OFFICIAL
2026-02-01,AUBANK,4.195304574733121,RECONSTRUCTED
2026-02-01,AXISBANK,9.97837392999988,RECONSTRUCTED
2026-02-01,BANKBARODA,4.006892844759165,RECONSTRUCTED
2026-02-01,CANBK,3.622925747161307,RECONSTRUCTED
2026-02-01,FEDERALBNK,5.469275844616059,RECONSTRUCTED
2026-02-01,HDFCBANK,21.197114104292417,RECONSTRUCTED
2026-02-01,ICICIBANK,16.175816535591775,RECONSTRUCTED
2026-02-01,IDFCFIRSTB,4.165333173315608,RECONSTRUCTED
2026-02-01,INDUSINDBK,4.579323166196772,RECONSTRUCTED
2026-02-01,KOTAKBANK,9.311998605158475,RECONSTRUCTED
2026-02-01,PNB,3.3101826015644527,RECONSTRUCTED
2026-02-01,SBIN,9.378901281283879,RECONSTRUCTED
2026-02-01,UNIONBANK,2.1870022724026583,RECONSTRUCTED
2026-02-01,YESBANK,2.4215553189244448,RECONSTRUCTED
2026-02-02,AUBANK,4.120665373250891,RECONSTRUCTED
2026-02-02,AXISBANK,9.732602051871533,RECONSTRUCTED
2026-02-02,BANKBARODA,3.9643321960956968,RECONSTRUCTED
2026-02-02,CANBK,3.750337392378522,RECONSTRUCTED
2026-02-02,FEDERALBNK,5.379447313278195,RECONSTRUCTED
2026-02-02,HDFCBANK,21.268105408087603,RECONSTRUCTED
2026-02-02,ICICIBANK,16.34986558578939,RECONSTRUCTED
2026-02-02,IDFCFIRSTB,4.110757519309803,RECONSTRUCTED
2026-02-02,INDUSINDBK,4.639628543392547,RECONSTRUCTED
2026-02-02,KOTAKBANK,9.304437553001984,RECONSTRUCTED
2026-02-02,PNB,3.311466986085127,RECONSTRUCTED
2026-02-02,SBIN,9.44589095280225,RECONSTRUCTED
2026-02-02,UNIONBANK,2.2027956638465245,RECONSTRUCTED
2026-02-02,YESBANK,2.419667460809918,RECONSTRUCTED
2026-02-03,AUBANK,4.09586058339145,RECONSTRUCTED
2026-02-03,AXISBANK,9.8295898733974,RECONSTRUCTED
2026-02-03,BANKBARODA,3.980664108887058,RECONSTRUCTED
2026-02-03,CANBK,3.684625135931178,RECONSTRUCTED
2026-02-03,FEDERALBNK,5.332428307929636,RECONSTRUCTED
2026-02-03,HDFCBANK,21.233125098754773,RECONSTRUCTED
2026-02-03,ICICIBANK,16.40410860995374,RECONSTRUCTED
2026-02-03,IDFCFIRSTB,4.194837893840283,RECONSTRUCTED
2026-02-03,INDUSINDBK,4.591904050696187,RECONSTRUCTED
2026-02-03,KOTAKBANK,9.256623431440824,RECONSTRUCTED
2026-02-03,PNB,3.2830044483748453,RECONSTRUCTED
2026-02-03,SBIN,9.543956008471438,RECONSTRUCTED
2026-02-03,UNIONBANK,2.1926556437410682,RECONSTRUCTED
2026-02-03,YESBANK,2.376616805190118,RECONSTRUCTED
2026-02-04,AUBANK,4.077479172651235,RECONSTRUCTED
2026-02-04,AXISBANK,9.672500917407383,RECONSTRUCTED
2026-02-04,BANKBARODA,4.0440311373166535,RECONSTRUCTED
2026-02-04,CANBK,3.6771261019158867,RECONSTRUCTED
2026-02-04,FEDERALBNK,5.351179693185657,RECONSTRUCTED
2026-02-04,HDFCBANK,21.265095911254008,RECONSTRUCTED
2026-02-04,ICICIBANK,16.57301232434972,RECONSTRUCTED
2026-02-04,IDFCFIRSTB,4.196051792353894,RECONSTRUCTED
2026-02-04,INDUSINDBK,4.572128629017342,RECONSTRUCTED
2026-02-04,KOTAKBANK,9.151198353657637,RECONSTRUCTED
2026-02-04,PNB,3.267219967561013,RECONSTRUCTED
2026-02-04,SBIN,9.549961181610183,RECONSTRUCTED
2026-02-04,UNIONBANK,2.2071249720479753,RECONSTRUCTED
2026-02-04,YESBANK,2.395889845671415,RECONSTRUCTED
2026-02-05,AUBANK,4.109561587062737,RECONSTRUCTED
2026-02-05,AXISBANK,9.63999333850648,RECONSTRUCTED
2026-02-05,BANKBARODA,4.049398353873687,RECONSTRUCTED
2026-02-05,CANBK,3.7068248602229223,RECONSTRUCTED
2026-02-05,FEDERALBNK,5.369394965693283,RECONSTRUCTED
2026-02-05,HDFCBANK,21.246579016001665,RECONSTRUCTED
2026-02-05,ICICIBANK,16.477452768655972,RECONSTRUCTED
2026-02-05,IDFCFIRSTB,4.224209084784288,RECONSTRUCTED
2026-02-05,INDUSINDBK,4.550166458702028,RECONSTRUCTED
2026-02-05,KOTAKBANK,9.095853023008663,RECONSTRUCTED
2026-02-05,PNB,3.287984290565676,RECONSTRUCTED
2026-02-05,SBIN,9.623316730965389,RECONSTRUCTED
2026-02-05,UNIONBANK,2.2358433682734256,RECONSTRUCTED
2026-02-05,YESBANK,2.383422153683757,RECONSTRUCTED
2026-02-06,AUBANK,4.126845589189724,RECONSTRUCTED
2026-02-06,AXISBANK,9.710829737818184,RECONSTRUCTED
2026-02-06,BANKBARODA,4.028297020426927,RECONSTRUCTED
2026-02-06,CANBK,3.6789722045992392,RECONSTRUCTED
2026-02-06,FEDERALBNK,5.349580065849503,RECONSTRUCTED
2026-02-06,HDFCBANK,21.034995503631553,RECONSTRUCTED
2026-02-06,ICICIBANK,16.57560614901457,RECONSTRUCTED
2026-02-06,IDFCFIRSTB,4.202092019658258,RECONSTRUCTED
2026-02-06,INDUSINDBK,4.4923270367034185,RECONSTRUCTED
2026-02-06,KOTAKBANK,9.389927569397447,RECONSTRUCTED
2026-02-06,PNB,3.2519000486719065,RECONSTRUCTED
2026-02-06,SBIN,9.550958166903136,RECONSTRUCTED
2026-02-06,UNIONBANK,2.2364425639852032,RECONSTRUCTED
2026-02-06,YESBANK,2.3712263241509244,RECONSTRUCTED
2026-02-09,AUBANK,4.1481349105351715,RECONSTRUCTED
2026-02-09,AXISBANK,9.621131008482731,RECONSTRUCTED
2026-02-09,BANKBARODA,4.011006287874445,RECONSTRUCTED
2026-02-09,CANBK,3.660876437488511,RECONSTRUCTED
2026-02-09,FEDERALBNK,5.298183884916496,RECONSTRUCTED
2026-02-09,HDFCBANK,20.758531889356767,RECONSTRUCTED
2026-02-09,ICICIBANK,16.310470349974654,RECONSTRUCTED
2026-02-09,IDFCFIRSTB,4.146774817233996,RECONSTRUCTED
2026-02-09,INDUSINDBK,4.571206638623797,RECONSTRUCTED
2026-02-09,KOTAKBANK,9.446676794543825,RECONSTRUCTED
2026-02-09,PNB,3.2378183281228066,RECONSTRUCTED
2026-02-09,SBIN,10.170585625221994,RECONSTRUCTED
2026-02-09,UNIONBANK,2.2391308063387703,RECONSTRUCTED
2026-02-09,YESBANK,2.3794722212860213,RECONSTRUCTED
2026-02-10,AUBANK,4.135254533209912,RECONSTRUCTED
2026-02-10,AXISBANK,9.740865708831114,RECONSTRUCTED
2026-02-10,BANKBARODA,4.011672467669618,RECONSTRUCTED
2026-02-10,CANBK,3.6373870558764474,RECONSTRUCTED
2026-02-10,FEDERALBNK,5.222217268355436,RECONSTRUCTED
2026-02-10,HDFCBANK,20.672326516327747,RECONSTRUCTED
2026-02-10,ICICIBANK,16.44649617109556,RECONSTRUCTED
2026-02-10,IDFCFIRSTB,4.102550394950826,RECONSTRUCTED
2026-02-10,INDUSINDBK,4.57442302152244,RECONSTRUCTED
2026-02-10,KOTAKBANK,9.467407558437554,RECONSTRUCTED
2026-02-10,PNB,3.2285411282684082,RECONSTRUCTED
2026-02-10,SBIN,10.164153919199153,RECONSTRUCTED
2026-02-10,UNIONBANK,2.2324642573048403,RECONSTRUCTED
2026-02-10,YESBANK,2.36423999895094,RECONSTRUCTED
2026-02-11,AUBANK,4.0829523320559735,RECONSTRUCTED
2026-02-11,AXISBANK,9.656158918647744,RECONSTRUCTED
2026-02-11,BANKBARODA,4.016255857908287,RECONSTRUCTED
2026-02-11,CANBK,3.598271447852084,RECONSTRUCTED
2026-02-11,FEDERALBNK,5.365293526295233,RECONSTRUCTED
2026-02-11,HDFCBANK,20.51823672281161,RECONSTRUCTED
2026-02-11,ICICIBANK,16.412556110155677,RECONSTRUCTED
2026-02-11,IDFCFIRSTB,4.036095718261679,RECONSTRUCTED
2026-02-11,INDUSINDBK,4.553482588635138,RECONSTRUCTED
2026-02-11,KOTAKBANK,9.456061149660593,RECONSTRUCTED
2026-02-11,PNB,3.221484538204141,RECONSTRUCTED
2026-02-11,SBIN,10.490148667854896,RECONSTRUCTED
2026-02-11,UNIONBANK,2.2417927938681856,RECONSTRUCTED
2026-02-11,YESBANK,2.3512096277887666,RECONSTRUCTED
2026-02-12,AUBANK,4.128106360013469,RECONSTRUCTED
2026-02-12,AXISBANK,9.609611150266781,RECONSTRUCTED
2026-02-12,BANKBARODA,4.000039014631273,RECONSTRUCTED
2026-02-12,CANBK,3.5831134298689586,RECONSTRUCTED
2026-02-12,FEDERALBNK,5.30568501497599,RECONSTRUCTED
2026-02-12,HDFCBANK,20.386625578781345,RECONSTRUCTED
2026-02-12,ICICIBANK,16.70155754587619,RECONSTRUCTED
2026-02-12,IDFCFIRSTB,4.018465664789627,RECONSTRUCTED
2026-02-12,INDUSINDBK,4.544890135029997,RECONSTRUCTED
2026-02-12,KOTAKBANK,9.38905453997796,RECONSTRUCTED
2026-02-12,PNB,3.1722801371485208,RECONSTRUCTED
2026-02-12,SBIN,10.580751140421443,RECONSTRUCTED
2026-02-12,UNIONBANK,2.2514742389686897,RECONSTRUCTED
2026-02-12,YESBANK,2.328346049249758,RECONSTRUCTED
2026-02-13,AUBANK,4.142156876866779,RECONSTRUCTED
2026-02-13,AXISBANK,9.641836802781924,RECONSTRUCTED
2026-02-13,BANKBARODA,4.003224702821721,RECONSTRUCTED
2026-02-13,CANBK,3.539998475264479,RECONSTRUCTED
2026-02-13,FEDERALBNK,5.376623745424934,RECONSTRUCTED
2026-02-13,HDFCBANK,20.200005837841587,RECONSTRUCTED
2026-02-13,ICICIBANK,16.672906816363344,RECONSTRUCTED
2026-02-13,IDFCFIRSTB,4.025132060052488,RECONSTRUCTED
2026-02-13,INDUSINDBK,4.603138446984068,RECONSTRUCTED
2026-02-13,KOTAKBANK,9.350505617796287,RECONSTRUCTED
2026-02-13,PNB,3.143088973834618,RECONSTRUCTED
2026-02-13,SBIN,10.733108961072505,RECONSTRUCTED
2026-02-13,UNIONBANK,2.2453427580691416,RECONSTRUCTED
2026-02-13,YESBANK,2.3229299248261377,RECONSTRUCTED
2026-02-16,AUBANK,4.1512810560179485,RECONSTRUCTED
2026-02-16,AXISBANK,9.704364508914624,RECONSTRUCTED
2026-02-16,BANKBARODA,4.022179137827441,RECONSTRUCTED
2026-02-16,CANBK,3.59508400585085,RECONSTRUCTED
2026-02-16,FEDERALBNK,5.320794645619152,RECONSTRUCTED
2026-02-16,HDFCBANK,20.42499395622321,RECONSTRUCTED
2026-02-16,ICICIBANK,16.424908942350807,RECONSTRUCTED
2026-02-16,IDFCFIRSTB,4.040452386915293,RECONSTRUCTED
2026-02-16,INDUSINDBK,4.573014353880297,RECONSTRUCTED
2026-02-16,KOTAKBANK,9.33962573540282,RECONSTRUCTED
2026-02-16,PNB,3.150209223722637,RECONSTRUCTED
2026-02-16,SBIN,10.679915115999943,RECONSTRUCTED
2026-02-16,UNIONBANK,2.268942113568424,RECONSTRUCTED
2026-02-16,YESBANK,2.3042348177065577,RECONSTRUCTED
2026-02-17,AUBANK,4.09185857143636,RECONSTRUCTED
2026-02-17,AXISBANK,9.655698337334767,RECONSTRUCTED
2026-02-17,BANKBARODA,4.151743879986855,RECONSTRUCTED
2026-02-17,CANBK,3.6602234195050403,RECONSTRUCTED
2026-02-17,FEDERALBNK,5.295652327643771,RECONSTRUCTED
2026-02-17,HDFCBANK,20.33683953741649,RECONSTRUCTED
2026-02-17,ICICIBANK,16.30828011434461,RECONSTRUCTED
2026-02-17,IDFCFIRSTB,4.044800634171118,RECONSTRUCTED
2026-02-17,INDUSINDBK,4.611918922593371,RECONSTRUCTED
2026-02-17,KOTAKBANK,9.275190320593365,RECONSTRUCTED
2026-02-17,PNB,3.247526877266783,RECONSTRUCTED
2026-02-17,SBIN,10.681625444486235,RECONSTRUCTED
2026-02-17,UNIONBANK,2.3309673801060735,RECONSTRUCTED
2026-02-17,YESBANK,2.307674233115172,RECONSTRUCTED
2026-02-18,AUBANK,4.155602609333107,RECONSTRUCTED
2026-02-18,AXISBANK,9.732097345495893,RECONSTRUCTED
2026-02-18,BANKBARODA,4.1502645886449905,RECONSTRUCTED
2026-02-18,CANBK,3.7051484518597877,RECONSTRUCTED
2026-02-18,FEDERALBNK,5.297229965051152,RECONSTRUCTED
2026-02-18,HDFCBANK,20.181187704871544,RECONSTRUCTED
2026-02-18,ICICIBANK,16.209020247812628,RECONSTRUCTED
2026-02-18,IDFCFIRSTB,4.078926476858639,RECONSTRUCTED
2026-02-18,INDUSINDBK,4.585696264149903,RECONSTRUCTED
2026-02-18,KOTAKBANK,9.255400688375602,RECONSTRUCTED
2026-02-18,PNB,3.3127420931935734,RECONSTRUCTED
2026-02-18,SBIN,10.659432837685923,RECONSTRUCTED
2026-02-18,UNIONBANK,2.3673619289135495,RECONSTRUCTED
2026-02-18,YESBANK,2.309888797753711,RECONSTRUCTED
2026-02-19,AUBANK,4.190834501096979,RECONSTRUCTED
2026-02-19,AXISBANK,9.716741643328112,RECONSTRUCTED
2026-02-19,BANKBARODA,4.196379218714403,RECONSTRUCTED
2026-02-19,CANBK,3.6926535376803296,RECONSTRUCTED
2026-02-19,FEDERALBNK,5.3213367108609555,RECONSTRUCTED
2026-02-19,HDFCBANK,20.25107056071199,RECONSTRUCTED
2026-02-19,ICICIBANK,16.200501971284407,RECONSTRUCTED
2026-02-19,IDFCFIRSTB,4.05409527998946,RECONSTRUCTED
2026-02-19,INDUSINDBK,4.562200541758451,RECONSTRUCTED
2026-02-19,KOTAKBANK,9.160855174773335,RECONSTRUCTED
2026-02-19,PNB,3.3030311319743393,RECONSTRUCTED
2026-02-19,SBIN,10.685666608914794,RECONSTRUCTED
2026-02-19,UNIONBANK,2.3545682404073762,RECONSTRUCTED
2026-02-19,YESBANK,2.310064878505091,RECONSTRUCTED
2026-02-20,AUBANK,4.210954765477904,RECONSTRUCTED
2026-02-20,AXISBANK,9.72708958477275,RECONSTRUCTED
2026-02-20,BANKBARODA,4.227856547330321,RECONSTRUCTED
2026-02-20,CANBK,3.780995016178247,RECONSTRUCTED
2026-02-20,FEDERALBNK,5.360226794852984,RECONSTRUCTED
2026-02-20,HDFCBANK,20.016970597298425,RECONSTRUCTED
2026-02-20,ICICIBANK,16.145073558030944,RECONSTRUCTED
2026-02-20,IDFCFIRSTB,4.049409994803311,RECONSTRUCTED
2026-02-20,INDUSINDBK,4.521659733365194,RECONSTRUCTED
2026-02-20,KOTAKBANK,9.200279913595887,RECONSTRUCTED
2026-02-20,PNB,3.369006247025008,RECONSTRUCTED
2026-02-20,SBIN,10.697059060525458,RECONSTRUCTED
2026-02-20,UNIONBANK,2.391916060848191,RECONSTRUCTED
2026-02-20,YESBANK,2.3015021258953867,RECONSTRUCTED
2026-02-23,AUBANK,3.9809651992354507,RECONSTRUCTED
2026-02-23,AXISBANK,9.85094716195599,RECONSTRUCTED
2026-02-23,BANKBARODA,4.283660854362932,RECONSTRUCTED
2026-02-23,CANBK,3.834460501502916,RECONSTRUCTED
2026-02-23,FEDERALBNK,5.422352950287271,RECONSTRUCTED
2026-02-23,HDFCBANK,20.26062127080617,RECONSTRUCTED
2026-02-23,ICICIBANK,16.19038828700614,RECONSTRUCTED
2026-02-23,IDFCFIRSTB,3.393855047594147,RECONSTRUCTED
2026-02-23,INDUSINDBK,4.4877341656588285,RECONSTRUCTED
2026-02-23,KOTAKBANK,9.397813011288896,RECONSTRUCTED
2026-02-23,PNB,3.3842982153352597,RECONSTRUCTED
2026-02-23,SBIN,10.792364869027859,RECONSTRUCTED
2026-02-23,UNIONBANK,2.437054479977797,RECONSTRUCTED
2026-02-23,YESBANK,2.2834839859603426,RECONSTRUCTED
2026-02-24,AUBANK,4.107720985273604,RECONSTRUCTED
2026-02-24,AXISBANK,9.88601956921564,RECONSTRUCTED
2026-02-24,BANKBARODA,4.292696148445313,RECONSTRUCTED
2026-02-24,CANBK,3.86011988103733,RECONSTRUCTED
2026-02-24,FEDERALBNK,5.428030919476253,RECONSTRUCTED
2026-02-24,HDFCBANK,20.03136224968845,RECONSTRUCTED
2026-02-24,ICICIBANK,16.068086100491787,RECONSTRUCTED
2026-02-24,IDFCFIRSTB,3.4489242660880173,RECONSTRUCTED
2026-02-24,INDUSINDBK,4.557799966781546,RECONSTRUCTED
2026-02-24,KOTAKBANK,9.359504957226005,RECONSTRUCTED
2026-02-24,PNB,3.4139460469172143,RECONSTRUCTED
2026-02-24,SBIN,10.784094051298126,RECONSTRUCTED
2026-02-24,UNIONBANK,2.4792412660339225,RECONSTRUCTED
2026-02-24,YESBANK,2.2824535920268096,RECONSTRUCTED
2026-02-25,AUBANK,4.02608673924077,RECONSTRUCTED
2026-02-25,AXISBANK,9.997599234090629,RECONSTRUCTED
2026-02-25,BANKBARODA,4.331206001755873,RECONSTRUCTED
2026-02-25,CANBK,3.907553411822775,RECONSTRUCTED
2026-02-25,FEDERALBNK,5.492394460122745,RECONSTRUCTED
2026-02-25,HDFCBANK,19.971279965184173,RECONSTRUCTED
2026-02-25,ICICIBANK,16.253282591898383,RECONSTRUCTED
2026-02-25,IDFCFIRSTB,3.413112125621883,RECONSTRUCTED
2026-02-25,INDUSINDBK,4.587770546592945,RECONSTRUCTED
2026-02-25,KOTAKBANK,9.301057727391072,RECONSTRUCTED
2026-02-25,PNB,3.401812703236879,RECONSTRUCTED
2026-02-25,SBIN,10.581543087689816,RECONSTRUCTED
2026-02-25,UNIONBANK,2.463387551714697,RECONSTRUCTED
2026-02-25,YESBANK,2.271913853637353,RECONSTRUCTED
2026-02-26,AUBANK,3.97643006462867,RECONSTRUCTED
2026-02-26,AXISBANK,9.916419940660354,RECONSTRUCTED
2026-02-26,BANKBARODA,4.436727485752525,RECONSTRUCTED
2026-02-26,CANBK,3.8954289494491525,RECONSTRUCTED
2026-02-26,FEDERALBNK,5.484400361238788,RECONSTRUCTED
2026-02-26,HDFCBANK,19.71808995330081,RECONSTRUCTED
2026-02-26,ICICIBANK,16.25887163897371,RECONSTRUCTED
2026-02-26,IDFCFIRSTB,3.529130990075298,RECONSTRUCTED
2026-02-26,INDUSINDBK,4.707975340483948,RECONSTRUCTED
2026-02-26,KOTAKBANK,9.26638559364445,RECONSTRUCTED
2026-02-26,PNB,3.390765493835729,RECONSTRUCTED
2026-02-26,SBIN,10.634680781231005,RECONSTRUCTED
2026-02-26,UNIONBANK,2.4841265391939036,RECONSTRUCTED
2026-02-26,YESBANK,2.3005668675316655,RECONSTRUCTED
2026-02-27,AUBANK,3.96,OFFICIAL
2026-02-27,AXISBANK,9.94,OFFICIAL
2026-02-27,BANKBARODA,4.45,OFFICIAL
2026-02-27,CANBK,3.9,OFFICIAL
2026-02-27,FEDERALBNK,5.55,OFFICIAL
2026-02-27,HDFCBANK,19.69,OFFICIAL
2026-02-27,ICICIBANK,16.13,OFFICIAL
2026-02-27,IDFCFIRSTB,3.6,OFFICIAL
2026-02-27,INDUSINDBK,4.72,OFFICIAL
2026-02-27,KOTAKBANK,9.16,OFFICIAL
2026-02-27,PNB,3.4,OFFICIAL
2026-02-27,SBIN,10.68,OFFICIAL
2026-02-27,UNIONBANK,2.52,OFFICIAL
2026-02-27,YESBANK,2.29,OFFICIAL
2026-03-02,AUBANK,4.25620353945471,RECONSTRUCTED
2026-03-02,AXISBANK,9.933289352324003,RECONSTRUCTED
2026-03-02,BANKBARODA,4.757184017473856,RECONSTRUCTED
2026-03-02,CANBK,4.2409916211776,RECONSTRUCTED
2026-03-02,FEDERALBNK,5.90094104237299,RECONSTRUCTED
2026-03-02,HDFCBANK,19.19017499953784,RECONSTRUCTED
2026-03-02,ICICIBANK,13.50071666594332,RECONSTRUCTED
2026-03-02,IDFCFIRSTB,3.8921982685343615,RECONSTRUCTED
2026-03-02,INDUSINDBK,5.048929672921124,RECONSTRUCTED
2026-03-02,KOTAKBANK,9.551154312231077,RECONSTRUCTED
2026-03-02,PNB,3.557858381849033,RECONSTRUCTED
2026-03-02,SBIN,10.141241405276926,RECONSTRUCTED
2026-03-02,UNIONBANK,3.131049530674174,RECONSTRUCTED
2026-03-02,YESBANK,2.8980671902289816,RECONSTRUCTED
2026-03-04,AUBANK,4.314463898244582,RECONSTRUCTED
2026-03-04,AXISBANK,9.969144200463706,RECONSTRUCTED
2026-03-04,BANKBARODA,4.603970553235859,RECONSTRUCTED
2026-03-04,CANBK,4.1358222724877605,RECONSTRUCTED
2026-03-04,FEDERALBNK,5.840953915203978,RECONSTRUCTED
2026-03-04,HDFCBANK,19.319655410311174,RECONSTRUCTED
2026-03-04,ICICIBANK,13.673889527540759,RECONSTRUCTED
2026-03-04,IDFCFIRSTB,3.8718962553513028,RECONSTRUCTED
2026-03-04,INDUSINDBK,5.064276045797122,RECONSTRUCTED
2026-03-04,KOTAKBANK,9.50483990349038,RECONSTRUCTED
2026-03-04,PNB,3.491557811797339,RECONSTRUCTED
2026-03-04,SBIN,10.202245164172778,RECONSTRUCTED
2026-03-04,UNIONBANK,3.078439594335591,RECONSTRUCTED
2026-03-04,YESBANK,2.92884544756767,RECONSTRUCTED
2026-03-05,AUBANK,4.414418896516785,RECONSTRUCTED
2026-03-05,AXISBANK,9.897382153608643,RECONSTRUCTED
2026-03-05,BANKBARODA,4.617289406368556,RECONSTRUCTED
2026-03-05,CANBK,4.1569728021650905,RECONSTRUCTED
2026-03-05,FEDERALBNK,5.87426513079765,RECONSTRUCTED
2026-03-05,HDFCBANK,19.41312656746347,RECONSTRUCTED
2026-03-05,ICICIBANK,13.519919120692645,RECONSTRUCTED
2026-03-05,IDFCFIRSTB,3.868978659413637,RECONSTRUCTED
2026-03-05,INDUSINDBK,5.088413737371906,RECONSTRUCTED
2026-03-05,KOTAKBANK,9.544369645280883,RECONSTRUCTED
2026-03-05,PNB,3.4958210019765947,RECONSTRUCTED
2026-03-05,SBIN,10.102132408823074,RECONSTRUCTED
2026-03-05,UNIONBANK,3.0623847981511387,RECONSTRUCTED
2026-03-05,YESBANK,2.944525671369945,RECONSTRUCTED
2026-03-06,AUBANK,4.466118635820882,RECONSTRUCTED
2026-03-06,AXISBANK,9.85931617687598,RECONSTRUCTED
2026-03-06,BANKBARODA,4.614382657625464,RECONSTRUCTED
2026-03-06,CANBK,4.173167418191318,RECONSTRUCTED
2026-03-06,FEDERALBNK,5.9334923982607615,RECONSTRUCTED
2026-03-06,HDFCBANK,19.36027501084946,RECONSTRUCTED
2026-03-06,ICICIBANK,13.359185834715115,RECONSTRUCTED
2026-03-06,IDFCFIRSTB,3.928061947788433,RECONSTRUCTED
2026-03-06,INDUSINDBK,5.089821638935408,RECONSTRUCTED
2026-03-06,KOTAKBANK,9.568775062301185,RECONSTRUCTED
2026-03-06,PNB,3.486065492888473,RECONSTRUCTED
2026-03-06,SBIN,10.084161114298627,RECONSTRUCTED
2026-03-06,UNIONBANK,3.0860957526123087,RECONSTRUCTED
2026-03-06,YESBANK,2.991080858836575,RECONSTRUCTED
2026-03-09,AUBANK,4.452815122719838,RECONSTRUCTED
2026-03-09,AXISBANK,9.96128089491038,RECONSTRUCTED
2026-03-09,BANKBARODA,4.643931218559527,RECONSTRUCTED
2026-03-09,CANBK,4.127548874499795,RECONSTRUCTED
2026-03-09,FEDERALBNK,5.840723720368762,RECONSTRUCTED
2026-03-09,HDFCBANK,19.59691361430201,RECONSTRUCTED
2026-03-09,ICICIBANK,13.418099534932049,RECONSTRUCTED
2026-03-09,IDFCFIRSTB,3.866891495652465,RECONSTRUCTED
2026-03-09,INDUSINDBK,5.042508139229754,RECONSTRUCTED
2026-03-09,KOTAKBANK,9.54191932234459,RECONSTRUCTED
2026-03-09,PNB,3.469461537517784,RECONSTRUCTED
2026-03-09,SBIN,10.000803048166462,RECONSTRUCTED
2026-03-09,UNIONBANK,3.022681829856616,RECONSTRUCTED
2026-03-09,YESBANK,3.014421646939979,RECONSTRUCTED
2026-03-10,AUBANK,4.412802314101358,RECONSTRUCTED
2026-03-10,AXISBANK,10.000533352270725,RECONSTRUCTED
2026-03-10,BANKBARODA,4.669324153096167,RECONSTRUCTED
2026-03-10,CANBK,4.129097320035389,RECONSTRUCTED
2026-03-10,FEDERALBNK,5.802757660852121,RECONSTRUCTED
2026-03-10,HDFCBANK,19.479722737495116,RECONSTRUCTED
2026-03-10,ICICIBANK,13.546381393951593,RECONSTRUCTED
2026-03-10,IDFCFIRSTB,3.8332346507397155,RECONSTRUCTED
2026-03-10,INDUSINDBK,5.0592388210767725,RECONSTRUCTED
2026-03-10,KOTAKBANK,9.520790183545834,RECONSTRUCTED
2026-03-10,PNB,3.4861576275182946,RECONSTRUCTED
2026-03-10,SBIN,9.961300089721487,RECONSTRUCTED
2026-03-10,UNIONBANK,3.0938911468541503,RECONSTRUCTED
2026-03-10,YESBANK,3.004768548741296,RECONSTRUCTED
2026-03-11,AUBANK,4.413571609261006,RECONSTRUCTED
2026-03-11,AXISBANK,9.763265180036134,RECONSTRUCTED
2026-03-11,BANKBARODA,4.689675138457922,RECONSTRUCTED
2026-03-11,CANBK,4.135364751898466,RECONSTRUCTED
2026-03-11,FEDERALBNK,5.790041098943118,RECONSTRUCTED
2026-03-11,HDFCBANK,19.546232953327507,RECONSTRUCTED
2026-03-11,ICICIBANK,13.66269194881577,RECONSTRUCTED
2026-03-11,IDFCFIRSTB,3.853164773035907,RECONSTRUCTED
2026-03-11,INDUSINDBK,5.046873435717989,RECONSTRUCTED
2026-03-11,KOTAKBANK,9.51605077583971,RECONSTRUCTED
2026-03-11,PNB,3.5118417666591,RECONSTRUCTED
2026-03-11,SBIN,9.987937030850516,RECONSTRUCTED
2026-03-11,UNIONBANK,3.0708376801305772,RECONSTRUCTED
2026-03-11,YESBANK,3.0124518570262726,RECONSTRUCTED
2026-03-12,AUBANK,4.384368797009473,RECONSTRUCTED
2026-03-12,AXISBANK,9.705360108789215,RECONSTRUCTED
2026-03-12,BANKBARODA,4.740657367488037,RECONSTRUCTED
2026-03-12,CANBK,4.2096628999154735,RECONSTRUCTED
2026-03-12,FEDERALBNK,5.872393028210047,RECONSTRUCTED
2026-03-12,HDFCBANK,19.73711411060101,RECONSTRUCTED
2026-03-12,ICICIBANK,13.516113222758639,RECONSTRUCTED
2026-03-12,IDFCFIRSTB,3.8151268416859883,RECONSTRUCTED
2026-03-12,INDUSINDBK,4.837025761396082,RECONSTRUCTED
2026-03-12,KOTAKBANK,9.424444645240726,RECONSTRUCTED
2026-03-12,PNB,3.5748525992181155,RECONSTRUCTED
2026-03-12,SBIN,10.045394067865915,RECONSTRUCTED
2026-03-12,UNIONBANK,3.1255480574260854,RECONSTRUCTED
2026-03-12,YESBANK,3.0119384923952155,RECONSTRUCTED
2026-03-13,AUBANK,4.407951756706515,RECONSTRUCTED
2026-03-13,AXISBANK,9.654547851161087,RECONSTRUCTED
2026-03-13,BANKBARODA,4.7253313301204685,RECONSTRUCTED
2026-03-13,CANBK,4.1435954974082465,RECONSTRUCTED
2026-03-13,FEDERALBNK,5.8626789874363014,RECONSTRUCTED
2026-03-13,HDFCBANK,19.86092467070176,RECONSTRUCTED
2026-03-13,ICICIBANK,13.735027524592713,RECONSTRUCTED
2026-03-13,IDFCFIRSTB,3.7795717119097807,RECONSTRUCTED
2026-03-13,INDUSINDBK,4.860049149492772,RECONSTRUCTED
2026-03-13,KOTAKBANK,9.448744900476203,RECONSTRUCTED
2026-03-13,PNB,3.5122378124669775,RECONSTRUCTED
2026-03-13,SBIN,9.940592521681982,RECONSTRUCTED
2026-03-13,UNIONBANK,3.0610770662271003,RECONSTRUCTED
2026-03-13,YESBANK,3.0076692196180925,RECONSTRUCTED
2026-03-16,AUBANK,4.3624228829844185,RECONSTRUCTED
2026-03-16,AXISBANK,9.683283219099033,RECONSTRUCTED
2026-03-16,BANKBARODA,4.653222227127178,RECONSTRUCTED
2026-03-16,CANBK,4.091225932213709,RECONSTRUCTED
2026-03-16,FEDERALBNK,5.747424776792955,RECONSTRUCTED
2026-03-16,HDFCBANK,20.20186382618659,RECONSTRUCTED
2026-03-16,ICICIBANK,13.774440155693526,RECONSTRUCTED
2026-03-16,IDFCFIRSTB,3.750851534304082,RECONSTRUCTED
2026-03-16,INDUSINDBK,4.867520742906647,RECONSTRUCTED
2026-03-16,KOTAKBANK,9.417505220015485,RECONSTRUCTED
2026-03-16,PNB,3.449538314664651,RECONSTRUCTED
2026-03-16,SBIN,10.012269506530755,RECONSTRUCTED
2026-03-16,UNIONBANK,3.0561438319302363,RECONSTRUCTED
2026-03-16,YESBANK,2.9322878295507318,RECONSTRUCTED
2026-03-17,AUBANK,4.407592374106638,RECONSTRUCTED
2026-03-17,AXISBANK,9.707800613450921,RECONSTRUCTED
2026-03-17,BANKBARODA,4.668493454395007,RECONSTRUCTED
2026-03-17,CANBK,4.119262922050692,RECONSTRUCTED
2026-03-17,FEDERALBNK,5.779945378329378,RECONSTRUCTED
2026-03-17,HDFCBANK,20.14522508944168,RECONSTRUCTED
2026-03-17,ICICIBANK,13.828179621028438,RECONSTRUCTED
2026-03-17,IDFCFIRSTB,3.7696517322009884,RECONSTRUCTED
2026-03-17,INDUSINDBK,4.802029883941625,RECONSTRUCTED
2026-03-17,KOTAKBANK,9.448166615470104,RECONSTRUCTED
2026-03-17,PNB,3.452287242075898,RECONSTRUCTED
2026-03-17,SBIN,9.909483157082654,RECONSTRUCTED
2026-03-17,UNIONBANK,3.0385623753407995,RECONSTRUCTED
2026-03-17,YESBANK,2.923319541085153,RECONSTRUCTED
2026-03-18,AUBANK,4.505425684354858,RECONSTRUCTED
2026-03-18,AXISBANK,9.820181862940231,RECONSTRUCTED
2026-03-18,BANKBARODA,4.626317446120407,RECONSTRUCTED
2026-03-18,CANBK,4.111295703890894,RECONSTRUCTED
2026-03-18,FEDERALBNK,5.880277617463665,RECONSTRUCTED
2026-03-18,HDFCBANK,19.91594544635344,RECONSTRUCTED
2026-03-18,ICICIBANK,13.714475225746767,RECONSTRUCTED
2026-03-18,IDFCFIRSTB,3.8308371635947545,RECONSTRUCTED
2026-03-18,INDUSINDBK,4.883852474982072,RECONSTRUCTED
2026-03-18,KOTAKBANK,9.396152492277437,RECONSTRUCTED
2026-03-18,PNB,3.456529956395618,RECONSTRUCTED
2026-03-18,SBIN,9.870482237685483,RECONSTRUCTED
2026-03-18,UNIONBANK,3.0436532899668247,RECONSTRUCTED
2026-03-18,YESBANK,2.9445733982275497,RECONSTRUCTED
2026-03-19,AUBANK,4.5197762242812605,RECONSTRUCTED
2026-03-19,AXISBANK,9.78927863230184,RECONSTRUCTED
2026-03-19,BANKBARODA,4.609873314974075,RECONSTRUCTED
2026-03-19,CANBK,4.113192548755422,RECONSTRUCTED
2026-03-19,FEDERALBNK,5.96060865600752,RECONSTRUCTED
2026-03-19,HDFCBANK,19.516574517638013,RECONSTRUCTED
2026-03-19,ICICIBANK,13.763035885311362,RECONSTRUCTED
2026-03-19,IDFCFIRSTB,3.8039482644990805,RECONSTRUCTED
2026-03-19,INDUSINDBK,4.899673668612157,RECONSTRUCTED
2026-03-19,KOTAKBANK,9.537287364136358,RECONSTRUCTED
2026-03-19,PNB,3.4627382146999257,RECONSTRUCTED
2026-03-19,SBIN,10.016457176010489,RECONSTRUCTED
2026-03-19,UNIONBANK,3.0483957614249606,RECONSTRUCTED
2026-03-19,YESBANK,2.9591597713475406,RECONSTRUCTED
2026-03-20,AUBANK,4.518349772199012,RECONSTRUCTED
2026-03-20,AXISBANK,9.761596119924343,RECONSTRUCTED
2026-03-20,BANKBARODA,4.732935779087106,RECONSTRUCTED
2026-03-20,CANBK,4.221020089846386,RECONSTRUCTED
2026-03-20,FEDERALBNK,5.98595104183196,RECONSTRUCTED
2026-03-20,HDFCBANK,19.077609558855112,RECONSTRUCTED
2026-03-20,ICICIBANK,13.70772392498378,RECONSTRUCTED
2026-03-20,IDFCFIRSTB,3.8236103895931017,RECONSTRUCTED
2026-03-20,INDUSINDBK,4.912200673101618,RECONSTRUCTED
2026-03-20,KOTAKBANK,9.49854723471267,RECONSTRUCTED
2026-03-20,PNB,3.526337754646678,RECONSTRUCTED
2026-03-20,SBIN,10.100729053267173,RECONSTRUCTED
2026-03-20,UNIONBANK,3.1444334788598995,RECONSTRUCTED
2026-03-20,YESBANK,2.988955129091149,RECONSTRUCTED
2026-03-23,AUBANK,4.427183994266904,RECONSTRUCTED
2026-03-23,AXISBANK,9.868779637180834,RECONSTRUCTED
2026-03-23,BANKBARODA,4.674046065857629,RECONSTRUCTED
2026-03-23,CANBK,4.1674573029382955,RECONSTRUCTED
2026-03-23,FEDERALBNK,5.9267352247125356,RECONSTRUCTED
2026-03-23,HDFCBANK,18.913150075326172,RECONSTRUCTED
2026-03-23,ICICIBANK,13.992680285301898,RECONSTRUCTED
2026-03-23,IDFCFIRSTB,3.804410511992441,RECONSTRUCTED
2026-03-23,INDUSINDBK,4.856280916190958,RECONSTRUCTED
2026-03-23,KOTAKBANK,9.601343695934208,RECONSTRUCTED
2026-03-23,PNB,3.469883978212851,RECONSTRUCTED
2026-03-23,SBIN,10.243047284732015,RECONSTRUCTED
2026-03-23,UNIONBANK,3.1028205314353765,RECONSTRUCTED
2026-03-23,YESBANK,2.9521804959178914,RECONSTRUCTED
2026-03-24,AUBANK,4.470207770986294,RECONSTRUCTED
2026-03-24,AXISBANK,9.8294248727196,RECONSTRUCTED
2026-03-24,BANKBARODA,4.648190053814781,RECONSTRUCTED
2026-03-24,CANBK,4.186810908797699,RECONSTRUCTED
2026-03-24,FEDERALBNK,5.979364766924383,RECONSTRUCTED
2026-03-24,HDFCBANK,19.004217846261028,RECONSTRUCTED
2026-03-24,ICICIBANK,13.99747470289656,RECONSTRUCTED
2026-03-24,IDFCFIRSTB,3.8332401313215616,RECONSTRUCTED
2026-03-24,INDUSINDBK,4.862564282971967,RECONSTRUCTED
2026-03-24,KOTAKBANK,9.656996088161689,RECONSTRUCTED
2026-03-24,PNB,3.4469617580475163,RECONSTRUCTED
2026-03-24,SBIN,10.002485525028568,RECONSTRUCTED
2026-03-24,UNIONBANK,3.127463927548229,RECONSTRUCTED
2026-03-24,YESBANK,2.9545973645201276,RECONSTRUCTED
2026-03-25,AUBANK,4.540303007887306,RECONSTRUCTED
2026-03-25,AXISBANK,9.859970984117753,RECONSTRUCTED
2026-03-25,BANKBARODA,4.58747541630552,RECONSTRUCTED
2026-03-25,CANBK,4.2028343285695176,RECONSTRUCTED
2026-03-25,FEDERALBNK,6.042085965815942,RECONSTRUCTED
2026-03-25,HDFCBANK,19.027891828044783,RECONSTRUCTED
2026-03-25,ICICIBANK,13.79628283941951,RECONSTRUCTED
2026-03-25,IDFCFIRSTB,3.822154445756022,RECONSTRUCTED
2026-03-25,INDUSINDBK,4.8866187034464605,RECONSTRUCTED
2026-03-25,KOTAKBANK,9.56349182162359,RECONSTRUCTED
2026-03-25,PNB,3.4628975525789496,RECONSTRUCTED
2026-03-25,SBIN,10.07528056821606,RECONSTRUCTED
2026-03-25,UNIONBANK,3.1762045730705775,RECONSTRUCTED
2026-03-25,YESBANK,2.9565079651479995,RECONSTRUCTED
2026-03-27,AUBANK,4.523508505289191,RECONSTRUCTED
2026-03-27,AXISBANK,9.99109554961947,RECONSTRUCTED
2026-03-27,BANKBARODA,4.49933030374366,RECONSTRUCTED
2026-03-27,CANBK,4.12613431049557,RECONSTRUCTED
2026-03-27,FEDERALBNK,6.17048349045723,RECONSTRUCTED
2026-03-27,HDFCBANK,18.899012538788476,RECONSTRUCTED
2026-03-27,ICICIBANK,13.884326645406311,RECONSTRUCTED
2026-03-27,IDFCFIRSTB,3.842214294161302,RECONSTRUCTED
2026-03-27,INDUSINDBK,4.862443847800792,RECONSTRUCTED
2026-03-27,KOTAKBANK,9.695487962284169,RECONSTRUCTED
2026-03-27,PNB,3.3984621543069617,RECONSTRUCTED
2026-03-27,SBIN,9.951254945144271,RECONSTRUCTED
2026-03-27,UNIONBANK,3.1759765731074996,RECONSTRUCTED
2026-03-27,YESBANK,2.9802688793950813,RECONSTRUCTED
2026-03-30,AUBANK,4.49,OFFICIAL
2026-03-30,AXISBANK,10.01,OFFICIAL
2026-03-30,BANKBARODA,4.45,OFFICIAL
2026-03-30,CANBK,4.06,OFFICIAL
2026-03-30,FEDERALBNK,6.18,OFFICIAL
2026-03-30,HDFCBANK,19.01,OFFICIAL
2026-03-30,ICICIBANK,14.11,OFFICIAL
2026-03-30,IDFCFIRSTB,3.8,OFFICIAL
2026-03-30,INDUSINDBK,4.8,OFFICIAL
2026-03-30,KOTAKBANK,9.73,OFFICIAL
2026-03-30,PNB,3.38,OFFICIAL
2026-03-30,SBIN,9.94,OFFICIAL
2026-03-30,UNIONBANK,3.09,OFFICIAL
2026-03-30,YESBANK,2.95,OFFICIAL
2026-04-01,AUBANK,4.564088299514676,RECONSTRUCTED
2026-04-01,AXISBANK,10.051575569918446,RECONSTRUCTED
2026-04-01,BANKBARODA,4.4272989542657255,RECONSTRUCTED
2026-04-01,CANBK,4.083087025847947,RECONSTRUCTED
2026-04-01,FEDERALBNK,6.235323468288509,RECONSTRUCTED
2026-04-01,HDFCBANK,18.841801739102564,RECONSTRUCTED
2026-04-01,ICICIBANK,13.869581840723555,RECONSTRUCTED
2026-04-01,IDFCFIRSTB,3.7966643497551513,RECONSTRUCTED
2026-04-01,INDUSINDBK,4.893000781795783,RECONSTRUCTED
2026-04-01,KOTAKBANK,9.578780298428601,RECONSTRUCTED
2026-04-01,PNB,3.4175612433536515,RECONSTRUCTED
2026-04-01,SBIN,10.087163470492374,RECONSTRUCTED
2026-04-01,UNIONBANK,3.154605241455207,RECONSTRUCTED
2026-04-01,YESBANK,2.999467717057808,RECONSTRUCTED
2026-04-02,AUBANK,4.520607492416899,RECONSTRUCTED
2026-04-02,AXISBANK,10.072429781058833,RECONSTRUCTED
2026-04-02,BANKBARODA,4.37540212529934,RECONSTRUCTED
2026-04-02,CANBK,4.066840173380396,RECONSTRUCTED
2026-04-02,FEDERALBNK,6.1755489993876695,RECONSTRUCTED
2026-04-02,HDFCBANK,19.02438887940881,RECONSTRUCTED
2026-04-02,ICICIBANK,13.878052182557795,RECONSTRUCTED
2026-04-02,IDFCFIRSTB,3.791815165394574,RECONSTRUCTED
2026-04-02,INDUSINDBK,4.840305040020719,RECONSTRUCTED
2026-04-02,KOTAKBANK,9.612550533374659,RECONSTRUCTED
2026-04-02,PNB,3.4266718563723995,RECONSTRUCTED
2026-04-02,SBIN,10.073523181372458,RECONSTRUCTED
2026-04-02,UNIONBANK,3.154903633818668,RECONSTRUCTED
2026-04-02,YESBANK,2.9869609561367647,RECONSTRUCTED
2026-04-06,AUBANK,4.507542352008717,RECONSTRUCTED
2026-04-06,AXISBANK,10.259928821323424,RECONSTRUCTED
2026-04-06,BANKBARODA,4.46243546341121,RECONSTRUCTED
2026-04-06,CANBK,4.093710112962782,RECONSTRUCTED
2026-04-06,FEDERALBNK,6.186653264441961,RECONSTRUCTED
2026-04-06,HDFCBANK,19.139900017059798,RECONSTRUCTED
2026-04-06,ICICIBANK,13.772798782323855,RECONSTRUCTED
2026-04-06,IDFCFIRSTB,3.7684444053340913,RECONSTRUCTED
2026-04-06,INDUSINDBK,4.78842040858076,RECONSTRUCTED
2026-04-06,KOTAKBANK,9.485883473755917,RECONSTRUCTED
2026-04-06,PNB,3.4225171872661435,RECONSTRUCTED
2026-04-06,SBIN,10.009557516024714,RECONSTRUCTED
2026-04-06,UNIONBANK,3.1295957009860866,RECONSTRUCTED
2026-04-06,YESBANK,2.972612494520522,RECONSTRUCTED
2026-04-07,AUBANK,4.5233241020155335,RECONSTRUCTED
2026-04-07,AXISBANK,10.278533249771273,RECONSTRUCTED
2026-04-07,BANKBARODA,4.424902517259039,RECONSTRUCTED
2026-04-07,CANBK,4.054082942650392,RECONSTRUCTED
2026-04-07,FEDERALBNK,6.257076859983848,RECONSTRUCTED
2026-04-07,HDFCBANK,19.125756279795002,RECONSTRUCTED
2026-04-07,ICICIBANK,13.902177057960438,RECONSTRUCTED
2026-04-07,IDFCFIRSTB,3.7675547105307143,RECONSTRUCTED
2026-04-07,INDUSINDBK,4.770174409202331,RECONSTRUCTED
2026-04-07,KOTAKBANK,9.529609757611308,RECONSTRUCTED
2026-04-07,PNB,3.3539817693544216,RECONSTRUCTED
2026-04-07,SBIN,9.966474409231047,RECONSTRUCTED
2026-04-07,UNIONBANK,3.0830527344953707,RECONSTRUCTED
2026-04-07,YESBANK,2.9632992001392875,RECONSTRUCTED
2026-04-08,AUBANK,4.66303767817749,RECONSTRUCTED
2026-04-08,AXISBANK,10.37230147677123,RECONSTRUCTED
2026-04-08,BANKBARODA,4.477668162744992,RECONSTRUCTED
2026-04-08,CANBK,4.123404619219019,RECONSTRUCTED
2026-04-08,FEDERALBNK,6.121621908768503,RECONSTRUCTED
2026-04-08,HDFCBANK,19.13389060896624,RECONSTRUCTED
2026-04-08,ICICIBANK,13.829410629270747,RECONSTRUCTED
2026-04-08,IDFCFIRSTB,3.8381802805719047,RECONSTRUCTED
2026-04-08,INDUSINDBK,4.808550239387079,RECONSTRUCTED
2026-04-08,KOTAKBANK,9.44586865596416,RECONSTRUCTED
2026-04-08,PNB,3.3731918671596617,RECONSTRUCTED
2026-04-08,SBIN,9.716141685588644,RECONSTRUCTED
2026-04-08,UNIONBANK,3.151610554967984,RECONSTRUCTED
2026-04-08,YESBANK,2.945121632442323,RECONSTRUCTED
2026-04-09,AUBANK,4.714570795950952,RECONSTRUCTED
2026-04-09,AXISBANK,10.424558808379993,RECONSTRUCTED
2026-04-09,BANKBARODA,4.521032850976386,RECONSTRUCTED
2026-04-09,CANBK,4.151224725240414,RECONSTRUCTED
2026-04-09,FEDERALBNK,6.194977120168831,RECONSTRUCTED
2026-04-09,HDFCBANK,19.003433199509065,RECONSTRUCTED
2026-04-09,ICICIBANK,13.752481495786126,RECONSTRUCTED
2026-04-09,IDFCFIRSTB,3.865008201351145,RECONSTRUCTED
2026-04-09,INDUSINDBK,4.760846416159533,RECONSTRUCTED
2026-04-09,KOTAKBANK,9.389568911832349,RECONSTRUCTED
2026-04-09,PNB,3.37966883301715,RECONSTRUCTED
2026-04-09,SBIN,9.681814001295601,RECONSTRUCTED
2026-04-09,UNIONBANK,3.185591978762342,RECONSTRUCTED
2026-04-09,YESBANK,2.9752226615701085,RECONSTRUCTED
2026-04-10,AUBANK,4.712814520236274,RECONSTRUCTED
2026-04-10,AXISBANK,10.47152772685717,RECONSTRUCTED
2026-04-10,BANKBARODA,4.464329672954995,RECONSTRUCTED
2026-04-10,CANBK,4.136328606274318,RECONSTRUCTED
2026-04-10,FEDERALBNK,6.254189078581226,RECONSTRUCTED
2026-04-10,HDFCBANK,18.926911914166688,RECONSTRUCTED
2026-04-10,ICICIBANK,13.911382477175193,RECONSTRUCTED
2026-04-10,IDFCFIRSTB,3.8435745355250543,RECONSTRUCTED
2026-04-10,INDUSINDBK,4.761640768342577,RECONSTRUCTED
2026-04-10,KOTAKBANK,9.271942340145964,RECONSTRUCTED
2026-04-10,PNB,3.3805430339010325,RECONSTRUCTED
2026-04-10,SBIN,9.727709800680044,RECONSTRUCTED
2026-04-10,UNIONBANK,3.196825624321093,RECONSTRUCTED
2026-04-10,YESBANK,2.9402799008383655,RECONSTRUCTED
2026-04-13,AUBANK,4.725612276862248,RECONSTRUCTED
2026-04-13,AXISBANK,10.551282113263493,RECONSTRUCTED
2026-04-13,BANKBARODA,4.481387228680841,RECONSTRUCTED
2026-04-13,CANBK,4.11825670379697,RECONSTRUCTED
2026-04-13,FEDERALBNK,6.213330403704069,RECONSTRUCTED
2026-04-13,HDFCBANK,18.665216398963132,RECONSTRUCTED
2026-04-13,ICICIBANK,14.297334463733776,RECONSTRUCTED
2026-04-13,IDFCFIRSTB,3.7860344223926736,RECONSTRUCTED
2026-04-13,INDUSINDBK,4.7188332878904085,RECONSTRUCTED
2026-04-13,KOTAKBANK,9.257271339154071,RECONSTRUCTED
2026-04-13,PNB,3.3667111672442287,RECONSTRUCTED
2026-04-13,SBIN,9.752638292426056,RECONSTRUCTED
2026-04-13,UNIONBANK,3.1405374279125082,RECONSTRUCTED
2026-04-13,YESBANK,2.9255544739755357,RECONSTRUCTED
2026-04-15,AUBANK,4.676905004256089,RECONSTRUCTED
2026-04-15,AXISBANK,10.435336788022301,RECONSTRUCTED
2026-04-15,BANKBARODA,4.479704977638983,RECONSTRUCTED
2026-04-15,CANBK,4.1534633485700905,RECONSTRUCTED
2026-04-15,FEDERALBNK,6.107695609997121,RECONSTRUCTED
2026-04-15,HDFCBANK,18.786819985067595,RECONSTRUCTED
2026-04-15,ICICIBANK,14.089051295601951,RECONSTRUCTED
2026-04-15,IDFCFIRSTB,3.857364705704863,RECONSTRUCTED
2026-04-15,INDUSINDBK,4.78108876310193,RECONSTRUCTED
2026-04-15,KOTAKBANK,9.400842083255249,RECONSTRUCTED
2026-04-15,PNB,3.395614802216636,RECONSTRUCTED
2026-04-15,SBIN,9.703947526433291,RECONSTRUCTED
2026-04-15,UNIONBANK,3.1693564132617182,RECONSTRUCTED
2026-04-15,YESBANK,2.9628086968721608,RECONSTRUCTED
2026-04-16,AUBANK,4.708505065448049,RECONSTRUCTED
2026-04-16,AXISBANK,10.429818634791795,RECONSTRUCTED
2026-04-16,BANKBARODA,4.502066001027656,RECONSTRUCTED
2026-04-16,CANBK,4.149407897694009,RECONSTRUCTED
2026-04-16,FEDERALBNK,6.07878609893284,RECONSTRUCTED
2026-04-16,HDFCBANK,18.522495590721828,RECONSTRUCTED
2026-04-16,ICICIBANK,14.115884058133183,RECONSTRUCTED
2026-04-16,IDFCFIRSTB,3.9248421678104024,RECONSTRUCTED
2026-04-16,INDUSINDBK,4.844011840852054,RECONSTRUCTED
2026-04-16,KOTAKBANK,9.356742397625311,RECONSTRUCTED
2026-04-16,PNB,3.423124863901956,RECONSTRUCTED
2026-04-16,SBIN,9.70166940877209,RECONSTRUCTED
2026-04-16,UNIONBANK,3.177819455982879,RECONSTRUCTED
2026-04-16,YESBANK,3.0648265183059458,RECONSTRUCTED
2026-04-17,AUBANK,4.7001573070943286,RECONSTRUCTED
2026-04-17,AXISBANK,10.414229814738038,RECONSTRUCTED
2026-04-17,BANKBARODA,4.480691218934688,RECONSTRUCTED
2026-04-17,CANBK,4.153336953430504,RECONSTRUCTED
2026-04-17,FEDERALBNK,6.225427827918572,RECONSTRUCTED
2026-04-17,HDFCBANK,18.468276519561666,RECONSTRUCTED
2026-04-17,ICICIBANK,14.009787436511559,RECONSTRUCTED
2026-04-17,IDFCFIRSTB,3.932323159159068,RECONSTRUCTED
2026-04-17,INDUSINDBK,4.836950379697405,RECONSTRUCTED
2026-04-17,KOTAKBANK,9.386339728030672,RECONSTRUCTED
2026-04-17,PNB,3.4216141691589796,RECONSTRUCTED
2026-04-17,SBIN,9.737541816776574,RECONSTRUCTED
2026-04-17,UNIONBANK,3.1579111817023775,RECONSTRUCTED
2026-04-17,YESBANK,3.075412487285568,RECONSTRUCTED
2026-04-20,AUBANK,4.73222174526723,RECONSTRUCTED
2026-04-20,AXISBANK,10.377474760466846,RECONSTRUCTED
2026-04-20,BANKBARODA,4.488483601821345,RECONSTRUCTED
2026-04-20,CANBK,4.162911553104595,RECONSTRUCTED
2026-04-20,FEDERALBNK,6.236316927816976,RECONSTRUCTED
2026-04-20,HDFCBANK,18.36015605064643,RECONSTRUCTED
2026-04-20,ICICIBANK,14.103437834893743,RECONSTRUCTED
2026-04-20,IDFCFIRSTB,3.872086515221725,RECONSTRUCTED
2026-04-20,INDUSINDBK,4.824491394960254,RECONSTRUCTED
2026-04-20,KOTAKBANK,9.275958765473261,RECONSTRUCTED
2026-04-20,PNB,3.3985013684223366,RECONSTRUCTED
2026-04-20,SBIN,9.98340829631426,RECONSTRUCTED
2026-04-20,UNIONBANK,3.1633368790905614,RECONSTRUCTED
2026-04-20,YESBANK,3.0212143065004042,RECONSTRUCTED
2026-04-21,AUBANK,4.8554231686840765,RECONSTRUCTED
2026-04-21,AXISBANK,10.40849427762104,RECONSTRUCTED
2026-04-21,BANKBARODA,4.474632327620951,RECONSTRUCTED
2026-04-21,CANBK,4.149369531364737,RECONSTRUCTED
2026-04-21,FEDERALBNK,6.179788122897489,RECONSTRUCTED
2026-04-21,HDFCBANK,18.478659955587865,RECONSTRUCTED
2026-04-21,ICICIBANK,14.239690432558003,RECONSTRUCTED
2026-04-21,IDFCFIRSTB,3.8437179902801217,RECONSTRUCTED
2026-04-21,INDUSINDBK,4.782982389983779,RECONSTRUCTED
2026-04-21,KOTAKBANK,9.21953546026245,RECONSTRUCTED
2026-04-21,PNB,3.3626574227517,RECONSTRUCTED
2026-04-21,SBIN,9.881634034601,RECONSTRUCTED
2026-04-21,UNIONBANK,3.1542711074699263,RECONSTRUCTED
2026-04-21,YESBANK,2.9691437783168495,RECONSTRUCTED
2026-04-22,AUBANK,4.901315769898479,RECONSTRUCTED
2026-04-22,AXISBANK,10.467909646534991,RECONSTRUCTED
2026-04-22,BANKBARODA,4.4737264420040255,RECONSTRUCTED
2026-04-22,CANBK,4.1953292832923585,RECONSTRUCTED
2026-04-22,FEDERALBNK,6.221195039485101,RECONSTRUCTED
2026-04-22,HDFCBANK,18.28762903448625,RECONSTRUCTED
2026-04-22,ICICIBANK,14.087001647271874,RECONSTRUCTED
2026-04-22,IDFCFIRSTB,3.8853361658795973,RECONSTRUCTED
2026-04-22,INDUSINDBK,4.880505676499527,RECONSTRUCTED
2026-04-22,KOTAKBANK,9.130976499771691,RECONSTRUCTED
2026-04-22,PNB,3.3937688757037607,RECONSTRUCTED
2026-04-22,SBIN,9.848037958561138,RECONSTRUCTED
2026-04-22,UNIONBANK,3.212104346449158,RECONSTRUCTED
2026-04-22,YESBANK,3.015163614162054,RECONSTRUCTED
2026-04-23,AUBANK,5.0348298531232265,RECONSTRUCTED
2026-04-23,AXISBANK,10.543225587811609,RECONSTRUCTED
2026-04-23,BANKBARODA,4.435604525047483,RECONSTRUCTED
2026-04-23,CANBK,4.128584736601299,RECONSTRUCTED
2026-04-23,FEDERALBNK,6.289350891647529,RECONSTRUCTED
2026-04-23,HDFCBANK,18.193010891681546,RECONSTRUCTED
2026-04-23,ICICIBANK,14.087123999648204,RECONSTRUCTED
2026-04-23,IDFCFIRSTB,3.910157880171219,RECONSTRUCTED
2026-04-23,INDUSINDBK,4.896026824683989,RECONSTRUCTED
2026-04-23,KOTAKBANK,9.105266370618578,RECONSTRUCTED
2026-04-23,PNB,3.384292345496308,RECONSTRUCTED
2026-04-23,SBIN,9.909360379858628,RECONSTRUCTED
2026-04-23,UNIONBANK,3.0180137503922997,RECONSTRUCTED
2026-04-23,YESBANK,3.0651519632180704,RECONSTRUCTED
2026-04-24,AUBANK,5.09913029035445,RECONSTRUCTED
2026-04-24,AXISBANK,10.55509386381844,RECONSTRUCTED
2026-04-24,BANKBARODA,4.417017030308073,RECONSTRUCTED
2026-04-24,CANBK,4.143840039401243,RECONSTRUCTED
2026-04-24,FEDERALBNK,6.262192269531498,RECONSTRUCTED
2026-04-24,HDFCBANK,18.274469746638005,RECONSTRUCTED
2026-04-24,ICICIBANK,13.912491495187934,RECONSTRUCTED
2026-04-24,IDFCFIRSTB,3.8904427648085362,RECONSTRUCTED
2026-04-24,INDUSINDBK,4.843979685118346,RECONSTRUCTED
2026-04-24,KOTAKBANK,9.151312876449698,RECONSTRUCTED
2026-04-24,PNB,3.4087336590115145,RECONSTRUCTED
2026-04-24,SBIN,10.009658787491944,RECONSTRUCTED
2026-04-24,UNIONBANK,2.983909721419329,RECONSTRUCTED
2026-04-24,YESBANK,3.0477277704609995,RECONSTRUCTED
2026-04-27,AUBANK,4.975284832531997,RECONSTRUCTED
2026-04-27,AXISBANK,10.201144491408124,RECONSTRUCTED
2026-04-27,BANKBARODA,4.401080789084406,RECONSTRUCTED
2026-04-27,CANBK,4.121320535040292,RECONSTRUCTED
2026-04-27,FEDERALBNK,6.2651587797288775,RECONSTRUCTED
2026-04-27,HDFCBANK,18.332739691522036,RECONSTRUCTED
2026-04-27,ICICIBANK,13.742837914634439,RECONSTRUCTED
2026-04-27,IDFCFIRSTB,4.053759631672007,RECONSTRUCTED
2026-04-27,INDUSINDBK,5.126241654019677,RECONSTRUCTED
2026-04-27,KOTAKBANK,9.269325550133905,RECONSTRUCTED
2026-04-27,PNB,3.4219089070593434,RECONSTRUCTED
2026-04-27,SBIN,10.076062018588807,RECONSTRUCTED
2026-04-27,UNIONBANK,2.9595377898327264,RECONSTRUCTED
2026-04-27,YESBANK,3.0535974147433618,RECONSTRUCTED
2026-04-28,AUBANK,4.9550091700884105,RECONSTRUCTED
2026-04-28,AXISBANK,10.084824284260433,RECONSTRUCTED
2026-04-28,BANKBARODA,4.3692203974922865,RECONSTRUCTED
2026-04-28,CANBK,4.083718611411094,RECONSTRUCTED
2026-04-28,FEDERALBNK,6.2882038310695165,RECONSTRUCTED
2026-04-28,HDFCBANK,18.447709070521626,RECONSTRUCTED
2026-04-28,ICICIBANK,13.722417404784382,RECONSTRUCTED
2026-04-28,IDFCFIRSTB,4.025576565754125,RECONSTRUCTED
2026-04-28,INDUSINDBK,5.12173824663987,RECONSTRUCTED
2026-04-28,KOTAKBANK,9.442602191724475,RECONSTRUCTED
2026-04-28,PNB,3.399282765560803,RECONSTRUCTED
2026-04-28,SBIN,10.044050541994702,RECONSTRUCTED
2026-04-28,UNIONBANK,2.909766055472952,RECONSTRUCTED
2026-04-28,YESBANK,3.1058808632253165,RECONSTRUCTED
2026-04-29,AUBANK,4.929773833138459,RECONSTRUCTED
2026-04-29,AXISBANK,10.142131932767274,RECONSTRUCTED
2026-04-29,BANKBARODA,4.375818267156837,RECONSTRUCTED
2026-04-29,CANBK,4.082290414519826,RECONSTRUCTED
2026-04-29,FEDERALBNK,6.161260180691751,RECONSTRUCTED
2026-04-29,HDFCBANK,18.362957032281386,RECONSTRUCTED
2026-04-29,ICICIBANK,13.60479670901541,RECONSTRUCTED
2026-04-29,IDFCFIRSTB,4.109704852980466,RECONSTRUCTED
2026-04-29,INDUSINDBK,5.284531575827976,RECONSTRUCTED
2026-04-29,KOTAKBANK,9.543232882988386,RECONSTRUCTED
2026-04-29,PNB,3.3926774586482757,RECONSTRUCTED
2026-04-29,SBIN,10.00297395745786,RECONSTRUCTED
2026-04-29,UNIONBANK,2.8554946503261207,RECONSTRUCTED
2026-04-29,YESBANK,3.1523562521999717,RECONSTRUCTED
2026-04-30,AUBANK,4.97,OFFICIAL
2026-04-30,AXISBANK,10.02,OFFICIAL
2026-04-30,BANKBARODA,4.34,OFFICIAL
2026-04-30,CANBK,4.05,OFFICIAL
2026-04-30,FEDERALBNK,6.27,OFFICIAL
2026-04-30,HDFCBANK,18.37,OFFICIAL
2026-04-30,ICICIBANK,13.55,OFFICIAL
2026-04-30,IDFCFIRSTB,4.12,OFFICIAL
2026-04-30,INDUSINDBK,5.35,OFFICIAL
2026-04-30,KOTAKBANK,9.67,OFFICIAL
2026-04-30,PNB,3.37,OFFICIAL
2026-04-30,SBIN,9.93,OFFICIAL
2026-04-30,UNIONBANK,2.86,OFFICIAL
2026-04-30,YESBANK,3.13,OFFICIAL
2026-05-04,AUBANK,4.961861080671801,RECONSTRUCTED
2026-05-04,AXISBANK,10.070414551462845,RECONSTRUCTED
2026-05-04,BANKBARODA,4.362410161187805,RECONSTRUCTED
2026-05-04,CANBK,4.054326833043043,RECONSTRUCTED
2026-05-04,FEDERALBNK,6.310658978652508,RECONSTRUCTED
2026-05-04,HDFCBANK,18.55241106962525,RECONSTRUCTED
2026-05-04,ICICIBANK,13.626950228735085,RECONSTRUCTED
2026-05-04,IDFCFIRSTB,4.118289877942349,RECONSTRUCTED
2026-05-04,INDUSINDBK,5.334988693519736,RECONSTRUCTED
2026-05-04,KOTAKBANK,9.379923997140867,RECONSTRUCTED
2026-05-04,PNB,3.3427695097773444,RECONSTRUCTED
2026-05-04,SBIN,9.93201804974667,RECONSTRUCTED
2026-05-04,UNIONBANK,2.825247792599699,RECONSTRUCTED
2026-05-04,YESBANK,3.12772917589498,RECONSTRUCTED
2026-05-05,AUBANK,4.9531626822780455,RECONSTRUCTED
2026-05-05,AXISBANK,10.009253070193347,RECONSTRUCTED
2026-05-05,BANKBARODA,4.360777986694277,RECONSTRUCTED
2026-05-05,CANBK,4.064139908414042,RECONSTRUCTED
2026-05-05,FEDERALBNK,6.424765409350143,RECONSTRUCTED
2026-05-05,HDFCBANK,18.495131752264847,RECONSTRUCTED
2026-05-05,ICICIBANK,13.499396256280278,RECONSTRUCTED
2026-05-05,IDFCFIRSTB,4.093306037087292,RECONSTRUCTED
2026-05-05,INDUSINDBK,5.348618228998911,RECONSTRUCTED
2026-05-05,KOTAKBANK,9.429312912657092,RECONSTRUCTED
2026-05-05,PNB,3.338638775921473,RECONSTRUCTED
2026-05-05,SBIN,9.91288231926091,RECONSTRUCTED
2026-05-05,UNIONBANK,2.841897558004088,RECONSTRUCTED
2026-05-05,YESBANK,3.228717102595252,RECONSTRUCTED
2026-05-06,AUBANK,4.907282095453261,RECONSTRUCTED
2026-05-06,AXISBANK,10.019983521183274,RECONSTRUCTED
2026-05-06,BANKBARODA,4.36038987985686,RECONSTRUCTED
2026-05-06,CANBK,4.0700179342427445,RECONSTRUCTED
2026-05-06,FEDERALBNK,6.268760019172244,RECONSTRUCTED
2026-05-06,HDFCBANK,18.587265728400567,RECONSTRUCTED
2026-05-06,ICICIBANK,13.450061264695023,RECONSTRUCTED
2026-05-06,IDFCFIRSTB,4.037192160206797,RECONSTRUCTED
2026-05-06,INDUSINDBK,5.417920755601352,RECONSTRUCTED
2026-05-06,KOTAKBANK,9.317684623285496,RECONSTRUCTED
2026-05-06,PNB,3.3221717375703697,RECONSTRUCTED
2026-05-06,SBIN,9.987957454207596,RECONSTRUCTED
2026-05-06,UNIONBANK,2.8538325397595607,RECONSTRUCTED
2026-05-06,YESBANK,3.399480286364853,RECONSTRUCTED
2026-05-07,AUBANK,4.941676646048627,RECONSTRUCTED
2026-05-07,AXISBANK,9.996514990514669,RECONSTRUCTED
2026-05-07,BANKBARODA,4.356030502555887,RECONSTRUCTED
2026-05-07,CANBK,4.0030586226625395,RECONSTRUCTED
2026-05-07,FEDERALBNK,6.347881951756175,RECONSTRUCTED
2026-05-07,HDFCBANK,18.5535950495777,RECONSTRUCTED
2026-05-07,ICICIBANK,13.428879528829322,RECONSTRUCTED
2026-05-07,IDFCFIRSTB,4.0787661922828296,RECONSTRUCTED
2026-05-07,INDUSINDBK,5.412646249715737,RECONSTRUCTED
2026-05-07,KOTAKBANK,9.375841967670414,RECONSTRUCTED
2026-05-07,PNB,3.286011870626113,RECONSTRUCTED
2026-05-07,SBIN,9.939717215210507,RECONSTRUCTED
2026-05-07,UNIONBANK,2.825621489395257,RECONSTRUCTED
2026-05-07,YESBANK,3.453757723154215,RECONSTRUCTED
2026-05-08,AUBANK,5.094816974738887,RECONSTRUCTED
2026-05-08,AXISBANK,9.938490130585969,RECONSTRUCTED
2026-05-08,BANKBARODA,4.3087517623341185,RECONSTRUCTED
2026-05-08,CANBK,4.008939689568657,RECONSTRUCTED
2026-05-08,FEDERALBNK,6.436780416878654,RECONSTRUCTED
2026-05-08,HDFCBANK,18.441782128856296,RECONSTRUCTED
2026-05-08,ICICIBANK,13.456702023005912,RECONSTRUCTED
2026-05-08,IDFCFIRSTB,4.184775361480749,RECONSTRUCTED
2026-05-08,INDUSINDBK,5.506764137231413,RECONSTRUCTED
2026-05-08,KOTAKBANK,9.535806664450911,RECONSTRUCTED
2026-05-08,PNB,3.2727205467809757,RECONSTRUCTED
2026-05-08,SBIN,9.401582476495363,RECONSTRUCTED
2026-05-08,UNIONBANK,2.845463641939491,RECONSTRUCTED
2026-05-08,YESBANK,3.5666240456526186,RECONSTRUCTED
2026-05-11,AUBANK,5.033380283643215,RECONSTRUCTED
2026-05-11,AXISBANK,10.129265661073921,RECONSTRUCTED
2026-05-11,BANKBARODA,4.412490023922209,RECONSTRUCTED
2026-05-11,CANBK,3.9241820423322693,RECONSTRUCTED
2026-05-11,FEDERALBNK,6.434109865324119,RECONSTRUCTED
2026-05-11,HDFCBANK,18.323973054649272,RECONSTRUCTED
2026-05-11,ICICIBANK,13.689188278821895,RECONSTRUCTED
2026-05-11,IDFCFIRSTB,4.129400464207618,RECONSTRUCTED
2026-05-11,INDUSINDBK,5.427406694761101,RECONSTRUCTED
2026-05-11,KOTAKBANK,9.694657700716906,RECONSTRUCTED
2026-05-11,PNB,3.2438207644862027,RECONSTRUCTED
2026-05-11,SBIN,9.123668923440093,RECONSTRUCTED
2026-05-11,UNIONBANK,2.8487080112542067,RECONSTRUCTED
2026-05-11,YESBANK,3.585748231366975,RECONSTRUCTED
2026-05-12,AUBANK,5.0073259376038814,RECONSTRUCTED
2026-05-12,AXISBANK,10.197862920488628,RECONSTRUCTED
2026-05-12,BANKBARODA,4.383365101060848,RECONSTRUCTED
2026-05-12,CANBK,4.006883145589944,RECONSTRUCTED
2026-05-12,FEDERALBNK,6.369312474339366,RECONSTRUCTED
2026-05-12,HDFCBANK,18.30470669079817,RECONSTRUCTED
2026-05-12,ICICIBANK,13.628537783482454,RECONSTRUCTED
2026-05-12,IDFCFIRSTB,4.104228022475232,RECONSTRUCTED
2026-05-12,INDUSINDBK,5.34089923416497,RECONSTRUCTED
2026-05-12,KOTAKBANK,9.72420447834661,RECONSTRUCTED
2026-05-12,PNB,3.2394141217710253,RECONSTRUCTED
2026-05-12,SBIN,9.283913451526574,RECONSTRUCTED
2026-05-12,UNIONBANK,2.8671295998595356,RECONSTRUCTED
2026-05-12,YESBANK,3.5422170384927574,RECONSTRUCTED
2026-05-13,AUBANK,4.992512925053455,RECONSTRUCTED
2026-05-13,AXISBANK,10.181080230144207,RECONSTRUCTED
2026-05-13,BANKBARODA,4.420204579279231,RECONSTRUCTED
2026-05-13,CANBK,3.9911484139609406,RECONSTRUCTED
2026-05-13,FEDERALBNK,6.274685383525302,RECONSTRUCTED
2026-05-13,HDFCBANK,18.317845743906265,RECONSTRUCTED
2026-05-13,ICICIBANK,13.602045577160826,RECONSTRUCTED
2026-05-13,IDFCFIRSTB,4.149498789153233,RECONSTRUCTED
2026-05-13,INDUSINDBK,5.348695981016173,RECONSTRUCTED
2026-05-13,KOTAKBANK,9.784970797520836,RECONSTRUCTED
2026-05-13,PNB,3.2450995301258807,RECONSTRUCTED
2026-05-13,SBIN,9.258166521502508,RECONSTRUCTED
2026-05-13,UNIONBANK,2.8772228899544547,RECONSTRUCTED
2026-05-13,YESBANK,3.5568226376966763,RECONSTRUCTED
2026-05-14,AUBANK,4.979523417936249,RECONSTRUCTED
2026-05-14,AXISBANK,10.045723129258361,RECONSTRUCTED
2026-05-14,BANKBARODA,4.467866206247266,RECONSTRUCTED
2026-05-14,CANBK,3.9897181562756767,RECONSTRUCTED
2026-05-14,FEDERALBNK,6.2011174177656,RECONSTRUCTED
2026-05-14,HDFCBANK,18.571612681034413,RECONSTRUCTED
2026-05-14,ICICIBANK,13.546039073996408,RECONSTRUCTED
2026-05-14,IDFCFIRSTB,4.112320873843081,RECONSTRUCTED
2026-05-14,INDUSINDBK,5.373356563138701,RECONSTRUCTED
2026-05-14,KOTAKBANK,9.805359042432926,RECONSTRUCTED
2026-05-14,PNB,3.2624535445945875,RECONSTRUCTED
2026-05-14,SBIN,9.235452874716826,RECONSTRUCTED
2026-05-14,UNIONBANK,2.8841355588137847,RECONSTRUCTED
2026-05-14,YESBANK,3.525321459946116,RECONSTRUCTED
2026-05-15,AUBANK,4.947395296723717,RECONSTRUCTED
2026-05-15,AXISBANK,10.044914764853177,RECONSTRUCTED
2026-05-15,BANKBARODA,4.395071301346769,RECONSTRUCTED
2026-05-15,CANBK,3.935680602415993,RECONSTRUCTED
2026-05-15,FEDERALBNK,6.272848818758445,RECONSTRUCTED
2026-05-15,HDFCBANK,18.666457869988225,RECONSTRUCTED
2026-05-15,ICICIBANK,13.635150558228545,RECONSTRUCTED
2026-05-15,IDFCFIRSTB,4.090547594539979,RECONSTRUCTED
2026-05-15,INDUSINDBK,5.286985833054404,RECONSTRUCTED
2026-05-15,KOTAKBANK,9.981040718720827,RECONSTRUCTED
2026-05-15,PNB,3.207106520454142,RECONSTRUCTED
2026-05-15,SBIN,9.148790189332466,RECONSTRUCTED
2026-05-15,UNIONBANK,2.854433327723557,RECONSTRUCTED
2026-05-15,YESBANK,3.5335766038597582,RECONSTRUCTED
2026-05-18,AUBANK,4.905780767159279,RECONSTRUCTED
2026-05-18,AXISBANK,10.021565093113496,RECONSTRUCTED
2026-05-18,BANKBARODA,4.386524025357132,RECONSTRUCTED
2026-05-18,CANBK,3.8506867237298827,RECONSTRUCTED
2026-05-18,FEDERALBNK,6.35243564628058,RECONSTRUCTED
2026-05-18,HDFCBANK,18.754931154168563,RECONSTRUCTED
2026-05-18,ICICIBANK,13.751826149355065,RECONSTRUCTED
2026-05-18,IDFCFIRSTB,4.100146817218181,RECONSTRUCTED
2026-05-18,INDUSINDBK,5.33850423492528,RECONSTRUCTED
2026-05-18,KOTAKBANK,10.13623100737654,RECONSTRUCTED
2026-05-18,PNB,3.1367732019800822,RECONSTRUCTED
2026-05-18,SBIN,8.951608136497347,RECONSTRUCTED
2026-05-18,UNIONBANK,2.809736841512176,RECONSTRUCTED
2026-05-18,YESBANK,3.503250201326403,RECONSTRUCTED
2026-05-19,AUBANK,4.881874629850696,RECONSTRUCTED
2026-05-19,AXISBANK,10.048829031943454,RECONSTRUCTED
2026-05-19,BANKBARODA,4.406336513161712,RECONSTRUCTED
2026-05-19,CANBK,3.8985454326193008,RECONSTRUCTED
2026-05-19,FEDERALBNK,6.427087059503789,RECONSTRUCTED
2026-05-19,HDFCBANK,18.648238166681544,RECONSTRUCTED
2026-05-19,ICICIBANK,13.671297363445476,RECONSTRUCTED
2026-05-19,IDFCFIRSTB,4.123350962337057,RECONSTRUCTED
2026-05-19,INDUSINDBK,5.369893061910007,RECONSTRUCTED
2026-05-19,KOTAKBANK,9.905084344314382,RECONSTRUCTED
2026-05-19,PNB,3.2014942723640494,RECONSTRUCTED
2026-05-19,SBIN,9.062849711347525,RECONSTRUCTED
2026-05-19,UNIONBANK,2.8177115404495634,RECONSTRUCTED
2026-05-19,YESBANK,3.537407910071469,RECONSTRUCTED
2026-05-20,AUBANK,4.878445551768819,RECONSTRUCTED
2026-05-20,AXISBANK,10.11317610719527,RECONSTRUCTED
2026-05-20,BANKBARODA,4.44348517627178,RECONSTRUCTED
2026-05-20,CANBK,3.933939260687473,RECONSTRUCTED
2026-05-20,FEDERALBNK,6.482517193266703,RECONSTRUCTED
2026-05-20,HDFCBANK,18.523015145177165,RECONSTRUCTED
2026-05-20,ICICIBANK,13.593785821484522,RECONSTRUCTED
2026-05-20,IDFCFIRSTB,4.135824219067532,RECONSTRUCTED
2026-05-20,INDUSINDBK,5.365915558981691,RECONSTRUCTED
2026-05-20,KOTAKBANK,9.909109538933029,RECONSTRUCTED
2026-05-20,PNB,3.221340447471667,RECONSTRUCTED
2026-05-20,SBIN,9.05695927201164,RECONSTRUCTED
2026-05-20,UNIONBANK,2.810368481483498,RECONSTRUCTED
2026-05-20,YESBANK,3.5321182261992226,RECONSTRUCTED
2026-05-21,AUBANK,4.812845622621195,RECONSTRUCTED
2026-05-21,AXISBANK,10.164798830401867,RECONSTRUCTED
2026-05-21,BANKBARODA,4.446090125689497,RECONSTRUCTED
2026-05-21,CANBK,3.9525527876509448,RECONSTRUCTED
2026-05-21,FEDERALBNK,6.359574084015497,RECONSTRUCTED
2026-05-21,HDFCBANK,18.557018414969885,RECONSTRUCTED
2026-05-21,ICICIBANK,13.685584592840403,RECONSTRUCTED
2026-05-21,IDFCFIRSTB,4.150796338466022,RECONSTRUCTED
2026-05-21,INDUSINDBK,5.395029859055089,RECONSTRUCTED
2026-05-21,KOTAKBANK,9.870968989560168,RECONSTRUCTED
2026-05-21,PNB,3.219265999431553,RECONSTRUCTED
2026-05-21,SBIN,9.077768714843554,RECONSTRUCTED
2026-05-21,UNIONBANK,2.8366674285096254,RECONSTRUCTED
2026-05-21,YESBANK,3.4710382119447054,RECONSTRUCTED
2026-05-22,AUBANK,4.8532899002538095,RECONSTRUCTED
2026-05-22,AXISBANK,10.306343843362264,RECONSTRUCTED
2026-05-22,BANKBARODA,4.433849176323701,RECONSTRUCTED
2026-05-22,CANBK,3.9154504704650086,RECONSTRUCTED
2026-05-22,FEDERALBNK,6.3635458816043196,RECONSTRUCTED
2026-05-22,HDFCBANK,18.530421158942367,RECONSTRUCTED
2026-05-22,ICICIBANK,13.763688348090461,RECONSTRUCTED
2026-05-22,IDFCFIRSTB,4.13834261500853,RECONSTRUCTED
2026-05-22,INDUSINDBK,5.394001070179649,RECONSTRUCTED
2026-05-22,KOTAKBANK,9.843039969425972,RECONSTRUCTED
2026-05-22,PNB,3.205688293159271,RECONSTRUCTED
2026-05-22,SBIN,8.958278897109508,RECONSTRUCTED
2026-05-22,UNIONBANK,2.814850590117247,RECONSTRUCTED
2026-05-22,YESBANK,3.4792097859578903,RECONSTRUCTED
2026-05-25,AUBANK,4.848436669614884,RECONSTRUCTED
2026-05-25,AXISBANK,10.27778017676698,RECONSTRUCTED
2026-05-25,BANKBARODA,4.4464348981568165,RECONSTRUCTED
2026-05-25,CANBK,3.9910535213934146,RECONSTRUCTED
2026-05-25,FEDERALBNK,6.265448492545303,RECONSTRUCTED
2026-05-25,HDFCBANK,18.589135250714715,RECONSTRUCTED
2026-05-25,ICICIBANK,13.748142495627965,RECONSTRUCTED
2026-05-25,IDFCFIRSTB,4.079736706768954,RECONSTRUCTED
2026-05-25,INDUSINDBK,5.365620978141843,RECONSTRUCTED
2026-05-25,KOTAKBANK,9.840546567332657,RECONSTRUCTED
2026-05-25,PNB,3.2437986977139768,RECONSTRUCTED
2026-05-25,SBIN,8.94588907245252,RECONSTRUCTED
2026-05-25,UNIONBANK,2.8913587427139857,RECONSTRUCTED
2026-05-25,YESBANK,3.4666177300559724,RECONSTRUCTED
2026-05-26,AUBANK,4.926976356144181,RECONSTRUCTED
2026-05-26,AXISBANK,10.221621277932565,RECONSTRUCTED
2026-05-26,BANKBARODA,4.434774596947793,RECONSTRUCTED
2026-05-26,CANBK,3.9891216329565258,RECONSTRUCTED
2026-05-26,FEDERALBNK,6.308936668506003,RECONSTRUCTED
2026-05-26,HDFCBANK,18.468384394728428,RECONSTRUCTED
2026-05-26,ICICIBANK,13.662595380489249,RECONSTRUCTED
2026-05-26,IDFCFIRSTB,4.13940714960058,RECONSTRUCTED
2026-05-26,INDUSINDBK,5.42122902198453,RECONSTRUCTED
2026-05-26,KOTAKBANK,9.77082193466869,RECONSTRUCTED
2026-05-26,PNB,3.2448977392617198,RECONSTRUCTED
2026-05-26,SBIN,8.96830749032346,RECONSTRUCTED
2026-05-26,UNIONBANK,2.8793853541128116,RECONSTRUCTED
2026-05-26,YESBANK,3.563541002343482,RECONSTRUCTED
2026-05-27,AUBANK,4.915193599798137,RECONSTRUCTED
2026-05-27,AXISBANK,10.304098603806073,RECONSTRUCTED
2026-05-27,BANKBARODA,4.460688863303259,RECONSTRUCTED
2026-05-27,CANBK,4.036899346690969,RECONSTRUCTED
2026-05-27,FEDERALBNK,6.308049101892098,RECONSTRUCTED
2026-05-27,HDFCBANK,18.06664151511238,RECONSTRUCTED
2026-05-27,ICICIBANK,13.653484941482006,RECONSTRUCTED
2026-05-27,IDFCFIRSTB,4.232048418812496,RECONSTRUCTED
2026-05-27,INDUSINDBK,5.444857502072656,RECONSTRUCTED
2026-05-27,KOTAKBANK,9.814670657749033,RECONSTRUCTED
2026-05-27,PNB,3.282427221139079,RECONSTRUCTED
2026-05-27,SBIN,9.000885696813379,RECONSTRUCTED
2026-05-27,UNIONBANK,2.9119557422217968,RECONSTRUCTED
2026-05-27,YESBANK,3.5680987891066427,RECONSTRUCTED
2026-05-29,AUBANK,4.87,OFFICIAL
2026-05-29,AXISBANK,10.28,OFFICIAL
2026-05-29,BANKBARODA,4.47,OFFICIAL
2026-05-29,CANBK,3.98,OFFICIAL
2026-05-29,FEDERALBNK,6.38,OFFICIAL
2026-05-29,HDFCBANK,17.93,OFFICIAL
2026-05-29,ICICIBANK,13.63,OFFICIAL
2026-05-29,IDFCFIRSTB,4.27,OFFICIAL
2026-05-29,INDUSINDBK,5.4,OFFICIAL
2026-05-29,KOTAKBANK,9.81,OFFICIAL
2026-05-29,PNB,3.3,OFFICIAL
2026-05-29,SBIN,9.07,OFFICIAL
2026-05-29,UNIONBANK,2.93,OFFICIAL
2026-05-29,YESBANK,3.67,OFFICIAL
2026-06-01,AUBANK,4.63753748475497,RECONSTRUCTED
2026-06-01,AXISBANK,9.724452075894398,RECONSTRUCTED
2026-06-01,BANKBARODA,4.151550747571135,RECONSTRUCTED
2026-06-01,CANBK,3.6088384626684116,RECONSTRUCTED
2026-06-01,FEDERALBNK,6.2289984310242446,RECONSTRUCTED
2026-06-01,HDFCBANK,19.212027607081207,RECONSTRUCTED
2026-06-01,ICICIBANK,13.651869842833793,RECONSTRUCTED
2026-06-01,IDFCFIRSTB,4.179622025623083,RECONSTRUCTED
2026-06-01,INDUSINDBK,5.203670832156735,RECONSTRUCTED
2026-06-01,KOTAKBANK,9.580027874572542,RECONSTRUCTED
2026-06-01,PNB,3.297823144608968,RECONSTRUCTED
2026-06-01,SBIN,9.956612648727504,RECONSTRUCTED
2026-06-01,UNIONBANK,2.9438008532553064,RECONSTRUCTED
2026-06-01,YESBANK,3.623167969227699,RECONSTRUCTED
2026-06-02,AUBANK,4.665823663491529,RECONSTRUCTED
2026-06-02,AXISBANK,9.52187346201555,RECONSTRUCTED
2026-06-02,BANKBARODA,4.168385644834963,RECONSTRUCTED
2026-06-02,CANBK,3.6352480221920302,RECONSTRUCTED
2026-06-02,FEDERALBNK,6.3248153272507865,RECONSTRUCTED
2026-06-02,HDFCBANK,19.328065217528792,RECONSTRUCTED
2026-06-02,ICICIBANK,13.488398149095993,RECONSTRUCTED
2026-06-02,IDFCFIRSTB,4.193593993915925,RECONSTRUCTED
2026-06-02,INDUSINDBK,5.261716945507802,RECONSTRUCTED
2026-06-02,KOTAKBANK,9.608227035879235,RECONSTRUCTED
2026-06-02,PNB,3.302969645582976,RECONSTRUCTED
2026-06-02,SBIN,9.969024662762852,RECONSTRUCTED
2026-06-02,UNIONBANK,2.942145957203883,RECONSTRUCTED
2026-06-02,YESBANK,3.589712272737717,RECONSTRUCTED
2026-06-03,AUBANK,4.5971725776754315,RECONSTRUCTED
2026-06-03,AXISBANK,9.46924865844559,RECONSTRUCTED
2026-06-03,BANKBARODA,4.179219336345578,RECONSTRUCTED
2026-06-03,CANBK,3.6806746755272424,RECONSTRUCTED
2026-06-03,FEDERALBNK,6.440461139452214,RECONSTRUCTED
2026-06-03,HDFCBANK,19.296723288068822,RECONSTRUCTED
2026-06-03,ICICIBANK,13.53789749008956,RECONSTRUCTED
2026-06-03,IDFCFIRSTB,4.167826983237411,RECONSTRUCTED
2026-06-03,INDUSINDBK,5.143813317195206,RECONSTRUCTED
2026-06-03,KOTAKBANK,9.572909211944399,RECONSTRUCTED
2026-06-03,PNB,3.327771136336244,RECONSTRUCTED
2026-06-03,SBIN,10.024090243069471,RECONSTRUCTED
2026-06-03,UNIONBANK,2.9883940209942486,RECONSTRUCTED
2026-06-03,YESBANK,3.5737979216185662,RECONSTRUCTED
2026-06-04,AUBANK,4.5462015354689935,RECONSTRUCTED
2026-06-04,AXISBANK,9.43318062008054,RECONSTRUCTED
2026-06-04,BANKBARODA,4.207609601868231,RECONSTRUCTED
2026-06-04,CANBK,3.707585097028572,RECONSTRUCTED
2026-06-04,FEDERALBNK,6.405379240331152,RECONSTRUCTED
2026-06-04,HDFCBANK,19.266415128110147,RECONSTRUCTED
2026-06-04,ICICIBANK,13.612265073044249,RECONSTRUCTED
2026-06-04,IDFCFIRSTB,4.180259788360801,RECONSTRUCTED
2026-06-04,INDUSINDBK,5.1505222307482414,RECONSTRUCTED
2026-06-04,KOTAKBANK,9.563437559658725,RECONSTRUCTED
2026-06-04,PNB,3.3160419054401173,RECONSTRUCTED
2026-06-04,SBIN,10.091736527763095,RECONSTRUCTED
2026-06-04,UNIONBANK,2.9786627836129327,RECONSTRUCTED
2026-06-04,YESBANK,3.5407029084842017,RECONSTRUCTED
2026-06-05,AUBANK,4.572612622126973,RECONSTRUCTED
2026-06-05,AXISBANK,9.558791586796977,RECONSTRUCTED
2026-06-05,BANKBARODA,4.082311389035186,RECONSTRUCTED
2026-06-05,CANBK,3.775634302743157,RECONSTRUCTED
2026-06-05,FEDERALBNK,6.480030176897852,RECONSTRUCTED
2026-06-05,HDFCBANK,19.04909776598089,RECONSTRUCTED
2026-06-05,ICICIBANK,13.700432178111505,RECONSTRUCTED
2026-06-05,IDFCFIRSTB,4.183652829487207,RECONSTRUCTED
2026-06-05,INDUSINDBK,5.150273401063669,RECONSTRUCTED
2026-06-05,KOTAKBANK,9.444723955307534,RECONSTRUCTED
2026-06-05,PNB,3.3469805169834173,RECONSTRUCTED
2026-06-05,SBIN,10.057459527140944,RECONSTRUCTED
2026-06-05,UNIONBANK,2.9814642425674456,RECONSTRUCTED
2026-06-05,YESBANK,3.6165355057572466,RECONSTRUCTED
2026-06-08,AUBANK,4.558673375488236,RECONSTRUCTED
2026-06-08,AXISBANK,9.602199625043495,RECONSTRUCTED
2026-06-08,BANKBARODA,4.045000003607234,RECONSTRUCTED
2026-06-08,CANBK,3.6960654807405615,RECONSTRUCTED
2026-06-08,FEDERALBNK,6.540679503579938,RECONSTRUCTED
2026-06-08,HDFCBANK,18.983103048981093,RECONSTRUCTED
2026-06-08,ICICIBANK,13.678036471981567,RECONSTRUCTED
2026-06-08,IDFCFIRSTB,4.162953075669582,RECONSTRUCTED
2026-06-08,INDUSINDBK,5.134861706201465,RECONSTRUCTED
2026-06-08,KOTAKBANK,9.510210599673767,RECONSTRUCTED
2026-06-08,PNB,3.337324933319405,RECONSTRUCTED
2026-06-08,SBIN,10.180657225109398,RECONSTRUCTED
2026-06-08,UNIONBANK,2.9721748724035413,RECONSTRUCTED
2026-06-08,YESBANK,3.5980600782007084,RECONSTRUCTED
2026-06-09,AUBANK,4.558477796071792,RECONSTRUCTED
2026-06-09,AXISBANK,9.589766508875456,RECONSTRUCTED
2026-06-09,BANKBARODA,4.185503842307729,RECONSTRUCTED
2026-06-09,CANBK,3.7756356168268725,RECONSTRUCTED
2026-06-09,FEDERALBNK,6.630331292834976,RECONSTRUCTED
2026-06-09,HDFCBANK,18.594505709727223,RECONSTRUCTED
2026-06-09,ICICIBANK,13.669363843082072,RECONSTRUCTED
2026-06-09,IDFCFIRSTB,4.208460718179501,RECONSTRUCTED
2026-06-09,INDUSINDBK,5.1877960757612085,RECONSTRUCTED
2026-06-09,KOTAKBANK,9.432995292048275,RECONSTRUCTED
2026-06-09,PNB,3.392227043543376,RECONSTRUCTED
2026-06-09,SBIN,10.187117411161106,RECONSTRUCTED
2026-06-09,UNIONBANK,3.0052615697672116,RECONSTRUCTED
2026-06-09,YESBANK,3.582557279813207,RECONSTRUCTED
2026-06-10,AUBANK,4.4747781516334415,RECONSTRUCTED
2026-06-10,AXISBANK,9.767310619173593,RECONSTRUCTED
2026-06-10,BANKBARODA,4.123189503638773,RECONSTRUCTED
2026-06-10,CANBK,3.6695282699517557,RECONSTRUCTED
2026-06-10,FEDERALBNK,6.555263628051135,RECONSTRUCTED
2026-06-10,HDFCBANK,18.834715711276022,RECONSTRUCTED
2026-06-10,ICICIBANK,13.884834942026425,RECONSTRUCTED
2026-06-10,IDFCFIRSTB,4.174278394847419,RECONSTRUCTED
2026-06-10,INDUSINDBK,4.9762974961158415,RECONSTRUCTED
2026-06-10,KOTAKBANK,9.604492585071839,RECONSTRUCTED
2026-06-10,PNB,3.320112745959375,RECONSTRUCTED
2026-06-10,SBIN,10.206874860349528,RECONSTRUCTED
2026-06-10,UNIONBANK,2.938988433352491,RECONSTRUCTED
2026-06-10,YESBANK,3.469334658552354,RECONSTRUCTED
2026-06-11,AUBANK,4.487773931178234,RECONSTRUCTED
2026-06-11,AXISBANK,9.774761577912917,RECONSTRUCTED
2026-06-11,BANKBARODA,4.091571300316601,RECONSTRUCTED
2026-06-11,CANBK,3.6112536172383143,RECONSTRUCTED
2026-06-11,FEDERALBNK,6.517912685917092,RECONSTRUCTED
2026-06-11,HDFCBANK,18.75235380282796,RECONSTRUCTED
2026-06-11,ICICIBANK,14.11998681276065,RECONSTRUCTED
2026-06-11,IDFCFIRSTB,4.1662988132745165,RECONSTRUCTED
2026-06-11,INDUSINDBK,4.997617827853332,RECONSTRUCTED
2026-06-11,KOTAKBANK,9.721135791615634,RECONSTRUCTED
2026-06-11,PNB,3.2846453966847746,RECONSTRUCTED
2026-06-11,SBIN,10.167041445248284,RECONSTRUCTED
2026-06-11,UNIONBANK,2.9013000312876915,RECONSTRUCTED
2026-06-11,YESBANK,3.4063469658840155,RECONSTRUCTED
2026-06-12,AUBANK,4.6045661543221295,RECONSTRUCTED
2026-06-12,AXISBANK,9.795274723549204,RECONSTRUCTED
2026-06-12,BANKBARODA,4.088660904939369,RECONSTRUCTED
2026-06-12,CANBK,3.5187823361884627,RECONSTRUCTED
2026-06-12,FEDERALBNK,6.4656349869199135,RECONSTRUCTED
2026-06-12,HDFCBANK,18.934006065105585,RECONSTRUCTED
2026-06-12,ICICIBANK,13.991101118713898,RECONSTRUCTED
2026-06-12,IDFCFIRSTB,4.252319929711133,RECONSTRUCTED
2026-06-12,INDUSINDBK,5.019496447270913,RECONSTRUCTED
2026-06-12,KOTAKBANK,9.700753188238782,RECONSTRUCTED
2026-06-12,PNB,3.218270146720955,RECONSTRUCTED
2026-06-12,SBIN,10.058079767421688,RECONSTRUCTED
2026-06-12,UNIONBANK,2.9183485754294898,RECONSTRUCTED
2026-06-12,YESBANK,3.434705655468466,RECONSTRUCTED
2026-06-15,AUBANK,4.655694064047063,RECONSTRUCTED
2026-06-15,AXISBANK,9.816695736697925,RECONSTRUCTED
2026-06-15,BANKBARODA,4.08088435971229,RECONSTRUCTED
2026-06-15,CANBK,3.5096205722717544,RECONSTRUCTED
2026-06-15,FEDERALBNK,6.451429973297691,RECONSTRUCTED
2026-06-15,HDFCBANK,18.928311811279507,RECONSTRUCTED
2026-06-15,ICICIBANK,13.761896337402346,RECONSTRUCTED
2026-06-15,IDFCFIRSTB,4.325295342519256,RECONSTRUCTED
2026-06-15,INDUSINDBK,5.072510565732759,RECONSTRUCTED
2026-06-15,KOTAKBANK,9.695247628595435,RECONSTRUCTED
2026-06-15,PNB,3.2293273572570995,RECONSTRUCTED
2026-06-15,SBIN,10.028019032396156,RECONSTRUCTED
2026-06-15,UNIONBANK,2.920391225915011,RECONSTRUCTED
2026-06-15,YESBANK,3.524675992875709,RECONSTRUCTED
2026-06-16,AUBANK,4.600136186001034,RECONSTRUCTED
2026-06-16,AXISBANK,9.780475822721826,RECONSTRUCTED
2026-06-16,BANKBARODA,4.063238254026351,RECONSTRUCTED
2026-06-16,CANBK,3.520023440319977,RECONSTRUCTED
2026-06-16,FEDERALBNK,6.510943617422615,RECONSTRUCTED
2026-06-16,HDFCBANK,19.07788729011184,RECONSTRUCTED
2026-06-16,ICICIBANK,13.806550805845053,RECONSTRUCTED
2026-06-16,IDFCFIRSTB,4.271791177519068,RECONSTRUCTED
2026-06-16,INDUSINDBK,5.024350031603272,RECONSTRUCTED
2026-06-16,KOTAKBANK,9.727954150678725,RECONSTRUCTED
2026-06-16,PNB,3.22383620388095,RECONSTRUCTED
2026-06-16,SBIN,9.955619129706465,RECONSTRUCTED
2026-06-16,UNIONBANK,2.902562167330151,RECONSTRUCTED
2026-06-16,YESBANK,3.5346317228326942,RECONSTRUCTED
2026-06-17,AUBANK,4.566911938659796,RECONSTRUCTED
2026-06-17,AXISBANK,9.625780986121287,RECONSTRUCTED
2026-06-17,BANKBARODA,4.138217822697717,RECONSTRUCTED
2026-06-17,CANBK,3.5658465067474276,RECONSTRUCTED
2026-06-17,FEDERALBNK,6.520598831378177,RECONSTRUCTED
2026-06-17,HDFCBANK,19.035047369672174,RECONSTRUCTED
2026-06-17,ICICIBANK,13.76278248651166,RECONSTRUCTED
2026-06-17,IDFCFIRSTB,4.243704519538669,RECONSTRUCTED
2026-06-17,INDUSINDBK,5.054121031613856,RECONSTRUCTED
2026-06-17,KOTAKBANK,9.599479251318305,RECONSTRUCTED
2026-06-17,PNB,3.2343438558581608,RECONSTRUCTED
2026-06-17,SBIN,10.01476910651064,RECONSTRUCTED
2026-06-17,UNIONBANK,2.941963336164156,RECONSTRUCTED
2026-06-17,YESBANK,3.6964329572079637,RECONSTRUCTED
2026-06-18,AUBANK,4.555878413847416,RECONSTRUCTED
2026-06-18,AXISBANK,9.625491173749303,RECONSTRUCTED
2026-06-18,BANKBARODA,4.126872279751477,RECONSTRUCTED
2026-06-18,CANBK,3.534549073977189,RECONSTRUCTED
2026-06-18,FEDERALBNK,6.4311416823712,RECONSTRUCTED
2026-06-18,HDFCBANK,19.191552747524895,RECONSTRUCTED
2026-06-18,ICICIBANK,13.725516133101156,RECONSTRUCTED
2026-06-18,IDFCFIRSTB,4.2535458629340255,RECONSTRUCTED
2026-06-18,INDUSINDBK,5.033455531954114,RECONSTRUCTED
2026-06-18,KOTAKBANK,9.497725061987937,RECONSTRUCTED
2026-06-18,PNB,3.2333189524007495,RECONSTRUCTED
2026-06-18,SBIN,10.103704730312568,RECONSTRUCTED
2026-06-18,UNIONBANK,2.9618318894534044,RECONSTRUCTED
2026-06-18,YESBANK,3.7254164666345693,RECONSTRUCTED
2026-06-19,AUBANK,4.613725034211696,RECONSTRUCTED
2026-06-19,AXISBANK,9.659401639327651,RECONSTRUCTED
2026-06-19,BANKBARODA,4.119538434594655,RECONSTRUCTED
2026-06-19,CANBK,3.5203712329128485,RECONSTRUCTED
2026-06-19,FEDERALBNK,6.534858113406516,RECONSTRUCTED
2026-06-19,HDFCBANK,18.826818776431047,RECONSTRUCTED
2026-06-19,ICICIBANK,13.839354332196585,RECONSTRUCTED
2026-06-19,IDFCFIRSTB,4.307749343543995,RECONSTRUCTED
2026-06-19,INDUSINDBK,5.106260453379955,RECONSTRUCTED
2026-06-19,KOTAKBANK,9.458967535771398,RECONSTRUCTED
2026-06-19,PNB,3.2259435017608626,RECONSTRUCTED
2026-06-19,SBIN,10.081704355093658,RECONSTRUCTED
2026-06-19,UNIONBANK,2.970996557262999,RECONSTRUCTED
2026-06-19,YESBANK,3.734310690106151,RECONSTRUCTED
2026-06-22,AUBANK,4.646889155017809,RECONSTRUCTED
2026-06-22,AXISBANK,9.622079123176398,RECONSTRUCTED
2026-06-22,BANKBARODA,4.174474370311669,RECONSTRUCTED
2026-06-22,CANBK,3.53326608556208,RECONSTRUCTED
2026-06-22,FEDERALBNK,6.495208118101428,RECONSTRUCTED
2026-06-22,HDFCBANK,18.903059161979677,RECONSTRUCTED
2026-06-22,ICICIBANK,13.839152994839157,RECONSTRUCTED
2026-06-22,IDFCFIRSTB,4.398460199987567,RECONSTRUCTED
2026-06-22,INDUSINDBK,4.942250421686594,RECONSTRUCTED
2026-06-22,KOTAKBANK,9.485970299966134,RECONSTRUCTED
2026-06-22,PNB,3.242237660080781,RECONSTRUCTED
2026-06-22,SBIN,10.092364935739703,RECONSTRUCTED
2026-06-22,UNIONBANK,2.972465772505254,RECONSTRUCTED
2026-06-22,YESBANK,3.65212170104574,RECONSTRUCTED
2026-06-23,AUBANK,4.623822346568192,RECONSTRUCTED
2026-06-23,AXISBANK,9.783919375224947,RECONSTRUCTED
2026-06-23,BANKBARODA,4.107452006940999,RECONSTRUCTED
2026-06-23,CANBK,3.4616256233983003,RECONSTRUCTED
2026-06-23,FEDERALBNK,6.509501105564722,RECONSTRUCTED
2026-06-23,HDFCBANK,18.86576947258542,RECONSTRUCTED
2026-06-23,ICICIBANK,13.87516753903487,RECONSTRUCTED
2026-06-23,IDFCFIRSTB,4.34922547240799,RECONSTRUCTED
2026-06-23,INDUSINDBK,4.92250791011534,RECONSTRUCTED
2026-06-23,KOTAKBANK,9.598908861383165,RECONSTRUCTED
2026-06-23,PNB,3.2140193788543243,RECONSTRUCTED
2026-06-23,SBIN,10.062634709420236,RECONSTRUCTED
2026-06-23,UNIONBANK,2.986022940963232,RECONSTRUCTED
2026-06-23,YESBANK,3.639423257538265,RECONSTRUCTED
2026-06-24,AUBANK,4.727628964275706,RECONSTRUCTED
2026-06-24,AXISBANK,9.768831042061352,RECONSTRUCTED
2026-06-24,BANKBARODA,4.069443939066864,RECONSTRUCTED
2026-06-24,CANBK,3.3981184957687844,RECONSTRUCTED
2026-06-24,FEDERALBNK,6.5069267407039995,RECONSTRUCTED
2026-06-24,HDFCBANK,18.99518899204243,RECONSTRUCTED
2026-06-24,ICICIBANK,14.003511592892593,RECONSTRUCTED
2026-06-24,IDFCFIRSTB,4.301089277821918,RECONSTRUCTED
2026-06-24,INDUSINDBK,4.958777304484684,RECONSTRUCTED
2026-06-24,KOTAKBANK,9.539784359998702,RECONSTRUCTED
2026-06-24,PNB,3.1686250876051805,RECONSTRUCTED
2026-06-24,SBIN,9.995196238921205,RECONSTRUCTED
2026-06-24,UNIONBANK,2.9313337227138416,RECONSTRUCTED
2026-06-24,YESBANK,3.6355442416427324,RECONSTRUCTED
2026-06-25,AUBANK,4.576467312186679,RECONSTRUCTED
2026-06-25,AXISBANK,9.71006007188448,RECONSTRUCTED
2026-06-25,BANKBARODA,4.055506186038771,RECONSTRUCTED
2026-06-25,CANBK,3.3642708884365886,RECONSTRUCTED
2026-06-25,FEDERALBNK,6.479069976625465,RECONSTRUCTED
2026-06-25,HDFCBANK,19.05517289203833,RECONSTRUCTED
2026-06-25,ICICIBANK,14.13464578054246,RECONSTRUCTED
2026-06-25,IDFCFIRSTB,4.298959743180013,RECONSTRUCTED
2026-06-25,INDUSINDBK,4.908864127802584,RECONSTRUCTED
2026-06-25,KOTAKBANK,9.604274953311224,RECONSTRUCTED
2026-06-25,PNB,3.170960073520225,RECONSTRUCTED
2026-06-25,SBIN,10.091985348689256,RECONSTRUCTED
2026-06-25,UNIONBANK,2.927132184303975,RECONSTRUCTED
2026-06-25,YESBANK,3.622630461439939,RECONSTRUCTED
2026-06-29,AUBANK,4.59573963780234,RECONSTRUCTED
2026-06-29,AXISBANK,9.638210297960745,RECONSTRUCTED
2026-06-29,BANKBARODA,3.9930749540868,RECONSTRUCTED
2026-06-29,CANBK,3.308361810333719,RECONSTRUCTED
2026-06-29,FEDERALBNK,6.5278224112263885,RECONSTRUCTED
2026-06-29,HDFCBANK,19.26124074309129,RECONSTRUCTED
2026-06-29,ICICIBANK,14.242029768592001,RECONSTRUCTED
2026-06-29,IDFCFIRSTB,4.275539801567155,RECONSTRUCTED
2026-06-29,INDUSINDBK,4.926695237265563,RECONSTRUCTED
2026-06-29,KOTAKBANK,9.357146410615037,RECONSTRUCTED
2026-06-29,PNB,3.1678685306963015,RECONSTRUCTED
2026-06-29,SBIN,10.07746850951094,RECONSTRUCTED
2026-06-29,UNIONBANK,2.9466256488633986,RECONSTRUCTED
2026-06-29,YESBANK,3.68217623838833,RECONSTRUCTED
2026-06-30,AUBANK,4.64,OFFICIAL
2026-06-30,AXISBANK,9.59,OFFICIAL
2026-06-30,BANKBARODA,4.0,OFFICIAL
2026-06-30,CANBK,3.31,OFFICIAL
2026-06-30,FEDERALBNK,6.67,OFFICIAL
2026-06-30,HDFCBANK,19.3,OFFICIAL
2026-06-30,ICICIBANK,14.16,OFFICIAL
2026-06-30,IDFCFIRSTB,4.36,OFFICIAL
2026-06-30,INDUSINDBK,4.99,OFFICIAL
2026-06-30,KOTAKBANK,9.31,OFFICIAL
2026-06-30,PNB,3.17,OFFICIAL
2026-06-30,SBIN,10.02,OFFICIAL
2026-06-30,UNIONBANK,2.92,OFFICIAL
2026-06-30,YESBANK,3.56,OFFICIAL
2026-07-01,AUBANK,4.661982556899227,RECONSTRUCTED
2026-07-01,AXISBANK,9.669600032577716,RECONSTRUCTED
2026-07-01,BANKBARODA,3.952344639060272,RECONSTRUCTED
2026-07-01,CANBK,3.307386920272342,RECONSTRUCTED
2026-07-01,FEDERALBNK,6.6377356088286295,RECONSTRUCTED
2026-07-01,HDFCBANK,19.09547540461235,RECONSTRUCTED
2026-07-01,ICICIBANK,14.083638729414293,RECONSTRUCTED
2026-07-01,IDFCFIRSTB,4.291716264353982,RECONSTRUCTED
2026-07-01,INDUSINDBK,5.043225908603716,RECONSTRUCTED
2026-07-01,KOTAKBANK,9.427977275057806,RECONSTRUCTED
2026-07-01,PNB,3.170226932654055,RECONSTRUCTED
2026-07-01,SBIN,10.141846717283178,RECONSTRUCTED
2026-07-01,UNIONBANK,2.930088800061707,RECONSTRUCTED
2026-07-01,YESBANK,3.5867542103207346,RECONSTRUCTED
2026-07-02,AUBANK,4.686920287703565,RECONSTRUCTED
2026-07-02,AXISBANK,9.626724348356905,RECONSTRUCTED
2026-07-02,BANKBARODA,3.7865678637699927,RECONSTRUCTED
2026-07-02,CANBK,3.3168913189745304,RECONSTRUCTED
2026-07-02,FEDERALBNK,6.629875117808373,RECONSTRUCTED
2026-07-02,HDFCBANK,19.089914746158463,RECONSTRUCTED
2026-07-02,ICICIBANK,14.2901464522113,RECONSTRUCTED
2026-07-02,IDFCFIRSTB,4.323895397469968,RECONSTRUCTED
2026-07-02,INDUSINDBK,5.05351763695629,RECONSTRUCTED
2026-07-02,KOTAKBANK,9.401116785176,RECONSTRUCTED
2026-07-02,PNB,3.151726745147202,RECONSTRUCTED
2026-07-02,SBIN,10.182747124332732,RECONSTRUCTED
2026-07-02,UNIONBANK,2.9212753762198513,RECONSTRUCTED
2026-07-02,YESBANK,3.5386807997148355,RECONSTRUCTED
2026-07-03,AUBANK,4.704597926536208,RECONSTRUCTED
2026-07-03,AXISBANK,9.505065845704753,RECONSTRUCTED
2026-07-03,BANKBARODA,3.678410472817961,RECONSTRUCTED
2026-07-03,CANBK,3.339438184453045,RECONSTRUCTED
2026-07-03,FEDERALBNK,6.573794608709527,RECONSTRUCTED
2026-07-03,HDFCBANK,19.260395929532745,RECONSTRUCTED
2026-07-03,ICICIBANK,14.441717943749232,RECONSTRUCTED
2026-07-03,IDFCFIRSTB,4.385700168559165,RECONSTRUCTED
2026-07-03,INDUSINDBK,5.23150894621738,RECONSTRUCTED
2026-07-03,KOTAKBANK,9.36390878562993,RECONSTRUCTED
2026-07-03,PNB,3.113327939455034,RECONSTRUCTED
2026-07-03,SBIN,10.095034841988936,RECONSTRUCTED
2026-07-03,UNIONBANK,2.739289801519576,RECONSTRUCTED
2026-07-03,YESBANK,3.5678086051265123,RECONSTRUCTED
2026-07-06,AUBANK,4.6893619929500225,RECONSTRUCTED
2026-07-06,AXISBANK,9.429906497389801,RECONSTRUCTED
2026-07-06,BANKBARODA,3.6235165019573086,RECONSTRUCTED
2026-07-06,CANBK,3.3001646890538576,RECONSTRUCTED
2026-07-06,FEDERALBNK,6.591860738069605,RECONSTRUCTED
2026-07-06,HDFCBANK,19.832030347550713,RECONSTRUCTED
2026-07-06,ICICIBANK,14.511900024281829,RECONSTRUCTED
2026-07-06,IDFCFIRSTB,4.395982014216978,RECONSTRUCTED
2026-07-06,INDUSINDBK,5.38901439193518,RECONSTRUCTED
2026-07-06,KOTAKBANK,8.944767132093826,RECONSTRUCTED
2026-07-06,PNB,3.063338511863101,RECONSTRUCTED
2026-07-06,SBIN,10.011710750662196,RECONSTRUCTED
2026-07-06,UNIONBANK,2.689145265172704,RECONSTRUCTED
2026-07-06,YESBANK,3.527301142802877,RECONSTRUCTED
2026-07-07,AUBANK,4.721012038527593,RECONSTRUCTED
2026-07-07,AXISBANK,9.45448206524549,RECONSTRUCTED
2026-07-07,BANKBARODA,3.5986759584039802,RECONSTRUCTED
2026-07-07,CANBK,3.2679348042010585,RECONSTRUCTED
2026-07-07,FEDERALBNK,6.627125562711872,RECONSTRUCTED
2026-07-07,HDFCBANK,19.84979208994159,RECONSTRUCTED
2026-07-07,ICICIBANK,14.410259783755407,RECONSTRUCTED
2026-07-07,IDFCFIRSTB,4.36431098303782,RECONSTRUCTED
2026-07-07,INDUSINDBK,5.463963797179953,RECONSTRUCTED
2026-07-07,KOTAKBANK,8.968113792102555,RECONSTRUCTED
2026-07-07,PNB,3.053405982704345,RECONSTRUCTED
2026-07-07,SBIN,10.031188351244358,RECONSTRUCTED
2026-07-07,UNIONBANK,2.6933387526877723,RECONSTRUCTED
2026-07-07,YESBANK,3.4963960382562242,RECONSTRUCTED
2026-07-08,AUBANK,4.7147859944366095,RECONSTRUCTED
2026-07-08,AXISBANK,9.469632351590302,RECONSTRUCTED
2026-07-08,BANKBARODA,3.580941710335303,RECONSTRUCTED
2026-07-08,CANBK,3.2478893268234237,RECONSTRUCTED
2026-07-08,FEDERALBNK,6.694906345137201,RECONSTRUCTED
2026-07-08,HDFCBANK,19.89338954138206,RECONSTRUCTED
2026-07-08,ICICIBANK,14.424274439938426,RECONSTRUCTED
2026-07-08,IDFCFIRSTB,4.331192614737157,RECONSTRUCTED
2026-07-08,INDUSINDBK,5.4530519101200134,RECONSTRUCTED
2026-07-08,KOTAKBANK,8.919010729509871,RECONSTRUCTED
2026-07-08,PNB,3.046169143505494,RECONSTRUCTED
2026-07-08,SBIN,10.078829359254769,RECONSTRUCTED
2026-07-08,UNIONBANK,2.647812190007019,RECONSTRUCTED
2026-07-08,YESBANK,3.4981143432223436,RECONSTRUCTED
2026-07-09,AUBANK,4.71148164653712,RECONSTRUCTED
2026-07-09,AXISBANK,9.300008440642873,RECONSTRUCTED
2026-07-09,BANKBARODA,3.6103043391229113,RECONSTRUCTED
2026-07-09,CANBK,3.3159447001643154,RECONSTRUCTED
2026-07-09,FEDERALBNK,6.659665385616038,RECONSTRUCTED
2026-07-09,HDFCBANK,19.892627994051747,RECONSTRUCTED
2026-07-09,ICICIBANK,14.296848756704861,RECONSTRUCTED
2026-07-09,IDFCFIRSTB,4.383083279832508,RECONSTRUCTED
2026-07-09,INDUSINDBK,5.515875489686909,RECONSTRUCTED
2026-07-09,KOTAKBANK,9.007963207034726,RECONSTRUCTED
2026-07-09,PNB,3.0935069315723682,RECONSTRUCTED
2026-07-09,SBIN,10.04014820661025,RECONSTRUCTED
2026-07-09,UNIONBANK,2.6730136200791565,RECONSTRUCTED
2026-07-09,YESBANK,3.4995280023442223,RECONSTRUCTED
2026-07-10,AUBANK,4.756680618837278,RECONSTRUCTED
2026-07-10,AXISBANK,9.357413837494533,RECONSTRUCTED
2026-07-10,BANKBARODA,3.6534092395713382,RECONSTRUCTED
2026-07-10,CANBK,3.3749308337970794,RECONSTRUCTED
2026-07-10,FEDERALBNK,6.610738205280995,RECONSTRUCTED
2026-07-10,HDFCBANK,19.79836047101895,RECONSTRUCTED
2026-07-10,ICICIBANK,14.31083217839825,RECONSTRUCTED
2026-07-10,IDFCFIRSTB,4.397719271050258,RECONSTRUCTED
2026-07-10,INDUSINDBK,5.443976050036545,RECONSTRUCTED
2026-07-10,KOTAKBANK,8.895456481335192,RECONSTRUCTED
2026-07-10,PNB,3.109339593436913,RECONSTRUCTED
2026-07-10,SBIN,10.037608503614088,RECONSTRUCTED
2026-07-10,UNIONBANK,2.7580298666929672,RECONSTRUCTED
2026-07-10,YESBANK,3.4955048494356142,RECONSTRUCTED
2026-07-13,AUBANK,4.698291198415781,RECONSTRUCTED
2026-07-13,AXISBANK,9.31329392374364,RECONSTRUCTED
2026-07-13,BANKBARODA,3.643672990314447,RECONSTRUCTED
2026-07-13,CANBK,3.3843579874494116,RECONSTRUCTED
2026-07-13,FEDERALBNK,6.654044203944146,RECONSTRUCTED
2026-07-13,HDFCBANK,19.60148247863184,RECONSTRUCTED
2026-07-13,ICICIBANK,14.374422376839712,RECONSTRUCTED
2026-07-13,IDFCFIRSTB,4.377667261109984,RECONSTRUCTED
2026-07-13,INDUSINDBK,5.420447347222074,RECONSTRUCTED
2026-07-13,KOTAKBANK,9.04820751056517,RECONSTRUCTED
2026-07-13,PNB,3.1321572760930816,RECONSTRUCTED
2026-07-13,SBIN,10.032514947939482,RECONSTRUCTED
2026-07-13,UNIONBANK,2.852405905926968,RECONSTRUCTED
2026-07-13,YESBANK,3.4670345918042376,RECONSTRUCTED
2026-07-14,AUBANK,4.653512836843386,RECONSTRUCTED
2026-07-14,AXISBANK,9.408907959231666,RECONSTRUCTED
2026-07-14,BANKBARODA,3.6265490938146745,RECONSTRUCTED
2026-07-14,CANBK,3.328735426274157,RECONSTRUCTED
2026-07-14,FEDERALBNK,6.6303146781299285,RECONSTRUCTED
2026-07-14,HDFCBANK,19.622492258780195,RECONSTRUCTED
2026-07-14,ICICIBANK,14.523264162966736,RECONSTRUCTED
2026-07-14,IDFCFIRSTB,4.3566547813108105,RECONSTRUCTED
2026-07-14,INDUSINDBK,5.39939320237702,RECONSTRUCTED
2026-07-14,KOTAKBANK,9.010804782712357,RECONSTRUCTED
2026-07-14,PNB,3.128707828239391,RECONSTRUCTED
2026-07-14,SBIN,9.937954924135433,RECONSTRUCTED
2026-07-14,UNIONBANK,2.8903685095594636,RECONSTRUCTED
2026-07-14,YESBANK,3.4823395556247987,RECONSTRUCTED
2026-07-15,AUBANK,4.639954336083682,RECONSTRUCTED
2026-07-15,AXISBANK,9.323105216266361,RECONSTRUCTED
2026-07-15,BANKBARODA,3.630668447566244,RECONSTRUCTED
2026-07-15,CANBK,3.3309273711043237,RECONSTRUCTED
2026-07-15,FEDERALBNK,6.597391595059403,RECONSTRUCTED
2026-07-15,HDFCBANK,19.66799667078979,RECONSTRUCTED
2026-07-15,ICICIBANK,14.536188258997063,RECONSTRUCTED
2026-07-15,IDFCFIRSTB,4.345295597675482,RECONSTRUCTED
2026-07-15,INDUSINDBK,5.438279725494724,RECONSTRUCTED
2026-07-15,KOTAKBANK,8.958773777321762,RECONSTRUCTED
2026-07-15,PNB,3.1337446479466546,RECONSTRUCTED
2026-07-15,SBIN,10.030234192915072,RECONSTRUCTED
2026-07-15,UNIONBANK,2.904388627335757,RECONSTRUCTED
2026-07-15,YESBANK,3.463051535443687,RECONSTRUCTED
2026-07-16,AUBANK,4.629500953024205,RECONSTRUCTED
2026-07-16,AXISBANK,9.318035332742365,RECONSTRUCTED
2026-07-16,BANKBARODA,3.643938304486928,RECONSTRUCTED
2026-07-16,CANBK,3.3260238502761754,RECONSTRUCTED
2026-07-16,FEDERALBNK,6.598311644098802,RECONSTRUCTED
2026-07-16,HDFCBANK,19.554978921904606,RECONSTRUCTED
2026-07-16,ICICIBANK,14.6010945822278,RECONSTRUCTED
2026-07-16,IDFCFIRSTB,4.348122173137498,RECONSTRUCTED
2026-07-16,INDUSINDBK,5.475388298078608,RECONSTRUCTED
2026-07-16,KOTAKBANK,8.956401185841127,RECONSTRUCTED
2026-07-16,PNB,3.1287280386771776,RECONSTRUCTED
2026-07-16,SBIN,10.071556069676996,RECONSTRUCTED
2026-07-16,UNIONBANK,2.852233561922267,RECONSTRUCTED
2026-07-16,YESBANK,3.495687083905461,RECONSTRUCTED
2026-07-17,AUBANK,4.533630585119329,RECONSTRUCTED
2026-07-17,AXISBANK,9.315018343382645,RECONSTRUCTED
2026-07-17,BANKBARODA,3.5637905003943384,RECONSTRUCTED
2026-07-17,CANBK,3.249504172257109,RECONSTRUCTED
2026-07-17,FEDERALBNK,6.937688321443185,RECONSTRUCTED
2026-07-17,HDFCBANK,19.510097413156306,RECONSTRUCTED
2026-07-17,ICICIBANK,14.631136402452375,RECONSTRUCTED
2026-07-17,IDFCFIRSTB,4.336074073608085,RECONSTRUCTED
2026-07-17,INDUSINDBK,5.460330067863431,RECONSTRUCTED
2026-07-17,KOTAKBANK,9.111734698259946,RECONSTRUCTED
2026-07-17,PNB,3.094601529250414,RECONSTRUCTED
2026-07-17,SBIN,10.035792268031054,RECONSTRUCTED
2026-07-17,UNIONBANK,2.801298227999458,RECONSTRUCTED
2026-07-17,YESBANK,3.4193033967823117,RECONSTRUCTED
2026-07-20,AUBANK,4.414724443395967,RECONSTRUCTED
2026-07-20,AXISBANK,8.894271388027171,RECONSTRUCTED
2026-07-20,BANKBARODA,3.7166377190059836,RECONSTRUCTED
2026-07-20,CANBK,3.3818490612604806,RECONSTRUCTED
2026-07-20,FEDERALBNK,7.0418313482668085,RECONSTRUCTED
2026-07-20,HDFCBANK,18.694434037654915,RECONSTRUCTED
2026-07-20,ICICIBANK,14.939345584390926,RECONSTRUCTED
2026-07-20,IDFCFIRSTB,4.4571422977769695,RECONSTRUCTED
2026-07-20,INDUSINDBK,5.544976637554676,RECONSTRUCTED
2026-07-20,KOTAKBANK,9.015938220575876,RECONSTRUCTED
2026-07-20,PNB,3.302381222952608,RECONSTRUCTED
2026-07-20,SBIN,10.287997076705551,RECONSTRUCTED
2026-07-20,UNIONBANK,2.954615927000252,RECONSTRUCTED
2026-07-20,YESBANK,3.353855035431816,RECONSTRUCTED
2026-07-21,AUBANK,4.467613526069041,RECONSTRUCTED
2026-07-21,AXISBANK,8.926722564948069,RECONSTRUCTED
2026-07-21,BANKBARODA,3.6192052896429026,RECONSTRUCTED
2026-07-21,CANBK,3.3540601651258743,RECONSTRUCTED
2026-07-21,FEDERALBNK,7.161772961662047,RECONSTRUCTED
2026-07-21,HDFCBANK,18.340833994032135,RECONSTRUCTED
2026-07-21,ICICIBANK,14.997361472085501,RECONSTRUCTED
2026-07-21,IDFCFIRSTB,4.459029936716961,RECONSTRUCTED
2026-07-21,INDUSINDBK,5.720067604238282,RECONSTRUCTED
2026-07-21,KOTAKBANK,9.125220923753066,RECONSTRUCTED
2026-07-21,PNB,3.3181082829108575,RECONSTRUCTED
2026-07-21,SBIN,10.155783856273674,RECONSTRUCTED
2026-07-21,UNIONBANK,2.963239595535216,RECONSTRUCTED
2026-07-21,YESBANK,3.390979827006397,RECONSTRUCTED
2026-07-22,AUBANK,4.418878414908744,RECONSTRUCTED
2026-07-22,AXISBANK,8.895203109777468,RECONSTRUCTED
2026-07-22,BANKBARODA,3.635241829420419,RECONSTRUCTED
2026-07-22,CANBK,3.367427786881315,RECONSTRUCTED
2026-07-22,FEDERALBNK,7.193567094774071,RECONSTRUCTED
2026-07-22,HDFCBANK,18.3658798370198,RECONSTRUCTED
2026-07-22,ICICIBANK,14.950887516732566,RECONSTRUCTED
2026-07-22,IDFCFIRSTB,4.462361344402938,RECONSTRUCTED
2026-07-22,INDUSINDBK,5.8228583047375535,RECONSTRUCTED
2026-07-22,KOTAKBANK,9.1234865376657,RECONSTRUCTED
2026-07-22,PNB,3.3187940390874076,RECONSTRUCTED
2026-07-22,SBIN,10.090740102616097,RECONSTRUCTED
2026-07-22,UNIONBANK,2.9068067675925824,RECONSTRUCTED
2026-07-22,YESBANK,3.447867314383351,RECONSTRUCTED
2026-07-23,AUBANK,4.453817931184616,RECONSTRUCTED
2026-07-23,AXISBANK,8.867616440220976,RECONSTRUCTED
2026-07-23,BANKBARODA,3.6307769655667905,RECONSTRUCTED
2026-07-23,CANBK,3.365924190785326,RECONSTRUCTED
2026-07-23,FEDERALBNK,7.285197979487906,RECONSTRUCTED
2026-07-23,HDFCBANK,18.39423365787061,RECONSTRUCTED
2026-07-23,ICICIBANK,15.02829673073368,RECONSTRUCTED
2026-07-23,IDFCFIRSTB,4.4587782918280245,RECONSTRUCTED
2026-07-23,INDUSINDBK,5.527188132757509,RECONSTRUCTED
2026-07-23,KOTAKBANK,9.262876978598786,RECONSTRUCTED
2026-07-23,PNB,3.3326140434669678,RECONSTRUCTED
2026-07-23,SBIN,10.062886989511808,RECONSTRUCTED
2026-07-23,UNIONBANK,2.8957623984888508,RECONSTRUCTED
2026-07-23,YESBANK,3.434029269498149,RECONSTRUCTED
2026-07-24,AUBANK,4.560778722644406,RECONSTRUCTED
2026-07-24,AXISBANK,8.882875905915592,RECONSTRUCTED
2026-07-24,BANKBARODA,3.673470343700802,RECONSTRUCTED
2026-07-24,CANBK,3.371440827928718,RECONSTRUCTED
2026-07-24,FEDERALBNK,7.270113910346875,RECONSTRUCTED
2026-07-24,HDFCBANK,18.251984373043673,RECONSTRUCTED
2026-07-24,ICICIBANK,14.983636744737641,RECONSTRUCTED
2026-07-24,IDFCFIRSTB,4.500379366371013,RECONSTRUCTED
2026-07-24,INDUSINDBK,5.465447539783122,RECONSTRUCTED
2026-07-24,KOTAKBANK,9.280074763572303,RECONSTRUCTED
2026-07-24,PNB,3.3335987630702766,RECONSTRUCTED
2026-07-24,SBIN,10.068693774447198,RECONSTRUCTED
2026-07-24,UNIONBANK,2.926628777133559,RECONSTRUCTED
2026-07-24,YESBANK,3.430876187304833,RECONSTRUCTED
2026-07-27,AUBANK,4.746760975636265,RECONSTRUCTED
2026-07-27,AXISBANK,8.823037769188,RECONSTRUCTED
2026-07-27,BANKBARODA,3.6118634136330874,RECONSTRUCTED
2026-07-27,CANBK,3.3910855360822936,RECONSTRUCTED
2026-07-27,FEDERALBNK,7.264795173562433,RECONSTRUCTED
2026-07-27,HDFCBANK,18.046771158752982,RECONSTRUCTED
2026-07-27,ICICIBANK,15.013201403943372,RECONSTRUCTED
2026-07-27,IDFCFIRSTB,4.695595354798981,RECONSTRUCTED
2026-07-27,INDUSINDBK,5.485508152694415,RECONSTRUCTED
2026-07-27,KOTAKBANK,9.213663777482477,RECONSTRUCTED
2026-07-27,PNB,3.3477940369685486,RECONSTRUCTED
2026-07-27,SBIN,10.054406297658042,RECONSTRUCTED
2026-07-27,UNIONBANK,2.8997921951010754,RECONSTRUCTED
2026-07-27,YESBANK,3.4057247544980256,RECONSTRUCTED
2026-07-28,AUBANK,4.754075794444894,RECONSTRUCTED
2026-07-28,AXISBANK,8.845669380121631,RECONSTRUCTED
2026-07-28,BANKBARODA,3.561498447346365,RECONSTRUCTED
2026-07-28,CANBK,3.3299549646439703,RECONSTRUCTED
2026-07-28,FEDERALBNK,7.322614464287197,RECONSTRUCTED
2026-07-28,HDFCBANK,18.050352484629904,RECONSTRUCTED
2026-07-28,ICICIBANK,14.945283336641404,RECONSTRUCTED
2026-07-28,IDFCFIRSTB,4.771440514495836,RECONSTRUCTED
2026-07-28,INDUSINDBK,5.436986322266199,RECONSTRUCTED
2026-07-28,KOTAKBANK,9.28315761022213,RECONSTRUCTED
2026-07-28,PNB,3.3682594150961127,RECONSTRUCTED
2026-07-28,SBIN,10.039824931017852,RECONSTRUCTED
2026-07-28,UNIONBANK,2.8846716302262467,RECONSTRUCTED
2026-07-28,YESBANK,3.406210704560259,RECONSTRUCTED
2026-07-29,AUBANK,4.692344418198275,RECONSTRUCTED
2026-07-29,AXISBANK,8.861399427475954,RECONSTRUCTED
2026-07-29,BANKBARODA,3.5947684482043747,RECONSTRUCTED
2026-07-29,CANBK,3.3165076701092344,RECONSTRUCTED
2026-07-29,FEDERALBNK,7.303613605893772,RECONSTRUCTED
2026-07-29,HDFCBANK,18.219973964573967,RECONSTRUCTED
2026-07-29,ICICIBANK,14.901222232932984,RECONSTRUCTED
2026-07-29,IDFCFIRSTB,4.6935826770388465,RECONSTRUCTED
2026-07-29,INDUSINDBK,5.504852441217808,RECONSTRUCTED
2026-07-29,KOTAKBANK,9.327214546514535,RECONSTRUCTED
2026-07-29,PNB,3.324686214463669,RECONSTRUCTED
2026-07-29,SBIN,9.965713365789963,RECONSTRUCTED
2026-07-29,UNIONBANK,2.9102771662481066,RECONSTRUCTED
2026-07-29,YESBANK,3.3838438213385316,RECONSTRUCTED
2026-07-30,AUBANK,4.644863683874165,RECONSTRUCTED
2026-07-30,AXISBANK,8.823782873351425,RECONSTRUCTED
2026-07-30,BANKBARODA,3.573303649457794,RECONSTRUCTED
2026-07-30,CANBK,3.3081843384158245,RECONSTRUCTED
2026-07-30,FEDERALBNK,7.209293676226522,RECONSTRUCTED
2026-07-30,HDFCBANK,18.378757462637157,RECONSTRUCTED
2026-07-30,ICICIBANK,14.87495380240507,RECONSTRUCTED
2026-07-30,IDFCFIRSTB,4.684010636300335,RECONSTRUCTED
2026-07-30,INDUSINDBK,5.5058505252125585,RECONSTRUCTED
2026-07-30,KOTAKBANK,9.317602984747285,RECONSTRUCTED
2026-07-30,PNB,3.3448617502933446,RECONSTRUCTED
2026-07-30,SBIN,10.090053187904747,RECONSTRUCTED
2026-07-30,UNIONBANK,2.90167156306325,RECONSTRUCTED
2026-07-30,YESBANK,3.34280986611051,RECONSTRUCTED
2026-07-31,AUBANK,4.71,OFFICIAL
2026-07-31,AXISBANK,8.81,OFFICIAL
2026-07-31,BANKBARODA,3.58,OFFICIAL
2026-07-31,CANBK,3.32,OFFICIAL
2026-07-31,FEDERALBNK,7.29,OFFICIAL
2026-07-31,HDFCBANK,18.2,OFFICIAL
2026-07-31,ICICIBANK,14.86,OFFICIAL
2026-07-31,IDFCFIRSTB,4.67,OFFICIAL
2026-07-31,INDUSINDBK,5.5,OFFICIAL
2026-07-31,KOTAKBANK,9.32,OFFICIAL
2026-07-31,PNB,3.37,OFFICIAL
2026-07-31,SBIN,10.09,OFFICIAL
2026-07-31,UNIONBANK,2.91,OFFICIAL
2026-07-31,YESBANK,3.37,OFFICIAL
2026-08-03,AUBANK,4.685267736709462,RECONSTRUCTED
2026-08-03,AXISBANK,8.966498800570783,RECONSTRUCTED
2026-08-03,BANKBARODA,3.5920007051761473,RECONSTRUCTED
2026-08-03,CANBK,3.3221517803632596,RECONSTRUCTED
2026-08-03,FEDERALBNK,7.421416439535886,RECONSTRUCTED
2026-08-03,HDFCBANK,18.005268626615184,RECONSTRUCTED
2026-08-03,ICICIBANK,14.862729270911876,RECONSTRUCTED
2026-08-03,IDFCFIRSTB,4.6632498609756805,RECONSTRUCTED
2026-08-03,INDUSINDBK,5.494281066516823,RECONSTRUCTED
2026-08-03,KOTAKBANK,9.327321784949241,RECONSTRUCTED
2026-08-03,PNB,3.320622267926211,RECONSTRUCTED
2026-08-03,SBIN,10.084913490839273,RECONSTRUCTED
2026-08-03,UNIONBANK,2.9126550539403104,RECONSTRUCTED
2026-08-03,YESBANK,3.341623114969862,RECONSTRUCTED
2026-08-04,AUBANK,4.708392993886357,RECONSTRUCTED
2026-08-04,AXISBANK,8.946939549489686,RECONSTRUCTED
2026-08-04,BANKBARODA,3.580258577499693,RECONSTRUCTED
2026-08-04,CANBK,3.365364319949988,RECONSTRUCTED
2026-08-04,FEDERALBNK,7.279315474624903,RECONSTRUCTED
2026-08-04,HDFCBANK,17.84665099453802,RECONSTRUCTED
2026-08-04,ICICIBANK,14.894896543266862,RECONSTRUCTED
2026-08-04,IDFCFIRSTB,4.690691624449529,RECONSTRUCTED
2026-08-04,INDUSINDBK,5.511036185239039,RECONSTRUCTED
2026-08-04,KOTAKBANK,9.394011671680563,RECONSTRUCTED
2026-08-04,PNB,3.3694264646720455,RECONSTRUCTED
2026-08-04,SBIN,10.121932965524428,RECONSTRUCTED
2026-08-04,UNIONBANK,2.9297951157971753,RECONSTRUCTED
2026-08-04,YESBANK,3.361287519381716,RECONSTRUCTED
2026-08-05,AUBANK,4.687694271842625,RECONSTRUCTED
2026-08-05,AXISBANK,8.916671206872975,RECONSTRUCTED
2026-08-05,BANKBARODA,3.599420140659302,RECONSTRUCTED
2026-08-05,CANBK,3.399105115928007,RECONSTRUCTED
2026-08-05,FEDERALBNK,7.1795450817035045,RECONSTRUCTED
2026-08-05,HDFCBANK,17.729481507804724,RECONSTRUCTED
2026-08-05,ICICIBANK,14.891818375199781,RECONSTRUCTED
2026-08-05,IDFCFIRSTB,4.665984941421643,RECONSTRUCTED
2026-08-05,INDUSINDBK,5.48928723245582,RECONSTRUCTED
2026-08-05,KOTAKBANK,9.468558901194072,RECONSTRUCTED
2026-08-05,PNB,3.3661404912063952,RECONSTRUCTED
2026-08-05,SBIN,10.270992529029188,RECONSTRUCTED
2026-08-05,UNIONBANK,2.96867560416332,RECONSTRUCTED
2026-08-05,YESBANK,3.3666246005186355,RECONSTRUCTED
2026-08-06,AUBANK,4.82251155595678,RECONSTRUCTED
2026-08-06,AXISBANK,8.881799247724683,RECONSTRUCTED
2026-08-06,BANKBARODA,3.6580477010663395,RECONSTRUCTED
2026-08-06,CANBK,3.4533072838723697,RECONSTRUCTED
2026-08-06,FEDERALBNK,7.08142422518528,RECONSTRUCTED
2026-08-06,HDFCBANK,17.613825402455422,RECONSTRUCTED
2026-08-06,ICICIBANK,14.884347631336533,RECONSTRUCTED
2026-08-06,IDFCFIRSTB,4.642685766725775,RECONSTRUCTED
2026-08-06,INDUSINDBK,5.443677968975993,RECONSTRUCTED
2026-08-06,KOTAKBANK,9.27452291489367,RECONSTRUCTED
2026-08-06,PNB,3.3694793007141772,RECONSTRUCTED
2026-08-06,SBIN,10.504155803224409,RECONSTRUCTED
2026-08-06,UNIONBANK,3.0646311004096525,RECONSTRUCTED
2026-08-06,YESBANK,3.3055840974589157,RECONSTRUCTED
2026-08-07,AUBANK,4.75715957825077,RECONSTRUCTED
2026-08-07,AXISBANK,8.802604318269571,RECONSTRUCTED
2026-08-07,BANKBARODA,3.6737466188467254,RECONSTRUCTED
2026-08-07,CANBK,3.4788689317025105,RECONSTRUCTED
2026-08-07,FEDERALBNK,7.174701980992873,RECONSTRUCTED
2026-08-07,HDFCBANK,17.630992404095274,RECONSTRUCTED
2026-08-07,ICICIBANK,14.591318643493482,RECONSTRUCTED
2026-08-07,IDFCFIRSTB,4.628262770548704,RECONSTRUCTED
2026-08-07,INDUSINDBK,5.504822925496717,RECONSTRUCTED
2026-08-07,KOTAKBANK,9.248548235585734,RECONSTRUCTED
2026-08-07,PNB,3.40310619674478,RECONSTRUCTED
2026-08-07,SBIN,10.680619366909175,RECONSTRUCTED
2026-08-07,UNIONBANK,3.100039554193459,RECONSTRUCTED
2026-08-07,YESBANK,3.3252084748702315,RECONSTRUCTED
2026-08-10,AUBANK,4.76653121016097,RECONSTRUCTED
2026-08-10,AXISBANK,8.877881542422013,RECONSTRUCTED
2026-08-10,BANKBARODA,3.6351436776913313,RECONSTRUCTED
2026-08-10,CANBK,3.404601375454133,RECONSTRUCTED
2026-08-10,FEDERALBNK,7.224441684741691,RECONSTRUCTED
2026-08-10,HDFCBANK,17.649184619667302,RECONSTRUCTED
2026-08-10,ICICIBANK,14.717386984770112,RECONSTRUCTED
2026-08-10,IDFCFIRSTB,4.659318888020021,RECONSTRUCTED
2026-08-10,INDUSINDBK,5.539079948270295,RECONSTRUCTED
2026-08-10,KOTAKBANK,9.323247292108416,RECONSTRUCTED
2026-08-10,PNB,3.3677475910716743,RECONSTRUCTED
2026-08-10,SBIN,10.436334675059774,RECONSTRUCTED
2026-08-10,UNIONBANK,3.0616589367111433,RECONSTRUCTED
2026-08-10,YESBANK,3.3374415738511116,RECONSTRUCTED
2026-08-11,AUBANK,4.799503022654985,RECONSTRUCTED
2026-08-11,AXISBANK,8.790004044857467,RECONSTRUCTED
2026-08-11,BANKBARODA,3.626661019411729,RECONSTRUCTED
2026-08-11,CANBK,3.4533225001664265,RECONSTRUCTED
2026-08-11,FEDERALBNK,7.177786451243108,RECONSTRUCTED
2026-08-11,HDFCBANK,17.67465559850698,RECONSTRUCTED
2026-08-11,ICICIBANK,14.75635360292857,RECONSTRUCTED
2026-08-11,IDFCFIRSTB,4.633210495087709,RECONSTRUCTED
2026-08-11,INDUSINDBK,5.462665780612494,RECONSTRUCTED
2026-08-11,KOTAKBANK,9.348042074674389,RECONSTRUCTED
2026-08-11,PNB,3.397652506946055,RECONSTRUCTED
2026-08-11,SBIN,10.431142880689666,RECONSTRUCTED
2026-08-11,UNIONBANK,3.0975724816386805,RECONSTRUCTED
2026-08-11,YESBANK,3.351427540581732,RECONSTRUCTED
2026-08-12,AUBANK,4.854233956743692,RECONSTRUCTED
2026-08-12,AXISBANK,8.724671846397646,RECONSTRUCTED
2026-08-12,BANKBARODA,3.669290029631447,RECONSTRUCTED
2026-08-12,CANBK,3.4718108601107014,RECONSTRUCTED
2026-08-12,FEDERALBNK,7.169488100550449,RECONSTRUCTED
2026-08-12,HDFCBANK,17.540435161555184,RECONSTRUCTED
2026-08-12,ICICIBANK,14.665806227812803,RECONSTRUCTED
2026-08-12,IDFCFIRSTB,4.681507558389011,RECONSTRUCTED
2026-08-12,INDUSINDBK,5.467393467301275,RECONSTRUCTED
2026-08-12,KOTAKBANK,9.22038533660307,RECONSTRUCTED
2026-08-12,PNB,3.5182217034093086,RECONSTRUCTED
2026-08-12,SBIN,10.507305361134827,RECONSTRUCTED
2026-08-12,UNIONBANK,3.1498481586339446,RECONSTRUCTED
2026-08-12,YESBANK,3.359602231726643,RECONSTRUCTED
2026-08-13,AUBANK,4.904825636081178,RECONSTRUCTED
2026-08-13,AXISBANK,8.704194539725934,RECONSTRUCTED
2026-08-13,BANKBARODA,3.641199534994138,RECONSTRUCTED
2026-08-13,CANBK,3.4816251816531816,RECONSTRUCTED
2026-08-13,FEDERALBNK,7.111880334523403,RECONSTRUCTED
2026-08-13,HDFCBANK,17.52004915442986,RECONSTRUCTED
2026-08-13,ICICIBANK,14.473406361161361,RECONSTRUCTED
2026-08-13,IDFCFIRSTB,4.742965784712644,RECONSTRUCTED
2026-08-13,INDUSINDBK,5.53002540260251,RECONSTRUCTED
2026-08-13,KOTAKBANK,9.305538500989973,RECONSTRUCTED
2026-08-13,PNB,3.4922402024466273,RECONSTRUCTED
2026-08-13,SBIN,10.562750659620246,RECONSTRUCTED
2026-08-13,UNIONBANK,3.155086909700719,RECONSTRUCTED
2026-08-13,YESBANK,3.3742117973582215,RECONSTRUCTED
2026-08-14,AUBANK,4.845018424343704,RECONSTRUCTED
2026-08-14,AXISBANK,8.694584743613715,RECONSTRUCTED
2026-08-14,BANKBARODA,3.653563401595731,RECONSTRUCTED
2026-08-14,CANBK,3.47578572954002,RECONSTRUCTED
2026-08-14,FEDERALBNK,7.106440997464472,RECONSTRUCTED
2026-08-14,HDFCBANK,17.612410684705335,RECONSTRUCTED
2026-08-14,ICICIBANK,14.614882411952909,RECONSTRUCTED
2026-08-14,IDFCFIRSTB,4.707606366266835,RECONSTRUCTED
2026-08-14,INDUSINDBK,5.522784923479854,RECONSTRUCTED
2026-08-14,KOTAKBANK,9.29914298123355,RECONSTRUCTED
2026-08-14,PNB,3.513199430712613,RECONSTRUCTED
2026-08-14,SBIN,10.439624871423437,RECONSTRUCTED
2026-08-14,UNIONBANK,3.177918859940683,RECONSTRUCTED
2026-08-14,YESBANK,3.337036173727138,RECONSTRUCTED
2026-08-17,AUBANK,4.801024596563665,RECONSTRUCTED
2026-08-17,AXISBANK,8.764277046450516,RECONSTRUCTED
2026-08-17,BANKBARODA,3.6285632669102306,RECONSTRUCTED
2026-08-17,CANBK,3.471412247586867,RECONSTRUCTED
2026-08-17,FEDERALBNK,7.162254475966663,RECONSTRUCTED
2026-08-17,HDFCBANK,17.658822335248882,RECONSTRUCTED
2026-08-17,ICICIBANK,14.59566200812146,RECONSTRUCTED
2026-08-17,IDFCFIRSTB,4.671906392541995,RECONSTRUCTED
2026-08-17,INDUSINDBK,5.4669685949334905,RECONSTRUCTED
2026-08-17,KOTAKBANK,9.334913714935142,RECONSTRUCTED
2026-08-17,PNB,3.492550276561537,RECONSTRUCTED
2026-08-17,SBIN,10.374871059039794,RECONSTRUCTED
2026-08-17,UNIONBANK,3.203327511671629,RECONSTRUCTED
2026-08-17,YESBANK,3.373446473468136,RECONSTRUCTED
2026-08-18,AUBANK,4.836494613280813,RECONSTRUCTED
2026-08-18,AXISBANK,8.912876804863606,RECONSTRUCTED
2026-08-18,BANKBARODA,3.6057941595679037,RECONSTRUCTED
2026-08-18,CANBK,3.4325048035839765,RECONSTRUCTED
2026-08-18,FEDERALBNK,7.26683950831423,RECONSTRUCTED
2026-08-18,HDFCBANK,17.585467482725722,RECONSTRUCTED
2026-08-18,ICICIBANK,14.621482190843057,RECONSTRUCTED
2026-08-18,IDFCFIRSTB,4.675113666427939,RECONSTRUCTED
2026-08-18,INDUSINDBK,5.513339536867845,RECONSTRUCTED
2026-08-18,KOTAKBANK,9.252745283833628,RECONSTRUCTED
2026-08-18,PNB,3.4823943492687985,RECONSTRUCTED
2026-08-18,SBIN,10.33701745257328,RECONSTRUCTED
2026-08-18,UNIONBANK,3.1586005846614342,RECONSTRUCTED
2026-08-18,YESBANK,3.3193295631877673,RECONSTRUCTED
2026-08-19,AUBANK,4.835261986041431,RECONSTRUCTED
2026-08-19,AXISBANK,8.859021155098306,RECONSTRUCTED
2026-08-19,BANKBARODA,3.622006247751861,RECONSTRUCTED
2026-08-19,CANBK,3.4333325767161074,RECONSTRUCTED
2026-08-19,FEDERALBNK,7.2900359998794855,RECONSTRUCTED
2026-08-19,HDFCBANK,17.51943609025453,RECONSTRUCTED
2026-08-19,ICICIBANK,14.523681709683906,RECONSTRUCTED
2026-08-19,IDFCFIRSTB,4.717246267870803,RECONSTRUCTED
2026-08-19,INDUSINDBK,5.524761398509797,RECONSTRUCTED
2026-08-19,KOTAKBANK,9.318494137609097,RECONSTRUCTED
2026-08-19,PNB,3.5130794207040608,RECONSTRUCTED
2026-08-19,SBIN,10.297901603971603,RECONSTRUCTED
2026-08-19,UNIONBANK,3.183699762156247,RECONSTRUCTED
2026-08-19,YESBANK,3.3620416437527725,RECONSTRUCTED
2026-08-20,AUBANK,4.87193677489158,RECONSTRUCTED
2026-08-20,AXISBANK,8.933821959206806,RECONSTRUCTED
2026-08-20,BANKBARODA,3.5985138336628,RECONSTRUCTED
2026-08-20,CANBK,3.4318090995242643,RECONSTRUCTED
2026-08-20,FEDERALBNK,7.186768381732228,RECONSTRUCTED
2026-08-20,HDFCBANK,17.563731362681423,RECONSTRUCTED
2026-08-20,ICICIBANK,14.56108877416783,RECONSTRUCTED
2026-08-20,IDFCFIRSTB,4.715460853357407,RECONSTRUCTED
2026-08-20,INDUSINDBK,5.453087137217668,RECONSTRUCTED
2026-08-20,KOTAKBANK,9.445767342321144,RECONSTRUCTED
2026-08-20,PNB,3.512911751060487,RECONSTRUCTED
2026-08-20,SBIN,10.24616557060207,RECONSTRUCTED
2026-08-20,UNIONBANK,3.131871046465144,RECONSTRUCTED
2026-08-20,YESBANK,3.34706611310916,RECONSTRUCTED
2026-08-21,AUBANK,4.939534033914817,RECONSTRUCTED
2026-08-21,AXISBANK,8.855710243120274,RECONSTRUCTED
2026-08-21,BANKBARODA,3.61856480127154,RECONSTRUCTED
2026-08-21,CANBK,3.425491629285641,RECONSTRUCTED
2026-08-21,FEDERALBNK,7.268431985526991,RECONSTRUCTED
2026-08-21,HDFCBANK,17.52864953722449,RECONSTRUCTED
2026-08-21,ICICIBANK,14.577174202561702,RECONSTRUCTED
2026-08-21,IDFCFIRSTB,4.743501107402659,RECONSTRUCTED
2026-08-21,INDUSINDBK,5.415047344758976,RECONSTRUCTED
2026-08-21,KOTAKBANK,9.531221816765854,RECONSTRUCTED
2026-08-21,PNB,3.453763523468352,RECONSTRUCTED
2026-08-21,SBIN,10.20578565349558,RECONSTRUCTED
2026-08-21,UNIONBANK,3.096683428698283,RECONSTRUCTED
2026-08-21,YESBANK,3.3404406925048433,RECONSTRUCTED
2026-08-24,AUBANK,4.985759159736459,RECONSTRUCTED
2026-08-24,AXISBANK,8.822096642222546,RECONSTRUCTED
2026-08-24,BANKBARODA,3.5525058755196097,RECONSTRUCTED
2026-08-24,CANBK,3.3691463798110908,RECONSTRUCTED
2026-08-24,FEDERALBNK,7.232549923178013,RECONSTRUCTED
2026-08-24,HDFCBANK,17.650203380819722,RECONSTRUCTED
2026-08-24,ICICIBANK,14.585445806637232,RECONSTRUCTED
2026-08-24,IDFCFIRSTB,4.715745882970093,RECONSTRUCTED
2026-08-24,INDUSINDBK,5.506474758077181,RECONSTRUCTED
2026-08-24,KOTAKBANK,9.538253177460614,RECONSTRUCTED
2026-08-24,PNB,3.447403461992913,RECONSTRUCTED
2026-08-24,SBIN,10.15775976042343,RECONSTRUCTED
2026-08-24,UNIONBANK,3.1119315774745204,RECONSTRUCTED
2026-08-24,YESBANK,3.324724213676558,RECONSTRUCTED
2026-08-25,AUBANK,5.052134714265151,RECONSTRUCTED
2026-08-25,AXISBANK,8.816761020481481,RECONSTRUCTED
2026-08-25,BANKBARODA,3.5458755079004938,RECONSTRUCTED
2026-08-25,CANBK,3.4098072383257954,RECONSTRUCTED
2026-08-25,FEDERALBNK,7.01564267218148,RECONSTRUCTED
2026-08-25,HDFCBANK,17.61748680638484,RECONSTRUCTED
2026-08-25,ICICIBANK,14.667813223447949,RECONSTRUCTED
2026-08-25,IDFCFIRSTB,4.667834921323909,RECONSTRUCTED
2026-08-25,INDUSINDBK,5.489212907277909,RECONSTRUCTED
2026-08-25,KOTAKBANK,9.543767687945447,RECONSTRUCTED
2026-08-25,PNB,3.450191466253589,RECONSTRUCTED
2026-08-25,SBIN,10.24291332336701,RECONSTRUCTED
2026-08-25,UNIONBANK,3.1698688172507006,RECONSTRUCTED
2026-08-25,YESBANK,3.310689693594254,RECONSTRUCTED
2026-08-26,AUBANK,4.961284464783694,RECONSTRUCTED
2026-08-26,AXISBANK,8.917741280909809,RECONSTRUCTED
2026-08-26,BANKBARODA,3.5512988053063888,RECONSTRUCTED
2026-08-26,CANBK,3.4107613569123165,RECONSTRUCTED
2026-08-26,FEDERALBNK,6.9497019340032065,RECONSTRUCTED
2026-08-26,HDFCBANK,17.528060294836063,RECONSTRUCTED
2026-08-26,ICICIBANK,14.674290355616016,RECONSTRUCTED
2026-08-26,IDFCFIRSTB,4.613261156221581,RECONSTRUCTED
2026-08-26,INDUSINDBK,5.404391191032854,RECONSTRUCTED
2026-08-26,KOTAKBANK,9.856408319429608,RECONSTRUCTED
2026-08-26,PNB,3.456903432465576,RECONSTRUCTED
2026-08-26,SBIN,10.234037072479648,RECONSTRUCTED
2026-08-26,UNIONBANK,3.1641914997475573,RECONSTRUCTED
2026-08-26,YESBANK,3.2776688362556943,RECONSTRUCTED
2026-08-27,AUBANK,4.884167821653777,RECONSTRUCTED
2026-08-27,AXISBANK,8.967320706408618,RECONSTRUCTED
2026-08-27,BANKBARODA,3.5461282215735155,RECONSTRUCTED
2026-08-27,CANBK,3.392313016107545,RECONSTRUCTED
2026-08-27,FEDERALBNK,6.9726646330740465,RECONSTRUCTED
2026-08-27,HDFCBANK,17.219142057224836,RECONSTRUCTED
2026-08-27,ICICIBANK,14.878163317924189,RECONSTRUCTED
2026-08-27,IDFCFIRSTB,4.602264054225043,RECONSTRUCTED
2026-08-27,INDUSINDBK,5.4241615508200205,RECONSTRUCTED
2026-08-27,KOTAKBANK,10.081560723152291,RECONSTRUCTED
2026-08-27,PNB,3.4346629121651304,RECONSTRUCTED
2026-08-27,SBIN,10.193793542243382,RECONSTRUCTED
2026-08-27,UNIONBANK,3.128048338015387,RECONSTRUCTED
2026-08-27,YESBANK,3.2756091054122103,RECONSTRUCTED
2026-08-28,AUBANK,4.823090863513049,RECONSTRUCTED
2026-08-28,AXISBANK,9.0337315067417,RECONSTRUCTED
2026-08-28,BANKBARODA,3.5602201272687295,RECONSTRUCTED
2026-08-28,CANBK,3.3986830260508376,RECONSTRUCTED
2026-08-28,FEDERALBNK,6.963203048953988,RECONSTRUCTED
2026-08-28,HDFCBANK,17.448532771042043,RECONSTRUCTED
2026-08-28,ICICIBANK,14.673389217658398,RECONSTRUCTED
2026-08-28,IDFCFIRSTB,4.566007694368512,RECONSTRUCTED
2026-08-28,INDUSINDBK,5.377308579869523,RECONSTRUCTED
2026-08-28,KOTAKBANK,10.07207986018385,RECONSTRUCTED
2026-08-28,PNB,3.435482265718732,RECONSTRUCTED
2026-08-28,SBIN,10.2411985979945,RECONSTRUCTED
2026-08-28,UNIONBANK,3.1542319013921114,RECONSTRUCTED
2026-08-28,YESBANK,3.2528405392440334,RECONSTRUCTED
2026-08-31,AUBANK,4.82,OFFICIAL
2026-08-31,AXISBANK,9.2,OFFICIAL
2026-08-31,BANKBARODA,3.48,OFFICIAL
2026-08-31,CANBK,3.33,OFFICIAL
2026-08-31,FEDERALBNK,7.15,OFFICIAL
2026-08-31,HDFCBANK,17.02,OFFICIAL
2026-08-31,ICICIBANK,14.86,OFFICIAL
2026-08-31,IDFCFIRSTB,4.68,OFFICIAL
2026-08-31,INDUSINDBK,5.45,OFFICIAL
2026-08-31,KOTAKBANK,9.88,OFFICIAL
2026-08-31,PNB,3.37,OFFICIAL
2026-08-31,SBIN,10.27,OFFICIAL
2026-08-31,UNIONBANK,3.17,OFFICIAL
2026-08-31,YESBANK,3.33,OFFICIAL
